HYEAR,classification,harv.month,Variable,Value
1963,NE,April,TMAXA,29.6
1963,NE,April,TMINA,16.1
1963,NE,April,SRADA,18.3
1963,NE,April,PRCP,1268.5
1964,EN,April,TMAXA,31.6
1964,EN,April,TMINA,17
1964,EN,April,SRADA,17.9
1964,EN,April,PRCP,1154.6
1965,LA,April,TMAXA,29.6
1965,LA,April,TMINA,15.8
1965,LA,April,SRADA,17.6
1965,LA,April,PRCP,1241.7
1966,EN,April,TMAXA,30.4
1966,EN,April,TMINA,16.9
1966,EN,April,SRADA,18.1
1966,EN,April,PRCP,1259.5
1967,NE,April,TMAXA,29.6
1967,NE,April,TMINA,16.4
1967,NE,April,SRADA,18.3
1967,NE,April,PRCP,1249.7
1968,NE,April,TMAXA,29.7
1968,NE,April,TMINA,16.7
1968,NE,April,SRADA,18.4
1968,NE,April,PRCP,1081.1
1969,EN,April,TMAXA,29.2
1969,EN,April,TMINA,16.5
1969,EN,April,SRADA,19.1
1969,EN,April,PRCP,1089.2
1970,EN,April,TMAXA,29.2
1970,EN,April,TMINA,16.1
1970,EN,April,SRADA,18.3
1970,EN,April,PRCP,1275.3
1971,LA,April,TMAXA,29.5
1971,LA,April,TMINA,17.1
1971,LA,April,SRADA,19.2
1971,LA,April,PRCP,1251.4
1972,LA,April,TMAXA,28.4
1972,LA,April,TMINA,17.4
1972,LA,April,SRADA,18
1972,LA,April,PRCP,1504.1
1973,EN,April,TMAXA,28.9
1973,EN,April,TMINA,18.2
1973,EN,April,SRADA,18.2
1973,EN,April,PRCP,1603.2
1974,LA,April,TMAXA,28.6
1974,LA,April,TMINA,17.5
1974,LA,April,SRADA,17.7
1974,LA,April,PRCP,1539.7
1975,LA,April,TMAXA,28.7
1975,LA,April,TMINA,17.3
1975,LA,April,SRADA,18.6
1975,LA,April,PRCP,1279.3
1976,LA,April,TMAXA,29.2
1976,LA,April,TMINA,17.8
1976,LA,April,SRADA,18.5
1976,LA,April,PRCP,1367.3
1977,EN,April,TMAXA,28.3
1977,EN,April,TMINA,17.5
1977,EN,April,SRADA,18
1977,EN,April,PRCP,1493.6
1978,NE,April,TMAXA,29.8
1978,NE,April,TMINA,18.6
1978,NE,April,SRADA,18.2
1978,NE,April,PRCP,1233.1
1979,NE,April,TMAXA,29.1
1979,NE,April,TMINA,17.5
1979,NE,April,SRADA,18.6
1979,NE,April,PRCP,990.7
1980,NE,April,TMAXA,28.5
1980,NE,April,TMINA,18
1980,NE,April,SRADA,17.5
1980,NE,April,PRCP,1596.8
1981,NE,April,TMAXA,29.2
1981,NE,April,TMINA,18.4
1981,NE,April,SRADA,17.9
1981,NE,April,PRCP,1040.8
1982,NE,April,TMAXA,28.7
1982,NE,April,TMINA,18
1982,NE,April,SRADA,17.7
1982,NE,April,PRCP,1200.7
1983,EN,April,TMAXA,28.7
1983,EN,April,TMINA,18.6
1983,EN,April,SRADA,17.5
1983,EN,April,PRCP,1524.3
1984,LA,April,TMAXA,28.9
1984,LA,April,TMINA,18.6
1984,LA,April,SRADA,17.6
1984,LA,April,PRCP,1404.6
1985,LA,April,TMAXA,29.7
1985,LA,April,TMINA,18.6
1985,LA,April,SRADA,18.5
1985,LA,April,PRCP,1154.8
1986,NE,April,TMAXA,30.5
1986,NE,April,TMINA,18.1
1986,NE,April,SRADA,19.3
1986,NE,April,PRCP,775.8
1987,EN,April,TMAXA,28.4
1987,EN,April,TMINA,19
1987,EN,April,SRADA,18.2
1987,EN,April,PRCP,1219.2
1988,EN,April,TMAXA,28.3
1988,EN,April,TMINA,18.7
1988,EN,April,SRADA,18
1988,EN,April,PRCP,1564.4
1989,LA,April,TMAXA,28.6
1989,LA,April,TMINA,18.4
1989,LA,April,SRADA,18
1989,LA,April,PRCP,1238.7
1990,NE,April,TMAXA,28.6
1990,NE,April,TMINA,18.2
1990,NE,April,SRADA,18.9
1990,NE,April,PRCP,1388.1
1991,NE,April,TMAXA,28.5
1991,NE,April,TMINA,18.3
1991,NE,April,SRADA,18.2
1991,NE,April,PRCP,1366
1992,EN,April,TMAXA,29.5
1992,EN,April,TMINA,18.9
1992,EN,April,SRADA,18.5
1992,EN,April,PRCP,1095.6
1993,NE,April,TMAXA,28.5
1993,NE,April,TMINA,18.6
1993,NE,April,SRADA,17.8
1993,NE,April,PRCP,1580.5
1994,NE,April,TMAXA,29
1994,NE,April,TMINA,18.5
1994,NE,April,SRADA,17.6
1994,NE,April,PRCP,1141.7
1995,EN,April,TMAXA,30
1995,EN,April,TMINA,19.2
1995,EN,April,SRADA,18.2
1995,EN,April,PRCP,1193.8
1996,LA,April,TMAXA,29.9
1996,LA,April,TMINA,19.4
1996,LA,April,SRADA,18.2
1996,LA,April,PRCP,1309.1
1997,NE,April,TMAXA,28.9
1997,NE,April,TMINA,18.6
1997,NE,April,SRADA,18.3
1997,NE,April,PRCP,1340.9
1998,EN,April,TMAXA,29.6
1998,EN,April,TMINA,19.4
1998,EN,April,SRADA,17.7
1998,EN,April,PRCP,1500.7
1999,LA,April,TMAXA,29.1
1999,LA,April,TMINA,18.8
1999,LA,April,SRADA,17.8
1999,LA,April,PRCP,1437.4
2000,LA,April,TMAXA,29.8
2000,LA,April,TMINA,18.4
2000,LA,April,SRADA,18.8
2000,LA,April,PRCP,1110.8
2001,LA,April,TMAXA,29.6
2001,LA,April,TMINA,19
2001,LA,April,SRADA,18.5
2001,LA,April,PRCP,1163.8
2002,NE,April,TMAXA,29.7
2002,NE,April,TMINA,19.3
2002,NE,April,SRADA,18.6
2002,NE,April,PRCP,1185.1
2003,EN,April,TMAXA,30.5
2003,EN,April,TMINA,19.9
2003,EN,April,SRADA,17.9
2003,EN,April,PRCP,1610.1
2004,NE,April,TMAXA,29.9
2004,NE,April,TMINA,18.8
2004,NE,April,SRADA,19.1
2004,NE,April,PRCP,1077.4
2005,EN,April,TMAXA,29.3
2005,EN,April,TMINA,18.9
2005,EN,April,SRADA,18.1
2005,EN,April,PRCP,1241.4
2006,NE,April,TMAXA,29.3
2006,NE,April,TMINA,19.2
2006,NE,April,SRADA,17.2
2006,NE,April,PRCP,1249.7
2007,NE,April,TMAXA,30.1
2007,NE,April,TMINA,19.2
2007,NE,April,SRADA,18.2
2007,NE,April,PRCP,218.5
2008,LA,April,TMAXA,30.1
2008,LA,April,TMINA,18.9
2008,LA,April,SRADA,18
2008,LA,April,PRCP,963.4
2009,LA,April,TMAXA,29.8
2009,LA,April,TMINA,18.7
2009,LA,April,SRADA,18.1
2009,LA,April,PRCP,1108
2010,EN,April,TMAXA,29.1
2010,EN,April,TMINA,19.1
2010,EN,April,SRADA,16.7
2010,EN,April,PRCP,468.6
2011,LA,April,TMAXA,29.5
2011,LA,April,TMINA,18.4
2011,LA,April,SRADA,17.1
2011,LA,April,PRCP,1334.8
2012,LA,April,TMAXA,30
2012,LA,April,TMINA,18.4
2012,LA,April,SRADA,18.4
2012,LA,April,PRCP,978.6
2013,NE,April,TMAXA,29.8
2013,NE,April,TMINA,19.1
2013,NE,April,SRADA,16.8
2013,NE,April,PRCP,1764
2014,NE,April,TMAXA,29.9
2014,NE,April,TMINA,18.8
2014,NE,April,SRADA,17.3
2014,NE,April,PRCP,1118.2
2015,NE,April,TMAXA,30.2
2015,NE,April,TMINA,19.1
2015,NE,April,SRADA,17.3
2015,NE,April,PRCP,1413.8
2016,EN,April,TMAXA,30.1
2016,EN,April,TMINA,19.7
2016,EN,April,SRADA,16.3
2016,EN,April,PRCP,1859.9
2017,NE,April,TMAXA,29.8
2017,NE,April,TMINA,18.2
2017,NE,April,SRADA,17.2
2017,NE,April,PRCP,1246.8
2018,NE,April,TMAXA,29.9
2018,NE,April,TMINA,19
2018,NE,April,SRADA,17
2018,NE,April,PRCP,1556.8
2019,EN,April,TMAXA,30.5
2019,EN,April,TMINA,19.1
2019,EN,April,SRADA,17.2
2019,EN,April,PRCP,1183
1963,NE,April,TMAXA,28.2
1963,NE,April,TMINA,17
1963,NE,April,SRADA,18.1
1963,NE,April,PRCP,1656
1964,EN,April,TMAXA,29.8
1964,EN,April,TMINA,18.1
1964,EN,April,SRADA,17.5
1964,EN,April,PRCP,1279.8
1965,LA,April,TMAXA,27.8
1965,LA,April,TMINA,16.6
1965,LA,April,SRADA,17
1965,LA,April,PRCP,1544.3
1966,EN,April,TMAXA,28.4
1966,EN,April,TMINA,17.7
1966,EN,April,SRADA,16.8
1966,EN,April,PRCP,1924.4
1967,NE,April,TMAXA,28.8
1967,NE,April,TMINA,17.6
1967,NE,April,SRADA,17.8
1967,NE,April,PRCP,1438.3
1968,NE,April,TMAXA,29.7
1968,NE,April,TMINA,17.5
1968,NE,April,SRADA,18.3
1968,NE,April,PRCP,1039.6
1969,EN,April,TMAXA,28.9
1969,EN,April,TMINA,17
1969,EN,April,SRADA,18.4
1969,EN,April,PRCP,1199.2
1970,EN,April,TMAXA,29
1970,EN,April,TMINA,17.2
1970,EN,April,SRADA,18
1970,EN,April,PRCP,1488.9
1971,LA,April,TMAXA,28.8
1971,LA,April,TMINA,17.6
1971,LA,April,SRADA,18.3
1971,LA,April,PRCP,1531.8
1972,LA,April,TMAXA,28.3
1972,LA,April,TMINA,16.3
1972,LA,April,SRADA,17.7
1972,LA,April,PRCP,1472.9
1973,EN,April,TMAXA,29.3
1973,EN,April,TMINA,16.1
1973,EN,April,SRADA,17.9
1973,EN,April,PRCP,1562.7
1974,LA,April,TMAXA,28.5
1974,LA,April,TMINA,17.3
1974,LA,April,SRADA,17.2
1974,LA,April,PRCP,1503.2
1975,LA,April,TMAXA,29
1975,LA,April,TMINA,16.7
1975,LA,April,SRADA,18.3
1975,LA,April,PRCP,1248.8
1976,LA,April,TMAXA,28.9
1976,LA,April,TMINA,16.8
1976,LA,April,SRADA,17.9
1976,LA,April,PRCP,1322.4
1977,EN,April,TMAXA,27.8
1977,EN,April,TMINA,16.8
1977,EN,April,SRADA,17.9
1977,EN,April,PRCP,1704.3
1978,NE,April,TMAXA,29.6
1978,NE,April,TMINA,17.9
1978,NE,April,SRADA,18.4
1978,NE,April,PRCP,1119.5
1979,NE,April,TMAXA,29.2
1979,NE,April,TMINA,17.3
1979,NE,April,SRADA,18.3
1979,NE,April,PRCP,1141.5
1980,NE,April,TMAXA,28.9
1980,NE,April,TMINA,17.3
1980,NE,April,SRADA,17.7
1980,NE,April,PRCP,1603.6
1981,NE,April,TMAXA,29.4
1981,NE,April,TMINA,17.2
1981,NE,April,SRADA,17.7
1981,NE,April,PRCP,1310.6
1982,NE,April,TMAXA,29.1
1982,NE,April,TMINA,17.2
1982,NE,April,SRADA,17.1
1982,NE,April,PRCP,1400.1
1983,EN,April,TMAXA,28.7
1983,EN,April,TMINA,17.9
1983,EN,April,SRADA,17.1
1983,EN,April,PRCP,1900.6
1984,LA,April,TMAXA,28.3
1984,LA,April,TMINA,17.3
1984,LA,April,SRADA,16.9
1984,LA,April,PRCP,1653.3
1985,LA,April,TMAXA,29.3
1985,LA,April,TMINA,17.7
1985,LA,April,SRADA,17.9
1985,LA,April,PRCP,1371.5
1986,NE,April,TMAXA,29.9
1986,NE,April,TMINA,17.9
1986,NE,April,SRADA,18.3
1986,NE,April,PRCP,970.2
1987,EN,April,TMAXA,27.8
1987,EN,April,TMINA,17.5
1987,EN,April,SRADA,17.5
1987,EN,April,PRCP,1352.2
1988,EN,April,TMAXA,27.9
1988,EN,April,TMINA,17.4
1988,EN,April,SRADA,17
1988,EN,April,PRCP,1563.7
1989,LA,April,TMAXA,28.4
1989,LA,April,TMINA,17.3
1989,LA,April,SRADA,17.4
1989,LA,April,PRCP,1220.1
1990,NE,April,TMAXA,28.1
1990,NE,April,TMINA,17.3
1990,NE,April,SRADA,18.1
1990,NE,April,PRCP,1442.3
1991,NE,April,TMAXA,27.9
1991,NE,April,TMINA,17.3
1991,NE,April,SRADA,17.9
1991,NE,April,PRCP,1511.1
1992,EN,April,TMAXA,28.7
1992,EN,April,TMINA,17.8
1992,EN,April,SRADA,17.8
1992,EN,April,PRCP,1317.5
1993,NE,April,TMAXA,28.4
1993,NE,April,TMINA,17.6
1993,NE,April,SRADA,17.2
1993,NE,April,PRCP,1826.2
1994,NE,April,TMAXA,29.1
1994,NE,April,TMINA,17.5
1994,NE,April,SRADA,17.3
1994,NE,April,PRCP,1505
1995,EN,April,TMAXA,30
1995,EN,April,TMINA,18
1995,EN,April,SRADA,18.1
1995,EN,April,PRCP,1483.6
1996,LA,April,TMAXA,30.1
1996,LA,April,TMINA,18.1
1996,LA,April,SRADA,18
1996,LA,April,PRCP,1424.3
1997,NE,April,TMAXA,29.3
1997,NE,April,TMINA,17.6
1997,NE,April,SRADA,18
1997,NE,April,PRCP,1517.7
1998,EN,April,TMAXA,29.9
1998,EN,April,TMINA,18.6
1998,EN,April,SRADA,17.5
1998,EN,April,PRCP,1828.2
1999,LA,April,TMAXA,29.1
1999,LA,April,TMINA,17.9
1999,LA,April,SRADA,17.7
1999,LA,April,PRCP,1639.9
2000,LA,April,TMAXA,30.3
2000,LA,April,TMINA,18.1
2000,LA,April,SRADA,18.5
2000,LA,April,PRCP,1051.2
2001,LA,April,TMAXA,28.9
2001,LA,April,TMINA,17.8
2001,LA,April,SRADA,17.7
2001,LA,April,PRCP,1779.7
2002,NE,April,TMAXA,29.8
2002,NE,April,TMINA,18.7
2002,NE,April,SRADA,18.1
2002,NE,April,PRCP,1535.4
2003,EN,April,TMAXA,30.5
2003,EN,April,TMINA,19.3
2003,EN,April,SRADA,17.3
2003,EN,April,PRCP,1453.4
2004,NE,April,TMAXA,30.4
2004,NE,April,TMINA,18.5
2004,NE,April,SRADA,19.1
2004,NE,April,PRCP,1192.5
2005,EN,April,TMAXA,29.8
2005,EN,April,TMINA,18.6
2005,EN,April,SRADA,17.7
2005,EN,April,PRCP,1556.5
2006,NE,April,TMAXA,29.7
2006,NE,April,TMINA,18.6
2006,NE,April,SRADA,17.4
2006,NE,April,PRCP,1744.4
2007,NE,April,TMAXA,30
2007,NE,April,TMINA,19
2007,NE,April,SRADA,17.9
2007,NE,April,PRCP,1867.9
2008,LA,April,TMAXA,29.8
2008,LA,April,TMINA,17.8
2008,LA,April,SRADA,17.6
2008,LA,April,PRCP,1452
2009,LA,April,TMAXA,30.1
2009,LA,April,TMINA,17.6
2009,LA,April,SRADA,17.8
2009,LA,April,PRCP,1296
2010,EN,April,TMAXA,29.7
2010,EN,April,TMINA,18
2010,EN,April,SRADA,17.1
2010,EN,April,PRCP,1980.1
2011,LA,April,TMAXA,29.6
2011,LA,April,TMINA,17
2011,LA,April,SRADA,17
2011,LA,April,PRCP,1703.9
2012,LA,April,TMAXA,30.1
2012,LA,April,TMINA,17.3
2012,LA,April,SRADA,18.4
2012,LA,April,PRCP,1218.4
2013,NE,April,TMAXA,30.4
2013,NE,April,TMINA,18.1
2013,NE,April,SRADA,17.9
2013,NE,April,PRCP,1681.9
2014,NE,April,TMAXA,29.9
2014,NE,April,TMINA,17.7
2014,NE,April,SRADA,17.9
2014,NE,April,PRCP,1746.4
2015,NE,April,TMAXA,30.2
2015,NE,April,TMINA,18.3
2015,NE,April,SRADA,17.4
2015,NE,April,PRCP,1919.4
2016,EN,April,TMAXA,30.1
2016,EN,April,TMINA,18.8
2016,EN,April,SRADA,16.1
2016,EN,April,PRCP,2587.8
2017,NE,April,TMAXA,29.5
2017,NE,April,TMINA,17.4
2017,NE,April,SRADA,17.5
2017,NE,April,PRCP,1805.7
2018,NE,April,TMAXA,30.1
2018,NE,April,TMINA,18.3
2018,NE,April,SRADA,17.2
2018,NE,April,PRCP,1831.8
2019,EN,April,TMAXA,30
2019,EN,April,TMINA,18
2019,EN,April,SRADA,17.5
2019,EN,April,PRCP,1729
1963,NE,April,TMAXA,28.2
1963,NE,April,TMINA,17
1963,NE,April,SRADA,18.1
1963,NE,April,PRCP,1656
1964,EN,April,TMAXA,29.8
1964,EN,April,TMINA,18.1
1964,EN,April,SRADA,17.5
1964,EN,April,PRCP,1279.8
1965,LA,April,TMAXA,27.8
1965,LA,April,TMINA,16.6
1965,LA,April,SRADA,17
1965,LA,April,PRCP,1544.3
1966,EN,April,TMAXA,28.4
1966,EN,April,TMINA,17.7
1966,EN,April,SRADA,16.8
1966,EN,April,PRCP,1924.4
1967,NE,April,TMAXA,28.8
1967,NE,April,TMINA,17.6
1967,NE,April,SRADA,17.8
1967,NE,April,PRCP,1438.3
1968,NE,April,TMAXA,29.7
1968,NE,April,TMINA,17.5
1968,NE,April,SRADA,18.3
1968,NE,April,PRCP,1039.6
1969,EN,April,TMAXA,28.9
1969,EN,April,TMINA,17
1969,EN,April,SRADA,18.4
1969,EN,April,PRCP,1199.2
1970,EN,April,TMAXA,29
1970,EN,April,TMINA,17.2
1970,EN,April,SRADA,18
1970,EN,April,PRCP,1488.9
1971,LA,April,TMAXA,28.8
1971,LA,April,TMINA,17.6
1971,LA,April,SRADA,18.3
1971,LA,April,PRCP,1531.8
1972,LA,April,TMAXA,28.3
1972,LA,April,TMINA,16.3
1972,LA,April,SRADA,17.7
1972,LA,April,PRCP,1472.9
1973,EN,April,TMAXA,29.3
1973,EN,April,TMINA,16.1
1973,EN,April,SRADA,17.9
1973,EN,April,PRCP,1562.7
1974,LA,April,TMAXA,28.5
1974,LA,April,TMINA,17.3
1974,LA,April,SRADA,17.2
1974,LA,April,PRCP,1503.2
1975,LA,April,TMAXA,29
1975,LA,April,TMINA,16.7
1975,LA,April,SRADA,18.3
1975,LA,April,PRCP,1248.8
1976,LA,April,TMAXA,28.9
1976,LA,April,TMINA,16.8
1976,LA,April,SRADA,17.9
1976,LA,April,PRCP,1322.4
1977,EN,April,TMAXA,27.8
1977,EN,April,TMINA,16.8
1977,EN,April,SRADA,17.9
1977,EN,April,PRCP,1704.3
1978,NE,April,TMAXA,29.6
1978,NE,April,TMINA,17.9
1978,NE,April,SRADA,18.4
1978,NE,April,PRCP,1119.5
1979,NE,April,TMAXA,29.2
1979,NE,April,TMINA,17.3
1979,NE,April,SRADA,18.3
1979,NE,April,PRCP,1141.5
1980,NE,April,TMAXA,28.9
1980,NE,April,TMINA,17.3
1980,NE,April,SRADA,17.7
1980,NE,April,PRCP,1603.6
1981,NE,April,TMAXA,29.4
1981,NE,April,TMINA,17.2
1981,NE,April,SRADA,17.7
1981,NE,April,PRCP,1310.6
1982,NE,April,TMAXA,29.1
1982,NE,April,TMINA,17.2
1982,NE,April,SRADA,17.1
1982,NE,April,PRCP,1400.1
1983,EN,April,TMAXA,28.7
1983,EN,April,TMINA,17.9
1983,EN,April,SRADA,17.1
1983,EN,April,PRCP,1900.6
1984,LA,April,TMAXA,28.3
1984,LA,April,TMINA,17.3
1984,LA,April,SRADA,16.9
1984,LA,April,PRCP,1653.3
1985,LA,April,TMAXA,29.3
1985,LA,April,TMINA,17.7
1985,LA,April,SRADA,17.9
1985,LA,April,PRCP,1371.5
1986,NE,April,TMAXA,29.9
1986,NE,April,TMINA,17.9
1986,NE,April,SRADA,18.3
1986,NE,April,PRCP,970.2
1987,EN,April,TMAXA,27.8
1987,EN,April,TMINA,17.5
1987,EN,April,SRADA,17.5
1987,EN,April,PRCP,1352.2
1988,EN,April,TMAXA,27.9
1988,EN,April,TMINA,17.4
1988,EN,April,SRADA,17
1988,EN,April,PRCP,1563.7
1989,LA,April,TMAXA,28.4
1989,LA,April,TMINA,17.3
1989,LA,April,SRADA,17.4
1989,LA,April,PRCP,1220.1
1990,NE,April,TMAXA,28.1
1990,NE,April,TMINA,17.3
1990,NE,April,SRADA,18.1
1990,NE,April,PRCP,1442.3
1991,NE,April,TMAXA,27.9
1991,NE,April,TMINA,17.3
1991,NE,April,SRADA,17.9
1991,NE,April,PRCP,1511.1
1992,EN,April,TMAXA,28.7
1992,EN,April,TMINA,17.8
1992,EN,April,SRADA,17.8
1992,EN,April,PRCP,1317.5
1993,NE,April,TMAXA,28.4
1993,NE,April,TMINA,17.6
1993,NE,April,SRADA,17.2
1993,NE,April,PRCP,1826.2
1994,NE,April,TMAXA,29.1
1994,NE,April,TMINA,17.5
1994,NE,April,SRADA,17.3
1994,NE,April,PRCP,1505
1995,EN,April,TMAXA,30
1995,EN,April,TMINA,18
1995,EN,April,SRADA,18.1
1995,EN,April,PRCP,1483.6
1996,LA,April,TMAXA,30.1
1996,LA,April,TMINA,18.1
1996,LA,April,SRADA,18
1996,LA,April,PRCP,1424.3
1997,NE,April,TMAXA,29.3
1997,NE,April,TMINA,17.6
1997,NE,April,SRADA,18
1997,NE,April,PRCP,1517.7
1998,EN,April,TMAXA,29.9
1998,EN,April,TMINA,18.6
1998,EN,April,SRADA,17.5
1998,EN,April,PRCP,1828.2
1999,LA,April,TMAXA,29.1
1999,LA,April,TMINA,17.9
1999,LA,April,SRADA,17.7
1999,LA,April,PRCP,1639.9
2000,LA,April,TMAXA,30.3
2000,LA,April,TMINA,18.1
2000,LA,April,SRADA,18.5
2000,LA,April,PRCP,1051.2
2001,LA,April,TMAXA,28.9
2001,LA,April,TMINA,17.8
2001,LA,April,SRADA,17.7
2001,LA,April,PRCP,1779.7
2002,NE,April,TMAXA,29.8
2002,NE,April,TMINA,18.7
2002,NE,April,SRADA,18.1
2002,NE,April,PRCP,1535.4
2003,EN,April,TMAXA,30.5
2003,EN,April,TMINA,19.3
2003,EN,April,SRADA,17.3
2003,EN,April,PRCP,1453.4
2004,NE,April,TMAXA,30.4
2004,NE,April,TMINA,18.5
2004,NE,April,SRADA,19.1
2004,NE,April,PRCP,1192.5
2005,EN,April,TMAXA,29.8
2005,EN,April,TMINA,18.6
2005,EN,April,SRADA,17.7
2005,EN,April,PRCP,1556.5
2006,NE,April,TMAXA,29.7
2006,NE,April,TMINA,18.6
2006,NE,April,SRADA,17.4
2006,NE,April,PRCP,1744.4
2007,NE,April,TMAXA,30
2007,NE,April,TMINA,19
2007,NE,April,SRADA,17.9
2007,NE,April,PRCP,1867.9
2008,LA,April,TMAXA,29.8
2008,LA,April,TMINA,17.8
2008,LA,April,SRADA,17.6
2008,LA,April,PRCP,1452
2009,LA,April,TMAXA,30.1
2009,LA,April,TMINA,17.6
2009,LA,April,SRADA,17.8
2009,LA,April,PRCP,1296
2010,EN,April,TMAXA,29.7
2010,EN,April,TMINA,18
2010,EN,April,SRADA,17.1
2010,EN,April,PRCP,1980.1
2011,LA,April,TMAXA,29.6
2011,LA,April,TMINA,17
2011,LA,April,SRADA,17
2011,LA,April,PRCP,1703.9
2012,LA,April,TMAXA,30.1
2012,LA,April,TMINA,17.3
2012,LA,April,SRADA,18.4
2012,LA,April,PRCP,1218.4
2013,NE,April,TMAXA,30.4
2013,NE,April,TMINA,18.1
2013,NE,April,SRADA,17.9
2013,NE,April,PRCP,1681.9
2014,NE,April,TMAXA,29.9
2014,NE,April,TMINA,17.7
2014,NE,April,SRADA,17.9
2014,NE,April,PRCP,1746.4
2015,NE,April,TMAXA,30.2
2015,NE,April,TMINA,18.3
2015,NE,April,SRADA,17.4
2015,NE,April,PRCP,1919.4
2016,EN,April,TMAXA,30.1
2016,EN,April,TMINA,18.8
2016,EN,April,SRADA,16.1
2016,EN,April,PRCP,2587.8
2017,NE,April,TMAXA,29.5
2017,NE,April,TMINA,17.4
2017,NE,April,SRADA,17.5
2017,NE,April,PRCP,1805.7
2018,NE,April,TMAXA,30.1
2018,NE,April,TMINA,18.3
2018,NE,April,SRADA,17.2
2018,NE,April,PRCP,1831.8
2019,EN,April,TMAXA,30
2019,EN,April,TMINA,18
2019,EN,April,SRADA,17.5
2019,EN,April,PRCP,1729
1963,NE,April,TMAXA,27.4
1963,NE,April,TMINA,14.6
1963,NE,April,SRADA,18.1
1963,NE,April,PRCP,1643.3
1964,EN,April,TMAXA,29.1
1964,EN,April,TMINA,15.3
1964,EN,April,SRADA,18
1964,EN,April,PRCP,1314.7
1965,LA,April,TMAXA,27
1965,LA,April,TMINA,14.7
1965,LA,April,SRADA,17.5
1965,LA,April,PRCP,1656.7
1966,EN,April,TMAXA,27.8
1966,EN,April,TMINA,15.9
1966,EN,April,SRADA,17.8
1966,EN,April,PRCP,1820.8
1967,NE,April,TMAXA,27.9
1967,NE,April,TMINA,15.6
1967,NE,April,SRADA,18.2
1967,NE,April,PRCP,1185.5
1968,NE,April,TMAXA,28.4
1968,NE,April,TMINA,15.6
1968,NE,April,SRADA,18.3
1968,NE,April,PRCP,1356.2
1969,EN,April,TMAXA,28.1
1969,EN,April,TMINA,15.5
1969,EN,April,SRADA,19
1969,EN,April,PRCP,1191.3
1970,EN,April,TMAXA,27.9
1970,EN,April,TMINA,15.9
1970,EN,April,SRADA,18.1
1970,EN,April,PRCP,1463.1
1971,LA,April,TMAXA,28.4
1971,LA,April,TMINA,16
1971,LA,April,SRADA,18.7
1971,LA,April,PRCP,1537.1
1972,LA,April,TMAXA,27.6
1972,LA,April,TMINA,15.3
1972,LA,April,SRADA,17.6
1972,LA,April,PRCP,1918.5
1973,EN,April,TMAXA,28.3
1973,EN,April,TMINA,16.3
1973,EN,April,SRADA,17.8
1973,EN,April,PRCP,2100.9
1974,LA,April,TMAXA,26.8
1974,LA,April,TMINA,16.4
1974,LA,April,SRADA,17.2
1974,LA,April,PRCP,1920.4
1975,LA,April,TMAXA,27.1
1975,LA,April,TMINA,15.8
1975,LA,April,SRADA,18.1
1975,LA,April,PRCP,1777
1976,LA,April,TMAXA,28.1
1976,LA,April,TMINA,15.8
1976,LA,April,SRADA,17.7
1976,LA,April,PRCP,1961.6
1977,EN,April,TMAXA,27.5
1977,EN,April,TMINA,15.6
1977,EN,April,SRADA,17.6
1977,EN,April,PRCP,2109.4
1978,NE,April,TMAXA,28.6
1978,NE,April,TMINA,16.7
1978,NE,April,SRADA,18.1
1978,NE,April,PRCP,1388.4
1979,NE,April,TMAXA,27.8
1979,NE,April,TMINA,15.8
1979,NE,April,SRADA,18.4
1979,NE,April,PRCP,1351.3
1980,NE,April,TMAXA,27.3
1980,NE,April,TMINA,16.2
1980,NE,April,SRADA,17.4
1980,NE,April,PRCP,2066.9
1981,NE,April,TMAXA,27.7
1981,NE,April,TMINA,16.4
1981,NE,April,SRADA,17.7
1981,NE,April,PRCP,1506
1982,NE,April,TMAXA,27.2
1982,NE,April,TMINA,15.9
1982,NE,April,SRADA,17.5
1982,NE,April,PRCP,1735.8
1983,EN,April,TMAXA,27.2
1983,EN,April,TMINA,16.8
1983,EN,April,SRADA,17.2
1983,EN,April,PRCP,1860.6
1984,LA,April,TMAXA,27.3
1984,LA,April,TMINA,16.9
1984,LA,April,SRADA,17.2
1984,LA,April,PRCP,1866.8
1985,LA,April,TMAXA,28
1985,LA,April,TMINA,16.6
1985,LA,April,SRADA,18
1985,LA,April,PRCP,1236.3
1986,NE,April,TMAXA,28.6
1986,NE,April,TMINA,15.9
1986,NE,April,SRADA,18.2
1986,NE,April,PRCP,1015.3
1987,EN,April,TMAXA,27.6
1987,EN,April,TMINA,16.7
1987,EN,April,SRADA,17.8
1987,EN,April,PRCP,1492.6
1988,EN,April,TMAXA,27.4
1988,EN,April,TMINA,16.6
1988,EN,April,SRADA,17.7
1988,EN,April,PRCP,1546.1
1989,LA,April,TMAXA,27.5
1989,LA,April,TMINA,16.5
1989,LA,April,SRADA,17.7
1989,LA,April,PRCP,1542.6
1990,NE,April,TMAXA,27.3
1990,NE,April,TMINA,16.2
1990,NE,April,SRADA,18.5
1990,NE,April,PRCP,1860.2
1991,NE,April,TMAXA,27
1991,NE,April,TMINA,16.2
1991,NE,April,SRADA,17.8
1991,NE,April,PRCP,1557.7
1992,EN,April,TMAXA,27.9
1992,EN,April,TMINA,16.9
1992,EN,April,SRADA,18.1
1992,EN,April,PRCP,1679.2
1993,NE,April,TMAXA,27.1
1993,NE,April,TMINA,16.6
1993,NE,April,SRADA,17.3
1993,NE,April,PRCP,2080.3
1994,NE,April,TMAXA,27.5
1994,NE,April,TMINA,16.7
1994,NE,April,SRADA,17.1
1994,NE,April,PRCP,1593.4
1995,EN,April,TMAXA,28.5
1995,EN,April,TMINA,17.2
1995,EN,April,SRADA,17.5
1995,EN,April,PRCP,1560.7
1996,LA,April,TMAXA,28.3
1996,LA,April,TMINA,17.3
1996,LA,April,SRADA,17.2
1996,LA,April,PRCP,1572
1997,NE,April,TMAXA,27.5
1997,NE,April,TMINA,16.8
1997,NE,April,SRADA,17.2
1997,NE,April,PRCP,1634.7
1998,EN,April,TMAXA,28.1
1998,EN,April,TMINA,17.5
1998,EN,April,SRADA,16.9
1998,EN,April,PRCP,2006.8
1999,LA,April,TMAXA,27.6
1999,LA,April,TMINA,17.2
1999,LA,April,SRADA,17.3
1999,LA,April,PRCP,1745.9
2000,LA,April,TMAXA,28.2
2000,LA,April,TMINA,16.1
2000,LA,April,SRADA,18.1
2000,LA,April,PRCP,1106.4
2001,LA,April,TMAXA,28.6
2001,LA,April,TMINA,16.6
2001,LA,April,SRADA,18
2001,LA,April,PRCP,1486.7
2002,NE,April,TMAXA,29
2002,NE,April,TMINA,17.2
2002,NE,April,SRADA,18.3
2002,NE,April,PRCP,1262.8
2003,EN,April,TMAXA,29.5
2003,EN,April,TMINA,18
2003,EN,April,SRADA,17.6
2003,EN,April,PRCP,1447.1
2004,NE,April,TMAXA,29
2004,NE,April,TMINA,16.6
2004,NE,April,SRADA,18.9
2004,NE,April,PRCP,1143.9
2005,EN,April,TMAXA,28.3
2005,EN,April,TMINA,17
2005,EN,April,SRADA,17.7
2005,EN,April,PRCP,1568.7
2006,NE,April,TMAXA,28.6
2006,NE,April,TMINA,17.4
2006,NE,April,SRADA,17.3
2006,NE,April,PRCP,1536.6
2007,NE,April,TMAXA,29.1
2007,NE,April,TMINA,17.1
2007,NE,April,SRADA,18.2
2007,NE,April,PRCP,1549.9
2008,LA,April,TMAXA,28.9
2008,LA,April,TMINA,16.7
2008,LA,April,SRADA,18.4
2008,LA,April,PRCP,1570.4
2009,LA,April,TMAXA,28.5
2009,LA,April,TMINA,16.5
2009,LA,April,SRADA,18.4
2009,LA,April,PRCP,1580.8
2010,EN,April,TMAXA,28.1
2010,EN,April,TMINA,17.1
2010,EN,April,SRADA,17.1
2010,EN,April,PRCP,2453.6
2011,LA,April,TMAXA,28.5
2011,LA,April,TMINA,16.4
2011,LA,April,SRADA,17.3
2011,LA,April,PRCP,1582.9
2012,LA,April,TMAXA,28.7
2012,LA,April,TMINA,16.3
2012,LA,April,SRADA,19
2012,LA,April,PRCP,1291.7
2013,NE,April,TMAXA,28.7
2013,NE,April,TMINA,17.1
2013,NE,April,SRADA,17.4
2013,NE,April,PRCP,1952.2
2014,NE,April,TMAXA,28.7
2014,NE,April,TMINA,16.9
2014,NE,April,SRADA,17.8
2014,NE,April,PRCP,1563
2015,NE,April,TMAXA,28.9
2015,NE,April,TMINA,17.1
2015,NE,April,SRADA,18.2
2015,NE,April,PRCP,1562.8
2016,EN,April,TMAXA,28.9
2016,EN,April,TMINA,17.8
2016,EN,April,SRADA,17.1
2016,EN,April,PRCP,2778.7
2017,NE,April,TMAXA,28.5
2017,NE,April,TMINA,16.5
2017,NE,April,SRADA,18
2017,NE,April,PRCP,1694.1
2018,NE,April,TMAXA,28.6
2018,NE,April,TMINA,17.4
2018,NE,April,SRADA,17.7
2018,NE,April,PRCP,2183.1
2019,EN,April,TMAXA,29.3
2019,EN,April,TMINA,17.4
2019,EN,April,SRADA,18.1
2019,EN,April,PRCP,1346.3
1963,NE,April,TMAXA,28.7
1963,NE,April,TMINA,15.7
1963,NE,April,SRADA,18
1963,NE,April,PRCP,1514.1
1964,EN,April,TMAXA,30.4
1964,EN,April,TMINA,16.3
1964,EN,April,SRADA,17.8
1964,EN,April,PRCP,1123.9
1965,LA,April,TMAXA,27.8
1965,LA,April,TMINA,15.5
1965,LA,April,SRADA,17.3
1965,LA,April,PRCP,1480.1
1966,EN,April,TMAXA,28.9
1966,EN,April,TMINA,17.3
1966,EN,April,SRADA,17.6
1966,EN,April,PRCP,1730
1967,NE,April,TMAXA,29.1
1967,NE,April,TMINA,17.1
1967,NE,April,SRADA,18.1
1967,NE,April,PRCP,1193
1968,NE,April,TMAXA,29.8
1968,NE,April,TMINA,17.3
1968,NE,April,SRADA,18.3
1968,NE,April,PRCP,1350.4
1969,EN,April,TMAXA,29.6
1969,EN,April,TMINA,16.9
1969,EN,April,SRADA,18.7
1969,EN,April,PRCP,1381.3
1970,EN,April,TMAXA,29.3
1970,EN,April,TMINA,17.2
1970,EN,April,SRADA,18.1
1970,EN,April,PRCP,1391.6
1971,LA,April,TMAXA,28.9
1971,LA,April,TMINA,16.9
1971,LA,April,SRADA,18.6
1971,LA,April,PRCP,1682.9
1972,LA,April,TMAXA,28.3
1972,LA,April,TMINA,16.2
1972,LA,April,SRADA,17.6
1972,LA,April,PRCP,1485.5
1973,EN,April,TMAXA,28.9
1973,EN,April,TMINA,17.2
1973,EN,April,SRADA,17.9
1973,EN,April,PRCP,1530.3
1974,LA,April,TMAXA,27.9
1974,LA,April,TMINA,17.1
1974,LA,April,SRADA,17.4
1974,LA,April,PRCP,1475.4
1975,LA,April,TMAXA,28.3
1975,LA,April,TMINA,16.5
1975,LA,April,SRADA,18.1
1975,LA,April,PRCP,1283.4
1976,LA,April,TMAXA,28.9
1976,LA,April,TMINA,16.5
1976,LA,April,SRADA,17.8
1976,LA,April,PRCP,1455.7
1977,EN,April,TMAXA,28.2
1977,EN,April,TMINA,16.7
1977,EN,April,SRADA,17.6
1977,EN,April,PRCP,1795.2
1978,NE,April,TMAXA,29.6
1978,NE,April,TMINA,17.7
1978,NE,April,SRADA,18
1978,NE,April,PRCP,1154.9
1979,NE,April,TMAXA,28.9
1979,NE,April,TMINA,16.7
1979,NE,April,SRADA,18.2
1979,NE,April,PRCP,1111.8
1980,NE,April,TMAXA,28
1980,NE,April,TMINA,17.6
1980,NE,April,SRADA,17.3
1980,NE,April,PRCP,1987.8
1981,NE,April,TMAXA,28.5
1981,NE,April,TMINA,17.7
1981,NE,April,SRADA,17.6
1981,NE,April,PRCP,1579.2
1982,NE,April,TMAXA,28.1
1982,NE,April,TMINA,17.4
1982,NE,April,SRADA,17.5
1982,NE,April,PRCP,1592.8
1983,EN,April,TMAXA,28.1
1983,EN,April,TMINA,18
1983,EN,April,SRADA,17.2
1983,EN,April,PRCP,2083.5
1984,LA,April,TMAXA,28
1984,LA,April,TMINA,17.9
1984,LA,April,SRADA,17.2
1984,LA,April,PRCP,2042.7
1985,LA,April,TMAXA,28.8
1985,LA,April,TMINA,17.9
1985,LA,April,SRADA,18
1985,LA,April,PRCP,1261.1
1986,NE,April,TMAXA,29.4
1986,NE,April,TMINA,17
1986,NE,April,SRADA,18.4
1986,NE,April,PRCP,1178.6
1987,EN,April,TMAXA,28.4
1987,EN,April,TMINA,18.2
1987,EN,April,SRADA,17.8
1987,EN,April,PRCP,1398.3
1988,EN,April,TMAXA,28.3
1988,EN,April,TMINA,17.9
1988,EN,April,SRADA,17.7
1988,EN,April,PRCP,1760.6
1989,LA,April,TMAXA,28.5
1989,LA,April,TMINA,17.9
1989,LA,April,SRADA,17.7
1989,LA,April,PRCP,1389.7
1990,NE,April,TMAXA,28.2
1990,NE,April,TMINA,17.5
1990,NE,April,SRADA,18.5
1990,NE,April,PRCP,1647.5
1991,NE,April,TMAXA,27.9
1991,NE,April,TMINA,17.6
1991,NE,April,SRADA,17.9
1991,NE,April,PRCP,1610.4
1992,EN,April,TMAXA,28.8
1992,EN,April,TMINA,18.2
1992,EN,April,SRADA,18.1
1992,EN,April,PRCP,1314.1
1993,NE,April,TMAXA,27.9
1993,NE,April,TMINA,17.7
1993,NE,April,SRADA,17.4
1993,NE,April,PRCP,1807.4
1994,NE,April,TMAXA,28.4
1994,NE,April,TMINA,17.6
1994,NE,April,SRADA,16.9
1994,NE,April,PRCP,1625.2
1995,EN,April,TMAXA,29.3
1995,EN,April,TMINA,18.5
1995,EN,April,SRADA,17.2
1995,EN,April,PRCP,1600.7
1996,LA,April,TMAXA,29.1
1996,LA,April,TMINA,18.5
1996,LA,April,SRADA,17.1
1996,LA,April,PRCP,1719.8
1997,NE,April,TMAXA,28.4
1997,NE,April,TMINA,17.9
1997,NE,April,SRADA,17.5
1997,NE,April,PRCP,1719.9
1998,EN,April,TMAXA,29.1
1998,EN,April,TMINA,18.4
1998,EN,April,SRADA,17
1998,EN,April,PRCP,2035.5
1999,LA,April,TMAXA,28.5
1999,LA,April,TMINA,18.3
1999,LA,April,SRADA,17.5
1999,LA,April,PRCP,1666.7
2000,LA,April,TMAXA,29.1
2000,LA,April,TMINA,17.4
2000,LA,April,SRADA,18.3
2000,LA,April,PRCP,1298.7
2001,LA,April,TMAXA,28.9
2001,LA,April,TMINA,18.4
2001,LA,April,SRADA,18.1
2001,LA,April,PRCP,1738
2002,NE,April,TMAXA,29.3
2002,NE,April,TMINA,18.7
2002,NE,April,SRADA,18.5
2002,NE,April,PRCP,1381.2
2003,EN,April,TMAXA,29.9
2003,EN,April,TMINA,19.4
2003,EN,April,SRADA,17.8
2003,EN,April,PRCP,1970.6
2004,NE,April,TMAXA,29.4
2004,NE,April,TMINA,18.2
2004,NE,April,SRADA,19.2
2004,NE,April,PRCP,1117.1
2005,EN,April,TMAXA,28.8
2005,EN,April,TMINA,18.4
2005,EN,April,SRADA,17.9
2005,EN,April,PRCP,1829.4
2006,NE,April,TMAXA,29.2
2006,NE,April,TMINA,18.8
2006,NE,April,SRADA,17.4
2006,NE,April,PRCP,1662.2
2007,NE,April,TMAXA,29.7
2007,NE,April,TMINA,18.7
2007,NE,April,SRADA,18.1
2007,NE,April,PRCP,1484.5
2008,LA,April,TMAXA,29.7
2008,LA,April,TMINA,18.8
2008,LA,April,SRADA,18.3
2008,LA,April,PRCP,1348.7
2009,LA,April,TMAXA,29.3
2009,LA,April,TMINA,18
2009,LA,April,SRADA,18.6
2009,LA,April,PRCP,1560.7
2010,EN,April,TMAXA,28.8
2010,EN,April,TMINA,18.7
2010,EN,April,SRADA,17
2010,EN,April,PRCP,2086.8
2011,LA,April,TMAXA,29.3
2011,LA,April,TMINA,17.6
2011,LA,April,SRADA,17.8
2011,LA,April,PRCP,1678.9
2012,LA,April,TMAXA,29.6
2012,LA,April,TMINA,17.5
2012,LA,April,SRADA,19.6
2012,LA,April,PRCP,1205.7
2013,NE,April,TMAXA,29.5
2013,NE,April,TMINA,18.4
2013,NE,April,SRADA,18.4
2013,NE,April,PRCP,1760.3
2014,NE,April,TMAXA,29.5
2014,NE,April,TMINA,18
2014,NE,April,SRADA,18.8
2014,NE,April,PRCP,1804.8
2015,NE,April,TMAXA,29.7
2015,NE,April,TMINA,18.6
2015,NE,April,SRADA,18.4
2015,NE,April,PRCP,1915.7
2016,EN,April,TMAXA,29.6
2016,EN,April,TMINA,19.1
2016,EN,April,SRADA,17.5
2016,EN,April,PRCP,2850.7
2017,NE,April,TMAXA,29.2
2017,NE,April,TMINA,17.8
2017,NE,April,SRADA,18.7
2017,NE,April,PRCP,1819.4
2018,NE,April,TMAXA,29.4
2018,NE,April,TMINA,19
2018,NE,April,SRADA,18
2018,NE,April,PRCP,2005.8
2019,EN,April,TMAXA,30
2019,EN,April,TMINA,18.6
2019,EN,April,SRADA,18.3
2019,EN,April,PRCP,1718.1
1963,NE,April,TMAXA,28
1963,NE,April,TMINA,14.4
1963,NE,April,SRADA,18
1963,NE,April,PRCP,1137.2
1964,EN,April,TMAXA,29.9
1964,EN,April,TMINA,14.7
1964,EN,April,SRADA,17.9
1964,EN,April,PRCP,755.8
1965,LA,April,TMAXA,27.2
1965,LA,April,TMINA,14.5
1965,LA,April,SRADA,17.1
1965,LA,April,PRCP,1625
1966,EN,April,TMAXA,28.2
1966,EN,April,TMINA,15.7
1966,EN,April,SRADA,17.5
1966,EN,April,PRCP,1170.5
1967,NE,April,TMAXA,28.3
1967,NE,April,TMINA,15.6
1967,NE,April,SRADA,17.8
1967,NE,April,PRCP,1357.9
1968,NE,April,TMAXA,27.8
1968,NE,April,TMINA,15.3
1968,NE,April,SRADA,17.3
1968,NE,April,PRCP,1037
1969,EN,April,TMAXA,27
1969,EN,April,TMINA,14.1
1969,EN,April,SRADA,18
1969,EN,April,PRCP,753.4
1970,EN,April,TMAXA,26.5
1970,EN,April,TMINA,15
1970,EN,April,SRADA,16.8
1970,EN,April,PRCP,1577.5
1971,LA,April,TMAXA,27.1
1971,LA,April,TMINA,15.4
1971,LA,April,SRADA,17.8
1971,LA,April,PRCP,952.3
1972,LA,April,TMAXA,26.5
1972,LA,April,TMINA,15.4
1972,LA,April,SRADA,17.3
1972,LA,April,PRCP,1204.6
1973,EN,April,TMAXA,27.7
1973,EN,April,TMINA,16.4
1973,EN,April,SRADA,17.7
1973,EN,April,PRCP,1266.9
1974,LA,April,TMAXA,27.5
1974,LA,April,TMINA,16.4
1974,LA,April,SRADA,17
1974,LA,April,PRCP,1171
1975,LA,April,TMAXA,27.5
1975,LA,April,TMINA,15.7
1975,LA,April,SRADA,17.3
1975,LA,April,PRCP,1112.1
1976,LA,April,TMAXA,27.7
1976,LA,April,TMINA,16.2
1976,LA,April,SRADA,17
1976,LA,April,PRCP,1353.2
1977,EN,April,TMAXA,26.9
1977,EN,April,TMINA,16.1
1977,EN,April,SRADA,17.3
1977,EN,April,PRCP,1760.1
1978,NE,April,TMAXA,28.2
1978,NE,April,TMINA,16.9
1978,NE,April,SRADA,17.6
1978,NE,April,PRCP,1026.5
1979,NE,April,TMAXA,27.2
1979,NE,April,TMINA,15.8
1979,NE,April,SRADA,17.4
1979,NE,April,PRCP,1366.7
1980,NE,April,TMAXA,27
1980,NE,April,TMINA,16.3
1980,NE,April,SRADA,16.3
1980,NE,April,PRCP,1204.1
1981,NE,April,TMAXA,27.6
1981,NE,April,TMINA,16.6
1981,NE,April,SRADA,16.8
1981,NE,April,PRCP,1173.6
1982,NE,April,TMAXA,26.2
1982,NE,April,TMINA,15.6
1982,NE,April,SRADA,15.8
1982,NE,April,PRCP,1191.1
1983,EN,April,TMAXA,26.4
1983,EN,April,TMINA,16.3
1983,EN,April,SRADA,15.7
1983,EN,April,PRCP,1837.8
1984,LA,April,TMAXA,27
1984,LA,April,TMINA,16.6
1984,LA,April,SRADA,15.9
1984,LA,April,PRCP,1648
1985,LA,April,TMAXA,27.1
1985,LA,April,TMINA,16.6
1985,LA,April,SRADA,15.8
1985,LA,April,PRCP,1193
1986,NE,April,TMAXA,27.4
1986,NE,April,TMINA,16
1986,NE,April,SRADA,16.3
1986,NE,April,PRCP,991.1
1987,EN,April,TMAXA,27.2
1987,EN,April,TMINA,16.7
1987,EN,April,SRADA,16
1987,EN,April,PRCP,1418.4
1988,EN,April,TMAXA,27.2
1988,EN,April,TMINA,16.7
1988,EN,April,SRADA,15.1
1988,EN,April,PRCP,1337.1
1989,LA,April,TMAXA,26.8
1989,LA,April,TMINA,16.5
1989,LA,April,SRADA,15.3
1989,LA,April,PRCP,1501.7
1990,NE,April,TMAXA,26.8
1990,NE,April,TMINA,16.4
1990,NE,April,SRADA,16.1
1990,NE,April,PRCP,1184.6
1991,NE,April,TMAXA,26.7
1991,NE,April,TMINA,16.5
1991,NE,April,SRADA,14.7
1991,NE,April,PRCP,1515
1992,EN,April,TMAXA,27.5
1992,EN,April,TMINA,17.1
1992,EN,April,SRADA,15.6
1992,EN,April,PRCP,1213.3
1993,NE,April,TMAXA,27.1
1993,NE,April,TMINA,17.2
1993,NE,April,SRADA,14.6
1993,NE,April,PRCP,1317.1
1994,NE,April,TMAXA,27.5
1994,NE,April,TMINA,16.6
1994,NE,April,SRADA,15.3
1994,NE,April,PRCP,1286.2
1995,EN,April,TMAXA,28.7
1995,EN,April,TMINA,16.6
1995,EN,April,SRADA,15.4
1995,EN,April,PRCP,1615.6
1996,LA,April,TMAXA,28.4
1996,LA,April,TMINA,16.8
1996,LA,April,SRADA,15.7
1996,LA,April,PRCP,1517
1997,NE,April,TMAXA,27.3
1997,NE,April,TMINA,15.1
1997,NE,April,SRADA,15.9
1997,NE,April,PRCP,1303.8
1998,EN,April,TMAXA,28.5
1998,EN,April,TMINA,16.5
1998,EN,April,SRADA,16.3
1998,EN,April,PRCP,1263.8
1999,LA,April,TMAXA,27.7
1999,LA,April,TMINA,16.3
1999,LA,April,SRADA,15.5
1999,LA,April,PRCP,1529.6
2000,LA,April,TMAXA,27.9
2000,LA,April,TMINA,15.1
2000,LA,April,SRADA,16.3
2000,LA,April,PRCP,1036.6
2001,LA,April,TMAXA,28.7
2001,LA,April,TMINA,16.3
2001,LA,April,SRADA,16.6
2001,LA,April,PRCP,1112.2
2002,NE,April,TMAXA,28.4
2002,NE,April,TMINA,16.8
2002,NE,April,SRADA,16.6
2002,NE,April,PRCP,1432.6
2003,EN,April,TMAXA,28.7
2003,EN,April,TMINA,17.5
2003,EN,April,SRADA,16.5
2003,EN,April,PRCP,1347.3
2004,NE,April,TMAXA,27.6
2004,NE,April,TMINA,16.3
2004,NE,April,SRADA,16.8
2004,NE,April,PRCP,1286.6
2005,EN,April,TMAXA,27.4
2005,EN,April,TMINA,16.7
2005,EN,April,SRADA,16.2
2005,EN,April,PRCP,1241.2
2006,NE,April,TMAXA,27.8
2006,NE,April,TMINA,17.1
2006,NE,April,SRADA,15.9
2006,NE,April,PRCP,1412.6
2007,NE,April,TMAXA,28.3
2007,NE,April,TMINA,16.9
2007,NE,April,SRADA,17.4
2007,NE,April,PRCP,1020.5
2008,LA,April,TMAXA,28
2008,LA,April,TMINA,15.9
2008,LA,April,SRADA,16.7
2008,LA,April,PRCP,1296.9
2009,LA,April,TMAXA,27.7
2009,LA,April,TMINA,15.9
2009,LA,April,SRADA,16.8
2009,LA,April,PRCP,1473.1
2010,EN,April,TMAXA,27.6
2010,EN,April,TMINA,16.5
2010,EN,April,SRADA,16
2010,EN,April,PRCP,1738.6
2011,LA,April,TMAXA,28.1
2011,LA,April,TMINA,16.1
2011,LA,April,SRADA,16.9
2011,LA,April,PRCP,1391.1
2012,LA,April,TMAXA,27.8
2012,LA,April,TMINA,15.5
2012,LA,April,SRADA,17.8
2012,LA,April,PRCP,1071.2
2013,NE,April,TMAXA,28
2013,NE,April,TMINA,16.5
2013,NE,April,SRADA,17.1
2013,NE,April,PRCP,1495.3
2014,NE,April,TMAXA,28.2
2014,NE,April,TMINA,16.2
2014,NE,April,SRADA,18.1
2014,NE,April,PRCP,1057.1
2015,NE,April,TMAXA,28.5
2015,NE,April,TMINA,16.4
2015,NE,April,SRADA,17.8
2015,NE,April,PRCP,1228.8
2016,EN,April,TMAXA,28.5
2016,EN,April,TMINA,17.3
2016,EN,April,SRADA,16.8
2016,EN,April,PRCP,1479.9
2017,NE,April,TMAXA,28
2017,NE,April,TMINA,16.2
2017,NE,April,SRADA,17.7
2017,NE,April,PRCP,1595
2018,NE,April,TMAXA,28.1
2018,NE,April,TMINA,16.4
2018,NE,April,SRADA,17.6
2018,NE,April,PRCP,1455.8
2019,EN,April,TMAXA,28.7
2019,EN,April,TMINA,16.5
2019,EN,April,SRADA,17.5
2019,EN,April,PRCP,1292.4
1963,NE,April,TMAXA,24.9
1963,NE,April,TMINA,11.9
1963,NE,April,SRADA,16.7
1963,NE,April,PRCP,1284.9
1964,EN,April,TMAXA,26.3
1964,EN,April,TMINA,12.3
1964,EN,April,SRADA,16
1964,EN,April,PRCP,1065
1965,LA,April,TMAXA,24.3
1965,LA,April,TMINA,11.9
1965,LA,April,SRADA,16.2
1965,LA,April,PRCP,1353.1
1966,EN,April,TMAXA,25.1
1966,EN,April,TMINA,13
1966,EN,April,SRADA,15.7
1966,EN,April,PRCP,1316.1
1967,NE,April,TMAXA,24.9
1967,NE,April,TMINA,12.8
1967,NE,April,SRADA,15.8
1967,NE,April,PRCP,1325
1968,NE,April,TMAXA,25.9
1968,NE,April,TMINA,12.5
1968,NE,April,SRADA,16.6
1968,NE,April,PRCP,1278.3
1969,EN,April,TMAXA,25.2
1969,EN,April,TMINA,12.1
1969,EN,April,SRADA,16.7
1969,EN,April,PRCP,1021.6
1970,EN,April,TMAXA,24.6
1970,EN,April,TMINA,13
1970,EN,April,SRADA,15.7
1970,EN,April,PRCP,1481.6
1971,LA,April,TMAXA,25.3
1971,LA,April,TMINA,13.5
1971,LA,April,SRADA,16.1
1971,LA,April,PRCP,1713.1
1972,LA,April,TMAXA,24.5
1972,LA,April,TMINA,12.8
1972,LA,April,SRADA,16
1972,LA,April,PRCP,1651.4
1973,EN,April,TMAXA,25
1973,EN,April,TMINA,13.9
1973,EN,April,SRADA,15.4
1973,EN,April,PRCP,1599.2
1974,LA,April,TMAXA,23.8
1974,LA,April,TMINA,13.2
1974,LA,April,SRADA,15.2
1974,LA,April,PRCP,1662.2
1975,LA,April,TMAXA,23.9
1975,LA,April,TMINA,12.4
1975,LA,April,SRADA,16
1975,LA,April,PRCP,1275.1
1976,LA,April,TMAXA,24.2
1976,LA,April,TMINA,13.2
1976,LA,April,SRADA,15.6
1976,LA,April,PRCP,1640.7
1977,EN,April,TMAXA,24
1977,EN,April,TMINA,12.7
1977,EN,April,SRADA,15.9
1977,EN,April,PRCP,1762.7
1978,NE,April,TMAXA,24
1978,NE,April,TMINA,13.8
1978,NE,April,SRADA,16.1
1978,NE,April,PRCP,1260.1
1979,NE,April,TMAXA,23.6
1979,NE,April,TMINA,12.7
1979,NE,April,SRADA,16.6
1979,NE,April,PRCP,1219.6
1980,NE,April,TMAXA,24.8
1980,NE,April,TMINA,12.9
1980,NE,April,SRADA,15.4
1980,NE,April,PRCP,1754.8
1981,NE,April,TMAXA,24.9
1981,NE,April,TMINA,13.6
1981,NE,April,SRADA,15.4
1981,NE,April,PRCP,1646.3
1982,NE,April,TMAXA,25.1
1982,NE,April,TMINA,12.7
1982,NE,April,SRADA,15.6
1982,NE,April,PRCP,1222
1983,EN,April,TMAXA,24.6
1983,EN,April,TMINA,13.6
1983,EN,April,SRADA,14.8
1983,EN,April,PRCP,2278.5
1984,LA,April,TMAXA,24.4
1984,LA,April,TMINA,13.5
1984,LA,April,SRADA,14.5
1984,LA,April,PRCP,2373.6
1985,LA,April,TMAXA,25
1985,LA,April,TMINA,13
1985,LA,April,SRADA,15.4
1985,LA,April,PRCP,1433.1
1986,NE,April,TMAXA,26.1
1986,NE,April,TMINA,13
1986,NE,April,SRADA,16.6
1986,NE,April,PRCP,983.6
1987,EN,April,TMAXA,25.1
1987,EN,April,TMINA,13.3
1987,EN,April,SRADA,15.3
1987,EN,April,PRCP,1718.6
1988,EN,April,TMAXA,24.8
1988,EN,April,TMINA,13.4
1988,EN,April,SRADA,14.9
1988,EN,April,PRCP,1602.9
1989,LA,April,TMAXA,24.8
1989,LA,April,TMINA,13.2
1989,LA,April,SRADA,15.1
1989,LA,April,PRCP,1435.9
1990,NE,April,TMAXA,23.8
1990,NE,April,TMINA,13
1990,NE,April,SRADA,16.3
1990,NE,April,PRCP,1903.4
1991,NE,April,TMAXA,24.2
1991,NE,April,TMINA,13.4
1991,NE,April,SRADA,15.9
1991,NE,April,PRCP,1628
1992,EN,April,TMAXA,25
1992,EN,April,TMINA,13.5
1992,EN,April,SRADA,16.1
1992,EN,April,PRCP,1774.4
1993,NE,April,TMAXA,23.7
1993,NE,April,TMINA,13.8
1993,NE,April,SRADA,15.4
1993,NE,April,PRCP,1797.6
1994,NE,April,TMAXA,24.8
1994,NE,April,TMINA,13.5
1994,NE,April,SRADA,16.1
1994,NE,April,PRCP,2033.7
1995,EN,April,TMAXA,25.7
1995,EN,April,TMINA,13.8
1995,EN,April,SRADA,15.6
1995,EN,April,PRCP,1647
1996,LA,April,TMAXA,25.7
1996,LA,April,TMINA,13.1
1996,LA,April,SRADA,15.6
1996,LA,April,PRCP,1789.1
1997,NE,April,TMAXA,24.5
1997,NE,April,TMINA,13
1997,NE,April,SRADA,15.2
1997,NE,April,PRCP,1417.2
1998,EN,April,TMAXA,25
1998,EN,April,TMINA,14.2
1998,EN,April,SRADA,15.2
1998,EN,April,PRCP,1804.1
1999,LA,April,TMAXA,24.4
1999,LA,April,TMINA,14
1999,LA,April,SRADA,15.7
1999,LA,April,PRCP,1814.9
2000,LA,April,TMAXA,25
2000,LA,April,TMINA,13.2
2000,LA,April,SRADA,16.3
2000,LA,April,PRCP,1222.3
2001,LA,April,TMAXA,25.5
2001,LA,April,TMINA,13.9
2001,LA,April,SRADA,15.9
2001,LA,April,PRCP,1929.4
2002,NE,April,TMAXA,25.9
2002,NE,April,TMINA,14.1
2002,NE,April,SRADA,16.4
2002,NE,April,PRCP,1536.2
2003,EN,April,TMAXA,26.5
2003,EN,April,TMINA,14.8
2003,EN,April,SRADA,15.5
2003,EN,April,PRCP,1688.6
2004,NE,April,TMAXA,26.2
2004,NE,April,TMINA,13.3
2004,NE,April,SRADA,16.8
2004,NE,April,PRCP,1523.3
2005,EN,April,TMAXA,25.8
2005,EN,April,TMINA,13.9
2005,EN,April,SRADA,15.8
2005,EN,April,PRCP,1439.4
2006,NE,April,TMAXA,26.1
2006,NE,April,TMINA,14.4
2006,NE,April,SRADA,15.6
2006,NE,April,PRCP,1800.8
2007,NE,April,TMAXA,26.3
2007,NE,April,TMINA,14.3
2007,NE,April,SRADA,16.2
2007,NE,April,PRCP,1400.5
2008,LA,April,TMAXA,26.1
2008,LA,April,TMINA,13.9
2008,LA,April,SRADA,16.4
2008,LA,April,PRCP,1667.6
2009,LA,April,TMAXA,25.8
2009,LA,April,TMINA,13.9
2009,LA,April,SRADA,16.3
2009,LA,April,PRCP,1380.6
2010,EN,April,TMAXA,25.4
2010,EN,April,TMINA,14.7
2010,EN,April,SRADA,14.7
2010,EN,April,PRCP,2256.7
2011,LA,April,TMAXA,25.4
2011,LA,April,TMINA,14.1
2011,LA,April,SRADA,15.5
2011,LA,April,PRCP,1529.8
2012,LA,April,TMAXA,25.9
2012,LA,April,TMINA,13.4
2012,LA,April,SRADA,16.8
2012,LA,April,PRCP,1704.2
2013,NE,April,TMAXA,25.7
2013,NE,April,TMINA,14.5
2013,NE,April,SRADA,15.1
2013,NE,April,PRCP,1902.3
2014,NE,April,TMAXA,25.8
2014,NE,April,TMINA,14.1
2014,NE,April,SRADA,16.2
2014,NE,April,PRCP,1797
2015,NE,April,TMAXA,25.8
2015,NE,April,TMINA,14.8
2015,NE,April,SRADA,15.7
2015,NE,April,PRCP,1921.3
2016,EN,April,TMAXA,25.7
2016,EN,April,TMINA,15.5
2016,EN,April,SRADA,14.3
2016,EN,April,PRCP,2285.5
2017,NE,April,TMAXA,25
2017,NE,April,TMINA,14.2
2017,NE,April,SRADA,15.4
2017,NE,April,PRCP,1892.9
2018,NE,April,TMAXA,25.9
2018,NE,April,TMINA,14.8
2018,NE,April,SRADA,14.8
2018,NE,April,PRCP,1779.3
2019,EN,April,TMAXA,26.1
2019,EN,April,TMINA,15.1
2019,EN,April,SRADA,14.6
2019,EN,April,PRCP,1397.2
1963,NE,April,TMAXA,23.6
1963,NE,April,TMINA,11.3
1963,NE,April,SRADA,16.1
1963,NE,April,PRCP,1132.4
1964,EN,April,TMAXA,24.6
1964,EN,April,TMINA,11.6
1964,EN,April,SRADA,15.3
1964,EN,April,PRCP,1271.9
1965,LA,April,TMAXA,23.2
1965,LA,April,TMINA,11
1965,LA,April,SRADA,15.8
1965,LA,April,PRCP,1203.3
1966,EN,April,TMAXA,23.7
1966,EN,April,TMINA,12.3
1966,EN,April,SRADA,14.9
1966,EN,April,PRCP,1680.1
1967,NE,April,TMAXA,23.5
1967,NE,April,TMINA,11.4
1967,NE,April,SRADA,15.3
1967,NE,April,PRCP,1489.6
1968,NE,April,TMAXA,24.4
1968,NE,April,TMINA,11.3
1968,NE,April,SRADA,16.2
1968,NE,April,PRCP,1255.3
1969,EN,April,TMAXA,24.1
1969,EN,April,TMINA,11.2
1969,EN,April,SRADA,16.1
1969,EN,April,PRCP,1040.5
1970,EN,April,TMAXA,23.8
1970,EN,April,TMINA,11.7
1970,EN,April,SRADA,15.2
1970,EN,April,PRCP,1513.9
1971,LA,April,TMAXA,24.5
1971,LA,April,TMINA,12
1971,LA,April,SRADA,15.4
1971,LA,April,PRCP,1872.2
1972,LA,April,TMAXA,23.9
1972,LA,April,TMINA,11.8
1972,LA,April,SRADA,15.6
1972,LA,April,PRCP,1755.9
1973,EN,April,TMAXA,24
1973,EN,April,TMINA,13.2
1973,EN,April,SRADA,14.9
1973,EN,April,PRCP,1640.6
1974,LA,April,TMAXA,23.4
1974,LA,April,TMINA,12.7
1974,LA,April,SRADA,14.5
1974,LA,April,PRCP,1906.6
1975,LA,April,TMAXA,23
1975,LA,April,TMINA,11.7
1975,LA,April,SRADA,15.6
1975,LA,April,PRCP,1182.5
1976,LA,April,TMAXA,23.5
1976,LA,April,TMINA,11.9
1976,LA,April,SRADA,15
1976,LA,April,PRCP,1780
1977,EN,April,TMAXA,23.1
1977,EN,April,TMINA,12.1
1977,EN,April,SRADA,15.2
1977,EN,April,PRCP,1718.8
1978,NE,April,TMAXA,24.3
1978,NE,April,TMINA,13.1
1978,NE,April,SRADA,15.4
1978,NE,April,PRCP,1047.3
1979,NE,April,TMAXA,24.5
1979,NE,April,TMINA,11.5
1979,NE,April,SRADA,15.7
1979,NE,April,PRCP,1244.6
1980,NE,April,TMAXA,23.8
1980,NE,April,TMINA,12.2
1980,NE,April,SRADA,15
1980,NE,April,PRCP,1764.9
1981,NE,April,TMAXA,23.9
1981,NE,April,TMINA,12.7
1981,NE,April,SRADA,15
1981,NE,April,PRCP,1482.9
1982,NE,April,TMAXA,23.7
1982,NE,April,TMINA,11.9
1982,NE,April,SRADA,15
1982,NE,April,PRCP,953
1983,EN,April,TMAXA,23.7
1983,EN,April,TMINA,12.9
1983,EN,April,SRADA,14.2
1983,EN,April,PRCP,2079.3
1984,LA,April,TMAXA,23.6
1984,LA,April,TMINA,12.9
1984,LA,April,SRADA,13.7
1984,LA,April,PRCP,2256.8
1985,LA,April,TMAXA,24.1
1985,LA,April,TMINA,12.8
1985,LA,April,SRADA,14.6
1985,LA,April,PRCP,1684.5
1986,NE,April,TMAXA,25
1986,NE,April,TMINA,13.2
1986,NE,April,SRADA,16.3
1986,NE,April,PRCP,996.9
1987,EN,April,TMAXA,24.3
1987,EN,April,TMINA,13.6
1987,EN,April,SRADA,15
1987,EN,April,PRCP,1456.1
1988,EN,April,TMAXA,24.1
1988,EN,April,TMINA,13.1
1988,EN,April,SRADA,14
1988,EN,April,PRCP,1482.3
1989,LA,April,TMAXA,23.8
1989,LA,April,TMINA,13
1989,LA,April,SRADA,14.1
1989,LA,April,PRCP,1425
1990,NE,April,TMAXA,23.5
1990,NE,April,TMINA,13
1990,NE,April,SRADA,15.7
1990,NE,April,PRCP,1618.7
1991,NE,April,TMAXA,23.6
1991,NE,April,TMINA,12.9
1991,NE,April,SRADA,15
1991,NE,April,PRCP,1795.3
1992,EN,April,TMAXA,24.5
1992,EN,April,TMINA,13.3
1992,EN,April,SRADA,15
1992,EN,April,PRCP,1475.3
1993,NE,April,TMAXA,23.4
1993,NE,April,TMINA,13.5
1993,NE,April,SRADA,14.7
1993,NE,April,PRCP,1699.7
1994,NE,April,TMAXA,24.1
1994,NE,April,TMINA,13.1
1994,NE,April,SRADA,15.6
1994,NE,April,PRCP,1732.4
1995,EN,April,TMAXA,24.9
1995,EN,April,TMINA,13.7
1995,EN,April,SRADA,15.3
1995,EN,April,PRCP,1601.7
1996,LA,April,TMAXA,24.8
1996,LA,April,TMINA,13.4
1996,LA,April,SRADA,15.5
1996,LA,April,PRCP,1839.8
1997,NE,April,TMAXA,23.8
1997,NE,April,TMINA,13
1997,NE,April,SRADA,15.3
1997,NE,April,PRCP,1562.4
1998,EN,April,TMAXA,24.4
1998,EN,April,TMINA,13.9
1998,EN,April,SRADA,14.6
1998,EN,April,PRCP,2245.3
1999,LA,April,TMAXA,23.8
1999,LA,April,TMINA,13.8
1999,LA,April,SRADA,14.8
1999,LA,April,PRCP,1928.7
2000,LA,April,TMAXA,23.9
2000,LA,April,TMINA,12.6
2000,LA,April,SRADA,15.8
2000,LA,April,PRCP,1404.6
2001,LA,April,TMAXA,24.8
2001,LA,April,TMINA,13.4
2001,LA,April,SRADA,15.6
2001,LA,April,PRCP,1714
2002,NE,April,TMAXA,25
2002,NE,April,TMINA,13.7
2002,NE,April,SRADA,16
2002,NE,April,PRCP,1400.5
2003,EN,April,TMAXA,25.5
2003,EN,April,TMINA,14.4
2003,EN,April,SRADA,15.2
2003,EN,April,PRCP,1685
2004,NE,April,TMAXA,25.1
2004,NE,April,TMINA,13
2004,NE,April,SRADA,16.4
2004,NE,April,PRCP,1289.9
2005,EN,April,TMAXA,24.7
2005,EN,April,TMINA,13.5
2005,EN,April,SRADA,15.8
2005,EN,April,PRCP,1292.2
2006,NE,April,TMAXA,25
2006,NE,April,TMINA,14
2006,NE,April,SRADA,15.5
2006,NE,April,PRCP,1689.7
2007,NE,April,TMAXA,25.4
2007,NE,April,TMINA,13.9
2007,NE,April,SRADA,16.1
2007,NE,April,PRCP,1231
2008,LA,April,TMAXA,24.9
2008,LA,April,TMINA,13.9
2008,LA,April,SRADA,16.2
2008,LA,April,PRCP,1466.2
2009,LA,April,TMAXA,24.4
2009,LA,April,TMINA,13.4
2009,LA,April,SRADA,15.7
2009,LA,April,PRCP,1440.2
2010,EN,April,TMAXA,23.8
2010,EN,April,TMINA,13.9
2010,EN,April,SRADA,14.1
2010,EN,April,PRCP,2152.8
2011,LA,April,TMAXA,23.6
2011,LA,April,TMINA,13.4
2011,LA,April,SRADA,14.6
2011,LA,April,PRCP,1679.5
2012,LA,April,TMAXA,24
2012,LA,April,TMINA,12
2012,LA,April,SRADA,15.6
2012,LA,April,PRCP,1697.8
2013,NE,April,TMAXA,24.3
2013,NE,April,TMINA,13
2013,NE,April,SRADA,14.5
2013,NE,April,PRCP,1921
2014,NE,April,TMAXA,24.4
2014,NE,April,TMINA,12.7
2014,NE,April,SRADA,15.2
2014,NE,April,PRCP,1731.5
2015,NE,April,TMAXA,24.7
2015,NE,April,TMINA,13.5
2015,NE,April,SRADA,14.8
2015,NE,April,PRCP,1806.5
2016,EN,April,TMAXA,24.7
2016,EN,April,TMINA,14.1
2016,EN,April,SRADA,13.5
2016,EN,April,PRCP,2168.7
2017,NE,April,TMAXA,24.1
2017,NE,April,TMINA,12.4
2017,NE,April,SRADA,14.6
2017,NE,April,PRCP,1581.7
2018,NE,April,TMAXA,24.8
2018,NE,April,TMINA,13.1
2018,NE,April,SRADA,14.6
2018,NE,April,PRCP,1878.5
2019,EN,April,TMAXA,25.2
2019,EN,April,TMINA,13.3
2019,EN,April,SRADA,14.7
2019,EN,April,PRCP,1376.9
1963,NE,May,TMAXA,29.8
1963,NE,May,TMINA,16.1
1963,NE,May,SRADA,18.4
1963,NE,May,PRCP,1201.7
1964,EN,May,TMAXA,31.6
1964,EN,May,TMINA,17.1
1964,EN,May,SRADA,17.7
1964,EN,May,PRCP,1185.7
1965,LA,May,TMAXA,29.5
1965,LA,May,TMINA,15.8
1965,LA,May,SRADA,17.6
1965,LA,May,PRCP,1307.6
1966,EN,May,TMAXA,30.8
1966,EN,May,TMINA,17
1966,EN,May,SRADA,18.2
1966,EN,May,PRCP,1180.6
1967,NE,May,TMAXA,29.4
1967,NE,May,TMINA,16.3
1967,NE,May,SRADA,18.6
1967,NE,May,PRCP,1199.3
1968,NE,May,TMAXA,29.4
1968,NE,May,TMINA,16.6
1968,NE,May,SRADA,18.4
1968,NE,May,PRCP,1150
1969,EN,May,TMAXA,29.5
1969,EN,May,TMINA,16.8
1969,EN,May,SRADA,19.2
1969,EN,May,PRCP,1016.5
1970,EN,May,TMAXA,29.4
1970,EN,May,TMINA,16.4
1970,EN,May,SRADA,18.3
1970,EN,May,PRCP,1335.4
1971,LA,May,TMAXA,29.2
1971,LA,May,TMINA,16.7
1971,LA,May,SRADA,19.1
1971,LA,May,PRCP,1275.1
1972,LA,May,TMAXA,28.5
1972,LA,May,TMINA,17.6
1972,LA,May,SRADA,18.1
1972,LA,May,PRCP,1437.4
1973,EN,May,TMAXA,29
1973,EN,May,TMINA,18.3
1973,EN,May,SRADA,18.1
1973,EN,May,PRCP,1633.9
1974,LA,May,TMAXA,28.5
1974,LA,May,TMINA,17.3
1974,LA,May,SRADA,17.8
1974,LA,May,PRCP,1513.5
1975,LA,May,TMAXA,28.7
1975,LA,May,TMINA,17.6
1975,LA,May,SRADA,18.5
1975,LA,May,PRCP,1262.9
1976,LA,May,TMAXA,29.1
1976,LA,May,TMINA,17.6
1976,LA,May,SRADA,18.5
1976,LA,May,PRCP,1387.9
1977,NE,May,TMAXA,28.5
1977,NE,May,TMINA,17.7
1977,NE,May,SRADA,17.9
1977,NE,May,PRCP,1476.4
1978,NE,May,TMAXA,29.9
1978,NE,May,TMINA,18.6
1978,NE,May,SRADA,18.5
1978,NE,May,PRCP,1213.7
1979,NE,May,TMAXA,29
1979,NE,May,TMINA,17.6
1979,NE,May,SRADA,18.3
1979,NE,May,PRCP,1060.3
1980,NE,May,TMAXA,28.5
1980,NE,May,TMINA,18.1
1980,NE,May,SRADA,17.6
1980,NE,May,PRCP,1512.9
1981,NE,May,TMAXA,29.2
1981,NE,May,TMINA,18.4
1981,NE,May,SRADA,18
1981,NE,May,PRCP,1127.3
1982,NE,May,TMAXA,28.7
1982,NE,May,TMINA,17.8
1982,NE,May,SRADA,17.8
1982,NE,May,PRCP,1075.5
1983,EN,May,TMAXA,28.8
1983,EN,May,TMINA,18.9
1983,EN,May,SRADA,17.2
1983,EN,May,PRCP,1635.9
1984,NE,May,TMAXA,28.8
1984,NE,May,TMINA,18.6
1984,NE,May,SRADA,17.7
1984,NE,May,PRCP,1393.1
1985,LA,May,TMAXA,29.7
1985,LA,May,TMINA,18.4
1985,LA,May,SRADA,18.6
1985,LA,May,PRCP,1162.1
1986,NE,May,TMAXA,30.5
1986,NE,May,TMINA,18.3
1986,NE,May,SRADA,19.2
1986,NE,May,PRCP,830.7
1987,EN,May,TMAXA,28.4
1987,EN,May,TMINA,18.9
1987,EN,May,SRADA,18.2
1987,EN,May,PRCP,1225.6
1988,EN,May,TMAXA,28.3
1988,EN,May,TMINA,18.7
1988,EN,May,SRADA,18
1988,EN,May,PRCP,1503
1989,LA,May,TMAXA,28.6
1989,LA,May,TMINA,18.4
1989,LA,May,SRADA,18.3
1989,LA,May,PRCP,1193.4
1990,NE,May,TMAXA,28.6
1990,NE,May,TMINA,18.2
1990,NE,May,SRADA,18.7
1990,NE,May,PRCP,1511.5
1991,NE,May,TMAXA,28.6
1991,NE,May,TMINA,18.3
1991,NE,May,SRADA,18.4
1991,NE,May,PRCP,1277.7
1992,EN,May,TMAXA,29.5
1992,EN,May,TMINA,18.9
1992,EN,May,SRADA,18.3
1992,EN,May,PRCP,1254.1
1993,NE,May,TMAXA,28.7
1993,NE,May,TMINA,18.7
1993,NE,May,SRADA,18
1993,NE,May,PRCP,1369.2
1994,NE,May,TMAXA,29.1
1994,NE,May,TMINA,18.6
1994,NE,May,SRADA,17.5
1994,NE,May,PRCP,1151.3
1995,EN,May,TMAXA,29.9
1995,EN,May,TMINA,19.1
1995,EN,May,SRADA,18.1
1995,EN,May,PRCP,1210.4
1996,LA,May,TMAXA,29.9
1996,LA,May,TMINA,19.4
1996,LA,May,SRADA,18.5
1996,LA,May,PRCP,1291.6
1997,NE,May,TMAXA,29
1997,NE,May,TMINA,18.6
1997,NE,May,SRADA,18.3
1997,NE,May,PRCP,1327.2
1998,EN,May,TMAXA,29.5
1998,EN,May,TMINA,19.4
1998,EN,May,SRADA,17.5
1998,EN,May,PRCP,1613.7
1999,LA,May,TMAXA,29.2
1999,LA,May,TMINA,18.8
1999,LA,May,SRADA,18
1999,LA,May,PRCP,1460.1
2000,LA,May,TMAXA,29.9
2000,LA,May,TMINA,18.5
2000,LA,May,SRADA,18.7
2000,LA,May,PRCP,1073.7
2001,LA,May,TMAXA,29.7
2001,LA,May,TMINA,19
2001,LA,May,SRADA,18.5
2001,LA,May,PRCP,1215.6
2002,NE,May,TMAXA,30.1
2002,NE,May,TMINA,19.6
2002,NE,May,SRADA,18.8
2002,NE,May,PRCP,1123.1
2003,EN,May,TMAXA,30.1
2003,EN,May,TMINA,19.6
2003,EN,May,SRADA,17.9
2003,EN,May,PRCP,1607.8
2004,NE,May,TMAXA,29.8
2004,NE,May,TMINA,18.9
2004,NE,May,SRADA,18.8
2004,NE,May,PRCP,1136.7
2005,EN,May,TMAXA,29.6
2005,EN,May,TMINA,19
2005,EN,May,SRADA,18.3
2005,EN,May,PRCP,1177.8
2006,NE,May,TMAXA,29.2
2006,NE,May,TMINA,19
2006,NE,May,SRADA,17.4
2006,NE,May,PRCP,1188.3
2007,NE,May,TMAXA,30.3
2007,NE,May,TMINA,19.5
2007,NE,May,SRADA,18
2007,NE,May,PRCP,220
2008,LA,May,TMAXA,29.7
2008,LA,May,TMINA,18.7
2008,LA,May,SRADA,17.8
2008,LA,May,PRCP,1054.9
2009,LA,May,TMAXA,30.1
2009,LA,May,TMINA,18.9
2009,LA,May,SRADA,18.3
2009,LA,May,PRCP,1018
2010,EN,May,TMAXA,29
2010,EN,May,TMINA,19.1
2010,EN,May,SRADA,16.6
2010,EN,May,PRCP,473
2011,LA,May,TMAXA,29.4
2011,LA,May,TMINA,18.5
2011,LA,May,SRADA,17.1
2011,LA,May,PRCP,1320.4
2012,LA,May,TMAXA,29.9
2012,LA,May,TMINA,18.4
2012,LA,May,SRADA,18.3
2012,LA,May,PRCP,1159.8
2013,NE,May,TMAXA,29.9
2013,NE,May,TMINA,19.1
2013,NE,May,SRADA,17
2013,NE,May,PRCP,1581.6
2014,NE,May,TMAXA,29.8
2014,NE,May,TMINA,18.8
2014,NE,May,SRADA,17.2
2014,NE,May,PRCP,1167.2
2015,EN,May,TMAXA,30.2
2015,EN,May,TMINA,19.1
2015,EN,May,SRADA,17.3
2015,EN,May,PRCP,1450.4
2016,EN,May,TMAXA,30.2
2016,EN,May,TMINA,19.7
2016,EN,May,SRADA,16.3
2016,EN,May,PRCP,1906.5
2017,NE,May,TMAXA,29.8
2017,NE,May,TMINA,18.2
2017,NE,May,SRADA,17.2
2017,NE,May,PRCP,1199.2
2018,LA,May,TMAXA,30.2
2018,LA,May,TMINA,19.1
2018,LA,May,SRADA,17.1
2018,LA,May,PRCP,1487
2019,EN,May,TMAXA,30.5
2019,EN,May,TMINA,19.1
2019,EN,May,SRADA,17.1
2019,EN,May,PRCP,1185.6
1963,NE,May,TMAXA,28.3
1963,NE,May,TMINA,17
1963,NE,May,SRADA,18.2
1963,NE,May,PRCP,1616.9
1964,EN,May,TMAXA,29.6
1964,EN,May,TMINA,18.2
1964,EN,May,SRADA,17.2
1964,EN,May,PRCP,1364.9
1965,LA,May,TMAXA,27.8
1965,LA,May,TMINA,16.6
1965,LA,May,SRADA,17
1965,LA,May,PRCP,1605.9
1966,EN,May,TMAXA,28.6
1966,EN,May,TMINA,17.8
1966,EN,May,SRADA,17.1
1966,EN,May,PRCP,1729.5
1967,NE,May,TMAXA,28.9
1967,NE,May,TMINA,17.4
1967,NE,May,SRADA,18.1
1967,NE,May,PRCP,1393.6
1968,NE,May,TMAXA,29.4
1968,NE,May,TMINA,17.4
1968,NE,May,SRADA,18.2
1968,NE,May,PRCP,1156.9
1969,EN,May,TMAXA,29.2
1969,EN,May,TMINA,17.4
1969,EN,May,SRADA,18.4
1969,EN,May,PRCP,1118.9
1970,EN,May,TMAXA,29.3
1970,EN,May,TMINA,17.5
1970,EN,May,SRADA,18
1970,EN,May,PRCP,1507
1971,LA,May,TMAXA,28.4
1971,LA,May,TMINA,17.3
1971,LA,May,SRADA,18.1
1971,LA,May,PRCP,1542.1
1972,LA,May,TMAXA,28.4
1972,LA,May,TMINA,16.2
1972,LA,May,SRADA,17.9
1972,LA,May,PRCP,1477.2
1973,EN,May,TMAXA,29.5
1973,EN,May,TMINA,16.5
1973,EN,May,SRADA,17.7
1973,EN,May,PRCP,1582.9
1974,LA,May,TMAXA,28.5
1974,LA,May,TMINA,17.1
1974,LA,May,SRADA,17.4
1974,LA,May,PRCP,1432.7
1975,LA,May,TMAXA,28.9
1975,LA,May,TMINA,17
1975,LA,May,SRADA,18.1
1975,LA,May,PRCP,1282.8
1976,LA,May,TMAXA,28.9
1976,LA,May,TMINA,16.6
1976,LA,May,SRADA,18
1976,LA,May,PRCP,1324.1
1977,NE,May,TMAXA,28
1977,NE,May,TMINA,17.1
1977,NE,May,SRADA,18.1
1977,NE,May,PRCP,1644.4
1978,NE,May,TMAXA,29.9
1978,NE,May,TMINA,17.8
1978,NE,May,SRADA,18.5
1978,NE,May,PRCP,1058.2
1979,NE,May,TMAXA,29
1979,NE,May,TMINA,17.5
1979,NE,May,SRADA,18
1979,NE,May,PRCP,1201.6
1980,NE,May,TMAXA,29.1
1980,NE,May,TMINA,17.3
1980,NE,May,SRADA,17.9
1980,NE,May,PRCP,1547.7
1981,NE,May,TMAXA,29.4
1981,NE,May,TMINA,17.2
1981,NE,May,SRADA,17.7
1981,NE,May,PRCP,1312.3
1982,NE,May,TMAXA,29
1982,NE,May,TMINA,17.1
1982,NE,May,SRADA,17.3
1982,NE,May,PRCP,1391.1
1983,EN,May,TMAXA,28.7
1983,EN,May,TMINA,18.1
1983,EN,May,SRADA,16.7
1983,EN,May,PRCP,2054.1
1984,NE,May,TMAXA,28.2
1984,NE,May,TMINA,17.2
1984,NE,May,SRADA,17
1984,NE,May,PRCP,1592.5
1985,LA,May,TMAXA,29.4
1985,LA,May,TMINA,17.7
1985,LA,May,SRADA,17.9
1985,LA,May,PRCP,1295.4
1986,NE,May,TMAXA,29.8
1986,NE,May,TMINA,17.9
1986,NE,May,SRADA,18.2
1986,NE,May,PRCP,1013.2
1987,EN,May,TMAXA,27.8
1987,EN,May,TMINA,17.4
1987,EN,May,SRADA,17.5
1987,EN,May,PRCP,1392.1
1988,EN,May,TMAXA,28.1
1988,EN,May,TMINA,17.6
1988,EN,May,SRADA,17.1
1988,EN,May,PRCP,1508.6
1989,LA,May,TMAXA,28.4
1989,LA,May,TMINA,17.2
1989,LA,May,SRADA,17.6
1989,LA,May,PRCP,1212.4
1990,NE,May,TMAXA,28.1
1990,NE,May,TMINA,17.3
1990,NE,May,SRADA,18
1990,NE,May,PRCP,1577
1991,NE,May,TMAXA,28.1
1991,NE,May,TMINA,17.4
1991,NE,May,SRADA,18
1991,NE,May,PRCP,1452.3
1992,EN,May,TMAXA,28.7
1992,EN,May,TMINA,17.9
1992,EN,May,SRADA,17.6
1992,EN,May,PRCP,1481.4
1993,NE,May,TMAXA,28.7
1993,NE,May,TMINA,17.7
1993,NE,May,SRADA,17.4
1993,NE,May,PRCP,1581.9
1994,NE,May,TMAXA,29.2
1994,NE,May,TMINA,17.6
1994,NE,May,SRADA,17.4
1994,NE,May,PRCP,1493
1995,EN,May,TMAXA,29.8
1995,EN,May,TMINA,17.8
1995,EN,May,SRADA,18
1995,EN,May,PRCP,1500.7
1996,LA,May,TMAXA,30.2
1996,LA,May,TMINA,18.1
1996,LA,May,SRADA,18.3
1996,LA,May,PRCP,1386.8
1997,NE,May,TMAXA,29.4
1997,NE,May,TMINA,17.6
1997,NE,May,SRADA,18.1
1997,NE,May,PRCP,1533.4
1998,EN,May,TMAXA,29.7
1998,EN,May,TMINA,18.7
1998,EN,May,SRADA,17.3
1998,EN,May,PRCP,1935.1
1999,LA,May,TMAXA,29.3
1999,LA,May,TMINA,17.9
1999,LA,May,SRADA,18
1999,LA,May,PRCP,1500.4
2000,LA,May,TMAXA,30.2
2000,LA,May,TMINA,18
2000,LA,May,SRADA,18.3
2000,LA,May,PRCP,1109.3
2001,LA,May,TMAXA,29
2001,LA,May,TMINA,17.9
2001,LA,May,SRADA,17.7
2001,LA,May,PRCP,1771.9
2002,NE,May,TMAXA,30.2
2002,NE,May,TMINA,19.1
2002,NE,May,SRADA,18.3
2002,NE,May,PRCP,1599
2003,EN,May,TMAXA,30.3
2003,EN,May,TMINA,19
2003,EN,May,SRADA,17.4
2003,EN,May,PRCP,1413.8
2004,NE,May,TMAXA,30.2
2004,NE,May,TMINA,18.6
2004,NE,May,SRADA,18.8
2004,NE,May,PRCP,1334
2005,EN,May,TMAXA,30.1
2005,EN,May,TMINA,18.7
2005,EN,May,SRADA,17.9
2005,EN,May,PRCP,1468.8
2006,NE,May,TMAXA,29.5
2006,NE,May,TMINA,18.4
2006,NE,May,SRADA,17.6
2006,NE,May,PRCP,1635.7
2007,NE,May,TMAXA,30.2
2007,NE,May,TMINA,19.2
2007,NE,May,SRADA,17.8
2007,NE,May,PRCP,1901.3
2008,LA,May,TMAXA,29.5
2008,LA,May,TMINA,17.6
2008,LA,May,SRADA,17.4
2008,LA,May,PRCP,1462.2
2009,LA,May,TMAXA,30.5
2009,LA,May,TMINA,17.7
2009,LA,May,SRADA,18.1
2009,LA,May,PRCP,1278.8
2010,EN,May,TMAXA,29.5
2010,EN,May,TMINA,18
2010,EN,May,SRADA,17
2010,EN,May,PRCP,2038.1
2011,LA,May,TMAXA,29.5
2011,LA,May,TMINA,17.1
2011,LA,May,SRADA,17.1
2011,LA,May,PRCP,1616.9
2012,LA,May,TMAXA,30.1
2012,LA,May,TMINA,17.4
2012,LA,May,SRADA,18.4
2012,LA,May,PRCP,1295.2
2013,NE,May,TMAXA,30.5
2013,NE,May,TMINA,18
2013,NE,May,SRADA,18.1
2013,NE,May,PRCP,1657.3
2014,NE,May,TMAXA,29.8
2014,NE,May,TMINA,17.8
2014,NE,May,SRADA,17.8
2014,NE,May,PRCP,1755.8
2015,EN,May,TMAXA,30.2
2015,EN,May,TMINA,18.3
2015,EN,May,SRADA,17.4
2015,EN,May,PRCP,2027
2016,EN,May,TMAXA,30.2
2016,EN,May,TMINA,18.8
2016,EN,May,SRADA,16.1
2016,EN,May,PRCP,2614
2017,NE,May,TMAXA,29.4
2017,NE,May,TMINA,17.4
2017,NE,May,SRADA,17.5
2017,NE,May,PRCP,1757.7
2018,LA,May,TMAXA,30.4
2018,LA,May,TMINA,18.4
2018,LA,May,SRADA,17.5
2018,LA,May,PRCP,1630.8
2019,EN,May,TMAXA,29.9
2019,EN,May,TMINA,18.1
2019,EN,May,SRADA,17.3
2019,EN,May,PRCP,1869.6
1963,NE,May,TMAXA,28.3
1963,NE,May,TMINA,17
1963,NE,May,SRADA,18.2
1963,NE,May,PRCP,1616.9
1964,EN,May,TMAXA,29.6
1964,EN,May,TMINA,18.2
1964,EN,May,SRADA,17.2
1964,EN,May,PRCP,1364.9
1965,LA,May,TMAXA,27.8
1965,LA,May,TMINA,16.6
1965,LA,May,SRADA,17
1965,LA,May,PRCP,1605.9
1966,EN,May,TMAXA,28.6
1966,EN,May,TMINA,17.8
1966,EN,May,SRADA,17.1
1966,EN,May,PRCP,1729.5
1967,NE,May,TMAXA,28.9
1967,NE,May,TMINA,17.4
1967,NE,May,SRADA,18.1
1967,NE,May,PRCP,1393.6
1968,NE,May,TMAXA,29.4
1968,NE,May,TMINA,17.4
1968,NE,May,SRADA,18.2
1968,NE,May,PRCP,1156.9
1969,EN,May,TMAXA,29.2
1969,EN,May,TMINA,17.4
1969,EN,May,SRADA,18.4
1969,EN,May,PRCP,1118.9
1970,EN,May,TMAXA,29.3
1970,EN,May,TMINA,17.5
1970,EN,May,SRADA,18
1970,EN,May,PRCP,1507
1971,LA,May,TMAXA,28.4
1971,LA,May,TMINA,17.3
1971,LA,May,SRADA,18.1
1971,LA,May,PRCP,1542.1
1972,LA,May,TMAXA,28.4
1972,LA,May,TMINA,16.2
1972,LA,May,SRADA,17.9
1972,LA,May,PRCP,1477.2
1973,EN,May,TMAXA,29.5
1973,EN,May,TMINA,16.5
1973,EN,May,SRADA,17.7
1973,EN,May,PRCP,1582.9
1974,LA,May,TMAXA,28.5
1974,LA,May,TMINA,17.1
1974,LA,May,SRADA,17.4
1974,LA,May,PRCP,1432.7
1975,LA,May,TMAXA,28.9
1975,LA,May,TMINA,17
1975,LA,May,SRADA,18.1
1975,LA,May,PRCP,1282.8
1976,LA,May,TMAXA,28.9
1976,LA,May,TMINA,16.6
1976,LA,May,SRADA,18
1976,LA,May,PRCP,1324.1
1977,NE,May,TMAXA,28
1977,NE,May,TMINA,17.1
1977,NE,May,SRADA,18.1
1977,NE,May,PRCP,1644.4
1978,NE,May,TMAXA,29.9
1978,NE,May,TMINA,17.8
1978,NE,May,SRADA,18.5
1978,NE,May,PRCP,1058.2
1979,NE,May,TMAXA,29
1979,NE,May,TMINA,17.5
1979,NE,May,SRADA,18
1979,NE,May,PRCP,1201.6
1980,NE,May,TMAXA,29.1
1980,NE,May,TMINA,17.3
1980,NE,May,SRADA,17.9
1980,NE,May,PRCP,1547.7
1981,NE,May,TMAXA,29.4
1981,NE,May,TMINA,17.2
1981,NE,May,SRADA,17.7
1981,NE,May,PRCP,1312.3
1982,NE,May,TMAXA,29
1982,NE,May,TMINA,17.1
1982,NE,May,SRADA,17.3
1982,NE,May,PRCP,1391.1
1983,EN,May,TMAXA,28.7
1983,EN,May,TMINA,18.1
1983,EN,May,SRADA,16.7
1983,EN,May,PRCP,2054.1
1984,NE,May,TMAXA,28.2
1984,NE,May,TMINA,17.2
1984,NE,May,SRADA,17
1984,NE,May,PRCP,1592.5
1985,LA,May,TMAXA,29.4
1985,LA,May,TMINA,17.7
1985,LA,May,SRADA,17.9
1985,LA,May,PRCP,1295.4
1986,NE,May,TMAXA,29.8
1986,NE,May,TMINA,17.9
1986,NE,May,SRADA,18.2
1986,NE,May,PRCP,1013.2
1987,EN,May,TMAXA,27.8
1987,EN,May,TMINA,17.4
1987,EN,May,SRADA,17.5
1987,EN,May,PRCP,1392.1
1988,EN,May,TMAXA,28.1
1988,EN,May,TMINA,17.6
1988,EN,May,SRADA,17.1
1988,EN,May,PRCP,1508.6
1989,LA,May,TMAXA,28.4
1989,LA,May,TMINA,17.2
1989,LA,May,SRADA,17.6
1989,LA,May,PRCP,1212.4
1990,NE,May,TMAXA,28.1
1990,NE,May,TMINA,17.3
1990,NE,May,SRADA,18
1990,NE,May,PRCP,1577
1991,NE,May,TMAXA,28.1
1991,NE,May,TMINA,17.4
1991,NE,May,SRADA,18
1991,NE,May,PRCP,1452.3
1992,EN,May,TMAXA,28.7
1992,EN,May,TMINA,17.9
1992,EN,May,SRADA,17.6
1992,EN,May,PRCP,1481.4
1993,NE,May,TMAXA,28.7
1993,NE,May,TMINA,17.7
1993,NE,May,SRADA,17.4
1993,NE,May,PRCP,1581.9
1994,NE,May,TMAXA,29.2
1994,NE,May,TMINA,17.6
1994,NE,May,SRADA,17.4
1994,NE,May,PRCP,1493
1995,EN,May,TMAXA,29.8
1995,EN,May,TMINA,17.8
1995,EN,May,SRADA,18
1995,EN,May,PRCP,1500.7
1996,LA,May,TMAXA,30.2
1996,LA,May,TMINA,18.1
1996,LA,May,SRADA,18.3
1996,LA,May,PRCP,1386.8
1997,NE,May,TMAXA,29.4
1997,NE,May,TMINA,17.6
1997,NE,May,SRADA,18.1
1997,NE,May,PRCP,1533.4
1998,EN,May,TMAXA,29.7
1998,EN,May,TMINA,18.7
1998,EN,May,SRADA,17.3
1998,EN,May,PRCP,1935.1
1999,LA,May,TMAXA,29.3
1999,LA,May,TMINA,17.9
1999,LA,May,SRADA,18
1999,LA,May,PRCP,1500.4
2000,LA,May,TMAXA,30.2
2000,LA,May,TMINA,18
2000,LA,May,SRADA,18.3
2000,LA,May,PRCP,1109.3
2001,LA,May,TMAXA,29
2001,LA,May,TMINA,17.9
2001,LA,May,SRADA,17.7
2001,LA,May,PRCP,1771.9
2002,NE,May,TMAXA,30.2
2002,NE,May,TMINA,19.1
2002,NE,May,SRADA,18.3
2002,NE,May,PRCP,1599
2003,EN,May,TMAXA,30.3
2003,EN,May,TMINA,19
2003,EN,May,SRADA,17.4
2003,EN,May,PRCP,1413.8
2004,NE,May,TMAXA,30.2
2004,NE,May,TMINA,18.6
2004,NE,May,SRADA,18.8
2004,NE,May,PRCP,1334
2005,EN,May,TMAXA,30.1
2005,EN,May,TMINA,18.7
2005,EN,May,SRADA,17.9
2005,EN,May,PRCP,1468.8
2006,NE,May,TMAXA,29.5
2006,NE,May,TMINA,18.4
2006,NE,May,SRADA,17.6
2006,NE,May,PRCP,1635.7
2007,NE,May,TMAXA,30.2
2007,NE,May,TMINA,19.2
2007,NE,May,SRADA,17.8
2007,NE,May,PRCP,1901.3
2008,LA,May,TMAXA,29.5
2008,LA,May,TMINA,17.6
2008,LA,May,SRADA,17.4
2008,LA,May,PRCP,1462.2
2009,LA,May,TMAXA,30.5
2009,LA,May,TMINA,17.7
2009,LA,May,SRADA,18.1
2009,LA,May,PRCP,1278.8
2010,EN,May,TMAXA,29.5
2010,EN,May,TMINA,18
2010,EN,May,SRADA,17
2010,EN,May,PRCP,2038.1
2011,LA,May,TMAXA,29.5
2011,LA,May,TMINA,17.1
2011,LA,May,SRADA,17.1
2011,LA,May,PRCP,1616.9
2012,LA,May,TMAXA,30.1
2012,LA,May,TMINA,17.4
2012,LA,May,SRADA,18.4
2012,LA,May,PRCP,1295.2
2013,NE,May,TMAXA,30.5
2013,NE,May,TMINA,18
2013,NE,May,SRADA,18.1
2013,NE,May,PRCP,1657.3
2014,NE,May,TMAXA,29.8
2014,NE,May,TMINA,17.8
2014,NE,May,SRADA,17.8
2014,NE,May,PRCP,1755.8
2015,EN,May,TMAXA,30.2
2015,EN,May,TMINA,18.3
2015,EN,May,SRADA,17.4
2015,EN,May,PRCP,2027
2016,EN,May,TMAXA,30.2
2016,EN,May,TMINA,18.8
2016,EN,May,SRADA,16.1
2016,EN,May,PRCP,2614
2017,NE,May,TMAXA,29.4
2017,NE,May,TMINA,17.4
2017,NE,May,SRADA,17.5
2017,NE,May,PRCP,1757.7
2018,LA,May,TMAXA,30.4
2018,LA,May,TMINA,18.4
2018,LA,May,SRADA,17.5
2018,LA,May,PRCP,1630.8
2019,EN,May,TMAXA,29.9
2019,EN,May,TMINA,18.1
2019,EN,May,SRADA,17.3
2019,EN,May,PRCP,1869.6
1963,NE,May,TMAXA,27.7
1963,NE,May,TMINA,14.6
1963,NE,May,SRADA,18.2
1963,NE,May,PRCP,1593.8
1964,EN,May,TMAXA,29
1964,EN,May,TMINA,15.5
1964,EN,May,SRADA,17.8
1964,EN,May,PRCP,1469.6
1965,LA,May,TMAXA,26.9
1965,LA,May,TMINA,14.7
1965,LA,May,SRADA,17.5
1965,LA,May,PRCP,1643.4
1966,EN,May,TMAXA,28
1966,EN,May,TMINA,15.9
1966,EN,May,SRADA,18
1966,EN,May,PRCP,1614.1
1967,NE,May,TMAXA,28
1967,NE,May,TMINA,15.4
1967,NE,May,SRADA,18.5
1967,NE,May,PRCP,1147.7
1968,NE,May,TMAXA,28.1
1968,NE,May,TMINA,15.4
1968,NE,May,SRADA,18.2
1968,NE,May,PRCP,1422.4
1969,EN,May,TMAXA,28.4
1969,EN,May,TMINA,15.8
1969,EN,May,SRADA,19
1969,EN,May,PRCP,1119.6
1970,EN,May,TMAXA,28.1
1970,EN,May,TMINA,16.2
1970,EN,May,SRADA,18.1
1970,EN,May,PRCP,1534.8
1971,LA,May,TMAXA,28.1
1971,LA,May,TMINA,15.7
1971,LA,May,SRADA,18.6
1971,LA,May,PRCP,1586.2
1972,LA,May,TMAXA,27.7
1972,LA,May,TMINA,15.3
1972,LA,May,SRADA,17.8
1972,LA,May,PRCP,1856.3
1973,EN,May,TMAXA,28.3
1973,EN,May,TMINA,16.6
1973,EN,May,SRADA,17.8
1973,EN,May,PRCP,2201.5
1974,LA,May,TMAXA,26.7
1974,LA,May,TMINA,16.2
1974,LA,May,SRADA,17.4
1974,LA,May,PRCP,1746.2
1975,LA,May,TMAXA,27.3
1975,LA,May,TMINA,15.9
1975,LA,May,SRADA,18
1975,LA,May,PRCP,1834.9
1976,LA,May,TMAXA,28
1976,LA,May,TMINA,15.6
1976,LA,May,SRADA,17.8
1976,LA,May,PRCP,1935.4
1977,NE,May,TMAXA,27.6
1977,NE,May,TMINA,15.8
1977,NE,May,SRADA,17.6
1977,NE,May,PRCP,2075.4
1978,NE,May,TMAXA,28.7
1978,NE,May,TMINA,16.7
1978,NE,May,SRADA,18.3
1978,NE,May,PRCP,1361.2
1979,NE,May,TMAXA,27.7
1979,NE,May,TMINA,15.9
1979,NE,May,SRADA,18.1
1979,NE,May,PRCP,1450
1980,NE,May,TMAXA,27.3
1980,NE,May,TMINA,16.2
1980,NE,May,SRADA,17.6
1980,NE,May,PRCP,1972.1
1981,NE,May,TMAXA,27.7
1981,NE,May,TMINA,16.4
1981,NE,May,SRADA,17.7
1981,NE,May,PRCP,1628.5
1982,NE,May,TMAXA,27.2
1982,NE,May,TMINA,15.8
1982,NE,May,SRADA,17.6
1982,NE,May,PRCP,1595.3
1983,EN,May,TMAXA,27.2
1983,EN,May,TMINA,17.1
1983,EN,May,SRADA,16.9
1983,EN,May,PRCP,2012.5
1984,NE,May,TMAXA,27.3
1984,NE,May,TMINA,16.8
1984,NE,May,SRADA,17.3
1984,NE,May,PRCP,1835
1985,LA,May,TMAXA,28
1985,LA,May,TMINA,16.4
1985,LA,May,SRADA,18
1985,LA,May,PRCP,1264.4
1986,NE,May,TMAXA,28.7
1986,NE,May,TMINA,16.1
1986,NE,May,SRADA,18.2
1986,NE,May,PRCP,1108.3
1987,EN,May,TMAXA,27.6
1987,EN,May,TMINA,16.8
1987,EN,May,SRADA,17.8
1987,EN,May,PRCP,1439.4
1988,EN,May,TMAXA,27.4
1988,EN,May,TMINA,16.7
1988,EN,May,SRADA,17.6
1988,EN,May,PRCP,1570.4
1989,LA,May,TMAXA,27.6
1989,LA,May,TMINA,16.5
1989,LA,May,SRADA,18
1989,LA,May,PRCP,1383.6
1990,NE,May,TMAXA,27.3
1990,NE,May,TMINA,16.3
1990,NE,May,SRADA,18.4
1990,NE,May,PRCP,1965.2
1991,NE,May,TMAXA,27.2
1991,NE,May,TMINA,16.3
1991,NE,May,SRADA,18
1991,NE,May,PRCP,1514.5
1992,EN,May,TMAXA,27.9
1992,EN,May,TMINA,16.9
1992,EN,May,SRADA,18
1992,EN,May,PRCP,1943.3
1993,NE,May,TMAXA,27.3
1993,NE,May,TMINA,16.7
1993,NE,May,SRADA,17.5
1993,NE,May,PRCP,1814.9
1994,NE,May,TMAXA,27.6
1994,NE,May,TMINA,16.8
1994,NE,May,SRADA,17.1
1994,NE,May,PRCP,1512.8
1995,EN,May,TMAXA,28.4
1995,EN,May,TMINA,17.1
1995,EN,May,SRADA,17.3
1995,EN,May,PRCP,1569.6
1996,LA,May,TMAXA,28.3
1996,LA,May,TMINA,17.2
1996,LA,May,SRADA,17.5
1996,LA,May,PRCP,1507.8
1997,NE,May,TMAXA,27.6
1997,NE,May,TMINA,16.8
1997,NE,May,SRADA,17.3
1997,NE,May,PRCP,1643.9
1998,EN,May,TMAXA,27.9
1998,EN,May,TMINA,17.5
1998,EN,May,SRADA,16.7
1998,EN,May,PRCP,2148.5
1999,LA,May,TMAXA,27.7
1999,LA,May,TMINA,17.1
1999,LA,May,SRADA,17.6
1999,LA,May,PRCP,1743.7
2000,LA,May,TMAXA,28.3
2000,LA,May,TMINA,16.1
2000,LA,May,SRADA,18.1
2000,LA,May,PRCP,1046.5
2001,LA,May,TMAXA,28.7
2001,LA,May,TMINA,16.7
2001,LA,May,SRADA,18
2001,LA,May,PRCP,1602
2002,NE,May,TMAXA,29.3
2002,NE,May,TMINA,17.6
2002,NE,May,SRADA,18.5
2002,NE,May,PRCP,1133.2
2003,EN,May,TMAXA,29.2
2003,EN,May,TMINA,17.8
2003,EN,May,SRADA,17.7
2003,EN,May,PRCP,1459.9
2004,NE,May,TMAXA,28.9
2004,NE,May,TMINA,16.7
2004,NE,May,SRADA,18.6
2004,NE,May,PRCP,1189.7
2005,EN,May,TMAXA,28.6
2005,EN,May,TMINA,17
2005,EN,May,SRADA,17.9
2005,EN,May,PRCP,1468.8
2006,NE,May,TMAXA,28.5
2006,NE,May,TMINA,17.1
2006,NE,May,SRADA,17.5
2006,NE,May,PRCP,1488.3
2007,NE,May,TMAXA,29.2
2007,NE,May,TMINA,17.5
2007,NE,May,SRADA,18.1
2007,NE,May,PRCP,1583.3
2008,LA,May,TMAXA,28.6
2008,LA,May,TMINA,16.5
2008,LA,May,SRADA,18.2
2008,LA,May,PRCP,1656.7
2009,LA,May,TMAXA,28.8
2009,LA,May,TMINA,16.6
2009,LA,May,SRADA,18.6
2009,LA,May,PRCP,1501.4
2010,EN,May,TMAXA,28
2010,EN,May,TMINA,17.2
2010,EN,May,SRADA,17
2010,EN,May,PRCP,2464.9
2011,LA,May,TMAXA,28.5
2011,LA,May,TMINA,16.5
2011,LA,May,SRADA,17.4
2011,LA,May,PRCP,1508.5
2012,LA,May,TMAXA,28.7
2012,LA,May,TMINA,16.3
2012,LA,May,SRADA,19
2012,LA,May,PRCP,1422.1
2013,NE,May,TMAXA,28.9
2013,NE,May,TMINA,17.1
2013,NE,May,SRADA,17.5
2013,NE,May,PRCP,1796
2014,NE,May,TMAXA,28.7
2014,NE,May,TMINA,17
2014,NE,May,SRADA,17.6
2014,NE,May,PRCP,1637.4
2015,EN,May,TMAXA,29
2015,EN,May,TMINA,17.1
2015,EN,May,SRADA,18.2
2015,EN,May,PRCP,1638.2
2016,EN,May,TMAXA,29
2016,EN,May,TMINA,17.8
2016,EN,May,SRADA,17.1
2016,EN,May,PRCP,2842.4
2017,NE,May,TMAXA,28.5
2017,NE,May,TMINA,16.5
2017,NE,May,SRADA,18.1
2017,NE,May,PRCP,1595.6
2018,LA,May,TMAXA,28.9
2018,LA,May,TMINA,17.5
2018,LA,May,SRADA,17.9
2018,LA,May,PRCP,2055.1
2019,EN,May,TMAXA,29.2
2019,EN,May,TMINA,17.5
2019,EN,May,SRADA,17.8
2019,EN,May,PRCP,1401.8
1963,NE,May,TMAXA,28.9
1963,NE,May,TMINA,15.6
1963,NE,May,SRADA,18.1
1963,NE,May,PRCP,1448.1
1964,EN,May,TMAXA,30.2
1964,EN,May,TMINA,16.5
1964,EN,May,SRADA,17.6
1964,EN,May,PRCP,1245.3
1965,LA,May,TMAXA,27.8
1965,LA,May,TMINA,15.6
1965,LA,May,SRADA,17.2
1965,LA,May,PRCP,1468.7
1966,EN,May,TMAXA,29.1
1966,EN,May,TMINA,17.4
1966,EN,May,SRADA,17.8
1966,EN,May,PRCP,1599.6
1967,NE,May,TMAXA,29.2
1967,NE,May,TMINA,16.9
1967,NE,May,SRADA,18.4
1967,NE,May,PRCP,1150.6
1968,NE,May,TMAXA,29.6
1968,NE,May,TMINA,17.1
1968,NE,May,SRADA,18.2
1968,NE,May,PRCP,1424.4
1969,EN,May,TMAXA,29.9
1969,EN,May,TMINA,17.2
1969,EN,May,SRADA,18.7
1969,EN,May,PRCP,1316.9
1970,EN,May,TMAXA,29.4
1970,EN,May,TMINA,17.5
1970,EN,May,SRADA,18.1
1970,EN,May,PRCP,1512.8
1971,LA,May,TMAXA,28.5
1971,LA,May,TMINA,16.6
1971,LA,May,SRADA,18.4
1971,LA,May,PRCP,1754.3
1972,LA,May,TMAXA,28.4
1972,LA,May,TMINA,16.2
1972,LA,May,SRADA,17.8
1972,LA,May,PRCP,1291.8
1973,EN,May,TMAXA,29
1973,EN,May,TMINA,17.5
1973,EN,May,SRADA,17.8
1973,EN,May,PRCP,1557.1
1974,LA,May,TMAXA,27.9
1974,LA,May,TMINA,16.9
1974,LA,May,SRADA,17.5
1974,LA,May,PRCP,1414.4
1975,LA,May,TMAXA,28.4
1975,LA,May,TMINA,16.7
1975,LA,May,SRADA,18.1
1975,LA,May,PRCP,1332
1976,LA,May,TMAXA,28.8
1976,LA,May,TMINA,16.5
1976,LA,May,SRADA,17.8
1976,LA,May,PRCP,1441.1
1977,NE,May,TMAXA,28.4
1977,NE,May,TMINA,16.9
1977,NE,May,SRADA,17.6
1977,NE,May,PRCP,1768
1978,NE,May,TMAXA,29.8
1978,NE,May,TMINA,17.7
1978,NE,May,SRADA,18.1
1978,NE,May,PRCP,1115.6
1979,NE,May,TMAXA,28.8
1979,NE,May,TMINA,16.9
1979,NE,May,SRADA,18
1979,NE,May,PRCP,1219.6
1980,NE,May,TMAXA,28.1
1980,NE,May,TMINA,17.6
1980,NE,May,SRADA,17.4
1980,NE,May,PRCP,1895.3
1981,NE,May,TMAXA,28.4
1981,NE,May,TMINA,17.7
1981,NE,May,SRADA,17.6
1981,NE,May,PRCP,1725.8
1982,NE,May,TMAXA,28.1
1982,NE,May,TMINA,17.3
1982,NE,May,SRADA,17.6
1982,NE,May,PRCP,1407.6
1983,EN,May,TMAXA,28
1983,EN,May,TMINA,18.2
1983,EN,May,SRADA,16.9
1983,EN,May,PRCP,2232.5
1984,NE,May,TMAXA,28
1984,NE,May,TMINA,17.8
1984,NE,May,SRADA,17.3
1984,NE,May,PRCP,1988.3
1985,LA,May,TMAXA,28.8
1985,LA,May,TMINA,17.7
1985,LA,May,SRADA,18.1
1985,LA,May,PRCP,1335.1
1986,NE,May,TMAXA,29.4
1986,NE,May,TMINA,17.2
1986,NE,May,SRADA,18.4
1986,NE,May,PRCP,1231.5
1987,EN,May,TMAXA,28.4
1987,EN,May,TMINA,18.2
1987,EN,May,SRADA,17.9
1987,EN,May,PRCP,1435.5
1988,EN,May,TMAXA,28.3
1988,EN,May,TMINA,18
1988,EN,May,SRADA,17.5
1988,EN,May,PRCP,1544.8
1989,LA,May,TMAXA,28.6
1989,LA,May,TMINA,17.8
1989,LA,May,SRADA,18
1989,LA,May,PRCP,1377.8
1990,NE,May,TMAXA,28.2
1990,NE,May,TMINA,17.5
1990,NE,May,SRADA,18.4
1990,NE,May,PRCP,1763.1
1991,NE,May,TMAXA,28
1991,NE,May,TMINA,17.6
1991,NE,May,SRADA,18.1
1991,NE,May,PRCP,1526
1992,EN,May,TMAXA,28.8
1992,EN,May,TMINA,18.2
1992,EN,May,SRADA,17.9
1992,EN,May,PRCP,1601.4
1993,NE,May,TMAXA,28.2
1993,NE,May,TMINA,17.8
1993,NE,May,SRADA,17.6
1993,NE,May,PRCP,1542.5
1994,NE,May,TMAXA,28.4
1994,NE,May,TMINA,17.7
1994,NE,May,SRADA,16.8
1994,NE,May,PRCP,1557.2
1995,EN,May,TMAXA,29.2
1995,EN,May,TMINA,18.4
1995,EN,May,SRADA,16.9
1995,EN,May,PRCP,1625.7
1996,LA,May,TMAXA,29.1
1996,LA,May,TMINA,18.4
1996,LA,May,SRADA,17.5
1996,LA,May,PRCP,1662.7
1997,NE,May,TMAXA,28.5
1997,NE,May,TMINA,17.9
1997,NE,May,SRADA,17.5
1997,NE,May,PRCP,1723.5
1998,EN,May,TMAXA,28.9
1998,EN,May,TMINA,18.4
1998,EN,May,SRADA,16.9
1998,EN,May,PRCP,2259.7
1999,LA,May,TMAXA,28.7
1999,LA,May,TMINA,18.2
1999,LA,May,SRADA,17.7
1999,LA,May,PRCP,1669.8
2000,LA,May,TMAXA,29.1
2000,LA,May,TMINA,17.5
2000,LA,May,SRADA,18.2
2000,LA,May,PRCP,1224.6
2001,LA,May,TMAXA,29
2001,LA,May,TMINA,18.4
2001,LA,May,SRADA,18.1
2001,LA,May,PRCP,1770.7
2002,NE,May,TMAXA,29.7
2002,NE,May,TMINA,19.1
2002,NE,May,SRADA,18.7
2002,NE,May,PRCP,1312.1
2003,EN,May,TMAXA,29.6
2003,EN,May,TMINA,19.2
2003,EN,May,SRADA,17.9
2003,EN,May,PRCP,1972.3
2004,NE,May,TMAXA,29.3
2004,NE,May,TMINA,18.2
2004,NE,May,SRADA,18.9
2004,NE,May,PRCP,1209.4
2005,EN,May,TMAXA,29
2005,EN,May,TMINA,18.5
2005,EN,May,SRADA,18.1
2005,EN,May,PRCP,1708.1
2006,NE,May,TMAXA,29.1
2006,NE,May,TMINA,18.5
2006,NE,May,SRADA,17.6
2006,NE,May,PRCP,1622.8
2007,NE,May,TMAXA,29.8
2007,NE,May,TMINA,19.1
2007,NE,May,SRADA,18
2007,NE,May,PRCP,1521.8
2008,LA,May,TMAXA,29.4
2008,LA,May,TMINA,18.5
2008,LA,May,SRADA,18.2
2008,LA,May,PRCP,1434.2
2009,LA,May,TMAXA,29.6
2009,LA,May,TMINA,18.2
2009,LA,May,SRADA,18.7
2009,LA,May,PRCP,1501.6
2010,EN,May,TMAXA,28.8
2010,EN,May,TMINA,18.7
2010,EN,May,SRADA,16.9
2010,EN,May,PRCP,2033.8
2011,LA,May,TMAXA,29.3
2011,LA,May,TMINA,17.7
2011,LA,May,SRADA,17.9
2011,LA,May,PRCP,1669
2012,LA,May,TMAXA,29.5
2012,LA,May,TMINA,17.5
2012,LA,May,SRADA,19.6
2012,LA,May,PRCP,1288.6
2013,NE,May,TMAXA,29.7
2013,NE,May,TMINA,18.3
2013,NE,May,SRADA,18.6
2013,NE,May,PRCP,1669.6
2014,NE,May,TMAXA,29.4
2014,NE,May,TMINA,18.1
2014,NE,May,SRADA,18.7
2014,NE,May,PRCP,1905.8
2015,EN,May,TMAXA,29.7
2015,EN,May,TMINA,18.7
2015,EN,May,SRADA,18.3
2015,EN,May,PRCP,1987.1
2016,EN,May,TMAXA,29.7
2016,EN,May,TMINA,19
2016,EN,May,SRADA,17.5
2016,EN,May,PRCP,2927.9
2017,NE,May,TMAXA,29.1
2017,NE,May,TMINA,17.9
2017,NE,May,SRADA,18.7
2017,NE,May,PRCP,1717.8
2018,LA,May,TMAXA,29.7
2018,LA,May,TMINA,19.1
2018,LA,May,SRADA,18.2
2018,LA,May,PRCP,1850.5
2019,EN,May,TMAXA,29.9
2019,EN,May,TMINA,18.7
2019,EN,May,SRADA,18
2019,EN,May,PRCP,1771.2
1963,NE,May,TMAXA,28.3
1963,NE,May,TMINA,14.3
1963,NE,May,SRADA,18.2
1963,NE,May,PRCP,1135.7
1964,EN,May,TMAXA,29.8
1964,EN,May,TMINA,15
1964,EN,May,SRADA,17.7
1964,EN,May,PRCP,812.4
1965,LA,May,TMAXA,27.1
1965,LA,May,TMINA,14.5
1965,LA,May,SRADA,17.1
1965,LA,May,PRCP,1668.7
1966,EN,May,TMAXA,28.5
1966,EN,May,TMINA,15.7
1966,EN,May,SRADA,17.7
1966,EN,May,PRCP,1072.9
1967,NE,May,TMAXA,28.2
1967,NE,May,TMINA,15.5
1967,NE,May,SRADA,17.9
1967,NE,May,PRCP,1347.5
1968,NE,May,TMAXA,27.6
1968,NE,May,TMINA,15
1968,NE,May,SRADA,17.2
1968,NE,May,PRCP,1043.4
1969,EN,May,TMAXA,27.2
1969,EN,May,TMINA,14.5
1969,EN,May,SRADA,18.1
1969,EN,May,PRCP,716.5
1970,EN,May,TMAXA,26.6
1970,EN,May,TMINA,15.4
1970,EN,May,SRADA,16.8
1970,EN,May,PRCP,1640.8
1971,LA,May,TMAXA,26.9
1971,LA,May,TMINA,15.2
1971,LA,May,SRADA,17.7
1971,LA,May,PRCP,952.6
1972,LA,May,TMAXA,26.7
1972,LA,May,TMINA,15.5
1972,LA,May,SRADA,17.5
1972,LA,May,PRCP,1153.3
1973,EN,May,TMAXA,27.8
1973,EN,May,TMINA,16.7
1973,EN,May,SRADA,17.5
1973,EN,May,PRCP,1287.3
1974,LA,May,TMAXA,27.4
1974,LA,May,TMINA,16.2
1974,LA,May,SRADA,17.1
1974,LA,May,PRCP,1148.9
1975,LA,May,TMAXA,27.6
1975,LA,May,TMINA,15.8
1975,LA,May,SRADA,17.3
1975,LA,May,PRCP,1132.7
1976,LA,May,TMAXA,27.6
1976,LA,May,TMINA,16.2
1976,LA,May,SRADA,17
1976,LA,May,PRCP,1382.6
1977,NE,May,TMAXA,27
1977,NE,May,TMINA,16.2
1977,NE,May,SRADA,17.3
1977,NE,May,PRCP,1755.5
1978,NE,May,TMAXA,28.4
1978,NE,May,TMINA,16.9
1978,NE,May,SRADA,17.7
1978,NE,May,PRCP,1000.3
1979,NE,May,TMAXA,27.1
1979,NE,May,TMINA,15.9
1979,NE,May,SRADA,17.3
1979,NE,May,PRCP,1362.2
1980,NE,May,TMAXA,27.1
1980,NE,May,TMINA,16.3
1980,NE,May,SRADA,16.4
1980,NE,May,PRCP,1132.3
1981,NE,May,TMAXA,27.5
1981,NE,May,TMINA,16.5
1981,NE,May,SRADA,16.7
1981,NE,May,PRCP,1209.1
1982,NE,May,TMAXA,26.1
1982,NE,May,TMINA,15.4
1982,NE,May,SRADA,15.9
1982,NE,May,PRCP,1160.8
1983,EN,May,TMAXA,26.6
1983,EN,May,TMINA,16.6
1983,EN,May,SRADA,15.4
1983,EN,May,PRCP,1957.2
1984,NE,May,TMAXA,27.1
1984,NE,May,TMINA,16.6
1984,NE,May,SRADA,15.9
1984,NE,May,PRCP,1635.2
1985,LA,May,TMAXA,27
1985,LA,May,TMINA,16.5
1985,LA,May,SRADA,15.9
1985,LA,May,PRCP,1149
1986,NE,May,TMAXA,27.5
1986,NE,May,TMINA,16.2
1986,NE,May,SRADA,16.4
1986,NE,May,PRCP,1037.4
1987,EN,May,TMAXA,27.2
1987,EN,May,TMINA,16.8
1987,EN,May,SRADA,15.9
1987,EN,May,PRCP,1395.4
1988,EN,May,TMAXA,27.2
1988,EN,May,TMINA,16.7
1988,EN,May,SRADA,15.2
1988,EN,May,PRCP,1364.2
1989,LA,May,TMAXA,26.8
1989,LA,May,TMINA,16.5
1989,LA,May,SRADA,15.5
1989,LA,May,PRCP,1442.9
1990,NE,May,TMAXA,26.9
1990,NE,May,TMINA,16.5
1990,NE,May,SRADA,16
1990,NE,May,PRCP,1180.1
1991,NE,May,TMAXA,26.7
1991,NE,May,TMINA,16.4
1991,NE,May,SRADA,14.8
1991,NE,May,PRCP,1576.7
1992,EN,May,TMAXA,27.6
1992,EN,May,TMINA,17.3
1992,EN,May,SRADA,15.5
1992,EN,May,PRCP,1170.6
1993,NE,May,TMAXA,27.3
1993,NE,May,TMINA,17.2
1993,NE,May,SRADA,14.8
1993,NE,May,PRCP,1265.8
1994,NE,May,TMAXA,27.5
1994,NE,May,TMINA,16.6
1994,NE,May,SRADA,15.3
1994,NE,May,PRCP,1311.6
1995,EN,May,TMAXA,28.7
1995,EN,May,TMINA,16.6
1995,EN,May,SRADA,15.5
1995,EN,May,PRCP,1602.4
1996,LA,May,TMAXA,28.3
1996,LA,May,TMINA,16.7
1996,LA,May,SRADA,15.9
1996,LA,May,PRCP,1444.6
1997,NE,May,TMAXA,27.4
1997,NE,May,TMINA,15.2
1997,NE,May,SRADA,15.9
1997,NE,May,PRCP,1310.1
1998,EN,May,TMAXA,28.4
1998,EN,May,TMINA,16.5
1998,EN,May,SRADA,16.3
1998,EN,May,PRCP,1357.2
1999,LA,May,TMAXA,27.8
1999,LA,May,TMINA,16.2
1999,LA,May,SRADA,15.6
1999,LA,May,PRCP,1440.9
2000,LA,May,TMAXA,28.1
2000,LA,May,TMINA,15.2
2000,LA,May,SRADA,16.4
2000,LA,May,PRCP,1026.5
2001,LA,May,TMAXA,28.8
2001,LA,May,TMINA,16.5
2001,LA,May,SRADA,16.6
2001,LA,May,PRCP,1135.1
2002,NE,May,TMAXA,28.6
2002,NE,May,TMINA,17
2002,NE,May,SRADA,16.7
2002,NE,May,PRCP,1438.4
2003,EN,May,TMAXA,28.6
2003,EN,May,TMINA,17.4
2003,EN,May,SRADA,16.5
2003,EN,May,PRCP,1348.8
2004,NE,May,TMAXA,27.6
2004,NE,May,TMINA,16.4
2004,NE,May,SRADA,16.7
2004,NE,May,PRCP,1303.5
2005,EN,May,TMAXA,27.5
2005,EN,May,TMINA,16.7
2005,EN,May,SRADA,16.4
2005,EN,May,PRCP,1196.8
2006,NE,May,TMAXA,27.6
2006,NE,May,TMINA,17
2006,NE,May,SRADA,16
2006,NE,May,PRCP,1400.1
2007,NE,May,TMAXA,28.5
2007,NE,May,TMINA,17.1
2007,NE,May,SRADA,17.4
2007,NE,May,PRCP,1037.4
2008,LA,May,TMAXA,27.7
2008,LA,May,TMINA,15.9
2008,LA,May,SRADA,16.5
2008,LA,May,PRCP,1395.8
2009,LA,May,TMAXA,27.9
2009,LA,May,TMINA,15.9
2009,LA,May,SRADA,17
2009,LA,May,PRCP,1403.7
2010,EN,May,TMAXA,27.7
2010,EN,May,TMINA,16.6
2010,EN,May,SRADA,16.1
2010,EN,May,PRCP,1731.4
2011,LA,May,TMAXA,28
2011,LA,May,TMINA,16.2
2011,LA,May,SRADA,16.8
2011,LA,May,PRCP,1355.3
2012,LA,May,TMAXA,27.8
2012,LA,May,TMINA,15.5
2012,LA,May,SRADA,17.8
2012,LA,May,PRCP,1158.6
2013,NE,May,TMAXA,28.1
2013,NE,May,TMINA,16.3
2013,NE,May,SRADA,17.5
2013,NE,May,PRCP,1383.7
2014,NE,May,TMAXA,28.2
2014,NE,May,TMINA,16.2
2014,NE,May,SRADA,18
2014,NE,May,PRCP,1075
2015,EN,May,TMAXA,28.4
2015,EN,May,TMINA,16.5
2015,EN,May,SRADA,17.7
2015,EN,May,PRCP,1302.7
2016,EN,May,TMAXA,28.6
2016,EN,May,TMINA,17.3
2016,EN,May,SRADA,17
2016,EN,May,PRCP,1415
2017,NE,May,TMAXA,27.8
2017,NE,May,TMINA,16.2
2017,NE,May,SRADA,17.6
2017,NE,May,PRCP,1719.4
2018,LA,May,TMAXA,28.4
2018,LA,May,TMINA,16.4
2018,LA,May,SRADA,17.9
2018,LA,May,PRCP,1314.7
2019,EN,May,TMAXA,28.7
2019,EN,May,TMINA,16.7
2019,EN,May,SRADA,17.4
2019,EN,May,PRCP,1338.1
1963,NE,May,TMAXA,25.2
1963,NE,May,TMINA,11.8
1963,NE,May,SRADA,16.9
1963,NE,May,PRCP,1238.6
1964,EN,May,TMAXA,26.2
1964,EN,May,TMINA,12.7
1964,EN,May,SRADA,15.7
1964,EN,May,PRCP,1149.7
1965,LA,May,TMAXA,24.2
1965,LA,May,TMINA,12
1965,LA,May,SRADA,16.1
1965,LA,May,PRCP,1551.3
1966,EN,May,TMAXA,25.6
1966,EN,May,TMINA,13.2
1966,EN,May,SRADA,16
1966,EN,May,PRCP,1081.2
1967,NE,May,TMAXA,24.9
1967,NE,May,TMINA,12.6
1967,NE,May,SRADA,16.1
1967,NE,May,PRCP,1239.6
1968,NE,May,TMAXA,25.7
1968,NE,May,TMINA,12.3
1968,NE,May,SRADA,16.6
1968,NE,May,PRCP,1359.3
1969,EN,May,TMAXA,25.6
1969,EN,May,TMINA,12.7
1969,EN,May,SRADA,16.8
1969,EN,May,PRCP,972.6
1970,EN,May,TMAXA,24.8
1970,EN,May,TMINA,13.4
1970,EN,May,SRADA,15.7
1970,EN,May,PRCP,1575.1
1971,LA,May,TMAXA,25
1971,LA,May,TMINA,13.2
1971,LA,May,SRADA,16.1
1971,LA,May,PRCP,1758.4
1972,LA,May,TMAXA,24.7
1972,LA,May,TMINA,12.8
1972,LA,May,SRADA,16.2
1972,LA,May,PRCP,1508
1973,EN,May,TMAXA,25
1973,EN,May,TMINA,14.1
1973,EN,May,SRADA,15.3
1973,EN,May,PRCP,1729
1974,LA,May,TMAXA,23.8
1974,LA,May,TMINA,13
1974,LA,May,SRADA,15.5
1974,LA,May,PRCP,1508
1975,LA,May,TMAXA,24.1
1975,LA,May,TMINA,12.6
1975,LA,May,SRADA,15.9
1975,LA,May,PRCP,1265.9
1976,LA,May,TMAXA,24.2
1976,LA,May,TMINA,13.1
1976,LA,May,SRADA,15.7
1976,LA,May,PRCP,1578.1
1977,NE,May,TMAXA,24.2
1977,NE,May,TMINA,12.9
1977,NE,May,SRADA,15.9
1977,NE,May,PRCP,1752.6
1978,NE,May,TMAXA,24.1
1978,NE,May,TMINA,13.8
1978,NE,May,SRADA,16.4
1978,NE,May,PRCP,1239.3
1979,NE,May,TMAXA,24.2
1979,NE,May,TMINA,13.4
1979,NE,May,SRADA,16.6
1979,NE,May,PRCP,1263.6
1980,NE,May,TMAXA,24.9
1980,NE,May,TMINA,13.1
1980,NE,May,SRADA,15.7
1980,NE,May,PRCP,1542.5
1981,NE,May,TMAXA,24.8
1981,NE,May,TMINA,13.7
1981,NE,May,SRADA,15.3
1981,NE,May,PRCP,1767.7
1982,NE,May,TMAXA,25.1
1982,NE,May,TMINA,12.4
1982,NE,May,SRADA,15.7
1982,NE,May,PRCP,1121.7
1983,EN,May,TMAXA,24.5
1983,EN,May,TMINA,13.9
1983,EN,May,SRADA,14.5
1983,EN,May,PRCP,2462.6
1984,NE,May,TMAXA,24.4
1984,NE,May,TMINA,13.4
1984,NE,May,SRADA,14.7
1984,NE,May,PRCP,2277.8
1985,LA,May,TMAXA,25
1985,LA,May,TMINA,12.8
1985,LA,May,SRADA,15.6
1985,LA,May,PRCP,1419.7
1986,NE,May,TMAXA,26.1
1986,NE,May,TMINA,13.3
1986,NE,May,SRADA,16.6
1986,NE,May,PRCP,1044.9
1987,EN,May,TMAXA,25.2
1987,EN,May,TMINA,13.3
1987,EN,May,SRADA,15.3
1987,EN,May,PRCP,1768.8
1988,EN,May,TMAXA,24.9
1988,EN,May,TMINA,13.7
1988,EN,May,SRADA,14.9
1988,EN,May,PRCP,1381.4
1989,LA,May,TMAXA,25
1989,LA,May,TMINA,13.1
1989,LA,May,SRADA,15.4
1989,LA,May,PRCP,1462.2
1990,NE,May,TMAXA,23.9
1990,NE,May,TMINA,13.1
1990,NE,May,SRADA,16.3
1990,NE,May,PRCP,1803.9
1991,NE,May,TMAXA,24.1
1991,NE,May,TMINA,13.5
1991,NE,May,SRADA,15.9
1991,NE,May,PRCP,1586.7
1992,EN,May,TMAXA,25.1
1992,EN,May,TMINA,13.6
1992,EN,May,SRADA,16
1992,EN,May,PRCP,1854.3
1993,NE,May,TMAXA,24
1993,NE,May,TMINA,13.9
1993,NE,May,SRADA,15.6
1993,NE,May,PRCP,1793.5
1994,NE,May,TMAXA,24.9
1994,NE,May,TMINA,13.5
1994,NE,May,SRADA,16
1994,NE,May,PRCP,2035.1
1995,EN,May,TMAXA,25.7
1995,EN,May,TMINA,13.6
1995,EN,May,SRADA,15.6
1995,EN,May,PRCP,1604.3
1996,LA,May,TMAXA,25.7
1996,LA,May,TMINA,13.3
1996,LA,May,SRADA,15.7
1996,LA,May,PRCP,1714
1997,NE,May,TMAXA,24.6
1997,NE,May,TMINA,13
1997,NE,May,SRADA,15.4
1997,NE,May,PRCP,1423.8
1998,EN,May,TMAXA,24.7
1998,EN,May,TMINA,14.1
1998,EN,May,SRADA,15
1998,EN,May,PRCP,2073.3
1999,LA,May,TMAXA,24.5
1999,LA,May,TMINA,13.9
1999,LA,May,SRADA,15.9
1999,LA,May,PRCP,1743.9
2000,LA,May,TMAXA,25.1
2000,LA,May,TMINA,13.4
2000,LA,May,SRADA,16.2
2000,LA,May,PRCP,1206.7
2001,LA,May,TMAXA,25.6
2001,LA,May,TMINA,14.1
2001,LA,May,SRADA,16
2001,LA,May,PRCP,1935.8
2002,NE,May,TMAXA,26.3
2002,NE,May,TMINA,14.4
2002,NE,May,SRADA,16.6
2002,NE,May,PRCP,1513.1
2003,EN,May,TMAXA,26.4
2003,EN,May,TMINA,14.5
2003,EN,May,SRADA,15.6
2003,EN,May,PRCP,1584.7
2004,NE,May,TMAXA,26
2004,NE,May,TMINA,13.5
2004,NE,May,SRADA,16.5
2004,NE,May,PRCP,1634.5
2005,EN,May,TMAXA,26.4
2005,EN,May,TMINA,14.1
2005,EN,May,SRADA,16.3
2005,EN,May,PRCP,1192.9
2006,NE,May,TMAXA,26.1
2006,NE,May,TMINA,14.1
2006,NE,May,SRADA,15.8
2006,NE,May,PRCP,1726.6
2007,NE,May,TMAXA,26.5
2007,NE,May,TMINA,14.7
2007,NE,May,SRADA,16.2
2007,NE,May,PRCP,1603.1
2008,LA,May,TMAXA,25.9
2008,LA,May,TMINA,13.7
2008,LA,May,SRADA,16.4
2008,LA,May,PRCP,1565.5
2009,LA,May,TMAXA,26.1
2009,LA,May,TMINA,14.1
2009,LA,May,SRADA,16.4
2009,LA,May,PRCP,1351.5
2010,EN,May,TMAXA,25.3
2010,EN,May,TMINA,14.8
2010,EN,May,SRADA,14.6
2010,EN,May,PRCP,2341.9
2011,LA,May,TMAXA,25.6
2011,LA,May,TMINA,14.2
2011,LA,May,SRADA,15.7
2011,LA,May,PRCP,1327.9
2012,LA,May,TMAXA,25.9
2012,LA,May,TMINA,13.4
2012,LA,May,SRADA,16.9
2012,LA,May,PRCP,1870.2
2013,NE,May,TMAXA,25.9
2013,NE,May,TMINA,14.5
2013,NE,May,SRADA,15.5
2013,NE,May,PRCP,1712.7
2014,NE,May,TMAXA,25.7
2014,NE,May,TMINA,14.3
2014,NE,May,SRADA,16.1
2014,NE,May,PRCP,1798.7
2015,EN,May,TMAXA,25.8
2015,EN,May,TMINA,14.8
2015,EN,May,SRADA,15.7
2015,EN,May,PRCP,2058.3
2016,EN,May,TMAXA,25.8
2016,EN,May,TMINA,15.5
2016,EN,May,SRADA,14.4
2016,EN,May,PRCP,2236.4
2017,NE,May,TMAXA,25.1
2017,NE,May,TMINA,14.2
2017,NE,May,SRADA,15.4
2017,NE,May,PRCP,1811.2
2018,LA,May,TMAXA,26.2
2018,LA,May,TMINA,15
2018,LA,May,SRADA,15
2018,LA,May,PRCP,1595.3
2019,EN,May,TMAXA,26
2019,EN,May,TMINA,15.3
2019,EN,May,SRADA,14.4
2019,EN,May,PRCP,1505.9
1963,NE,May,TMAXA,23.9
1963,NE,May,TMINA,11.2
1963,NE,May,SRADA,16.3
1963,NE,May,PRCP,1105.5
1964,EN,May,TMAXA,24.6
1964,EN,May,TMINA,12.3
1964,EN,May,SRADA,15.2
1964,EN,May,PRCP,1356.6
1965,LA,May,TMAXA,23.3
1965,LA,May,TMINA,11.1
1965,LA,May,SRADA,15.8
1965,LA,May,PRCP,1328.6
1966,EN,May,TMAXA,24.1
1966,EN,May,TMINA,12.6
1966,EN,May,SRADA,15.2
1966,EN,May,PRCP,1509.3
1967,NE,May,TMAXA,23.6
1967,NE,May,TMINA,11.4
1967,NE,May,SRADA,15.7
1967,NE,May,PRCP,1394.5
1968,NE,May,TMAXA,24.3
1968,NE,May,TMINA,11.1
1968,NE,May,SRADA,16.3
1968,NE,May,PRCP,1336.7
1969,EN,May,TMAXA,24.5
1969,EN,May,TMINA,11.8
1969,EN,May,SRADA,16.2
1969,EN,May,PRCP,1056.5
1970,EN,May,TMAXA,23.9
1970,EN,May,TMINA,12
1970,EN,May,SRADA,15.2
1970,EN,May,PRCP,1601.2
1971,LA,May,TMAXA,24.2
1971,LA,May,TMINA,11.7
1971,LA,May,SRADA,15.5
1971,LA,May,PRCP,1919.8
1972,LA,May,TMAXA,24.2
1972,LA,May,TMINA,11.9
1972,LA,May,SRADA,15.8
1972,LA,May,PRCP,1622.4
1973,EN,May,TMAXA,23.9
1973,EN,May,TMINA,13.4
1973,EN,May,SRADA,14.8
1973,EN,May,PRCP,1801.4
1974,LA,May,TMAXA,23.4
1974,LA,May,TMINA,12.5
1974,LA,May,SRADA,14.8
1974,LA,May,PRCP,1735.5
1975,LA,May,TMAXA,23.2
1975,LA,May,TMINA,11.8
1975,LA,May,SRADA,15.7
1975,LA,May,PRCP,1156.5
1976,LA,May,TMAXA,23.5
1976,LA,May,TMINA,11.9
1976,LA,May,SRADA,15.1
1976,LA,May,PRCP,1789.1
1977,NE,May,TMAXA,23.2
1977,NE,May,TMINA,12.4
1977,NE,May,SRADA,15.2
1977,NE,May,PRCP,1716.7
1978,NE,May,TMAXA,24.8
1978,NE,May,TMINA,12.9
1978,NE,May,SRADA,15.7
1978,NE,May,PRCP,988.9
1979,NE,May,TMAXA,24.7
1979,NE,May,TMINA,12.5
1979,NE,May,SRADA,15.8
1979,NE,May,PRCP,1408.3
1980,NE,May,TMAXA,24
1980,NE,May,TMINA,12.4
1980,NE,May,SRADA,15.2
1980,NE,May,PRCP,1491.1
1981,NE,May,TMAXA,23.8
1981,NE,May,TMINA,12.7
1981,NE,May,SRADA,14.9
1981,NE,May,PRCP,1551.6
1982,NE,May,TMAXA,23.7
1982,NE,May,TMINA,11.8
1982,NE,May,SRADA,15.1
1982,NE,May,PRCP,935.8
1983,EN,May,TMAXA,23.7
1983,EN,May,TMINA,13.3
1983,EN,May,SRADA,13.8
1983,EN,May,PRCP,2233.3
1984,NE,May,TMAXA,23.7
1984,NE,May,TMINA,12.9
1984,NE,May,SRADA,13.8
1984,NE,May,PRCP,2233.6
1985,LA,May,TMAXA,24.1
1985,LA,May,TMINA,12.8
1985,LA,May,SRADA,14.9
1985,LA,May,PRCP,1530.2
1986,NE,May,TMAXA,25
1986,NE,May,TMINA,13.4
1986,NE,May,SRADA,16.3
1986,NE,May,PRCP,1088.8
1987,EN,May,TMAXA,24.4
1987,EN,May,TMINA,13.6
1987,EN,May,SRADA,14.9
1987,EN,May,PRCP,1619.5
1988,EN,May,TMAXA,24.3
1988,EN,May,TMINA,13.4
1988,EN,May,SRADA,14.1
1988,EN,May,PRCP,1206.8
1989,LA,May,TMAXA,24
1989,LA,May,TMINA,13
1989,LA,May,SRADA,14.5
1989,LA,May,PRCP,1451.8
1990,NE,May,TMAXA,23.5
1990,NE,May,TMINA,13.1
1990,NE,May,SRADA,15.7
1990,NE,May,PRCP,1512.5
1991,NE,May,TMAXA,23.7
1991,NE,May,TMINA,13
1991,NE,May,SRADA,15
1991,NE,May,PRCP,1746.8
1992,EN,May,TMAXA,24.6
1992,EN,May,TMINA,13.4
1992,EN,May,SRADA,15
1992,EN,May,PRCP,1514.6
1993,NE,May,TMAXA,23.6
1993,NE,May,TMINA,13.6
1993,NE,May,SRADA,14.9
1993,NE,May,PRCP,1813.1
1994,NE,May,TMAXA,24.2
1994,NE,May,TMINA,13.2
1994,NE,May,SRADA,15.7
1994,NE,May,PRCP,1549.5
1995,EN,May,TMAXA,24.9
1995,EN,May,TMINA,13.4
1995,EN,May,SRADA,15.4
1995,EN,May,PRCP,1599
1996,LA,May,TMAXA,24.8
1996,LA,May,TMINA,13.6
1996,LA,May,SRADA,15.5
1996,LA,May,PRCP,1793
1997,NE,May,TMAXA,24.1
1997,NE,May,TMINA,13.1
1997,NE,May,SRADA,15.4
1997,NE,May,PRCP,1583.5
1998,EN,May,TMAXA,24.2
1998,EN,May,TMINA,14
1998,EN,May,SRADA,14.3
1998,EN,May,PRCP,2571
1999,LA,May,TMAXA,23.9
1999,LA,May,TMINA,13.7
1999,LA,May,SRADA,15
1999,LA,May,PRCP,1741.5
2000,LA,May,TMAXA,24.1
2000,LA,May,TMINA,12.8
2000,LA,May,SRADA,15.8
2000,LA,May,PRCP,1398
2001,LA,May,TMAXA,25
2001,LA,May,TMINA,13.7
2001,LA,May,SRADA,15.6
2001,LA,May,PRCP,1744.4
2002,NE,May,TMAXA,25.5
2002,NE,May,TMINA,14.1
2002,NE,May,SRADA,16.2
2002,NE,May,PRCP,1364.6
2003,EN,May,TMAXA,25.4
2003,EN,May,TMINA,14.1
2003,EN,May,SRADA,15.3
2003,EN,May,PRCP,1565.9
2004,NE,May,TMAXA,24.9
2004,NE,May,TMINA,13.2
2004,NE,May,SRADA,16.2
2004,NE,May,PRCP,1433.7
2005,EN,May,TMAXA,25.3
2005,EN,May,TMINA,13.7
2005,EN,May,SRADA,16.3
2005,EN,May,PRCP,1102
2006,NE,May,TMAXA,24.9
2006,NE,May,TMINA,13.6
2006,NE,May,SRADA,15.7
2006,NE,May,PRCP,1615.2
2007,NE,May,TMAXA,25.6
2007,NE,May,TMINA,14.5
2007,NE,May,SRADA,16.1
2007,NE,May,PRCP,1417
2008,LA,May,TMAXA,24.8
2008,LA,May,TMINA,13.7
2008,LA,May,SRADA,16.1
2008,LA,May,PRCP,1399
2009,LA,May,TMAXA,24.5
2009,LA,May,TMINA,13.6
2009,LA,May,SRADA,15.7
2009,LA,May,PRCP,1335.6
2010,EN,May,TMAXA,23.8
2010,EN,May,TMINA,14.1
2010,EN,May,SRADA,14.1
2010,EN,May,PRCP,2358.1
2011,LA,May,TMAXA,23.8
2011,LA,May,TMINA,13.5
2011,LA,May,SRADA,14.8
2011,LA,May,PRCP,1439.3
2012,LA,May,TMAXA,24
2012,LA,May,TMINA,11.9
2012,LA,May,SRADA,15.7
2012,LA,May,PRCP,1819.4
2013,NE,May,TMAXA,24.7
2013,NE,May,TMINA,12.9
2013,NE,May,SRADA,15
2013,NE,May,PRCP,1673.9
2014,NE,May,TMAXA,24.3
2014,NE,May,TMINA,12.9
2014,NE,May,SRADA,15
2014,NE,May,PRCP,1742.6
2015,EN,May,TMAXA,24.7
2015,EN,May,TMINA,13.5
2015,EN,May,SRADA,14.8
2015,EN,May,PRCP,1927.5
2016,EN,May,TMAXA,24.9
2016,EN,May,TMINA,14.1
2016,EN,May,SRADA,13.7
2016,EN,May,PRCP,2078.2
2017,NE,May,TMAXA,24.2
2017,NE,May,TMINA,12.5
2017,NE,May,SRADA,14.7
2017,NE,May,PRCP,1501.5
2018,LA,May,TMAXA,25.2
2018,LA,May,TMINA,13.2
2018,LA,May,SRADA,14.9
2018,LA,May,PRCP,1702.4
2019,EN,May,TMAXA,25.2
2019,EN,May,TMINA,13.6
2019,EN,May,SRADA,14.4
2019,EN,May,PRCP,1489.5
1963,NE,June,TMAXA,30.1
1963,NE,June,TMINA,16.4
1963,NE,June,SRADA,18.5
1963,NE,June,PRCP,1136
1964,EN,June,TMAXA,31.7
1964,EN,June,TMINA,17.2
1964,EN,June,SRADA,17.7
1964,EN,June,PRCP,1193.8
1965,LA,June,TMAXA,29.4
1965,LA,June,TMINA,15.9
1965,LA,June,SRADA,17.6
1965,LA,June,PRCP,1361.9
1966,EN,June,TMAXA,30.7
1966,EN,June,TMINA,17
1966,EN,June,SRADA,18.3
1966,EN,June,PRCP,1223.1
1967,NE,June,TMAXA,29.3
1967,NE,June,TMINA,16.4
1967,NE,June,SRADA,18.4
1967,NE,June,PRCP,1156.4
1968,NE,June,TMAXA,29.3
1968,NE,June,TMINA,16.5
1968,NE,June,SRADA,18.6
1968,NE,June,PRCP,1116.4
1969,EN,June,TMAXA,29.6
1969,EN,June,TMINA,16.9
1969,EN,June,SRADA,19
1969,EN,June,PRCP,1072
1970,NE,June,TMAXA,29.5
1970,NE,June,TMINA,16.5
1970,NE,June,SRADA,18.4
1970,NE,June,PRCP,1248.3
1971,LA,June,TMAXA,28.9
1971,LA,June,TMINA,16.5
1971,LA,June,SRADA,19
1971,LA,June,PRCP,1308.4
1972,LA,June,TMAXA,28.9
1972,LA,June,TMINA,18
1972,LA,June,SRADA,18.4
1972,LA,June,PRCP,1379.9
1973,EN,June,TMAXA,29
1973,EN,June,TMINA,18.3
1973,EN,June,SRADA,18.1
1973,EN,June,PRCP,1611.7
1974,LA,June,TMAXA,28.2
1974,LA,June,TMINA,17.1
1974,LA,June,SRADA,17.6
1974,LA,June,PRCP,1617.9
1975,LA,June,TMAXA,28.9
1975,LA,June,TMINA,17.6
1975,LA,June,SRADA,18.7
1975,LA,June,PRCP,1103.3
1976,LA,June,TMAXA,28.9
1976,LA,June,TMINA,17.7
1976,LA,June,SRADA,18.3
1976,LA,June,PRCP,1511.2
1977,NE,June,TMAXA,28.6
1977,NE,June,TMINA,17.7
1977,NE,June,SRADA,18
1977,NE,June,PRCP,1390.7
1978,NE,June,TMAXA,29.6
1978,NE,June,TMINA,18.4
1978,NE,June,SRADA,18.4
1978,NE,June,PRCP,1252.4
1979,NE,June,TMAXA,29.2
1979,NE,June,TMINA,17.5
1979,NE,June,SRADA,18.6
1979,NE,June,PRCP,1015.1
1980,NE,June,TMAXA,28.7
1980,NE,June,TMINA,18.5
1980,NE,June,SRADA,17.5
1980,NE,June,PRCP,1520.7
1981,NE,June,TMAXA,29.2
1981,NE,June,TMINA,18.5
1981,NE,June,SRADA,18.1
1981,NE,June,PRCP,1143.4
1982,NE,June,TMAXA,28.7
1982,NE,June,TMINA,18
1982,NE,June,SRADA,17.7
1982,NE,June,PRCP,1082.4
1983,EN,June,TMAXA,28.6
1983,EN,June,TMINA,18.9
1983,EN,June,SRADA,17
1983,EN,June,PRCP,1778.1
1984,NE,June,TMAXA,29.4
1984,NE,June,TMINA,18.8
1984,NE,June,SRADA,18.2
1984,NE,June,PRCP,1150.2
1985,LA,June,TMAXA,29.4
1985,LA,June,TMINA,18.1
1985,LA,June,SRADA,18.6
1985,LA,June,PRCP,1224
1986,NE,June,TMAXA,30.5
1986,NE,June,TMINA,18.6
1986,NE,June,SRADA,19.2
1986,NE,June,PRCP,821.3
1987,EN,June,TMAXA,28.2
1987,EN,June,TMINA,18.9
1987,EN,June,SRADA,18
1987,EN,June,PRCP,1245.2
1988,EN,June,TMAXA,28.5
1988,EN,June,TMINA,18.7
1988,EN,June,SRADA,18
1988,EN,June,PRCP,1521.6
1989,LA,June,TMAXA,28.8
1989,LA,June,TMINA,18.5
1989,LA,June,SRADA,18.4
1989,LA,June,PRCP,1177.1
1990,NE,June,TMAXA,28.6
1990,NE,June,TMINA,18.3
1990,NE,June,SRADA,18.8
1990,NE,June,PRCP,1471.5
1991,NE,June,TMAXA,28.7
1991,NE,June,TMINA,18.4
1991,NE,June,SRADA,18.6
1991,NE,June,PRCP,1272.8
1992,EN,June,TMAXA,29.4
1992,EN,June,TMINA,19
1992,EN,June,SRADA,18.1
1992,EN,June,PRCP,1314.5
1993,NE,June,TMAXA,28.6
1993,NE,June,TMINA,18.5
1993,NE,June,SRADA,18.1
1993,NE,June,PRCP,1396.4
1994,NE,June,TMAXA,29.3
1994,NE,June,TMINA,18.7
1994,NE,June,SRADA,17.6
1994,NE,June,PRCP,1127.3
1995,EN,June,TMAXA,30
1995,EN,June,TMINA,19
1995,EN,June,SRADA,18.2
1995,EN,June,PRCP,1147
1996,LA,June,TMAXA,29.7
1996,LA,June,TMINA,19.4
1996,LA,June,SRADA,18.4
1996,LA,June,PRCP,1356.3
1997,NE,June,TMAXA,28.8
1997,NE,June,TMINA,18.5
1997,NE,June,SRADA,18.2
1997,NE,June,PRCP,1562.1
1998,EN,June,TMAXA,29.7
1998,EN,June,TMINA,19.5
1998,EN,June,SRADA,17.7
1998,EN,June,PRCP,1337
1999,LA,June,TMAXA,29.2
1999,LA,June,TMINA,18.6
1999,LA,June,SRADA,18.1
1999,LA,June,PRCP,1455.4
2000,LA,June,TMAXA,30
2000,LA,June,TMINA,18.6
2000,LA,June,SRADA,18.7
2000,LA,June,PRCP,1057.9
2001,LA,June,TMAXA,29.6
2001,LA,June,TMINA,19.1
2001,LA,June,SRADA,18.5
2001,LA,June,PRCP,1318.2
2002,NE,June,TMAXA,30.4
2002,NE,June,TMINA,19.7
2002,NE,June,SRADA,18.9
2002,NE,June,PRCP,1136.6
2003,EN,June,TMAXA,30.2
2003,EN,June,TMINA,19.6
2003,EN,June,SRADA,18
2003,EN,June,PRCP,1588.4
2004,NE,June,TMAXA,29.3
2004,NE,June,TMINA,18.5
2004,NE,June,SRADA,18.6
2004,NE,June,PRCP,1198.5
2005,EN,June,TMAXA,30
2005,EN,June,TMINA,19.4
2005,EN,June,SRADA,18.4
2005,EN,June,PRCP,1118.5
2006,NE,June,TMAXA,29.1
2006,NE,June,TMINA,18.8
2006,NE,June,SRADA,17.4
2006,NE,June,PRCP,1138.4
2007,NE,June,TMAXA,30.2
2007,NE,June,TMINA,19.4
2007,NE,June,SRADA,18
2007,NE,June,PRCP,197.1
2008,LA,June,TMAXA,29.8
2008,LA,June,TMINA,18.9
2008,LA,June,SRADA,17.8
2008,LA,June,PRCP,1085.1
2009,NE,June,TMAXA,30
2009,NE,June,TMINA,18.8
2009,NE,June,SRADA,18.3
2009,NE,June,PRCP,1048
2010,EN,June,TMAXA,29
2010,EN,June,TMINA,19.1
2010,EN,June,SRADA,16.6
2010,EN,June,PRCP,467.2
2011,LA,June,TMAXA,29.5
2011,LA,June,TMINA,18.4
2011,LA,June,SRADA,17.1
2011,LA,June,PRCP,1321
2012,LA,June,TMAXA,29.9
2012,LA,June,TMINA,18.6
2012,LA,June,SRADA,18.2
2012,LA,June,PRCP,1248
2013,NE,June,TMAXA,30.1
2013,NE,June,TMINA,19.2
2013,NE,June,SRADA,17.1
2013,NE,June,PRCP,1578.2
2014,NE,June,TMAXA,29.8
2014,NE,June,TMINA,18.8
2014,NE,June,SRADA,17.2
2014,NE,June,PRCP,1112.2
2015,EN,June,TMAXA,30.3
2015,EN,June,TMINA,19.2
2015,EN,June,SRADA,17.3
2015,EN,June,PRCP,1483.2
2016,EN,June,TMAXA,29.9
2016,EN,June,TMINA,19.3
2016,EN,June,SRADA,16.2
2016,EN,June,PRCP,1970.7
2017,NE,June,TMAXA,30
2017,NE,June,TMINA,18.5
2017,NE,June,SRADA,17.3
2017,NE,June,PRCP,1208.6
2018,LA,June,TMAXA,30.2
2018,LA,June,TMINA,19
2018,LA,June,SRADA,17.2
2018,LA,June,PRCP,1338.8
2019,EN,June,TMAXA,30.7
2019,EN,June,TMINA,19.3
2019,EN,June,SRADA,17.2
2019,EN,June,PRCP,1224.2
1963,NE,June,TMAXA,28.6
1963,NE,June,TMINA,17.2
1963,NE,June,SRADA,18.2
1963,NE,June,PRCP,1562.6
1964,EN,June,TMAXA,29.8
1964,EN,June,TMINA,18.4
1964,EN,June,SRADA,17.3
1964,EN,June,PRCP,1310.9
1965,LA,June,TMAXA,27.9
1965,LA,June,TMINA,16.8
1965,LA,June,SRADA,16.9
1965,LA,June,PRCP,1681.3
1966,EN,June,TMAXA,28.6
1966,EN,June,TMINA,17.7
1966,EN,June,SRADA,17.2
1966,EN,June,PRCP,1715.2
1967,NE,June,TMAXA,28.8
1967,NE,June,TMINA,17.3
1967,NE,June,SRADA,18
1967,NE,June,PRCP,1457.4
1968,NE,June,TMAXA,29.4
1968,NE,June,TMINA,17.3
1968,NE,June,SRADA,18.5
1968,NE,June,PRCP,1056.9
1969,EN,June,TMAXA,29.2
1969,EN,June,TMINA,17.5
1969,EN,June,SRADA,18.2
1969,EN,June,PRCP,1271.1
1970,NE,June,TMAXA,29.5
1970,NE,June,TMINA,17.7
1970,NE,June,SRADA,18.3
1970,NE,June,PRCP,1395.7
1971,LA,June,TMAXA,28.1
1971,LA,June,TMINA,17
1971,LA,June,SRADA,18
1971,LA,June,PRCP,1510.5
1972,LA,June,TMAXA,29
1972,LA,June,TMINA,16.4
1972,LA,June,SRADA,18.2
1972,LA,June,PRCP,1452.6
1973,EN,June,TMAXA,29.4
1973,EN,June,TMINA,16.6
1973,EN,June,SRADA,17.7
1973,EN,June,PRCP,1650.1
1974,LA,June,TMAXA,28.3
1974,LA,June,TMINA,16.8
1974,LA,June,SRADA,17.4
1974,LA,June,PRCP,1379.3
1975,LA,June,TMAXA,28.9
1975,LA,June,TMINA,16.9
1975,LA,June,SRADA,18.2
1975,LA,June,PRCP,1197.1
1976,LA,June,TMAXA,28.7
1976,LA,June,TMINA,16.6
1976,LA,June,SRADA,17.8
1976,LA,June,PRCP,1469.4
1977,NE,June,TMAXA,28.2
1977,NE,June,TMINA,17.2
1977,NE,June,SRADA,18.2
1977,NE,June,PRCP,1562.9
1978,NE,June,TMAXA,29.6
1978,NE,June,TMINA,17.6
1978,NE,June,SRADA,18.4
1978,NE,June,PRCP,1139.8
1979,NE,June,TMAXA,29.2
1979,NE,June,TMINA,17.5
1979,NE,June,SRADA,18.3
1979,NE,June,PRCP,1153.8
1980,NE,June,TMAXA,29.2
1980,NE,June,TMINA,17.5
1980,NE,June,SRADA,17.8
1980,NE,June,PRCP,1644.2
1981,NE,June,TMAXA,29.4
1981,NE,June,TMINA,17.3
1981,NE,June,SRADA,17.7
1981,NE,June,PRCP,1266.1
1982,NE,June,TMAXA,29
1982,NE,June,TMINA,17.3
1982,NE,June,SRADA,17.2
1982,NE,June,PRCP,1567.2
1983,EN,June,TMAXA,28.4
1983,EN,June,TMINA,17.9
1983,EN,June,SRADA,16.5
1983,EN,June,PRCP,2020.5
1984,NE,June,TMAXA,28.8
1984,NE,June,TMINA,17.4
1984,NE,June,SRADA,17.4
1984,NE,June,PRCP,1357.7
1985,LA,June,TMAXA,29.3
1985,LA,June,TMINA,17.6
1985,LA,June,SRADA,18
1985,LA,June,PRCP,1335.5
1986,NE,June,TMAXA,29.7
1986,NE,June,TMINA,17.9
1986,NE,June,SRADA,18
1986,NE,June,PRCP,1047.8
1987,EN,June,TMAXA,27.6
1987,EN,June,TMINA,17.4
1987,EN,June,SRADA,17.3
1987,EN,June,PRCP,1421.4
1988,EN,June,TMAXA,28.3
1988,EN,June,TMINA,17.8
1988,EN,June,SRADA,17.2
1988,EN,June,PRCP,1474.6
1989,LA,June,TMAXA,28.7
1989,LA,June,TMINA,17.4
1989,LA,June,SRADA,17.8
1989,LA,June,PRCP,1217.5
1990,NE,June,TMAXA,28.1
1990,NE,June,TMINA,17.3
1990,NE,June,SRADA,18
1990,NE,June,PRCP,1545
1991,NE,June,TMAXA,28.3
1991,NE,June,TMINA,17.6
1991,NE,June,SRADA,18.1
1991,NE,June,PRCP,1459.9
1992,EN,June,TMAXA,28.7
1992,EN,June,TMINA,18
1992,EN,June,SRADA,17.4
1992,EN,June,PRCP,1622.9
1993,NE,June,TMAXA,28.6
1993,NE,June,TMINA,17.4
1993,NE,June,SRADA,17.6
1993,NE,June,PRCP,1537.3
1994,NE,June,TMAXA,29.4
1994,NE,June,TMINA,17.9
1994,NE,June,SRADA,17.4
1994,NE,June,PRCP,1536.6
1995,EN,June,TMAXA,29.9
1995,EN,June,TMINA,17.6
1995,EN,June,SRADA,18.2
1995,EN,June,PRCP,1297.4
1996,LA,June,TMAXA,29.9
1996,LA,June,TMINA,18.1
1996,LA,June,SRADA,18
1996,LA,June,PRCP,1497.9
1997,NE,June,TMAXA,29.2
1997,NE,June,TMINA,17.6
1997,NE,June,SRADA,17.9
1997,NE,June,PRCP,1701.7
1998,EN,June,TMAXA,30
1998,EN,June,TMINA,18.7
1998,EN,June,SRADA,17.6
1998,EN,June,PRCP,1699.8
1999,LA,June,TMAXA,29.3
1999,LA,June,TMINA,17.8
1999,LA,June,SRADA,18
1999,LA,June,PRCP,1529
2000,LA,June,TMAXA,30.3
2000,LA,June,TMINA,18.2
2000,LA,June,SRADA,18.3
2000,LA,June,PRCP,1068.7
2001,LA,June,TMAXA,29.1
2001,LA,June,TMINA,18.1
2001,LA,June,SRADA,17.8
2001,LA,June,PRCP,1820.9
2002,NE,June,TMAXA,30.4
2002,NE,June,TMINA,19.3
2002,NE,June,SRADA,18.4
2002,NE,June,PRCP,1676.2
2003,EN,June,TMAXA,30.4
2003,EN,June,TMINA,19
2003,EN,June,SRADA,17.5
2003,EN,June,PRCP,1300.4
2004,NE,June,TMAXA,29.7
2004,NE,June,TMINA,18.3
2004,NE,June,SRADA,18.6
2004,NE,June,PRCP,1405.1
2005,EN,June,TMAXA,30.6
2005,EN,June,TMINA,19
2005,EN,June,SRADA,18.1
2005,EN,June,PRCP,1392.1
2006,NE,June,TMAXA,29.3
2006,NE,June,TMINA,18.3
2006,NE,June,SRADA,17.6
2006,NE,June,PRCP,1628.5
2007,NE,June,TMAXA,30
2007,NE,June,TMINA,18.9
2007,NE,June,SRADA,17.8
2007,NE,June,PRCP,1874.6
2008,LA,June,TMAXA,29.6
2008,LA,June,TMINA,17.8
2008,LA,June,SRADA,17.4
2008,LA,June,PRCP,1512.2
2009,NE,June,TMAXA,30.5
2009,NE,June,TMINA,17.6
2009,NE,June,SRADA,18.1
2009,NE,June,PRCP,1327.8
2010,EN,June,TMAXA,29.4
2010,EN,June,TMINA,17.9
2010,EN,June,SRADA,17
2010,EN,June,PRCP,2148.7
2011,LA,June,TMAXA,29.6
2011,LA,June,TMINA,17.2
2011,LA,June,SRADA,17.2
2011,LA,June,PRCP,1464.3
2012,LA,June,TMAXA,30
2012,LA,June,TMINA,17.6
2012,LA,June,SRADA,18.2
2012,LA,June,PRCP,1327.4
2013,NE,June,TMAXA,30.6
2013,NE,June,TMINA,18
2013,NE,June,SRADA,18.2
2013,NE,June,PRCP,1649.7
2014,NE,June,TMAXA,29.6
2014,NE,June,TMINA,17.7
2014,NE,June,SRADA,17.7
2014,NE,June,PRCP,1820.6
2015,EN,June,TMAXA,30.4
2015,EN,June,TMINA,18.5
2015,EN,June,SRADA,17.4
2015,EN,June,PRCP,2059.4
2016,EN,June,TMAXA,29.8
2016,EN,June,TMINA,18.5
2016,EN,June,SRADA,16
2016,EN,June,PRCP,2586
2017,NE,June,TMAXA,29.8
2017,NE,June,TMINA,17.8
2017,NE,June,SRADA,17.6
2017,NE,June,PRCP,1798.3
2018,LA,June,TMAXA,30.3
2018,LA,June,TMINA,18.2
2018,LA,June,SRADA,17.6
2018,LA,June,PRCP,1532.2
2019,EN,June,TMAXA,30.2
2019,EN,June,TMINA,18.4
2019,EN,June,SRADA,17.6
2019,EN,June,PRCP,1926.2
1963,NE,June,TMAXA,28.6
1963,NE,June,TMINA,17.2
1963,NE,June,SRADA,18.2
1963,NE,June,PRCP,1562.6
1964,EN,June,TMAXA,29.8
1964,EN,June,TMINA,18.4
1964,EN,June,SRADA,17.3
1964,EN,June,PRCP,1310.9
1965,LA,June,TMAXA,27.9
1965,LA,June,TMINA,16.8
1965,LA,June,SRADA,16.9
1965,LA,June,PRCP,1681.3
1966,EN,June,TMAXA,28.6
1966,EN,June,TMINA,17.7
1966,EN,June,SRADA,17.2
1966,EN,June,PRCP,1715.2
1967,NE,June,TMAXA,28.8
1967,NE,June,TMINA,17.3
1967,NE,June,SRADA,18
1967,NE,June,PRCP,1457.4
1968,NE,June,TMAXA,29.4
1968,NE,June,TMINA,17.3
1968,NE,June,SRADA,18.5
1968,NE,June,PRCP,1056.9
1969,EN,June,TMAXA,29.2
1969,EN,June,TMINA,17.5
1969,EN,June,SRADA,18.2
1969,EN,June,PRCP,1271.1
1970,NE,June,TMAXA,29.5
1970,NE,June,TMINA,17.7
1970,NE,June,SRADA,18.3
1970,NE,June,PRCP,1395.7
1971,LA,June,TMAXA,28.1
1971,LA,June,TMINA,17
1971,LA,June,SRADA,18
1971,LA,June,PRCP,1510.5
1972,LA,June,TMAXA,29
1972,LA,June,TMINA,16.4
1972,LA,June,SRADA,18.2
1972,LA,June,PRCP,1452.6
1973,EN,June,TMAXA,29.4
1973,EN,June,TMINA,16.6
1973,EN,June,SRADA,17.7
1973,EN,June,PRCP,1650.1
1974,LA,June,TMAXA,28.3
1974,LA,June,TMINA,16.8
1974,LA,June,SRADA,17.4
1974,LA,June,PRCP,1379.3
1975,LA,June,TMAXA,28.9
1975,LA,June,TMINA,16.9
1975,LA,June,SRADA,18.2
1975,LA,June,PRCP,1197.1
1976,LA,June,TMAXA,28.7
1976,LA,June,TMINA,16.6
1976,LA,June,SRADA,17.8
1976,LA,June,PRCP,1469.4
1977,NE,June,TMAXA,28.2
1977,NE,June,TMINA,17.2
1977,NE,June,SRADA,18.2
1977,NE,June,PRCP,1562.9
1978,NE,June,TMAXA,29.6
1978,NE,June,TMINA,17.6
1978,NE,June,SRADA,18.4
1978,NE,June,PRCP,1139.8
1979,NE,June,TMAXA,29.2
1979,NE,June,TMINA,17.5
1979,NE,June,SRADA,18.3
1979,NE,June,PRCP,1153.8
1980,NE,June,TMAXA,29.2
1980,NE,June,TMINA,17.5
1980,NE,June,SRADA,17.8
1980,NE,June,PRCP,1644.2
1981,NE,June,TMAXA,29.4
1981,NE,June,TMINA,17.3
1981,NE,June,SRADA,17.7
1981,NE,June,PRCP,1266.1
1982,NE,June,TMAXA,29
1982,NE,June,TMINA,17.3
1982,NE,June,SRADA,17.2
1982,NE,June,PRCP,1567.2
1983,EN,June,TMAXA,28.4
1983,EN,June,TMINA,17.9
1983,EN,June,SRADA,16.5
1983,EN,June,PRCP,2020.5
1984,NE,June,TMAXA,28.8
1984,NE,June,TMINA,17.4
1984,NE,June,SRADA,17.4
1984,NE,June,PRCP,1357.7
1985,LA,June,TMAXA,29.3
1985,LA,June,TMINA,17.6
1985,LA,June,SRADA,18
1985,LA,June,PRCP,1335.5
1986,NE,June,TMAXA,29.7
1986,NE,June,TMINA,17.9
1986,NE,June,SRADA,18
1986,NE,June,PRCP,1047.8
1987,EN,June,TMAXA,27.6
1987,EN,June,TMINA,17.4
1987,EN,June,SRADA,17.3
1987,EN,June,PRCP,1421.4
1988,EN,June,TMAXA,28.3
1988,EN,June,TMINA,17.8
1988,EN,June,SRADA,17.2
1988,EN,June,PRCP,1474.6
1989,LA,June,TMAXA,28.7
1989,LA,June,TMINA,17.4
1989,LA,June,SRADA,17.8
1989,LA,June,PRCP,1217.5
1990,NE,June,TMAXA,28.1
1990,NE,June,TMINA,17.3
1990,NE,June,SRADA,18
1990,NE,June,PRCP,1545
1991,NE,June,TMAXA,28.3
1991,NE,June,TMINA,17.6
1991,NE,June,SRADA,18.1
1991,NE,June,PRCP,1459.9
1992,EN,June,TMAXA,28.7
1992,EN,June,TMINA,18
1992,EN,June,SRADA,17.4
1992,EN,June,PRCP,1622.9
1993,NE,June,TMAXA,28.6
1993,NE,June,TMINA,17.4
1993,NE,June,SRADA,17.6
1993,NE,June,PRCP,1537.3
1994,NE,June,TMAXA,29.4
1994,NE,June,TMINA,17.9
1994,NE,June,SRADA,17.4
1994,NE,June,PRCP,1536.6
1995,EN,June,TMAXA,29.9
1995,EN,June,TMINA,17.6
1995,EN,June,SRADA,18.2
1995,EN,June,PRCP,1297.4
1996,LA,June,TMAXA,29.9
1996,LA,June,TMINA,18.1
1996,LA,June,SRADA,18
1996,LA,June,PRCP,1497.9
1997,NE,June,TMAXA,29.2
1997,NE,June,TMINA,17.6
1997,NE,June,SRADA,17.9
1997,NE,June,PRCP,1701.7
1998,EN,June,TMAXA,30
1998,EN,June,TMINA,18.7
1998,EN,June,SRADA,17.6
1998,EN,June,PRCP,1699.8
1999,LA,June,TMAXA,29.3
1999,LA,June,TMINA,17.8
1999,LA,June,SRADA,18
1999,LA,June,PRCP,1529
2000,LA,June,TMAXA,30.3
2000,LA,June,TMINA,18.2
2000,LA,June,SRADA,18.3
2000,LA,June,PRCP,1068.7
2001,LA,June,TMAXA,29.1
2001,LA,June,TMINA,18.1
2001,LA,June,SRADA,17.8
2001,LA,June,PRCP,1820.9
2002,NE,June,TMAXA,30.4
2002,NE,June,TMINA,19.3
2002,NE,June,SRADA,18.4
2002,NE,June,PRCP,1676.2
2003,EN,June,TMAXA,30.4
2003,EN,June,TMINA,19
2003,EN,June,SRADA,17.5
2003,EN,June,PRCP,1300.4
2004,NE,June,TMAXA,29.7
2004,NE,June,TMINA,18.3
2004,NE,June,SRADA,18.6
2004,NE,June,PRCP,1405.1
2005,EN,June,TMAXA,30.6
2005,EN,June,TMINA,19
2005,EN,June,SRADA,18.1
2005,EN,June,PRCP,1392.1
2006,NE,June,TMAXA,29.3
2006,NE,June,TMINA,18.3
2006,NE,June,SRADA,17.6
2006,NE,June,PRCP,1628.5
2007,NE,June,TMAXA,30
2007,NE,June,TMINA,18.9
2007,NE,June,SRADA,17.8
2007,NE,June,PRCP,1874.6
2008,LA,June,TMAXA,29.6
2008,LA,June,TMINA,17.8
2008,LA,June,SRADA,17.4
2008,LA,June,PRCP,1512.2
2009,NE,June,TMAXA,30.5
2009,NE,June,TMINA,17.6
2009,NE,June,SRADA,18.1
2009,NE,June,PRCP,1327.8
2010,EN,June,TMAXA,29.4
2010,EN,June,TMINA,17.9
2010,EN,June,SRADA,17
2010,EN,June,PRCP,2148.7
2011,LA,June,TMAXA,29.6
2011,LA,June,TMINA,17.2
2011,LA,June,SRADA,17.2
2011,LA,June,PRCP,1464.3
2012,LA,June,TMAXA,30
2012,LA,June,TMINA,17.6
2012,LA,June,SRADA,18.2
2012,LA,June,PRCP,1327.4
2013,NE,June,TMAXA,30.6
2013,NE,June,TMINA,18
2013,NE,June,SRADA,18.2
2013,NE,June,PRCP,1649.7
2014,NE,June,TMAXA,29.6
2014,NE,June,TMINA,17.7
2014,NE,June,SRADA,17.7
2014,NE,June,PRCP,1820.6
2015,EN,June,TMAXA,30.4
2015,EN,June,TMINA,18.5
2015,EN,June,SRADA,17.4
2015,EN,June,PRCP,2059.4
2016,EN,June,TMAXA,29.8
2016,EN,June,TMINA,18.5
2016,EN,June,SRADA,16
2016,EN,June,PRCP,2586
2017,NE,June,TMAXA,29.8
2017,NE,June,TMINA,17.8
2017,NE,June,SRADA,17.6
2017,NE,June,PRCP,1798.3
2018,LA,June,TMAXA,30.3
2018,LA,June,TMINA,18.2
2018,LA,June,SRADA,17.6
2018,LA,June,PRCP,1532.2
2019,EN,June,TMAXA,30.2
2019,EN,June,TMINA,18.4
2019,EN,June,SRADA,17.6
2019,EN,June,PRCP,1926.2
1963,NE,June,TMAXA,28.1
1963,NE,June,TMINA,14.9
1963,NE,June,SRADA,18.3
1963,NE,June,PRCP,1525.6
1964,EN,June,TMAXA,29
1964,EN,June,TMINA,15.8
1964,EN,June,SRADA,17.8
1964,EN,June,PRCP,1497.5
1965,LA,June,TMAXA,26.9
1965,LA,June,TMINA,14.8
1965,LA,June,SRADA,17.5
1965,LA,June,PRCP,1776.1
1966,EN,June,TMAXA,28
1966,EN,June,TMINA,15.9
1966,EN,June,SRADA,18
1966,EN,June,PRCP,1547.2
1967,NE,June,TMAXA,28
1967,NE,June,TMINA,15.5
1967,NE,June,SRADA,18.3
1967,NE,June,PRCP,1251.8
1968,NE,June,TMAXA,28
1968,NE,June,TMINA,15.2
1968,NE,June,SRADA,18.4
1968,NE,June,PRCP,1302.2
1969,EN,June,TMAXA,28.4
1969,EN,June,TMINA,16
1969,EN,June,SRADA,18.9
1969,EN,June,PRCP,1235.6
1970,NE,June,TMAXA,28.2
1970,NE,June,TMINA,16.2
1970,NE,June,SRADA,18.2
1970,NE,June,PRCP,1474.9
1971,LA,June,TMAXA,27.9
1971,LA,June,TMINA,15.4
1971,LA,June,SRADA,18.5
1971,LA,June,PRCP,1500.3
1972,LA,June,TMAXA,28.1
1972,LA,June,TMINA,15.5
1972,LA,June,SRADA,18
1972,LA,June,PRCP,1708.1
1973,EN,June,TMAXA,28.2
1973,EN,June,TMINA,16.7
1973,EN,June,SRADA,17.8
1973,EN,June,PRCP,2224.1
1974,LA,June,TMAXA,26.5
1974,LA,June,TMINA,16
1974,LA,June,SRADA,17.3
1974,LA,June,PRCP,1874.8
1975,LA,June,TMAXA,27.4
1975,LA,June,TMINA,15.8
1975,LA,June,SRADA,18.1
1975,LA,June,PRCP,1667.1
1976,LA,June,TMAXA,27.8
1976,LA,June,TMINA,15.8
1976,LA,June,SRADA,17.5
1976,LA,June,PRCP,2083.6
1977,NE,June,TMAXA,27.9
1977,NE,June,TMINA,15.8
1977,NE,June,SRADA,17.8
1977,NE,June,PRCP,1917.6
1978,NE,June,TMAXA,28.4
1978,NE,June,TMINA,16.4
1978,NE,June,SRADA,18.2
1978,NE,June,PRCP,1352.8
1979,NE,June,TMAXA,27.8
1979,NE,June,TMINA,15.9
1979,NE,June,SRADA,18.3
1979,NE,June,PRCP,1406.8
1980,NE,June,TMAXA,27.4
1980,NE,June,TMINA,16.6
1980,NE,June,SRADA,17.5
1980,NE,June,PRCP,2033.8
1981,NE,June,TMAXA,27.7
1981,NE,June,TMINA,16.5
1981,NE,June,SRADA,17.8
1981,NE,June,PRCP,1607.9
1982,NE,June,TMAXA,27.3
1982,NE,June,TMINA,15.9
1982,NE,June,SRADA,17.6
1982,NE,June,PRCP,1674.5
1983,EN,June,TMAXA,27
1983,EN,June,TMINA,17.1
1983,EN,June,SRADA,16.7
1983,EN,June,PRCP,2250.4
1984,NE,June,TMAXA,27.9
1984,NE,June,TMINA,17
1984,NE,June,SRADA,17.7
1984,NE,June,PRCP,1421.9
1985,LA,June,TMAXA,27.7
1985,LA,June,TMINA,16.1
1985,LA,June,SRADA,17.9
1985,LA,June,PRCP,1371.7
1986,NE,June,TMAXA,28.9
1986,NE,June,TMINA,16.3
1986,NE,June,SRADA,18.3
1986,NE,June,PRCP,1050.9
1987,EN,June,TMAXA,27.3
1987,EN,June,TMINA,16.7
1987,EN,June,SRADA,17.6
1987,EN,June,PRCP,1585.5
1988,EN,June,TMAXA,27.6
1988,EN,June,TMINA,16.9
1988,EN,June,SRADA,17.6
1988,EN,June,PRCP,1518.3
1989,LA,June,TMAXA,27.9
1989,LA,June,TMINA,16.6
1989,LA,June,SRADA,18.3
1989,LA,June,PRCP,1336
1990,NE,June,TMAXA,27.3
1990,NE,June,TMINA,16.3
1990,NE,June,SRADA,18.4
1990,NE,June,PRCP,1935.9
1991,NE,June,TMAXA,27.3
1991,NE,June,TMINA,16.5
1991,NE,June,SRADA,18.2
1991,NE,June,PRCP,1469.5
1992,EN,June,TMAXA,27.8
1992,EN,June,TMINA,17
1992,EN,June,SRADA,17.8
1992,EN,June,PRCP,1996.3
1993,NE,June,TMAXA,27.2
1993,NE,June,TMINA,16.6
1993,NE,June,SRADA,17.6
1993,NE,June,PRCP,1884.3
1994,NE,June,TMAXA,27.8
1994,NE,June,TMINA,17
1994,NE,June,SRADA,17.2
1994,NE,June,PRCP,1464.2
1995,EN,June,TMAXA,28.4
1995,EN,June,TMINA,17
1995,EN,June,SRADA,17.2
1995,EN,June,PRCP,1444.9
1996,LA,June,TMAXA,28.2
1996,LA,June,TMINA,17.3
1996,LA,June,SRADA,17.4
1996,LA,June,PRCP,1532.8
1997,NE,June,TMAXA,27.4
1997,NE,June,TMINA,16.7
1997,NE,June,SRADA,17.2
1997,NE,June,PRCP,1979.3
1998,EN,June,TMAXA,28.2
1998,EN,June,TMINA,17.6
1998,EN,June,SRADA,16.9
1998,EN,June,PRCP,1795.4
1999,LA,June,TMAXA,27.6
1999,LA,June,TMINA,16.9
1999,LA,June,SRADA,17.5
1999,LA,June,PRCP,1794.3
2000,LA,June,TMAXA,28.5
2000,LA,June,TMINA,16.2
2000,LA,June,SRADA,18.2
2000,LA,June,PRCP,1011.8
2001,LA,June,TMAXA,28.7
2001,LA,June,TMINA,16.9
2001,LA,June,SRADA,18.1
2001,LA,June,PRCP,1654.1
2002,NE,June,TMAXA,29.5
2002,NE,June,TMINA,17.7
2002,NE,June,SRADA,18.5
2002,NE,June,PRCP,1187.9
2003,EN,June,TMAXA,29.2
2003,EN,June,TMINA,17.7
2003,EN,June,SRADA,17.7
2003,EN,June,PRCP,1352.1
2004,NE,June,TMAXA,28.4
2004,NE,June,TMINA,16.4
2004,NE,June,SRADA,18.4
2004,NE,June,PRCP,1347.8
2005,EN,June,TMAXA,29
2005,EN,June,TMINA,17.4
2005,EN,June,SRADA,18
2005,EN,June,PRCP,1364.9
2006,NE,June,TMAXA,28.4
2006,NE,June,TMINA,17
2006,NE,June,SRADA,17.5
2006,NE,June,PRCP,1419.5
2007,NE,June,TMAXA,29.1
2007,NE,June,TMINA,17.3
2007,NE,June,SRADA,18.1
2007,NE,June,PRCP,1635.3
2008,LA,June,TMAXA,28.7
2008,LA,June,TMINA,16.7
2008,LA,June,SRADA,18.2
2008,LA,June,PRCP,1621.5
2009,NE,June,TMAXA,28.8
2009,NE,June,TMINA,16.5
2009,NE,June,SRADA,18.6
2009,NE,June,PRCP,1520.4
2010,EN,June,TMAXA,28
2010,EN,June,TMINA,17.3
2010,EN,June,SRADA,17
2010,EN,June,PRCP,2449.9
2011,LA,June,TMAXA,28.5
2011,LA,June,TMINA,16.4
2011,LA,June,SRADA,17.4
2011,LA,June,PRCP,1558.3
2012,LA,June,TMAXA,28.7
2012,LA,June,TMINA,16.5
2012,LA,June,SRADA,18.9
2012,LA,June,PRCP,1513.1
2013,NE,June,TMAXA,29
2013,NE,June,TMINA,17.1
2013,NE,June,SRADA,17.6
2013,NE,June,PRCP,1856.7
2014,NE,June,TMAXA,28.7
2014,NE,June,TMINA,17
2014,NE,June,SRADA,17.7
2014,NE,June,PRCP,1546.7
2015,EN,June,TMAXA,29.1
2015,EN,June,TMINA,17.2
2015,EN,June,SRADA,18.3
2015,EN,June,PRCP,1545
2016,EN,June,TMAXA,28.7
2016,EN,June,TMINA,17.6
2016,EN,June,SRADA,17
2016,EN,June,PRCP,3068.8
2017,NE,June,TMAXA,28.7
2017,NE,June,TMINA,16.9
2017,NE,June,SRADA,18
2017,NE,June,PRCP,1623
2018,LA,June,TMAXA,28.9
2018,LA,June,TMINA,17.3
2018,LA,June,SRADA,18
2018,LA,June,PRCP,1829.3
2019,EN,June,TMAXA,29.4
2019,EN,June,TMINA,17.6
2019,EN,June,SRADA,18.1
2019,EN,June,PRCP,1500.9
1963,NE,June,TMAXA,29.2
1963,NE,June,TMINA,15.8
1963,NE,June,SRADA,18.2
1963,NE,June,PRCP,1424.4
1964,EN,June,TMAXA,30.2
1964,EN,June,TMINA,16.6
1964,EN,June,SRADA,17.7
1964,EN,June,PRCP,1259.5
1965,LA,June,TMAXA,27.8
1965,LA,June,TMINA,15.9
1965,LA,June,SRADA,17.2
1965,LA,June,PRCP,1585.7
1966,EN,June,TMAXA,29.1
1966,EN,June,TMINA,17.4
1966,EN,June,SRADA,17.9
1966,EN,June,PRCP,1522.3
1967,NE,June,TMAXA,29.1
1967,NE,June,TMINA,17
1967,NE,June,SRADA,18.2
1967,NE,June,PRCP,1338.8
1968,NE,June,TMAXA,29.6
1968,NE,June,TMINA,17
1968,NE,June,SRADA,18.5
1968,NE,June,PRCP,1203.6
1969,EN,June,TMAXA,29.9
1969,EN,June,TMINA,17.3
1969,EN,June,SRADA,18.6
1969,EN,June,PRCP,1506.9
1970,NE,June,TMAXA,29.5
1970,NE,June,TMINA,17.5
1970,NE,June,SRADA,18.2
1970,NE,June,PRCP,1295.9
1971,LA,June,TMAXA,28.2
1971,LA,June,TMINA,16.3
1971,LA,June,SRADA,18.3
1971,LA,June,PRCP,1764.5
1972,LA,June,TMAXA,28.9
1972,LA,June,TMINA,16.4
1972,LA,June,SRADA,18.1
1972,LA,June,PRCP,1164.5
1973,EN,June,TMAXA,28.9
1973,EN,June,TMINA,17.5
1973,EN,June,SRADA,17.8
1973,EN,June,PRCP,1611.5
1974,LA,June,TMAXA,27.7
1974,LA,June,TMINA,16.7
1974,LA,June,SRADA,17.4
1974,LA,June,PRCP,1412.2
1975,LA,June,TMAXA,28.5
1975,LA,June,TMINA,16.6
1975,LA,June,SRADA,18.2
1975,LA,June,PRCP,1233.5
1976,LA,June,TMAXA,28.6
1976,LA,June,TMINA,16.6
1976,LA,June,SRADA,17.5
1976,LA,June,PRCP,1630.5
1977,NE,June,TMAXA,28.7
1977,NE,June,TMINA,16.9
1977,NE,June,SRADA,17.8
1977,NE,June,PRCP,1549.6
1978,NE,June,TMAXA,29.5
1978,NE,June,TMINA,17.4
1978,NE,June,SRADA,18
1978,NE,June,PRCP,1152.5
1979,NE,June,TMAXA,28.9
1979,NE,June,TMINA,16.9
1979,NE,June,SRADA,18.1
1979,NE,June,PRCP,1229.4
1980,NE,June,TMAXA,28.2
1980,NE,June,TMINA,17.9
1980,NE,June,SRADA,17.4
1980,NE,June,PRCP,1969.4
1981,NE,June,TMAXA,28.4
1981,NE,June,TMINA,17.9
1981,NE,June,SRADA,17.6
1981,NE,June,PRCP,1714.4
1982,NE,June,TMAXA,28.2
1982,NE,June,TMINA,17.4
1982,NE,June,SRADA,17.6
1982,NE,June,PRCP,1463.7
1983,EN,June,TMAXA,27.7
1983,EN,June,TMINA,18.1
1983,EN,June,SRADA,16.6
1983,EN,June,PRCP,2452.3
1984,NE,June,TMAXA,28.6
1984,NE,June,TMINA,18
1984,NE,June,SRADA,17.7
1984,NE,June,PRCP,1602.4
1985,LA,June,TMAXA,28.5
1985,LA,June,TMINA,17.4
1985,LA,June,SRADA,18
1985,LA,June,PRCP,1415.1
1986,NE,June,TMAXA,29.6
1986,NE,June,TMINA,17.5
1986,NE,June,SRADA,18.4
1986,NE,June,PRCP,1268.9
1987,EN,June,TMAXA,28.2
1987,EN,June,TMINA,18.1
1987,EN,June,SRADA,17.7
1987,EN,June,PRCP,1555
1988,EN,June,TMAXA,28.4
1988,EN,June,TMINA,18.1
1988,EN,June,SRADA,17.6
1988,EN,June,PRCP,1530.3
1989,LA,June,TMAXA,28.8
1989,LA,June,TMINA,18
1989,LA,June,SRADA,18.2
1989,LA,June,PRCP,1301.3
1990,NE,June,TMAXA,28.2
1990,NE,June,TMINA,17.6
1990,NE,June,SRADA,18.4
1990,NE,June,PRCP,1752.8
1991,NE,June,TMAXA,28.2
1991,NE,June,TMINA,17.8
1991,NE,June,SRADA,18.2
1991,NE,June,PRCP,1498
1992,EN,June,TMAXA,28.6
1992,EN,June,TMINA,18.3
1992,EN,June,SRADA,17.7
1992,EN,June,PRCP,1716.5
1993,NE,June,TMAXA,28.1
1993,NE,June,TMINA,17.6
1993,NE,June,SRADA,17.7
1993,NE,June,PRCP,1508.5
1994,NE,June,TMAXA,28.7
1994,NE,June,TMINA,18
1994,NE,June,SRADA,16.9
1994,NE,June,PRCP,1547.1
1995,EN,June,TMAXA,29.3
1995,EN,June,TMINA,18.2
1995,EN,June,SRADA,16.9
1995,EN,June,PRCP,1521.8
1996,LA,June,TMAXA,28.9
1996,LA,June,TMINA,18.4
1996,LA,June,SRADA,17.5
1996,LA,June,PRCP,1716.4
1997,NE,June,TMAXA,28.4
1997,NE,June,TMINA,17.8
1997,NE,June,SRADA,17.5
1997,NE,June,PRCP,2063.9
1998,EN,June,TMAXA,29.1
1998,EN,June,TMINA,18.5
1998,EN,June,SRADA,17.1
1998,EN,June,PRCP,1879.7
1999,LA,June,TMAXA,28.6
1999,LA,June,TMINA,18
1999,LA,June,SRADA,17.7
1999,LA,June,PRCP,1705.4
2000,LA,June,TMAXA,29.3
2000,LA,June,TMINA,17.7
2000,LA,June,SRADA,18.3
2000,LA,June,PRCP,1170.8
2001,LA,June,TMAXA,29
2001,LA,June,TMINA,18.5
2001,LA,June,SRADA,18.2
2001,LA,June,PRCP,1905.8
2002,NE,June,TMAXA,30
2002,NE,June,TMINA,19.3
2002,NE,June,SRADA,18.7
2002,NE,June,PRCP,1386.5
2003,EN,June,TMAXA,29.6
2003,EN,June,TMINA,19.1
2003,EN,June,SRADA,18
2003,EN,June,PRCP,1845.4
2004,NE,June,TMAXA,28.8
2004,NE,June,TMINA,17.9
2004,NE,June,SRADA,18.7
2004,NE,June,PRCP,1335.2
2005,EN,June,TMAXA,29.5
2005,EN,June,TMINA,18.9
2005,EN,June,SRADA,18.2
2005,EN,June,PRCP,1555.1
2006,NE,June,TMAXA,29
2006,NE,June,TMINA,18.3
2006,NE,June,SRADA,17.6
2006,NE,June,PRCP,1582
2007,NE,June,TMAXA,29.7
2007,NE,June,TMINA,19
2007,NE,June,SRADA,18
2007,NE,June,PRCP,1553.3
2008,LA,June,TMAXA,29.5
2008,LA,June,TMINA,18.6
2008,LA,June,SRADA,18.2
2008,LA,June,PRCP,1443.6
2009,NE,June,TMAXA,29.6
2009,NE,June,TMINA,18.2
2009,NE,June,SRADA,18.8
2009,NE,June,PRCP,1534.8
2010,EN,June,TMAXA,28.7
2010,EN,June,TMINA,18.6
2010,EN,June,SRADA,16.9
2010,EN,June,PRCP,2021.5
2011,LA,June,TMAXA,29.3
2011,LA,June,TMINA,17.6
2011,LA,June,SRADA,18.1
2011,LA,June,PRCP,1680.1
2012,LA,June,TMAXA,29.5
2012,LA,June,TMINA,17.8
2012,LA,June,SRADA,19.3
2012,LA,June,PRCP,1341.7
2013,NE,June,TMAXA,29.8
2013,NE,June,TMINA,18.3
2013,NE,June,SRADA,18.7
2013,NE,June,PRCP,1789.3
2014,NE,June,TMAXA,29.4
2014,NE,June,TMINA,18.1
2014,NE,June,SRADA,18.7
2014,NE,June,PRCP,1824.3
2015,EN,June,TMAXA,29.8
2015,EN,June,TMINA,18.8
2015,EN,June,SRADA,18.4
2015,EN,June,PRCP,1861
2016,EN,June,TMAXA,29.3
2016,EN,June,TMINA,18.7
2016,EN,June,SRADA,17.4
2016,EN,June,PRCP,3033.7
2017,NE,June,TMAXA,29.4
2017,NE,June,TMINA,18.2
2017,NE,June,SRADA,18.8
2017,NE,June,PRCP,1853.6
2018,LA,June,TMAXA,29.7
2018,LA,June,TMINA,19
2018,LA,June,SRADA,18.2
2018,LA,June,PRCP,1653.6
2019,EN,June,TMAXA,30.2
2019,EN,June,TMINA,18.8
2019,EN,June,SRADA,18.3
2019,EN,June,PRCP,1804.9
1963,NE,June,TMAXA,28.6
1963,NE,June,TMINA,14.5
1963,NE,June,SRADA,18.3
1963,NE,June,PRCP,1114.4
1964,EN,June,TMAXA,29.8
1964,EN,June,TMINA,15.1
1964,EN,June,SRADA,17.7
1964,EN,June,PRCP,834.7
1965,LA,June,TMAXA,27.2
1965,LA,June,TMINA,14.7
1965,LA,June,SRADA,17.1
1965,LA,June,PRCP,1680.2
1966,EN,June,TMAXA,28.4
1966,EN,June,TMINA,15.6
1966,EN,June,SRADA,17.7
1966,EN,June,PRCP,1069.2
1967,NE,June,TMAXA,28.3
1967,NE,June,TMINA,15.6
1967,NE,June,SRADA,17.7
1967,NE,June,PRCP,1417.9
1968,NE,June,TMAXA,27.5
1968,NE,June,TMINA,14.7
1968,NE,June,SRADA,17.4
1968,NE,June,PRCP,985.6
1969,EN,June,TMAXA,27.3
1969,EN,June,TMINA,14.7
1969,EN,June,SRADA,18
1969,EN,June,PRCP,782.1
1970,NE,June,TMAXA,26.7
1970,NE,June,TMINA,15.4
1970,NE,June,SRADA,16.8
1970,NE,June,PRCP,1589.4
1971,LA,June,TMAXA,26.6
1971,LA,June,TMINA,15.1
1971,LA,June,SRADA,17.7
1971,LA,June,PRCP,1008.6
1972,LA,June,TMAXA,27.2
1972,LA,June,TMINA,15.7
1972,LA,June,SRADA,17.8
1972,LA,June,PRCP,1043.6
1973,EN,June,TMAXA,27.8
1973,EN,June,TMINA,16.8
1973,EN,June,SRADA,17.5
1973,EN,June,PRCP,1283.5
1974,LA,June,TMAXA,27.1
1974,LA,June,TMINA,16
1974,LA,June,SRADA,17
1974,LA,June,PRCP,1174.3
1975,LA,June,TMAXA,27.6
1975,LA,June,TMINA,15.7
1975,LA,June,SRADA,17.4
1975,LA,June,PRCP,1081.2
1976,LA,June,TMAXA,27.5
1976,LA,June,TMINA,16.4
1976,LA,June,SRADA,16.9
1976,LA,June,PRCP,1555.9
1977,NE,June,TMAXA,27
1977,NE,June,TMINA,16.2
1977,NE,June,SRADA,17.4
1977,NE,June,PRCP,1623
1978,NE,June,TMAXA,28.2
1978,NE,June,TMINA,16.7
1978,NE,June,SRADA,17.7
1978,NE,June,PRCP,1183
1979,NE,June,TMAXA,27.2
1979,NE,June,TMINA,16
1979,NE,June,SRADA,17.5
1979,NE,June,PRCP,1267.3
1980,NE,June,TMAXA,27.3
1980,NE,June,TMINA,16.6
1980,NE,June,SRADA,16.4
1980,NE,June,PRCP,1108.7
1981,NE,June,TMAXA,27.3
1981,NE,June,TMINA,16.5
1981,NE,June,SRADA,16.7
1981,NE,June,PRCP,1236.3
1982,NE,June,TMAXA,26.2
1982,NE,June,TMINA,15.6
1982,NE,June,SRADA,15.9
1982,NE,June,PRCP,1247.6
1983,EN,June,TMAXA,26.5
1983,EN,June,TMINA,16.7
1983,EN,June,SRADA,15.3
1983,EN,June,PRCP,2186.3
1984,NE,June,TMAXA,27.4
1984,NE,June,TMINA,16.7
1984,NE,June,SRADA,16.2
1984,NE,June,PRCP,1283.6
1985,LA,June,TMAXA,26.7
1985,LA,June,TMINA,16.2
1985,LA,June,SRADA,15.8
1985,LA,June,PRCP,1182.9
1986,NE,June,TMAXA,27.7
1986,NE,June,TMINA,16.5
1986,NE,June,SRADA,16.4
1986,NE,June,PRCP,1016
1987,EN,June,TMAXA,27
1987,EN,June,TMINA,16.7
1987,EN,June,SRADA,15.8
1987,EN,June,PRCP,1609.9
1988,EN,June,TMAXA,27.2
1988,EN,June,TMINA,16.8
1988,EN,June,SRADA,15.1
1988,EN,June,PRCP,1306.7
1989,LA,June,TMAXA,27
1989,LA,June,TMINA,16.6
1989,LA,June,SRADA,15.8
1989,LA,June,PRCP,1256.3
1990,NE,June,TMAXA,27
1990,NE,June,TMINA,16.5
1990,NE,June,SRADA,16
1990,NE,June,PRCP,1180.3
1991,NE,June,TMAXA,26.7
1991,NE,June,TMINA,16.5
1991,NE,June,SRADA,14.9
1991,NE,June,PRCP,1582.7
1992,EN,June,TMAXA,27.7
1992,EN,June,TMINA,17.4
1992,EN,June,SRADA,15.4
1992,EN,June,PRCP,1185
1993,NE,June,TMAXA,27.1
1993,NE,June,TMINA,17
1993,NE,June,SRADA,14.8
1993,NE,June,PRCP,1339.3
1994,NE,June,TMAXA,27.7
1994,NE,June,TMINA,16.6
1994,NE,June,SRADA,15.2
1994,NE,June,PRCP,1248.9
1995,EN,June,TMAXA,28.6
1995,EN,June,TMINA,16.6
1995,EN,June,SRADA,15.6
1995,EN,June,PRCP,1584.2
1996,LA,June,TMAXA,28.3
1996,LA,June,TMINA,16.6
1996,LA,June,SRADA,15.9
1996,LA,June,PRCP,1454
1997,NE,June,TMAXA,27.2
1997,NE,June,TMINA,15.1
1997,NE,June,SRADA,15.8
1997,NE,June,PRCP,1461
1998,EN,June,TMAXA,28.6
1998,EN,June,TMINA,16.6
1998,EN,June,SRADA,16.4
1998,EN,June,PRCP,1224
1999,LA,June,TMAXA,27.7
1999,LA,June,TMINA,16.1
1999,LA,June,SRADA,15.6
1999,LA,June,PRCP,1444.9
2000,LA,June,TMAXA,28.4
2000,LA,June,TMINA,15.1
2000,LA,June,SRADA,16.5
2000,LA,June,PRCP,975.9
2001,LA,June,TMAXA,28.8
2001,LA,June,TMINA,16.8
2001,LA,June,SRADA,16.6
2001,LA,June,PRCP,1167.4
2002,NE,June,TMAXA,28.5
2002,NE,June,TMINA,17
2002,NE,June,SRADA,16.7
2002,NE,June,PRCP,1458
2003,EN,June,TMAXA,28.6
2003,EN,June,TMINA,17.3
2003,EN,June,SRADA,16.5
2003,EN,June,PRCP,1350.3
2004,NE,June,TMAXA,27.2
2004,NE,June,TMINA,16.2
2004,NE,June,SRADA,16.4
2004,NE,June,PRCP,1361.8
2005,EN,June,TMAXA,27.9
2005,EN,June,TMINA,17
2005,EN,June,SRADA,16.5
2005,EN,June,PRCP,1277.5
2006,NE,June,TMAXA,27.5
2006,NE,June,TMINA,16.8
2006,NE,June,SRADA,16
2006,NE,June,PRCP,1224.8
2007,NE,June,TMAXA,28.4
2007,NE,June,TMINA,16.9
2007,NE,June,SRADA,17.4
2007,NE,June,PRCP,1110.4
2008,LA,June,TMAXA,27.8
2008,LA,June,TMINA,16
2008,LA,June,SRADA,16.6
2008,LA,June,PRCP,1372.5
2009,NE,June,TMAXA,27.8
2009,NE,June,TMINA,15.9
2009,NE,June,SRADA,17
2009,NE,June,PRCP,1418.8
2010,EN,June,TMAXA,27.7
2010,EN,June,TMINA,16.7
2010,EN,June,SRADA,16.1
2010,EN,June,PRCP,1704.2
2011,LA,June,TMAXA,27.9
2011,LA,June,TMINA,16.1
2011,LA,June,SRADA,16.8
2011,LA,June,PRCP,1377.5
2012,LA,June,TMAXA,27.9
2012,LA,June,TMINA,15.8
2012,LA,June,SRADA,17.6
2012,LA,June,PRCP,1270.6
2013,NE,June,TMAXA,28.1
2013,NE,June,TMINA,16.3
2013,NE,June,SRADA,17.4
2013,NE,June,PRCP,1293.8
2014,NE,June,TMAXA,28.4
2014,NE,June,TMINA,16.2
2014,NE,June,SRADA,18.1
2014,NE,June,PRCP,1052.5
2015,EN,June,TMAXA,28.5
2015,EN,June,TMINA,16.6
2015,EN,June,SRADA,17.7
2015,EN,June,PRCP,1267
2016,EN,June,TMAXA,28.4
2016,EN,June,TMINA,17.2
2016,EN,June,SRADA,16.8
2016,EN,June,PRCP,1703.3
2017,NE,June,TMAXA,28
2017,NE,June,TMINA,16.4
2017,NE,June,SRADA,17.7
2017,NE,June,PRCP,1730.6
2018,LA,June,TMAXA,28.5
2018,LA,June,TMINA,16.3
2018,LA,June,SRADA,17.9
2018,LA,June,PRCP,1038.1
2019,EN,June,TMAXA,28.7
2019,EN,June,TMINA,16.7
2019,EN,June,SRADA,17.6
2019,EN,June,PRCP,1357.9
1963,NE,June,TMAXA,25.5
1963,NE,June,TMINA,12.2
1963,NE,June,SRADA,16.9
1963,NE,June,PRCP,1196.9
1964,EN,June,TMAXA,26.3
1964,EN,June,TMINA,13.1
1964,EN,June,SRADA,15.8
1964,EN,June,PRCP,1171.2
1965,LA,June,TMAXA,24.3
1965,LA,June,TMINA,12
1965,LA,June,SRADA,16.2
1965,LA,June,PRCP,1496.2
1966,EN,June,TMAXA,25.6
1966,EN,June,TMINA,13.1
1966,EN,June,SRADA,16.1
1966,EN,June,PRCP,1094.4
1967,NE,June,TMAXA,25
1967,NE,June,TMINA,12.6
1967,NE,June,SRADA,16
1967,NE,June,PRCP,1420.9
1968,NE,June,TMAXA,25.5
1968,NE,June,TMINA,12.2
1968,NE,June,SRADA,16.7
1968,NE,June,PRCP,1182
1969,EN,June,TMAXA,25.8
1969,EN,June,TMINA,12.8
1969,EN,June,SRADA,16.7
1969,EN,June,PRCP,1066.5
1970,NE,June,TMAXA,25.1
1970,NE,June,TMINA,13.5
1970,NE,June,SRADA,15.9
1970,NE,June,PRCP,1490.9
1971,LA,June,TMAXA,24.7
1971,LA,June,TMINA,13
1971,LA,June,SRADA,16
1971,LA,June,PRCP,1750.6
1972,LA,June,TMAXA,25.2
1972,LA,June,TMINA,13.1
1972,LA,June,SRADA,16.4
1972,LA,June,PRCP,1380.5
1973,EN,June,TMAXA,25
1973,EN,June,TMINA,14.2
1973,EN,June,SRADA,15.4
1973,EN,June,PRCP,1720.5
1974,LA,June,TMAXA,23.6
1974,LA,June,TMINA,12.8
1974,LA,June,SRADA,15.6
1974,LA,June,PRCP,1563.9
1975,LA,June,TMAXA,24.4
1975,LA,June,TMINA,12.9
1975,LA,June,SRADA,16.1
1975,LA,June,PRCP,1200
1976,LA,June,TMAXA,24
1976,LA,June,TMINA,13.1
1976,LA,June,SRADA,15.6
1976,LA,June,PRCP,1786.2
1977,NE,June,TMAXA,24.4
1977,NE,June,TMINA,12.9
1977,NE,June,SRADA,16.1
1977,NE,June,PRCP,1505.6
1978,NE,June,TMAXA,23.6
1978,NE,June,TMINA,13.5
1978,NE,June,SRADA,16.4
1978,NE,June,PRCP,1394.7
1979,NE,June,TMAXA,24
1979,NE,June,TMINA,12.9
1979,NE,June,SRADA,16.4
1979,NE,June,PRCP,1294.2
1980,NE,June,TMAXA,25.1
1980,NE,June,TMINA,13.4
1980,NE,June,SRADA,15.6
1980,NE,June,PRCP,1607.3
1981,NE,June,TMAXA,25
1981,NE,June,TMINA,14.2
1981,NE,June,SRADA,15.5
1981,NE,June,PRCP,1620
1982,NE,June,TMAXA,25.2
1982,NE,June,TMINA,12.5
1982,NE,June,SRADA,15.9
1982,NE,June,PRCP,1206
1983,EN,June,TMAXA,24.3
1983,EN,June,TMINA,14
1983,EN,June,SRADA,14.3
1983,EN,June,PRCP,2686.9
1984,NE,June,TMAXA,24.8
1984,NE,June,TMINA,13.5
1984,NE,June,SRADA,15
1984,NE,June,PRCP,1946.7
1985,LA,June,TMAXA,24.8
1985,LA,June,TMINA,12.6
1985,LA,June,SRADA,15.6
1985,LA,June,PRCP,1434.8
1986,NE,June,TMAXA,26.3
1986,NE,June,TMINA,13.5
1986,NE,June,SRADA,16.5
1986,NE,June,PRCP,1108
1987,EN,June,TMAXA,24.9
1987,EN,June,TMINA,13.3
1987,EN,June,SRADA,15.1
1987,EN,June,PRCP,1932.4
1988,EN,June,TMAXA,24.9
1988,EN,June,TMINA,13.8
1988,EN,June,SRADA,14.8
1988,EN,June,PRCP,1497.5
1989,LA,June,TMAXA,25.1
1989,LA,June,TMINA,13.3
1989,LA,June,SRADA,15.6
1989,LA,June,PRCP,1274.3
1990,NE,June,TMAXA,24.6
1990,NE,June,TMINA,13.5
1990,NE,June,SRADA,16.9
1990,NE,June,PRCP,1875
1991,NE,June,TMAXA,24.3
1991,NE,June,TMINA,13.6
1991,NE,June,SRADA,16.1
1991,NE,June,PRCP,1493.9
1992,EN,June,TMAXA,25.1
1992,EN,June,TMINA,13.7
1992,EN,June,SRADA,15.9
1992,EN,June,PRCP,2145.2
1993,NE,June,TMAXA,23.8
1993,NE,June,TMINA,13.8
1993,NE,June,SRADA,15.7
1993,NE,June,PRCP,1533.6
1994,NE,June,TMAXA,25.1
1994,NE,June,TMINA,13.9
1994,NE,June,SRADA,16.1
1994,NE,June,PRCP,2071
1995,EN,June,TMAXA,25.7
1995,EN,June,TMINA,13.3
1995,EN,June,SRADA,15.7
1995,EN,June,PRCP,1464.8
1996,LA,June,TMAXA,25.6
1996,LA,June,TMINA,13.3
1996,LA,June,SRADA,15.6
1996,LA,June,PRCP,1658.7
1997,NE,June,TMAXA,24.5
1997,NE,June,TMINA,13
1997,NE,June,SRADA,15.5
1997,NE,June,PRCP,1457.3
1998,EN,June,TMAXA,24.9
1998,EN,June,TMINA,14.2
1998,EN,June,SRADA,15.3
1998,EN,June,PRCP,1926.5
1999,LA,June,TMAXA,24.5
1999,LA,June,TMINA,13.9
1999,LA,June,SRADA,16
1999,LA,June,PRCP,1700.1
2000,LA,June,TMAXA,25.4
2000,LA,June,TMINA,13.4
2000,LA,June,SRADA,16.4
2000,LA,June,PRCP,1092.7
2001,LA,June,TMAXA,25.6
2001,LA,June,TMINA,14.2
2001,LA,June,SRADA,16
2001,LA,June,PRCP,2068.2
2002,NE,June,TMAXA,26.6
2002,NE,June,TMINA,14.8
2002,NE,June,SRADA,16.7
2002,NE,June,PRCP,1446.8
2003,EN,June,TMAXA,26.4
2003,EN,June,TMINA,14.3
2003,EN,June,SRADA,15.7
2003,EN,June,PRCP,1628
2004,NE,June,TMAXA,25.6
2004,NE,June,TMINA,13.3
2004,NE,June,SRADA,16.4
2004,NE,June,PRCP,1798.6
2005,EN,June,TMAXA,26.6
2005,EN,June,TMINA,14.3
2005,EN,June,SRADA,16.2
2005,EN,June,PRCP,1189.9
2006,NE,June,TMAXA,26.1
2006,NE,June,TMINA,13.9
2006,NE,June,SRADA,15.9
2006,NE,June,PRCP,1535.6
2007,NE,June,TMAXA,26.3
2007,NE,June,TMINA,14.5
2007,NE,June,SRADA,16.2
2007,NE,June,PRCP,1735
2008,LA,June,TMAXA,26
2008,LA,June,TMINA,13.9
2008,LA,June,SRADA,16.2
2008,LA,June,PRCP,1572.8
2009,NE,June,TMAXA,26.1
2009,NE,June,TMINA,14.1
2009,NE,June,SRADA,16.5
2009,NE,June,PRCP,1296.7
2010,EN,June,TMAXA,25.5
2010,EN,June,TMINA,15
2010,EN,June,SRADA,14.7
2010,EN,June,PRCP,2303.5
2011,LA,June,TMAXA,25.5
2011,LA,June,TMINA,14
2011,LA,June,SRADA,15.8
2011,LA,June,PRCP,1368.2
2012,LA,June,TMAXA,25.8
2012,LA,June,TMINA,13.7
2012,LA,June,SRADA,16.5
2012,LA,June,PRCP,2032.6
2013,NE,June,TMAXA,26
2013,NE,June,TMINA,14.4
2013,NE,June,SRADA,15.6
2013,NE,June,PRCP,1552.5
2014,NE,June,TMAXA,25.8
2014,NE,June,TMINA,14.3
2014,NE,June,SRADA,16.2
2014,NE,June,PRCP,1696.7
2015,EN,June,TMAXA,26
2015,EN,June,TMINA,14.9
2015,EN,June,SRADA,15.8
2015,EN,June,PRCP,1844.2
2016,EN,June,TMAXA,25.6
2016,EN,June,TMINA,15.3
2016,EN,June,SRADA,14.5
2016,EN,June,PRCP,2219.9
2017,NE,June,TMAXA,25.5
2017,NE,June,TMINA,14.6
2017,NE,June,SRADA,15.4
2017,NE,June,PRCP,1839.9
2018,LA,June,TMAXA,26.1
2018,LA,June,TMINA,14.8
2018,LA,June,SRADA,15
2018,LA,June,PRCP,1537.9
2019,EN,June,TMAXA,26.2
2019,EN,June,TMINA,15.5
2019,EN,June,SRADA,14.5
2019,EN,June,PRCP,1622.1
1963,NE,June,TMAXA,24.8
1963,NE,June,TMINA,12.3
1963,NE,June,SRADA,16.9
1963,NE,June,PRCP,1036.2
1964,EN,June,TMAXA,24.7
1964,EN,June,TMINA,12.5
1964,EN,June,SRADA,15.3
1964,EN,June,PRCP,1366.7
1965,LA,June,TMAXA,23.9
1965,LA,June,TMINA,11.7
1965,LA,June,SRADA,16.2
1965,LA,June,PRCP,1252.4
1966,EN,June,TMAXA,24.2
1966,EN,June,TMINA,12.3
1966,EN,June,SRADA,15.4
1966,EN,June,PRCP,1480.5
1967,NE,June,TMAXA,23.6
1967,NE,June,TMINA,11.5
1967,NE,June,SRADA,15.6
1967,NE,June,PRCP,1530.2
1968,NE,June,TMAXA,24.2
1968,NE,June,TMINA,11.1
1968,NE,June,SRADA,16.3
1968,NE,June,PRCP,1206.8
1969,EN,June,TMAXA,24.8
1969,EN,June,TMINA,11.9
1969,EN,June,SRADA,16.4
1969,EN,June,PRCP,1118.3
1970,NE,June,TMAXA,24.3
1970,NE,June,TMINA,12.1
1970,NE,June,SRADA,15.5
1970,NE,June,PRCP,1544.5
1971,LA,June,TMAXA,24
1971,LA,June,TMINA,11.7
1971,LA,June,SRADA,15.5
1971,LA,June,PRCP,1849.7
1972,LA,June,TMAXA,24.7
1972,LA,June,TMINA,12.3
1972,LA,June,SRADA,16
1972,LA,June,PRCP,1507.8
1973,EN,June,TMAXA,24
1973,EN,June,TMINA,13.6
1973,EN,June,SRADA,14.9
1973,EN,June,PRCP,1802.6
1974,LA,June,TMAXA,23.3
1974,LA,June,TMINA,12.4
1974,LA,June,SRADA,15.1
1974,LA,June,PRCP,1656.1
1975,LA,June,TMAXA,23.7
1975,LA,June,TMINA,12.3
1975,LA,June,SRADA,15.9
1975,LA,June,PRCP,1042.7
1976,LA,June,TMAXA,23.4
1976,LA,June,TMINA,11.9
1976,LA,June,SRADA,14.9
1976,LA,June,PRCP,1973.2
1977,NE,June,TMAXA,23.3
1977,NE,June,TMINA,12.6
1977,NE,June,SRADA,15.4
1977,NE,June,PRCP,1477.6
1978,NE,June,TMAXA,24.8
1978,NE,June,TMINA,12.3
1978,NE,June,SRADA,15.9
1978,NE,June,PRCP,1055.2
1979,NE,June,TMAXA,24.4
1979,NE,June,TMINA,12
1979,NE,June,SRADA,15.6
1979,NE,June,PRCP,1427.2
1980,NE,June,TMAXA,24.4
1980,NE,June,TMINA,12.8
1980,NE,June,SRADA,15.3
1980,NE,June,PRCP,1515.9
1981,NE,June,TMAXA,24.1
1981,NE,June,TMINA,13.2
1981,NE,June,SRADA,15.1
1981,NE,June,PRCP,1442
1982,NE,June,TMAXA,23.9
1982,NE,June,TMINA,11.9
1982,NE,June,SRADA,15.3
1982,NE,June,PRCP,1033.7
1983,EN,June,TMAXA,23.6
1983,EN,June,TMINA,13.3
1983,EN,June,SRADA,13.8
1983,EN,June,PRCP,2294
1984,NE,June,TMAXA,24.2
1984,NE,June,TMINA,13
1984,NE,June,SRADA,14.2
1984,NE,June,PRCP,1997.1
1985,LA,June,TMAXA,24
1985,LA,June,TMINA,12.7
1985,LA,June,SRADA,15
1985,LA,June,PRCP,1363
1986,NE,June,TMAXA,25.2
1986,NE,June,TMINA,13.6
1986,NE,June,SRADA,16.3
1986,NE,June,PRCP,1136.8
1987,EN,June,TMAXA,24.1
1987,EN,June,TMINA,13.5
1987,EN,June,SRADA,14.7
1987,EN,June,PRCP,1823.8
1988,EN,June,TMAXA,24.2
1988,EN,June,TMINA,13.5
1988,EN,June,SRADA,14
1988,EN,June,PRCP,1260.6
1989,LA,June,TMAXA,24.3
1989,LA,June,TMINA,13.3
1989,LA,June,SRADA,14.7
1989,LA,June,PRCP,1268.7
1990,NE,June,TMAXA,23.7
1990,NE,June,TMINA,13.2
1990,NE,June,SRADA,16
1990,NE,June,PRCP,1716.9
1991,NE,June,TMAXA,24
1991,NE,June,TMINA,13.2
1991,NE,June,SRADA,15.2
1991,NE,June,PRCP,1604.7
1992,EN,June,TMAXA,24.7
1992,EN,June,TMINA,13.7
1992,EN,June,SRADA,15
1992,EN,June,PRCP,1673.8
1993,NE,June,TMAXA,23.5
1993,NE,June,TMINA,13.4
1993,NE,June,SRADA,14.9
1993,NE,June,PRCP,1534.6
1994,NE,June,TMAXA,24.5
1994,NE,June,TMINA,13.6
1994,NE,June,SRADA,15.8
1994,NE,June,PRCP,1548.2
1995,EN,June,TMAXA,24.9
1995,EN,June,TMINA,13.2
1995,EN,June,SRADA,15.6
1995,EN,June,PRCP,1422.9
1996,LA,June,TMAXA,24.7
1996,LA,June,TMINA,13.5
1996,LA,June,SRADA,15.4
1996,LA,June,PRCP,1799.1
1997,NE,June,TMAXA,23.9
1997,NE,June,TMINA,13
1997,NE,June,SRADA,15.4
1997,NE,June,PRCP,1624
1998,EN,June,TMAXA,24.4
1998,EN,June,TMINA,14.1
1998,EN,June,SRADA,14.5
1998,EN,June,PRCP,2412.2
1999,LA,June,TMAXA,23.8
1999,LA,June,TMINA,13.9
1999,LA,June,SRADA,15.1
1999,LA,June,PRCP,1739.6
2000,LA,June,TMAXA,24.4
2000,LA,June,TMINA,12.9
2000,LA,June,SRADA,16
2000,LA,June,PRCP,1201.1
2001,LA,June,TMAXA,24.9
2001,LA,June,TMINA,13.7
2001,LA,June,SRADA,15.5
2001,LA,June,PRCP,1825.8
2002,NE,June,TMAXA,25.7
2002,NE,June,TMINA,14.4
2002,NE,June,SRADA,16.3
2002,NE,June,PRCP,1346.1
2003,EN,June,TMAXA,25.4
2003,EN,June,TMINA,14
2003,EN,June,SRADA,15.5
2003,EN,June,PRCP,1608.6
2004,NE,June,TMAXA,24.5
2004,NE,June,TMINA,13
2004,NE,June,SRADA,16.1
2004,NE,June,PRCP,1474
2005,EN,June,TMAXA,25.4
2005,EN,June,TMINA,13.9
2005,EN,June,SRADA,16.2
2005,EN,June,PRCP,1201.6
2006,NE,June,TMAXA,24.9
2006,NE,June,TMINA,13.5
2006,NE,June,SRADA,15.8
2006,NE,June,PRCP,1380.9
2007,NE,June,TMAXA,25.4
2007,NE,June,TMINA,14.3
2007,NE,June,SRADA,16.1
2007,NE,June,PRCP,1537.6
2008,LA,June,TMAXA,24.8
2008,LA,June,TMINA,13.8
2008,LA,June,SRADA,16
2008,LA,June,PRCP,1422
2009,NE,June,TMAXA,24.5
2009,NE,June,TMINA,13.6
2009,NE,June,SRADA,15.8
2009,NE,June,PRCP,1248
2010,EN,June,TMAXA,23.9
2010,EN,June,TMINA,14.3
2010,EN,June,SRADA,14.2
2010,EN,June,PRCP,2329.6
2011,LA,June,TMAXA,23.7
2011,LA,June,TMINA,13.2
2011,LA,June,SRADA,14.8
2011,LA,June,PRCP,1454.5
2012,LA,June,TMAXA,23.9
2012,LA,June,TMINA,12.3
2012,LA,June,SRADA,15.4
2012,LA,June,PRCP,2067.6
2013,NE,June,TMAXA,24.8
2013,NE,June,TMINA,13
2013,NE,June,SRADA,15.1
2013,NE,June,PRCP,1480.9
2014,NE,June,TMAXA,24.4
2014,NE,June,TMINA,12.9
2014,NE,June,SRADA,15.2
2014,NE,June,PRCP,1816.1
2015,EN,June,TMAXA,24.9
2015,EN,June,TMINA,13.6
2015,EN,June,SRADA,14.9
2015,EN,June,PRCP,1638.6
2016,EN,June,TMAXA,24.8
2016,EN,June,TMINA,14
2016,EN,June,SRADA,13.9
2016,EN,June,PRCP,2021.9
2017,NE,June,TMAXA,24.6
2017,NE,June,TMINA,13
2017,NE,June,SRADA,14.7
2017,NE,June,PRCP,1661.5
2018,LA,June,TMAXA,25.1
2018,LA,June,TMINA,13
2018,LA,June,SRADA,15
2018,LA,June,PRCP,1587.8
2019,EN,June,TMAXA,25.4
2019,EN,June,TMINA,13.8
2019,EN,June,SRADA,14.5
2019,EN,June,PRCP,1675.2
1963,NE,July,TMAXA,30.3
1963,NE,July,TMINA,16.5
1963,NE,July,SRADA,18.5
1963,NE,July,PRCP,1135.4
1964,EN,July,TMAXA,31.5
1964,EN,July,TMINA,17.1
1964,EN,July,SRADA,17.4
1964,EN,July,PRCP,1219
1965,LA,July,TMAXA,29.4
1965,LA,July,TMINA,15.9
1965,LA,July,SRADA,17.6
1965,LA,July,PRCP,1407
1966,EN,July,TMAXA,30.9
1966,EN,July,TMINA,17.2
1966,EN,July,SRADA,18.3
1966,EN,July,PRCP,1187.4
1967,NE,July,TMAXA,29.2
1967,NE,July,TMINA,16.4
1967,NE,July,SRADA,18.4
1967,NE,July,PRCP,1137.1
1968,NE,July,TMAXA,29.2
1968,NE,July,TMINA,16.4
1968,NE,July,SRADA,18.6
1968,NE,July,PRCP,1140.5
1969,EN,July,TMAXA,29.4
1969,EN,July,TMINA,17
1969,EN,July,SRADA,18.9
1969,EN,July,PRCP,1118
1970,NE,July,TMAXA,29.5
1970,NE,July,TMINA,16.6
1970,NE,July,SRADA,18.5
1970,NE,July,PRCP,1302.6
1971,LA,July,TMAXA,29
1971,LA,July,TMINA,16.5
1971,LA,July,SRADA,19
1971,LA,July,PRCP,1385.3
1972,LA,July,TMAXA,28.8
1972,LA,July,TMINA,17.9
1972,LA,July,SRADA,18.3
1972,LA,July,PRCP,1409.1
1973,EN,July,TMAXA,29.1
1973,EN,July,TMINA,18.3
1973,EN,July,SRADA,18.2
1973,EN,July,PRCP,1540.7
1974,LA,July,TMAXA,28.2
1974,LA,July,TMINA,17
1974,LA,July,SRADA,17.7
1974,LA,July,PRCP,1611.7
1975,LA,July,TMAXA,28.9
1975,LA,July,TMINA,17.6
1975,LA,July,SRADA,18.7
1975,LA,July,PRCP,1113.9
1976,LA,July,TMAXA,28.9
1976,LA,July,TMINA,17.8
1976,LA,July,SRADA,18.2
1976,LA,July,PRCP,1525.2
1977,NE,July,TMAXA,28.9
1977,NE,July,TMINA,18
1977,NE,July,SRADA,18.1
1977,NE,July,PRCP,1392
1978,NE,July,TMAXA,29.7
1978,NE,July,TMINA,18.4
1978,NE,July,SRADA,18.5
1978,NE,July,PRCP,1201.7
1979,NE,July,TMAXA,29
1979,NE,July,TMINA,17.4
1979,NE,July,SRADA,18.5
1979,NE,July,PRCP,1034.9
1980,NE,July,TMAXA,28.8
1980,NE,July,TMINA,18.6
1980,NE,July,SRADA,17.6
1980,NE,July,PRCP,1516.5
1981,NE,July,TMAXA,29.1
1981,NE,July,TMINA,18.4
1981,NE,July,SRADA,18.1
1981,NE,July,PRCP,1136
1982,NE,July,TMAXA,28.8
1982,NE,July,TMINA,18.2
1982,NE,July,SRADA,17.5
1982,NE,July,PRCP,1145.4
1983,EN,July,TMAXA,28.8
1983,EN,July,TMINA,18.9
1983,EN,July,SRADA,17.2
1983,EN,July,PRCP,1666.8
1984,NE,July,TMAXA,29.5
1984,NE,July,TMINA,18.8
1984,NE,July,SRADA,18.3
1984,NE,July,PRCP,1142.4
1985,LA,July,TMAXA,29.2
1985,LA,July,TMINA,17.8
1985,LA,July,SRADA,18.6
1985,LA,July,PRCP,1236.5
1986,NE,July,TMAXA,30.5
1986,NE,July,TMINA,18.8
1986,NE,July,SRADA,19.2
1986,NE,July,PRCP,811.3
1987,EN,July,TMAXA,28.2
1987,EN,July,TMINA,18.8
1987,EN,July,SRADA,18
1987,EN,July,PRCP,1308.1
1988,EN,July,TMAXA,28.3
1988,EN,July,TMINA,18.5
1988,EN,July,SRADA,17.9
1988,EN,July,PRCP,1479.3
1989,LA,July,TMAXA,28.6
1989,LA,July,TMINA,18.4
1989,LA,July,SRADA,18.3
1989,LA,July,PRCP,1214
1990,NE,July,TMAXA,28.6
1990,NE,July,TMINA,18.3
1990,NE,July,SRADA,18.8
1990,NE,July,PRCP,1462.2
1991,NE,July,TMAXA,28.7
1991,NE,July,TMINA,18.5
1991,NE,July,SRADA,18.5
1991,NE,July,PRCP,1300.6
1992,EN,July,TMAXA,29.4
1992,EN,July,TMINA,19.1
1992,EN,July,SRADA,18.1
1992,EN,July,PRCP,1258.1
1993,NE,July,TMAXA,28.6
1993,NE,July,TMINA,18.4
1993,NE,July,SRADA,18.1
1993,NE,July,PRCP,1400.2
1994,NE,July,TMAXA,29.1
1994,NE,July,TMINA,18.7
1994,NE,July,SRADA,17.6
1994,NE,July,PRCP,1164.1
1995,EN,July,TMAXA,30.2
1995,EN,July,TMINA,19.3
1995,EN,July,SRADA,18
1995,EN,July,PRCP,1181.8
1996,LA,July,TMAXA,29.6
1996,LA,July,TMINA,19.1
1996,LA,July,SRADA,18.5
1996,LA,July,PRCP,1287.5
1997,NE,July,TMAXA,28.9
1997,NE,July,TMINA,18.8
1997,NE,July,SRADA,18.2
1997,NE,July,PRCP,1586.6
1998,EN,July,TMAXA,29.6
1998,EN,July,TMINA,19.3
1998,EN,July,SRADA,17.6
1998,EN,July,PRCP,1341.8
1999,LA,July,TMAXA,29.1
1999,LA,July,TMINA,18.7
1999,LA,July,SRADA,18
1999,LA,July,PRCP,1473.7
2000,LA,July,TMAXA,30.1
2000,LA,July,TMINA,18.6
2000,LA,July,SRADA,18.7
2000,LA,July,PRCP,1060.7
2001,LA,July,TMAXA,29.7
2001,LA,July,TMINA,19.4
2001,LA,July,SRADA,18.6
2001,LA,July,PRCP,1254.6
2002,NE,July,TMAXA,30.4
2002,NE,July,TMINA,19.7
2002,NE,July,SRADA,18.8
2002,NE,July,PRCP,1121.7
2003,EN,July,TMAXA,30.2
2003,EN,July,TMINA,19.7
2003,EN,July,SRADA,18.1
2003,EN,July,PRCP,1596.9
2004,NE,July,TMAXA,29.3
2004,NE,July,TMINA,18.6
2004,NE,July,SRADA,18.5
2004,NE,July,PRCP,1222.8
2005,EN,July,TMAXA,29.9
2005,EN,July,TMINA,19.3
2005,EN,July,SRADA,18.4
2005,EN,July,PRCP,1151.1
2006,NE,July,TMAXA,29.4
2006,NE,July,TMINA,18.8
2006,NE,July,SRADA,17.5
2006,NE,July,PRCP,1093.6
2007,NE,July,TMAXA,30.3
2007,NE,July,TMINA,19.4
2007,NE,July,SRADA,18
2007,NE,July,PRCP,170.7
2008,LA,July,TMAXA,29.6
2008,LA,July,TMINA,18.7
2008,LA,July,SRADA,17.8
2008,LA,July,PRCP,1089.9
2009,NE,July,TMAXA,29.9
2009,NE,July,TMINA,18.8
2009,NE,July,SRADA,18.2
2009,NE,July,PRCP,1100.6
2010,EN,July,TMAXA,29.2
2010,EN,July,TMINA,19.1
2010,EN,July,SRADA,16.7
2010,EN,July,PRCP,438.8
2011,LA,July,TMAXA,29.4
2011,LA,July,TMINA,18.3
2011,LA,July,SRADA,17
2011,LA,July,PRCP,1293.4
2012,LA,July,TMAXA,29.8
2012,LA,July,TMINA,18.7
2012,LA,July,SRADA,18.2
2012,LA,July,PRCP,1410.6
2013,NE,July,TMAXA,30.2
2013,NE,July,TMINA,19.5
2013,NE,July,SRADA,17
2013,NE,July,PRCP,1442
2014,NE,July,TMAXA,29.9
2014,NE,July,TMINA,18.7
2014,NE,July,SRADA,17.3
2014,NE,July,PRCP,1108.4
2015,EN,July,TMAXA,30.1
2015,EN,July,TMINA,19.3
2015,EN,July,SRADA,17.2
2015,EN,July,PRCP,1625.8
2016,EN,July,TMAXA,30.1
2016,EN,July,TMINA,19.1
2016,EN,July,SRADA,16.5
2016,EN,July,PRCP,1805.9
2017,NE,July,TMAXA,29.8
2017,NE,July,TMINA,18.6
2017,NE,July,SRADA,17.3
2017,NE,July,PRCP,1208.4
2018,LA,July,TMAXA,30.5
2018,LA,July,TMINA,19.2
2018,LA,July,SRADA,17.2
2018,LA,July,PRCP,1338.8
2019,EN,July,TMAXA,30.5
2019,EN,July,TMINA,19.2
2019,EN,July,SRADA,17.2
2019,EN,July,PRCP,1261
1963,NE,July,TMAXA,28.9
1963,NE,July,TMINA,17.4
1963,NE,July,SRADA,18.3
1963,NE,July,PRCP,1575.8
1964,EN,July,TMAXA,29.3
1964,EN,July,TMINA,18.2
1964,EN,July,SRADA,17
1964,EN,July,PRCP,1318.7
1965,LA,July,TMAXA,28
1965,LA,July,TMINA,16.8
1965,LA,July,SRADA,17
1965,LA,July,PRCP,1810.2
1966,EN,July,TMAXA,28.8
1966,EN,July,TMINA,17.9
1966,EN,July,SRADA,17.2
1966,EN,July,PRCP,1695.8
1967,NE,July,TMAXA,28.8
1967,NE,July,TMINA,17.3
1967,NE,July,SRADA,18.1
1967,NE,July,PRCP,1403.2
1968,NE,July,TMAXA,29.3
1968,NE,July,TMINA,17.2
1968,NE,July,SRADA,18.5
1968,NE,July,PRCP,1020.3
1969,EN,July,TMAXA,29.1
1969,EN,July,TMINA,17.4
1969,EN,July,SRADA,18.1
1969,EN,July,PRCP,1329.5
1970,NE,July,TMAXA,29.3
1970,NE,July,TMINA,17.7
1970,NE,July,SRADA,18.1
1970,NE,July,PRCP,1445.3
1971,LA,July,TMAXA,28.2
1971,LA,July,TMINA,17.1
1971,LA,July,SRADA,18.1
1971,LA,July,PRCP,1557.4
1972,LA,July,TMAXA,28.9
1972,LA,July,TMINA,16.2
1972,LA,July,SRADA,18.1
1972,LA,July,PRCP,1422.6
1973,EN,July,TMAXA,29.5
1973,EN,July,TMINA,16.9
1973,EN,July,SRADA,17.8
1973,EN,July,PRCP,1626.1
1974,LA,July,TMAXA,28.4
1974,LA,July,TMINA,16.8
1974,LA,July,SRADA,17.5
1974,LA,July,PRCP,1339.7
1975,LA,July,TMAXA,28.9
1975,LA,July,TMINA,16.9
1975,LA,July,SRADA,18.1
1975,LA,July,PRCP,1263
1976,LA,July,TMAXA,28.6
1976,LA,July,TMINA,16.6
1976,LA,July,SRADA,17.7
1976,LA,July,PRCP,1360.3
1977,NE,July,TMAXA,28.6
1977,NE,July,TMINA,17.5
1977,NE,July,SRADA,18.3
1977,NE,July,PRCP,1587.2
1978,NE,July,TMAXA,29.7
1978,NE,July,TMINA,17.6
1978,NE,July,SRADA,18.4
1978,NE,July,PRCP,1097.2
1979,NE,July,TMAXA,28.9
1979,NE,July,TMINA,17.4
1979,NE,July,SRADA,18.1
1979,NE,July,PRCP,1207.2
1980,NE,July,TMAXA,29.2
1980,NE,July,TMINA,17.6
1980,NE,July,SRADA,17.8
1980,NE,July,PRCP,1598.4
1981,NE,July,TMAXA,29.5
1981,NE,July,TMINA,17.3
1981,NE,July,SRADA,17.9
1981,NE,July,PRCP,1267.3
1982,NE,July,TMAXA,29
1982,NE,July,TMINA,17.7
1982,NE,July,SRADA,17
1982,NE,July,PRCP,1621.5
1983,EN,July,TMAXA,28.6
1983,EN,July,TMINA,18
1983,EN,July,SRADA,16.6
1983,EN,July,PRCP,1978.5
1984,NE,July,TMAXA,29.1
1984,NE,July,TMINA,17.5
1984,NE,July,SRADA,17.7
1984,NE,July,PRCP,1308
1985,LA,July,TMAXA,29
1985,LA,July,TMINA,17.5
1985,LA,July,SRADA,17.9
1985,LA,July,PRCP,1376.4
1986,NE,July,TMAXA,29.6
1986,NE,July,TMINA,18
1986,NE,July,SRADA,18
1986,NE,July,PRCP,1006.4
1987,EN,July,TMAXA,27.5
1987,EN,July,TMINA,17.3
1987,EN,July,SRADA,17.3
1987,EN,July,PRCP,1451.1
1988,EN,July,TMAXA,28.1
1988,EN,July,TMINA,17.5
1988,EN,July,SRADA,17
1988,EN,July,PRCP,1460.1
1989,LA,July,TMAXA,28.5
1989,LA,July,TMINA,17.3
1989,LA,July,SRADA,17.7
1989,LA,July,PRCP,1272.5
1990,NE,July,TMAXA,28
1990,NE,July,TMINA,17.4
1990,NE,July,SRADA,17.9
1990,NE,July,PRCP,1567.8
1991,NE,July,TMAXA,28.3
1991,NE,July,TMINA,17.5
1991,NE,July,SRADA,18
1991,NE,July,PRCP,1465.3
1992,EN,July,TMAXA,28.8
1992,EN,July,TMINA,18.1
1992,EN,July,SRADA,17.5
1992,EN,July,PRCP,1548.5
1993,NE,July,TMAXA,28.8
1993,NE,July,TMINA,17.6
1993,NE,July,SRADA,17.8
1993,NE,July,PRCP,1606.3
1994,NE,July,TMAXA,29.3
1994,NE,July,TMINA,17.7
1994,NE,July,SRADA,17.5
1994,NE,July,PRCP,1535.1
1995,EN,July,TMAXA,30.2
1995,EN,July,TMINA,18
1995,EN,July,SRADA,18.2
1995,EN,July,PRCP,1282.4
1996,LA,July,TMAXA,29.7
1996,LA,July,TMINA,17.8
1996,LA,July,SRADA,18
1996,LA,July,PRCP,1473.1
1997,NE,July,TMAXA,29.3
1997,NE,July,TMINA,17.9
1997,NE,July,SRADA,17.9
1997,NE,July,PRCP,1766.7
1998,EN,July,TMAXA,29.9
1998,EN,July,TMINA,18.5
1998,EN,July,SRADA,17.6
1998,EN,July,PRCP,1671.5
1999,LA,July,TMAXA,29.2
1999,LA,July,TMINA,18
1999,LA,July,SRADA,17.9
1999,LA,July,PRCP,1641.7
2000,LA,July,TMAXA,30.2
2000,LA,July,TMINA,18.1
2000,LA,July,SRADA,18.2
2000,LA,July,PRCP,1005.9
2001,LA,July,TMAXA,29.4
2001,LA,July,TMINA,18.5
2001,LA,July,SRADA,18
2001,LA,July,PRCP,1793.7
2002,NE,July,TMAXA,30.3
2002,NE,July,TMINA,19.2
2002,NE,July,SRADA,18.3
2002,NE,July,PRCP,1640.8
2003,EN,July,TMAXA,30.5
2003,EN,July,TMINA,19.1
2003,EN,July,SRADA,17.6
2003,EN,July,PRCP,1317.5
2004,NE,July,TMAXA,29.7
2004,NE,July,TMINA,18.3
2004,NE,July,SRADA,18.5
2004,NE,July,PRCP,1491.2
2005,EN,July,TMAXA,30.5
2005,EN,July,TMINA,18.9
2005,EN,July,SRADA,18.1
2005,EN,July,PRCP,1343.9
2006,NE,July,TMAXA,29.6
2006,NE,July,TMINA,18.5
2006,NE,July,SRADA,17.7
2006,NE,July,PRCP,1609.4
2007,NE,July,TMAXA,30
2007,NE,July,TMINA,18.7
2007,NE,July,SRADA,17.6
2007,NE,July,PRCP,1825.8
2008,LA,July,TMAXA,29.6
2008,LA,July,TMINA,17.7
2008,LA,July,SRADA,17.5
2008,LA,July,PRCP,1505.6
2009,NE,July,TMAXA,30.3
2009,NE,July,TMINA,17.7
2009,NE,July,SRADA,17.9
2009,NE,July,PRCP,1518
2010,EN,July,TMAXA,29.7
2010,EN,July,TMINA,17.8
2010,EN,July,SRADA,17.1
2010,EN,July,PRCP,1976.3
2011,LA,July,TMAXA,29.5
2011,LA,July,TMINA,17.2
2011,LA,July,SRADA,17.3
2011,LA,July,PRCP,1426
2012,LA,July,TMAXA,30
2012,LA,July,TMINA,17.7
2012,LA,July,SRADA,18.2
2012,LA,July,PRCP,1452.1
2013,NE,July,TMAXA,30.8
2013,NE,July,TMINA,18.4
2013,NE,July,SRADA,18
2013,NE,July,PRCP,1675.2
2014,NE,July,TMAXA,29.6
2014,NE,July,TMINA,17.6
2014,NE,July,SRADA,17.8
2014,NE,July,PRCP,1743.8
2015,EN,July,TMAXA,30.3
2015,EN,July,TMINA,18.5
2015,EN,July,SRADA,17.2
2015,EN,July,PRCP,2221
2016,EN,July,TMAXA,30
2016,EN,July,TMINA,18.4
2016,EN,July,SRADA,16.3
2016,EN,July,PRCP,2358
2017,NE,July,TMAXA,29.7
2017,NE,July,TMINA,17.7
2017,NE,July,SRADA,17.7
2017,NE,July,PRCP,1812.9
2018,LA,July,TMAXA,30.5
2018,LA,July,TMINA,18.3
2018,LA,July,SRADA,17.6
2018,LA,July,PRCP,1507.2
2019,EN,July,TMAXA,30.1
2019,EN,July,TMINA,18.3
2019,EN,July,SRADA,17.5
2019,EN,July,PRCP,1948.6
1963,NE,July,TMAXA,28.9
1963,NE,July,TMINA,17.4
1963,NE,July,SRADA,18.3
1963,NE,July,PRCP,1575.8
1964,EN,July,TMAXA,29.3
1964,EN,July,TMINA,18.2
1964,EN,July,SRADA,17
1964,EN,July,PRCP,1318.7
1965,LA,July,TMAXA,28
1965,LA,July,TMINA,16.8
1965,LA,July,SRADA,17
1965,LA,July,PRCP,1810.2
1966,EN,July,TMAXA,28.8
1966,EN,July,TMINA,17.9
1966,EN,July,SRADA,17.2
1966,EN,July,PRCP,1695.8
1967,NE,July,TMAXA,28.8
1967,NE,July,TMINA,17.3
1967,NE,July,SRADA,18.1
1967,NE,July,PRCP,1403.2
1968,NE,July,TMAXA,29.3
1968,NE,July,TMINA,17.2
1968,NE,July,SRADA,18.5
1968,NE,July,PRCP,1020.3
1969,EN,July,TMAXA,29.1
1969,EN,July,TMINA,17.4
1969,EN,July,SRADA,18.1
1969,EN,July,PRCP,1329.5
1970,NE,July,TMAXA,29.3
1970,NE,July,TMINA,17.7
1970,NE,July,SRADA,18.1
1970,NE,July,PRCP,1445.3
1971,LA,July,TMAXA,28.2
1971,LA,July,TMINA,17.1
1971,LA,July,SRADA,18.1
1971,LA,July,PRCP,1557.4
1972,LA,July,TMAXA,28.9
1972,LA,July,TMINA,16.2
1972,LA,July,SRADA,18.1
1972,LA,July,PRCP,1422.6
1973,EN,July,TMAXA,29.5
1973,EN,July,TMINA,16.9
1973,EN,July,SRADA,17.8
1973,EN,July,PRCP,1626.1
1974,LA,July,TMAXA,28.4
1974,LA,July,TMINA,16.8
1974,LA,July,SRADA,17.5
1974,LA,July,PRCP,1339.7
1975,LA,July,TMAXA,28.9
1975,LA,July,TMINA,16.9
1975,LA,July,SRADA,18.1
1975,LA,July,PRCP,1263
1976,LA,July,TMAXA,28.6
1976,LA,July,TMINA,16.6
1976,LA,July,SRADA,17.7
1976,LA,July,PRCP,1360.3
1977,NE,July,TMAXA,28.6
1977,NE,July,TMINA,17.5
1977,NE,July,SRADA,18.3
1977,NE,July,PRCP,1587.2
1978,NE,July,TMAXA,29.7
1978,NE,July,TMINA,17.6
1978,NE,July,SRADA,18.4
1978,NE,July,PRCP,1097.2
1979,NE,July,TMAXA,28.9
1979,NE,July,TMINA,17.4
1979,NE,July,SRADA,18.1
1979,NE,July,PRCP,1207.2
1980,NE,July,TMAXA,29.2
1980,NE,July,TMINA,17.6
1980,NE,July,SRADA,17.8
1980,NE,July,PRCP,1598.4
1981,NE,July,TMAXA,29.5
1981,NE,July,TMINA,17.3
1981,NE,July,SRADA,17.9
1981,NE,July,PRCP,1267.3
1982,NE,July,TMAXA,29
1982,NE,July,TMINA,17.7
1982,NE,July,SRADA,17
1982,NE,July,PRCP,1621.5
1983,EN,July,TMAXA,28.6
1983,EN,July,TMINA,18
1983,EN,July,SRADA,16.6
1983,EN,July,PRCP,1978.5
1984,NE,July,TMAXA,29.1
1984,NE,July,TMINA,17.5
1984,NE,July,SRADA,17.7
1984,NE,July,PRCP,1308
1985,LA,July,TMAXA,29
1985,LA,July,TMINA,17.5
1985,LA,July,SRADA,17.9
1985,LA,July,PRCP,1376.4
1986,NE,July,TMAXA,29.6
1986,NE,July,TMINA,18
1986,NE,July,SRADA,18
1986,NE,July,PRCP,1006.4
1987,EN,July,TMAXA,27.5
1987,EN,July,TMINA,17.3
1987,EN,July,SRADA,17.3
1987,EN,July,PRCP,1451.1
1988,EN,July,TMAXA,28.1
1988,EN,July,TMINA,17.5
1988,EN,July,SRADA,17
1988,EN,July,PRCP,1460.1
1989,LA,July,TMAXA,28.5
1989,LA,July,TMINA,17.3
1989,LA,July,SRADA,17.7
1989,LA,July,PRCP,1272.5
1990,NE,July,TMAXA,28
1990,NE,July,TMINA,17.4
1990,NE,July,SRADA,17.9
1990,NE,July,PRCP,1567.8
1991,NE,July,TMAXA,28.3
1991,NE,July,TMINA,17.5
1991,NE,July,SRADA,18
1991,NE,July,PRCP,1465.3
1992,EN,July,TMAXA,28.8
1992,EN,July,TMINA,18.1
1992,EN,July,SRADA,17.5
1992,EN,July,PRCP,1548.5
1993,NE,July,TMAXA,28.8
1993,NE,July,TMINA,17.6
1993,NE,July,SRADA,17.8
1993,NE,July,PRCP,1606.3
1994,NE,July,TMAXA,29.3
1994,NE,July,TMINA,17.7
1994,NE,July,SRADA,17.5
1994,NE,July,PRCP,1535.1
1995,EN,July,TMAXA,30.2
1995,EN,July,TMINA,18
1995,EN,July,SRADA,18.2
1995,EN,July,PRCP,1282.4
1996,LA,July,TMAXA,29.7
1996,LA,July,TMINA,17.8
1996,LA,July,SRADA,18
1996,LA,July,PRCP,1473.1
1997,NE,July,TMAXA,29.3
1997,NE,July,TMINA,17.9
1997,NE,July,SRADA,17.9
1997,NE,July,PRCP,1766.7
1998,EN,July,TMAXA,29.9
1998,EN,July,TMINA,18.5
1998,EN,July,SRADA,17.6
1998,EN,July,PRCP,1671.5
1999,LA,July,TMAXA,29.2
1999,LA,July,TMINA,18
1999,LA,July,SRADA,17.9
1999,LA,July,PRCP,1641.7
2000,LA,July,TMAXA,30.2
2000,LA,July,TMINA,18.1
2000,LA,July,SRADA,18.2
2000,LA,July,PRCP,1005.9
2001,LA,July,TMAXA,29.4
2001,LA,July,TMINA,18.5
2001,LA,July,SRADA,18
2001,LA,July,PRCP,1793.7
2002,NE,July,TMAXA,30.3
2002,NE,July,TMINA,19.2
2002,NE,July,SRADA,18.3
2002,NE,July,PRCP,1640.8
2003,EN,July,TMAXA,30.5
2003,EN,July,TMINA,19.1
2003,EN,July,SRADA,17.6
2003,EN,July,PRCP,1317.5
2004,NE,July,TMAXA,29.7
2004,NE,July,TMINA,18.3
2004,NE,July,SRADA,18.5
2004,NE,July,PRCP,1491.2
2005,EN,July,TMAXA,30.5
2005,EN,July,TMINA,18.9
2005,EN,July,SRADA,18.1
2005,EN,July,PRCP,1343.9
2006,NE,July,TMAXA,29.6
2006,NE,July,TMINA,18.5
2006,NE,July,SRADA,17.7
2006,NE,July,PRCP,1609.4
2007,NE,July,TMAXA,30
2007,NE,July,TMINA,18.7
2007,NE,July,SRADA,17.6
2007,NE,July,PRCP,1825.8
2008,LA,July,TMAXA,29.6
2008,LA,July,TMINA,17.7
2008,LA,July,SRADA,17.5
2008,LA,July,PRCP,1505.6
2009,NE,July,TMAXA,30.3
2009,NE,July,TMINA,17.7
2009,NE,July,SRADA,17.9
2009,NE,July,PRCP,1518
2010,EN,July,TMAXA,29.7
2010,EN,July,TMINA,17.8
2010,EN,July,SRADA,17.1
2010,EN,July,PRCP,1976.3
2011,LA,July,TMAXA,29.5
2011,LA,July,TMINA,17.2
2011,LA,July,SRADA,17.3
2011,LA,July,PRCP,1426
2012,LA,July,TMAXA,30
2012,LA,July,TMINA,17.7
2012,LA,July,SRADA,18.2
2012,LA,July,PRCP,1452.1
2013,NE,July,TMAXA,30.8
2013,NE,July,TMINA,18.4
2013,NE,July,SRADA,18
2013,NE,July,PRCP,1675.2
2014,NE,July,TMAXA,29.6
2014,NE,July,TMINA,17.6
2014,NE,July,SRADA,17.8
2014,NE,July,PRCP,1743.8
2015,EN,July,TMAXA,30.3
2015,EN,July,TMINA,18.5
2015,EN,July,SRADA,17.2
2015,EN,July,PRCP,2221
2016,EN,July,TMAXA,30
2016,EN,July,TMINA,18.4
2016,EN,July,SRADA,16.3
2016,EN,July,PRCP,2358
2017,NE,July,TMAXA,29.7
2017,NE,July,TMINA,17.7
2017,NE,July,SRADA,17.7
2017,NE,July,PRCP,1812.9
2018,LA,July,TMAXA,30.5
2018,LA,July,TMINA,18.3
2018,LA,July,SRADA,17.6
2018,LA,July,PRCP,1507.2
2019,EN,July,TMAXA,30.1
2019,EN,July,TMINA,18.3
2019,EN,July,SRADA,17.5
2019,EN,July,PRCP,1948.6
1963,NE,July,TMAXA,28.1
1963,NE,July,TMINA,14.8
1963,NE,July,SRADA,18.3
1963,NE,July,PRCP,1505.4
1964,EN,July,TMAXA,28.6
1964,EN,July,TMINA,15.7
1964,EN,July,SRADA,17.5
1964,EN,July,PRCP,1591.2
1965,LA,July,TMAXA,27.1
1965,LA,July,TMINA,15
1965,LA,July,SRADA,17.6
1965,LA,July,PRCP,1814.1
1966,EN,July,TMAXA,28.1
1966,EN,July,TMINA,16
1966,EN,July,SRADA,18.1
1966,EN,July,PRCP,1504.7
1967,NE,July,TMAXA,28.1
1967,NE,July,TMINA,15.5
1967,NE,July,SRADA,18.3
1967,NE,July,PRCP,1234.9
1968,NE,July,TMAXA,28
1968,NE,July,TMINA,15.1
1968,NE,July,SRADA,18.4
1968,NE,July,PRCP,1252.5
1969,EN,July,TMAXA,28.3
1969,EN,July,TMINA,16
1969,EN,July,SRADA,18.7
1969,EN,July,PRCP,1354.1
1970,NE,July,TMAXA,28.2
1970,NE,July,TMINA,16.3
1970,NE,July,SRADA,18.2
1970,NE,July,PRCP,1465.8
1971,LA,July,TMAXA,27.9
1971,LA,July,TMINA,15.5
1971,LA,July,SRADA,18.5
1971,LA,July,PRCP,1712
1972,LA,July,TMAXA,28.1
1972,LA,July,TMINA,15.5
1972,LA,July,SRADA,17.9
1972,LA,July,PRCP,1771.9
1973,EN,July,TMAXA,28.2
1973,EN,July,TMINA,16.8
1973,EN,July,SRADA,17.8
1973,EN,July,PRCP,2081.4
1974,LA,July,TMAXA,26.4
1974,LA,July,TMINA,15.9
1974,LA,July,SRADA,17.3
1974,LA,July,PRCP,1874.1
1975,LA,July,TMAXA,27.4
1975,LA,July,TMINA,15.7
1975,LA,July,SRADA,18
1975,LA,July,PRCP,1633.4
1976,LA,July,TMAXA,27.9
1976,LA,July,TMINA,16.1
1976,LA,July,SRADA,17.4
1976,LA,July,PRCP,2013.1
1977,NE,July,TMAXA,28.2
1977,NE,July,TMINA,16
1977,NE,July,SRADA,17.9
1977,NE,July,PRCP,2019.4
1978,NE,July,TMAXA,28.4
1978,NE,July,TMINA,16.4
1978,NE,July,SRADA,18.2
1978,NE,July,PRCP,1256.1
1979,NE,July,TMAXA,27.8
1979,NE,July,TMINA,15.8
1979,NE,July,SRADA,18.3
1979,NE,July,PRCP,1318.7
1980,NE,July,TMAXA,27.5
1980,NE,July,TMINA,16.7
1980,NE,July,SRADA,17.6
1980,NE,July,PRCP,2093
1981,NE,July,TMAXA,27.6
1981,NE,July,TMINA,16.4
1981,NE,July,SRADA,17.8
1981,NE,July,PRCP,1520.7
1982,NE,July,TMAXA,27.4
1982,NE,July,TMINA,16.3
1982,NE,July,SRADA,17.5
1982,NE,July,PRCP,1871
1983,EN,July,TMAXA,27.1
1983,EN,July,TMINA,17.1
1983,EN,July,SRADA,16.7
1983,EN,July,PRCP,2051.3
1984,NE,July,TMAXA,28.1
1984,NE,July,TMINA,16.9
1984,NE,July,SRADA,18
1984,NE,July,PRCP,1366.3
1985,LA,July,TMAXA,27.4
1985,LA,July,TMINA,15.9
1985,LA,July,SRADA,17.8
1985,LA,July,PRCP,1396.6
1986,NE,July,TMAXA,29
1986,NE,July,TMINA,16.6
1986,NE,July,SRADA,18.4
1986,NE,July,PRCP,1038.4
1987,EN,July,TMAXA,27.2
1987,EN,July,TMINA,16.6
1987,EN,July,SRADA,17.6
1987,EN,July,PRCP,1692.3
1988,EN,July,TMAXA,27.3
1988,EN,July,TMINA,16.7
1988,EN,July,SRADA,17.5
1988,EN,July,PRCP,1515.1
1989,LA,July,TMAXA,27.8
1989,LA,July,TMINA,16.5
1989,LA,July,SRADA,18.2
1989,LA,July,PRCP,1336.6
1990,NE,July,TMAXA,27.3
1990,NE,July,TMINA,16.3
1990,NE,July,SRADA,18.3
1990,NE,July,PRCP,1930.5
1991,NE,July,TMAXA,27.3
1991,NE,July,TMINA,16.4
1991,NE,July,SRADA,18.1
1991,NE,July,PRCP,1483.3
1992,EN,July,TMAXA,27.9
1992,EN,July,TMINA,17.1
1992,EN,July,SRADA,17.8
1992,EN,July,PRCP,1870.6
1993,NE,July,TMAXA,27.3
1993,NE,July,TMINA,16.6
1993,NE,July,SRADA,17.6
1993,NE,July,PRCP,1912.5
1994,NE,July,TMAXA,27.7
1994,NE,July,TMINA,16.9
1994,NE,July,SRADA,17.2
1994,NE,July,PRCP,1566.6
1995,EN,July,TMAXA,28.6
1995,EN,July,TMINA,17.3
1995,EN,July,SRADA,17.1
1995,EN,July,PRCP,1484.3
1996,LA,July,TMAXA,28.1
1996,LA,July,TMINA,17.1
1996,LA,July,SRADA,17.4
1996,LA,July,PRCP,1384.4
1997,NE,July,TMAXA,27.5
1997,NE,July,TMINA,16.9
1997,NE,July,SRADA,17.3
1997,NE,July,PRCP,2104.5
1998,EN,July,TMAXA,28.1
1998,EN,July,TMINA,17.4
1998,EN,July,SRADA,16.9
1998,EN,July,PRCP,1768
1999,LA,July,TMAXA,27.6
1999,LA,July,TMINA,17
1999,LA,July,SRADA,17.5
1999,LA,July,PRCP,1833
2000,LA,July,TMAXA,28.6
2000,LA,July,TMINA,16.2
2000,LA,July,SRADA,18.1
2000,LA,July,PRCP,984.6
2001,LA,July,TMAXA,28.8
2001,LA,July,TMINA,17.3
2001,LA,July,SRADA,18.2
2001,LA,July,PRCP,1622.7
2002,NE,July,TMAXA,29.5
2002,NE,July,TMINA,17.7
2002,NE,July,SRADA,18.4
2002,NE,July,PRCP,1174.1
2003,EN,July,TMAXA,29.3
2003,EN,July,TMINA,17.8
2003,EN,July,SRADA,17.9
2003,EN,July,PRCP,1414.1
2004,NE,July,TMAXA,28.3
2004,NE,July,TMINA,16.5
2004,NE,July,SRADA,18.2
2004,NE,July,PRCP,1324.5
2005,EN,July,TMAXA,29
2005,EN,July,TMINA,17.3
2005,EN,July,SRADA,18.1
2005,EN,July,PRCP,1348.3
2006,NE,July,TMAXA,28.7
2006,NE,July,TMINA,17.1
2006,NE,July,SRADA,17.7
2006,NE,July,PRCP,1386.6
2007,NE,July,TMAXA,29.3
2007,NE,July,TMINA,17.2
2007,NE,July,SRADA,18.2
2007,NE,July,PRCP,1600.5
2008,LA,July,TMAXA,28.6
2008,LA,July,TMINA,16.5
2008,LA,July,SRADA,18.2
2008,LA,July,PRCP,1528.3
2009,NE,July,TMAXA,28.6
2009,NE,July,TMINA,16.5
2009,NE,July,SRADA,18.4
2009,NE,July,PRCP,1678.2
2010,EN,July,TMAXA,28.2
2010,EN,July,TMINA,17.2
2010,EN,July,SRADA,17.1
2010,EN,July,PRCP,2306.3
2011,LA,July,TMAXA,28.3
2011,LA,July,TMINA,16.4
2011,LA,July,SRADA,17.3
2011,LA,July,PRCP,1559
2012,LA,July,TMAXA,28.6
2012,LA,July,TMINA,16.5
2012,LA,July,SRADA,19
2012,LA,July,PRCP,1819.3
2013,NE,July,TMAXA,29.1
2013,NE,July,TMINA,17.5
2013,NE,July,SRADA,17.4
2013,NE,July,PRCP,1715.5
2014,NE,July,TMAXA,28.7
2014,NE,July,TMINA,16.9
2014,NE,July,SRADA,17.8
2014,NE,July,PRCP,1403.5
2015,EN,July,TMAXA,28.9
2015,EN,July,TMINA,17.2
2015,EN,July,SRADA,18.1
2015,EN,July,PRCP,1821.4
2016,EN,July,TMAXA,28.9
2016,EN,July,TMINA,17.4
2016,EN,July,SRADA,17.2
2016,EN,July,PRCP,2743.2
2017,NE,July,TMAXA,28.7
2017,NE,July,TMINA,17
2017,NE,July,SRADA,18.1
2017,NE,July,PRCP,1599.4
2018,LA,July,TMAXA,29.2
2018,LA,July,TMINA,17.5
2018,LA,July,SRADA,18
2018,LA,July,PRCP,1819.3
2019,EN,July,TMAXA,29.2
2019,EN,July,TMINA,17.6
2019,EN,July,SRADA,18
2019,EN,July,PRCP,1567.8
1963,NE,July,TMAXA,29.4
1963,NE,July,TMINA,15.9
1963,NE,July,SRADA,18.2
1963,NE,July,PRCP,1416.7
1964,EN,July,TMAXA,29.7
1964,EN,July,TMINA,16.5
1964,EN,July,SRADA,17.4
1964,EN,July,PRCP,1352.8
1965,LA,July,TMAXA,27.9
1965,LA,July,TMINA,16
1965,LA,July,SRADA,17.3
1965,LA,July,PRCP,1603.5
1966,EN,July,TMAXA,29.3
1966,EN,July,TMINA,17.5
1966,EN,July,SRADA,17.9
1966,EN,July,PRCP,1479.2
1967,NE,July,TMAXA,29.2
1967,NE,July,TMINA,17
1967,NE,July,SRADA,18.2
1967,NE,July,PRCP,1363.5
1968,NE,July,TMAXA,29.5
1968,NE,July,TMINA,16.9
1968,NE,July,SRADA,18.5
1968,NE,July,PRCP,1122.6
1969,EN,July,TMAXA,29.8
1969,EN,July,TMINA,17.3
1969,EN,July,SRADA,18.5
1969,EN,July,PRCP,1601.4
1970,NE,July,TMAXA,29.5
1970,NE,July,TMINA,17.6
1970,NE,July,SRADA,18.2
1970,NE,July,PRCP,1391.9
1971,LA,July,TMAXA,28.3
1971,LA,July,TMINA,16.3
1971,LA,July,SRADA,18.3
1971,LA,July,PRCP,1855.3
1972,LA,July,TMAXA,28.8
1972,LA,July,TMINA,16.3
1972,LA,July,SRADA,18
1972,LA,July,PRCP,1155.4
1973,EN,July,TMAXA,28.9
1973,EN,July,TMINA,17.7
1973,EN,July,SRADA,17.9
1973,EN,July,PRCP,1572.5
1974,LA,July,TMAXA,27.6
1974,LA,July,TMINA,16.6
1974,LA,July,SRADA,17.5
1974,LA,July,PRCP,1381
1975,LA,July,TMAXA,28.6
1975,LA,July,TMINA,16.5
1975,LA,July,SRADA,18.1
1975,LA,July,PRCP,1224.1
1976,LA,July,TMAXA,28.6
1976,LA,July,TMINA,16.9
1976,LA,July,SRADA,17.4
1976,LA,July,PRCP,1598.5
1977,NE,July,TMAXA,29
1977,NE,July,TMINA,17.1
1977,NE,July,SRADA,17.9
1977,NE,July,PRCP,1618.2
1978,NE,July,TMAXA,29.5
1978,NE,July,TMINA,17.5
1978,NE,July,SRADA,18.1
1978,NE,July,PRCP,1048.4
1979,NE,July,TMAXA,28.7
1979,NE,July,TMINA,16.9
1979,NE,July,SRADA,18.1
1979,NE,July,PRCP,1201.9
1980,NE,July,TMAXA,28.3
1980,NE,July,TMINA,18.1
1980,NE,July,SRADA,17.4
1980,NE,July,PRCP,1995.2
1981,NE,July,TMAXA,28.4
1981,NE,July,TMINA,17.7
1981,NE,July,SRADA,17.8
1981,NE,July,PRCP,1673.9
1982,NE,July,TMAXA,28.3
1982,NE,July,TMINA,17.7
1982,NE,July,SRADA,17.4
1982,NE,July,PRCP,1617.5
1983,EN,July,TMAXA,27.9
1983,EN,July,TMINA,18.2
1983,EN,July,SRADA,16.7
1983,EN,July,PRCP,2387.7
1984,NE,July,TMAXA,28.8
1984,NE,July,TMINA,18.1
1984,NE,July,SRADA,18
1984,NE,July,PRCP,1473.6
1985,LA,July,TMAXA,28.2
1985,LA,July,TMINA,17.1
1985,LA,July,SRADA,18
1985,LA,July,PRCP,1443.2
1986,NE,July,TMAXA,29.7
1986,NE,July,TMINA,17.8
1986,NE,July,SRADA,18.5
1986,NE,July,PRCP,1236
1987,EN,July,TMAXA,28.1
1987,EN,July,TMINA,17.9
1987,EN,July,SRADA,17.7
1987,EN,July,PRCP,1646
1988,EN,July,TMAXA,28.2
1988,EN,July,TMINA,18
1988,EN,July,SRADA,17.5
1988,EN,July,PRCP,1487.6
1989,LA,July,TMAXA,28.7
1989,LA,July,TMINA,17.9
1989,LA,July,SRADA,18.1
1989,LA,July,PRCP,1300.1
1990,NE,July,TMAXA,28.1
1990,NE,July,TMINA,17.6
1990,NE,July,SRADA,18.3
1990,NE,July,PRCP,1763.9
1991,NE,July,TMAXA,28.2
1991,NE,July,TMINA,17.7
1991,NE,July,SRADA,18.1
1991,NE,July,PRCP,1507.7
1992,EN,July,TMAXA,28.7
1992,EN,July,TMINA,18.4
1992,EN,July,SRADA,17.8
1992,EN,July,PRCP,1630
1993,NE,July,TMAXA,28.1
1993,NE,July,TMINA,17.7
1993,NE,July,SRADA,17.7
1993,NE,July,PRCP,1503.7
1994,NE,July,TMAXA,28.6
1994,NE,July,TMINA,17.8
1994,NE,July,SRADA,16.9
1994,NE,July,PRCP,1676.5
1995,EN,July,TMAXA,29.5
1995,EN,July,TMINA,18.5
1995,EN,July,SRADA,16.7
1995,EN,July,PRCP,1492.6
1996,LA,July,TMAXA,28.8
1996,LA,July,TMINA,18.2
1996,LA,July,SRADA,17.6
1996,LA,July,PRCP,1608.1
1997,NE,July,TMAXA,28.5
1997,NE,July,TMINA,17.9
1997,NE,July,SRADA,17.5
1997,NE,July,PRCP,2133.6
1998,EN,July,TMAXA,29
1998,EN,July,TMINA,18.4
1998,EN,July,SRADA,17
1998,EN,July,PRCP,1846.5
1999,LA,July,TMAXA,28.5
1999,LA,July,TMINA,18.1
1999,LA,July,SRADA,17.6
1999,LA,July,PRCP,1810
2000,LA,July,TMAXA,29.3
2000,LA,July,TMINA,17.7
2000,LA,July,SRADA,18.3
2000,LA,July,PRCP,1139.9
2001,LA,July,TMAXA,29.2
2001,LA,July,TMINA,18.8
2001,LA,July,SRADA,18.3
2001,LA,July,PRCP,1836.8
2002,NE,July,TMAXA,29.9
2002,NE,July,TMINA,19.3
2002,NE,July,SRADA,18.6
2002,NE,July,PRCP,1377.9
2003,EN,July,TMAXA,29.6
2003,EN,July,TMINA,19.2
2003,EN,July,SRADA,18
2003,EN,July,PRCP,1865
2004,NE,July,TMAXA,28.7
2004,NE,July,TMINA,18
2004,NE,July,SRADA,18.6
2004,NE,July,PRCP,1355
2005,EN,July,TMAXA,29.5
2005,EN,July,TMINA,18.9
2005,EN,July,SRADA,18.3
2005,EN,July,PRCP,1475.4
2006,NE,July,TMAXA,29.2
2006,NE,July,TMINA,18.4
2006,NE,July,SRADA,17.8
2006,NE,July,PRCP,1581.1
2007,NE,July,TMAXA,29.8
2007,NE,July,TMINA,19.1
2007,NE,July,SRADA,18
2007,NE,July,PRCP,1514.8
2008,LA,July,TMAXA,29.3
2008,LA,July,TMINA,18.4
2008,LA,July,SRADA,18.2
2008,LA,July,PRCP,1316
2009,NE,July,TMAXA,29.4
2009,NE,July,TMINA,18.2
2009,NE,July,SRADA,18.6
2009,NE,July,PRCP,1676.2
2010,EN,July,TMAXA,29
2010,EN,July,TMINA,18.6
2010,EN,July,SRADA,17.1
2010,EN,July,PRCP,1883
2011,LA,July,TMAXA,29.1
2011,LA,July,TMINA,17.5
2011,LA,July,SRADA,18.2
2011,LA,July,PRCP,1712.8
2012,LA,July,TMAXA,29.5
2012,LA,July,TMINA,17.9
2012,LA,July,SRADA,19.3
2012,LA,July,PRCP,1488.8
2013,NE,July,TMAXA,29.9
2013,NE,July,TMINA,18.7
2013,NE,July,SRADA,18.5
2013,NE,July,PRCP,1783
2014,NE,July,TMAXA,29.4
2014,NE,July,TMINA,18
2014,NE,July,SRADA,18.8
2014,NE,July,PRCP,1698.2
2015,EN,July,TMAXA,29.7
2015,EN,July,TMINA,18.8
2015,EN,July,SRADA,18.2
2015,EN,July,PRCP,2152.6
2016,EN,July,TMAXA,29.5
2016,EN,July,TMINA,18.6
2016,EN,July,SRADA,17.7
2016,EN,July,PRCP,2676.5
2017,NE,July,TMAXA,29.3
2017,NE,July,TMINA,18.4
2017,NE,July,SRADA,18.8
2017,NE,July,PRCP,1792
2018,LA,July,TMAXA,30
2018,LA,July,TMINA,19
2018,LA,July,SRADA,18.2
2018,LA,July,PRCP,1649.4
2019,EN,July,TMAXA,30
2019,EN,July,TMINA,18.8
2019,EN,July,SRADA,18.2
2019,EN,July,PRCP,1844.3
1963,NE,July,TMAXA,28.6
1963,NE,July,TMINA,14.4
1963,NE,July,SRADA,18.3
1963,NE,July,PRCP,1089.4
1964,EN,July,TMAXA,29.4
1964,EN,July,TMINA,15.2
1964,EN,July,SRADA,17.4
1964,EN,July,PRCP,860.1
1965,LA,July,TMAXA,27.2
1965,LA,July,TMINA,14.9
1965,LA,July,SRADA,17.2
1965,LA,July,PRCP,1731.7
1966,EN,July,TMAXA,28.7
1966,EN,July,TMINA,15.7
1966,EN,July,SRADA,17.7
1966,EN,July,PRCP,992.2
1967,NE,July,TMAXA,28.1
1967,NE,July,TMINA,15.6
1967,NE,July,SRADA,17.7
1967,NE,July,PRCP,1435.8
1968,NE,July,TMAXA,27.4
1968,NE,July,TMINA,14.5
1968,NE,July,SRADA,17.4
1968,NE,July,PRCP,1006.5
1969,EN,July,TMAXA,27.2
1969,EN,July,TMINA,14.9
1969,EN,July,SRADA,18
1969,EN,July,PRCP,756.9
1970,NE,July,TMAXA,26.6
1970,NE,July,TMINA,15.5
1970,NE,July,SRADA,16.8
1970,NE,July,PRCP,1624.9
1971,LA,July,TMAXA,26.7
1971,LA,July,TMINA,15.1
1971,LA,July,SRADA,17.8
1971,LA,July,PRCP,1043.6
1972,LA,July,TMAXA,27.2
1972,LA,July,TMINA,15.7
1972,LA,July,SRADA,17.7
1972,LA,July,PRCP,1113.5
1973,EN,July,TMAXA,27.9
1973,EN,July,TMINA,16.9
1973,EN,July,SRADA,17.6
1973,EN,July,PRCP,1236.5
1974,LA,July,TMAXA,27
1974,LA,July,TMINA,15.9
1974,LA,July,SRADA,17
1974,LA,July,PRCP,1191.2
1975,LA,July,TMAXA,27.7
1975,LA,July,TMINA,15.7
1975,LA,July,SRADA,17.4
1975,LA,July,PRCP,1038.3
1976,LA,July,TMAXA,27.4
1976,LA,July,TMINA,16.5
1976,LA,July,SRADA,16.8
1976,LA,July,PRCP,1641.1
1977,NE,July,TMAXA,27.4
1977,NE,July,TMINA,16.4
1977,NE,July,SRADA,17.5
1977,NE,July,PRCP,1518
1978,NE,July,TMAXA,28.1
1978,NE,July,TMINA,16.7
1978,NE,July,SRADA,17.6
1978,NE,July,PRCP,1161.5
1979,NE,July,TMAXA,27.1
1979,NE,July,TMINA,15.9
1979,NE,July,SRADA,17.4
1979,NE,July,PRCP,1253.7
1980,NE,July,TMAXA,27.4
1980,NE,July,TMINA,16.7
1980,NE,July,SRADA,16.5
1980,NE,July,PRCP,1140.1
1981,NE,July,TMAXA,27.2
1981,NE,July,TMINA,16.3
1981,NE,July,SRADA,16.7
1981,NE,July,PRCP,1208.9
1982,NE,July,TMAXA,26.2
1982,NE,July,TMINA,15.8
1982,NE,July,SRADA,15.7
1982,NE,July,PRCP,1371.4
1983,EN,July,TMAXA,26.6
1983,EN,July,TMINA,16.7
1983,EN,July,SRADA,15.4
1983,EN,July,PRCP,2071.9
1984,NE,July,TMAXA,27.6
1984,NE,July,TMINA,16.7
1984,NE,July,SRADA,16.4
1984,NE,July,PRCP,1237.4
1985,LA,July,TMAXA,26.6
1985,LA,July,TMINA,16
1985,LA,July,SRADA,15.7
1985,LA,July,PRCP,1185
1986,NE,July,TMAXA,27.7
1986,NE,July,TMINA,16.6
1986,NE,July,SRADA,16.5
1986,NE,July,PRCP,1009.2
1987,EN,July,TMAXA,27
1987,EN,July,TMINA,16.7
1987,EN,July,SRADA,15.8
1987,EN,July,PRCP,1690.2
1988,EN,July,TMAXA,27
1988,EN,July,TMINA,16.6
1988,EN,July,SRADA,14.9
1988,EN,July,PRCP,1271.5
1989,LA,July,TMAXA,27
1989,LA,July,TMINA,16.5
1989,LA,July,SRADA,15.9
1989,LA,July,PRCP,1260.8
1990,NE,July,TMAXA,27
1990,NE,July,TMINA,16.6
1990,NE,July,SRADA,16
1990,NE,July,PRCP,1209
1991,NE,July,TMAXA,26.8
1991,NE,July,TMINA,16.7
1991,NE,July,SRADA,14.9
1991,NE,July,PRCP,1554.4
1992,EN,July,TMAXA,27.8
1992,EN,July,TMINA,17.4
1992,EN,July,SRADA,15.5
1992,EN,July,PRCP,1145.6
1993,NE,July,TMAXA,27.2
1993,NE,July,TMINA,16.9
1993,NE,July,SRADA,14.8
1993,NE,July,PRCP,1335.3
1994,NE,July,TMAXA,27.5
1994,NE,July,TMINA,16.4
1994,NE,July,SRADA,15.3
1994,NE,July,PRCP,1292.4
1995,EN,July,TMAXA,28.7
1995,EN,July,TMINA,16.9
1995,EN,July,SRADA,15.5
1995,EN,July,PRCP,1617.3
1996,LA,July,TMAXA,28.3
1996,LA,July,TMINA,16.3
1996,LA,July,SRADA,16
1996,LA,July,PRCP,1401.4
1997,NE,July,TMAXA,27.4
1997,NE,July,TMINA,15.4
1997,NE,July,SRADA,15.9
1997,NE,July,PRCP,1469.3
1998,EN,July,TMAXA,28.4
1998,EN,July,TMINA,16.5
1998,EN,July,SRADA,16.2
1998,EN,July,PRCP,1228.4
1999,LA,July,TMAXA,27.8
1999,LA,July,TMINA,16.1
1999,LA,July,SRADA,15.6
1999,LA,July,PRCP,1500.8
2000,LA,July,TMAXA,28.5
2000,LA,July,TMINA,15.2
2000,LA,July,SRADA,16.5
2000,LA,July,PRCP,920.9
2001,LA,July,TMAXA,28.9
2001,LA,July,TMINA,17.1
2001,LA,July,SRADA,16.7
2001,LA,July,PRCP,1181.6
2002,NE,July,TMAXA,28.5
2002,NE,July,TMINA,17.1
2002,NE,July,SRADA,16.7
2002,NE,July,PRCP,1412.9
2003,EN,July,TMAXA,28.7
2003,EN,July,TMINA,17.3
2003,EN,July,SRADA,16.7
2003,EN,July,PRCP,1349.6
2004,NE,July,TMAXA,27.2
2004,NE,July,TMINA,16.4
2004,NE,July,SRADA,16.3
2004,NE,July,PRCP,1374.7
2005,EN,July,TMAXA,27.7
2005,EN,July,TMINA,16.9
2005,EN,July,SRADA,16.5
2005,EN,July,PRCP,1280.6
2006,NE,July,TMAXA,27.6
2006,NE,July,TMINA,16.8
2006,NE,July,SRADA,16.2
2006,NE,July,PRCP,1270.9
2007,NE,July,TMAXA,28.6
2007,NE,July,TMINA,16.9
2007,NE,July,SRADA,17.4
2007,NE,July,PRCP,1028.1
2008,LA,July,TMAXA,27.7
2008,LA,July,TMINA,15.9
2008,LA,July,SRADA,16.6
2008,LA,July,PRCP,1303.6
2009,NE,July,TMAXA,27.8
2009,NE,July,TMINA,16
2009,NE,July,SRADA,16.9
2009,NE,July,PRCP,1528.5
2010,EN,July,TMAXA,27.9
2010,EN,July,TMINA,16.6
2010,EN,July,SRADA,16.3
2010,EN,July,PRCP,1638.9
2011,LA,July,TMAXA,27.8
2011,LA,July,TMINA,16.1
2011,LA,July,SRADA,16.8
2011,LA,July,PRCP,1337.4
2012,LA,July,TMAXA,27.8
2012,LA,July,TMINA,16
2012,LA,July,SRADA,17.6
2012,LA,July,PRCP,1391
2013,NE,July,TMAXA,28.2
2013,NE,July,TMINA,16.6
2013,NE,July,SRADA,17.3
2013,NE,July,PRCP,1271.5
2014,NE,July,TMAXA,28.5
2014,NE,July,TMINA,16.2
2014,NE,July,SRADA,18.2
2014,NE,July,PRCP,920.3
2015,EN,July,TMAXA,28.4
2015,EN,July,TMINA,16.7
2015,EN,July,SRADA,17.6
2015,EN,July,PRCP,1379.1
2016,EN,July,TMAXA,28.5
2016,EN,July,TMINA,17
2016,EN,July,SRADA,17
2016,EN,July,PRCP,1584.4
2017,NE,July,TMAXA,27.8
2017,NE,July,TMINA,16.3
2017,NE,July,SRADA,17.7
2017,NE,July,PRCP,1726.4
2018,LA,July,TMAXA,28.7
2018,LA,July,TMINA,16.3
2018,LA,July,SRADA,17.9
2018,LA,July,PRCP,1038.1
2019,EN,July,TMAXA,28.6
2019,EN,July,TMINA,16.7
2019,EN,July,SRADA,17.6
2019,EN,July,PRCP,1454
1963,NE,July,TMAXA,25.7
1963,NE,July,TMINA,12.3
1963,NE,July,SRADA,17
1963,NE,July,PRCP,1154.6
1964,EN,July,TMAXA,25.8
1964,EN,July,TMINA,12.9
1964,EN,July,SRADA,15.5
1964,EN,July,PRCP,1260.6
1965,LA,July,TMAXA,24.7
1965,LA,July,TMINA,12.4
1965,LA,July,SRADA,16.2
1965,LA,July,PRCP,1421
1966,EN,July,TMAXA,25.6
1966,EN,July,TMINA,13.2
1966,EN,July,SRADA,16.1
1966,EN,July,PRCP,1069.5
1967,NE,July,TMAXA,25.1
1967,NE,July,TMINA,12.6
1967,NE,July,SRADA,16
1967,NE,July,PRCP,1479.1
1968,NE,July,TMAXA,25.4
1968,NE,July,TMINA,12.2
1968,NE,July,SRADA,16.7
1968,NE,July,PRCP,1087.9
1969,EN,July,TMAXA,25.5
1969,EN,July,TMINA,12.8
1969,EN,July,SRADA,16.5
1969,EN,July,PRCP,1220.7
1970,NE,July,TMAXA,25
1970,NE,July,TMINA,13.5
1970,NE,July,SRADA,15.8
1970,NE,July,PRCP,1579.4
1971,LA,July,TMAXA,24.8
1971,LA,July,TMINA,13
1971,LA,July,SRADA,16.1
1971,LA,July,PRCP,1758.1
1972,LA,July,TMAXA,25.2
1972,LA,July,TMINA,13
1972,LA,July,SRADA,16.3
1972,LA,July,PRCP,1386.8
1973,EN,July,TMAXA,25
1973,EN,July,TMINA,14.2
1973,EN,July,SRADA,15.4
1973,EN,July,PRCP,1752.2
1974,LA,July,TMAXA,23.7
1974,LA,July,TMINA,12.8
1974,LA,July,SRADA,15.7
1974,LA,July,PRCP,1402.1
1975,LA,July,TMAXA,24.3
1975,LA,July,TMINA,12.8
1975,LA,July,SRADA,16
1975,LA,July,PRCP,1205.7
1976,LA,July,TMAXA,24.1
1976,LA,July,TMINA,13.2
1976,LA,July,SRADA,15.5
1976,LA,July,PRCP,1742.5
1977,NE,July,TMAXA,24.8
1977,NE,July,TMINA,13.2
1977,NE,July,SRADA,16.1
1977,NE,July,PRCP,1572.9
1978,NE,July,TMAXA,23.3
1978,NE,July,TMINA,13.6
1978,NE,July,SRADA,16.4
1978,NE,July,PRCP,1247.4
1979,NE,July,TMAXA,24.1
1979,NE,July,TMINA,12.7
1979,NE,July,SRADA,16.4
1979,NE,July,PRCP,1062.1
1980,NE,July,TMAXA,25.2
1980,NE,July,TMINA,13.6
1980,NE,July,SRADA,15.6
1980,NE,July,PRCP,1766
1981,NE,July,TMAXA,24.9
1981,NE,July,TMINA,13.7
1981,NE,July,SRADA,15.4
1981,NE,July,PRCP,1546
1982,NE,July,TMAXA,25.2
1982,NE,July,TMINA,13.1
1982,NE,July,SRADA,15.7
1982,NE,July,PRCP,1610
1983,EN,July,TMAXA,24.4
1983,EN,July,TMINA,14
1983,EN,July,SRADA,14.3
1983,EN,July,PRCP,2564.6
1984,NE,July,TMAXA,25.1
1984,NE,July,TMINA,13.4
1984,NE,July,SRADA,15.3
1984,NE,July,PRCP,1693.1
1985,LA,July,TMAXA,24.6
1985,LA,July,TMINA,12.5
1985,LA,July,SRADA,15.7
1985,LA,July,PRCP,1406.5
1986,NE,July,TMAXA,26.4
1986,NE,July,TMINA,13.7
1986,NE,July,SRADA,16.5
1986,NE,July,PRCP,1076.3
1987,EN,July,TMAXA,24.9
1987,EN,July,TMINA,13.1
1987,EN,July,SRADA,15.2
1987,EN,July,PRCP,2014.1
1988,EN,July,TMAXA,24.5
1988,EN,July,TMINA,13.5
1988,EN,July,SRADA,14.5
1988,EN,July,PRCP,1472.9
1989,LA,July,TMAXA,25
1989,LA,July,TMINA,13.6
1989,LA,July,SRADA,15.4
1989,LA,July,PRCP,1288.3
1990,NE,July,TMAXA,24.2
1990,NE,July,TMINA,13.4
1990,NE,July,SRADA,16.6
1990,NE,July,PRCP,1876.8
1991,NE,July,TMAXA,24.5
1991,NE,July,TMINA,13.6
1991,NE,July,SRADA,16.2
1991,NE,July,PRCP,1492.4
1992,EN,July,TMAXA,25.2
1992,EN,July,TMINA,13.9
1992,EN,July,SRADA,15.8
1992,EN,July,PRCP,1999
1993,NE,July,TMAXA,24
1993,NE,July,TMINA,13.8
1993,NE,July,SRADA,15.9
1993,NE,July,PRCP,1443.1
1994,NE,July,TMAXA,24.9
1994,NE,July,TMINA,13.7
1994,NE,July,SRADA,16
1994,NE,July,PRCP,2178.2
1995,EN,July,TMAXA,26
1995,EN,July,TMINA,13.6
1995,EN,July,SRADA,15.6
1995,EN,July,PRCP,1392.1
1996,LA,July,TMAXA,25.3
1996,LA,July,TMINA,13.1
1996,LA,July,SRADA,15.4
1996,LA,July,PRCP,1688.8
1997,NE,July,TMAXA,24.7
1997,NE,July,TMINA,13.4
1997,NE,July,SRADA,15.7
1997,NE,July,PRCP,1529.2
1998,EN,July,TMAXA,24.8
1998,EN,July,TMINA,14
1998,EN,July,SRADA,15.3
1998,EN,July,PRCP,1931.8
1999,LA,July,TMAXA,24.3
1999,LA,July,TMINA,13.9
1999,LA,July,SRADA,15.7
1999,LA,July,PRCP,1816.2
2000,LA,July,TMAXA,25.4
2000,LA,July,TMINA,13.4
2000,LA,July,SRADA,16.3
2000,LA,July,PRCP,1143.4
2001,LA,July,TMAXA,26
2001,LA,July,TMINA,14.7
2001,LA,July,SRADA,16.2
2001,LA,July,PRCP,1927
2002,NE,July,TMAXA,26.4
2002,NE,July,TMINA,14.7
2002,NE,July,SRADA,16.3
2002,NE,July,PRCP,1456.5
2003,EN,July,TMAXA,26.5
2003,EN,July,TMINA,14.3
2003,EN,July,SRADA,15.8
2003,EN,July,PRCP,1675.3
2004,NE,July,TMAXA,25.7
2004,NE,July,TMINA,13.5
2004,NE,July,SRADA,16.3
2004,NE,July,PRCP,1738.7
2005,EN,July,TMAXA,26.8
2005,EN,July,TMINA,14.4
2005,EN,July,SRADA,16.4
2005,EN,July,PRCP,1134.9
2006,NE,July,TMAXA,26.3
2006,NE,July,TMINA,14.1
2006,NE,July,SRADA,16
2006,NE,July,PRCP,1553.1
2007,NE,July,TMAXA,26.4
2007,NE,July,TMINA,14.6
2007,NE,July,SRADA,16.3
2007,NE,July,PRCP,1662.4
2008,LA,July,TMAXA,26.1
2008,LA,July,TMINA,14
2008,LA,July,SRADA,16.4
2008,LA,July,PRCP,1473.3
2009,NE,July,TMAXA,25.8
2009,NE,July,TMINA,14.1
2009,NE,July,SRADA,16.2
2009,NE,July,PRCP,1460.7
2010,EN,July,TMAXA,25.5
2010,EN,July,TMINA,14.9
2010,EN,July,SRADA,14.7
2010,EN,July,PRCP,2201
2011,LA,July,TMAXA,25.5
2011,LA,July,TMINA,13.8
2011,LA,July,SRADA,15.9
2011,LA,July,PRCP,1363.4
2012,LA,July,TMAXA,25.8
2012,LA,July,TMINA,13.8
2012,LA,July,SRADA,16.5
2012,LA,July,PRCP,1992.7
2013,NE,July,TMAXA,26
2013,NE,July,TMINA,14.7
2013,NE,July,SRADA,15.4
2013,NE,July,PRCP,1863.7
2014,NE,July,TMAXA,26
2014,NE,July,TMINA,14.5
2014,NE,July,SRADA,16.3
2014,NE,July,PRCP,1619.9
2015,EN,July,TMAXA,25.8
2015,EN,July,TMINA,14.9
2015,EN,July,SRADA,15.6
2015,EN,July,PRCP,2044
2016,EN,July,TMAXA,25.7
2016,EN,July,TMINA,15.2
2016,EN,July,SRADA,14.5
2016,EN,July,PRCP,2082.4
2017,NE,July,TMAXA,25.5
2017,NE,July,TMINA,14.7
2017,NE,July,SRADA,15.2
2017,NE,July,PRCP,1730.2
2018,LA,July,TMAXA,26.2
2018,LA,July,TMINA,15
2018,LA,July,SRADA,15
2018,LA,July,PRCP,1570.4
2019,EN,July,TMAXA,26
2019,EN,July,TMINA,15.4
2019,EN,July,SRADA,14.5
2019,EN,July,PRCP,1655.5
1963,NE,July,TMAXA,24.5
1963,NE,July,TMINA,11.7
1963,NE,July,SRADA,16.5
1963,NE,July,PRCP,1041.6
1964,EN,July,TMAXA,24.2
1964,EN,July,TMINA,12.2
1964,EN,July,SRADA,15
1964,EN,July,PRCP,1427.8
1965,LA,July,TMAXA,23.9
1965,LA,July,TMINA,11.9
1965,LA,July,SRADA,15.9
1965,LA,July,PRCP,1338
1966,EN,July,TMAXA,24.3
1966,EN,July,TMINA,12.4
1966,EN,July,SRADA,15.4
1966,EN,July,PRCP,1365.9
1967,NE,July,TMAXA,23.6
1967,NE,July,TMINA,11.5
1967,NE,July,SRADA,15.6
1967,NE,July,PRCP,1537
1968,NE,July,TMAXA,24.1
1968,NE,July,TMINA,11.1
1968,NE,July,SRADA,16.3
1968,NE,July,PRCP,1152
1969,EN,July,TMAXA,24.5
1969,EN,July,TMINA,12
1969,EN,July,SRADA,16
1969,EN,July,PRCP,1287.5
1970,NE,July,TMAXA,24.2
1970,NE,July,TMINA,12.1
1970,NE,July,SRADA,15.4
1970,NE,July,PRCP,1649.8
1971,LA,July,TMAXA,24
1971,LA,July,TMINA,11.6
1971,LA,July,SRADA,15.5
1971,LA,July,PRCP,1868.5
1972,LA,July,TMAXA,24.7
1972,LA,July,TMINA,12.3
1972,LA,July,SRADA,15.9
1972,LA,July,PRCP,1502
1973,EN,July,TMAXA,23.9
1973,EN,July,TMINA,13.5
1973,EN,July,SRADA,14.8
1973,EN,July,PRCP,1830.6
1974,LA,July,TMAXA,23.1
1974,LA,July,TMINA,12.5
1974,LA,July,SRADA,15.2
1974,LA,July,PRCP,1615.9
1975,LA,July,TMAXA,23.6
1975,LA,July,TMINA,12
1975,LA,July,SRADA,15.7
1975,LA,July,PRCP,1018.1
1976,LA,July,TMAXA,23.4
1976,LA,July,TMINA,12
1976,LA,July,SRADA,14.8
1976,LA,July,PRCP,1961.2
1977,NE,July,TMAXA,23.5
1977,NE,July,TMINA,12.9
1977,NE,July,SRADA,15.4
1977,NE,July,PRCP,1504.8
1978,NE,July,TMAXA,24.8
1978,NE,July,TMINA,12.3
1978,NE,July,SRADA,15.7
1978,NE,July,PRCP,1035.8
1979,NE,July,TMAXA,24.2
1979,NE,July,TMINA,12
1979,NE,July,SRADA,15.6
1979,NE,July,PRCP,1250.3
1980,NE,July,TMAXA,24.3
1980,NE,July,TMINA,12.9
1980,NE,July,SRADA,15.2
1980,NE,July,PRCP,1613.5
1981,NE,July,TMAXA,23.8
1981,NE,July,TMINA,12.7
1981,NE,July,SRADA,14.9
1981,NE,July,PRCP,1404
1982,NE,July,TMAXA,23.9
1982,NE,July,TMINA,12.4
1982,NE,July,SRADA,15.1
1982,NE,July,PRCP,1340.8
1983,EN,July,TMAXA,23.6
1983,EN,July,TMINA,13.3
1983,EN,July,SRADA,13.6
1983,EN,July,PRCP,2531
1984,NE,July,TMAXA,24.6
1984,NE,July,TMINA,13
1984,NE,July,SRADA,14.4
1984,NE,July,PRCP,1622.1
1985,LA,July,TMAXA,24
1985,LA,July,TMINA,12.9
1985,LA,July,SRADA,15.2
1985,LA,July,PRCP,1355.5
1986,NE,July,TMAXA,25.3
1986,NE,July,TMINA,13.8
1986,NE,July,SRADA,16.3
1986,NE,July,PRCP,1078.5
1987,EN,July,TMAXA,24.3
1987,EN,July,TMINA,13.4
1987,EN,July,SRADA,14.8
1987,EN,July,PRCP,1887.1
1988,EN,July,TMAXA,23.8
1988,EN,July,TMINA,13.1
1988,EN,July,SRADA,13.7
1988,EN,July,PRCP,1252.1
1989,LA,July,TMAXA,24.3
1989,LA,July,TMINA,13.7
1989,LA,July,SRADA,14.6
1989,LA,July,PRCP,1302.3
1990,NE,July,TMAXA,23.6
1990,NE,July,TMINA,13.2
1990,NE,July,SRADA,16
1990,NE,July,PRCP,1659.1
1991,NE,July,TMAXA,24.1
1991,NE,July,TMINA,13.3
1991,NE,July,SRADA,15.2
1991,NE,July,PRCP,1629.7
1992,EN,July,TMAXA,24.7
1992,EN,July,TMINA,13.9
1992,EN,July,SRADA,14.8
1992,EN,July,PRCP,1691.4
1993,NE,July,TMAXA,23.7
1993,NE,July,TMINA,13.5
1993,NE,July,SRADA,15.2
1993,NE,July,PRCP,1450.7
1994,NE,July,TMAXA,24.3
1994,NE,July,TMINA,13.4
1994,NE,July,SRADA,15.7
1994,NE,July,PRCP,1616.1
1995,EN,July,TMAXA,25
1995,EN,July,TMINA,13.5
1995,EN,July,SRADA,15.5
1995,EN,July,PRCP,1516.8
1996,LA,July,TMAXA,24.4
1996,LA,July,TMINA,13.3
1996,LA,July,SRADA,15.2
1996,LA,July,PRCP,1775
1997,NE,July,TMAXA,24.3
1997,NE,July,TMINA,13.6
1997,NE,July,SRADA,15.6
1997,NE,July,PRCP,1594.4
1998,EN,July,TMAXA,24.2
1998,EN,July,TMINA,13.8
1998,EN,July,SRADA,14.5
1998,EN,July,PRCP,2495.5
1999,LA,July,TMAXA,23.7
1999,LA,July,TMINA,13.7
1999,LA,July,SRADA,14.9
1999,LA,July,PRCP,1855.3
2000,LA,July,TMAXA,24.4
2000,LA,July,TMINA,12.8
2000,LA,July,SRADA,16
2000,LA,July,PRCP,1269.3
2001,LA,July,TMAXA,25.3
2001,LA,July,TMINA,14.3
2001,LA,July,SRADA,15.7
2001,LA,July,PRCP,1707
2002,NE,July,TMAXA,25.4
2002,NE,July,TMINA,14.3
2002,NE,July,SRADA,16
2002,NE,July,PRCP,1331.5
2003,EN,July,TMAXA,25.6
2003,EN,July,TMINA,14
2003,EN,July,SRADA,15.6
2003,EN,July,PRCP,1617.2
2004,NE,July,TMAXA,24.5
2004,NE,July,TMINA,13.2
2004,NE,July,SRADA,16
2004,NE,July,PRCP,1419
2005,EN,July,TMAXA,25.6
2005,EN,July,TMINA,13.9
2005,EN,July,SRADA,16.3
2005,EN,July,PRCP,1204.6
2006,NE,July,TMAXA,25.2
2006,NE,July,TMINA,13.6
2006,NE,July,SRADA,15.9
2006,NE,July,PRCP,1377.2
2007,NE,July,TMAXA,25.4
2007,NE,July,TMINA,14.5
2007,NE,July,SRADA,16.1
2007,NE,July,PRCP,1503.3
2008,LA,July,TMAXA,24.9
2008,LA,July,TMINA,13.9
2008,LA,July,SRADA,16.1
2008,LA,July,PRCP,1337.1
2009,NE,July,TMAXA,24.1
2009,NE,July,TMINA,13.4
2009,NE,July,SRADA,15.4
2009,NE,July,PRCP,1430.6
2010,EN,July,TMAXA,24.3
2010,EN,July,TMINA,14.4
2010,EN,July,SRADA,14.4
2010,EN,July,PRCP,2083.3
2011,LA,July,TMAXA,23.7
2011,LA,July,TMINA,12.9
2011,LA,July,SRADA,14.9
2011,LA,July,PRCP,1464.8
2012,LA,July,TMAXA,23.9
2012,LA,July,TMINA,12.4
2012,LA,July,SRADA,15.4
2012,LA,July,PRCP,1989.7
2013,NE,July,TMAXA,24.7
2013,NE,July,TMINA,13.2
2013,NE,July,SRADA,14.8
2013,NE,July,PRCP,1717.8
2014,NE,July,TMAXA,24.5
2014,NE,July,TMINA,13.2
2014,NE,July,SRADA,15.1
2014,NE,July,PRCP,1697.5
2015,EN,July,TMAXA,25
2015,EN,July,TMINA,13.8
2015,EN,July,SRADA,14.9
2015,EN,July,PRCP,1813
2016,EN,July,TMAXA,24.7
2016,EN,July,TMINA,13.7
2016,EN,July,SRADA,13.9
2016,EN,July,PRCP,1894.1
2017,NE,July,TMAXA,24.6
2017,NE,July,TMINA,13.1
2017,NE,July,SRADA,14.6
2017,NE,July,PRCP,1586.1
2018,LA,July,TMAXA,25.2
2018,LA,July,TMINA,13.3
2018,LA,July,SRADA,14.9
2018,LA,July,PRCP,1624.4
2019,EN,July,TMAXA,25.2
2019,EN,July,TMINA,13.7
2019,EN,July,SRADA,14.4
2019,EN,July,PRCP,1724.8
1963,NE,August,TMAXA,30.4
1963,NE,August,TMINA,16.6
1963,NE,August,SRADA,18.4
1963,NE,August,PRCP,1113.6
1964,EN,August,TMAXA,31.2
1964,EN,August,TMINA,16.9
1964,EN,August,SRADA,17.5
1964,EN,August,PRCP,1236.8
1965,LA,August,TMAXA,29.7
1965,LA,August,TMINA,16.1
1965,LA,August,SRADA,17.7
1965,LA,August,PRCP,1408.9
1966,EN,August,TMAXA,30.7
1966,EN,August,TMINA,17
1966,EN,August,SRADA,18.2
1966,EN,August,PRCP,1163.9
1967,NE,August,TMAXA,29.3
1967,NE,August,TMINA,16.6
1967,NE,August,SRADA,18.4
1967,NE,August,PRCP,1131.5
1968,NE,August,TMAXA,29
1968,NE,August,TMINA,16.2
1968,NE,August,SRADA,18.7
1968,NE,August,PRCP,1167.1
1969,EN,August,TMAXA,29.7
1969,EN,August,TMINA,17.1
1969,EN,August,SRADA,18.9
1969,EN,August,PRCP,1093
1970,EN,August,TMAXA,29.4
1970,EN,August,TMINA,16.6
1970,EN,August,SRADA,18.6
1970,EN,August,PRCP,1292.1
1971,LA,August,TMAXA,28.9
1971,LA,August,TMINA,16.6
1971,LA,August,SRADA,18.9
1971,LA,August,PRCP,1413.3
1972,LA,August,TMAXA,28.6
1972,LA,August,TMINA,17.9
1972,LA,August,SRADA,18.1
1972,LA,August,PRCP,1467.8
1973,EN,August,TMAXA,29
1973,EN,August,TMINA,18
1973,EN,August,SRADA,18
1973,EN,August,PRCP,1488
1974,LA,August,TMAXA,28.4
1974,LA,August,TMINA,17.3
1974,LA,August,SRADA,17.9
1974,LA,August,PRCP,1608.6
1975,LA,August,TMAXA,29
1975,LA,August,TMINA,17.6
1975,LA,August,SRADA,18.8
1975,LA,August,PRCP,1120.7
1976,LA,August,TMAXA,28.6
1976,LA,August,TMINA,17.7
1976,LA,August,SRADA,18
1976,LA,August,PRCP,1616.1
1977,EN,August,TMAXA,29.1
1977,EN,August,TMINA,18.1
1977,EN,August,SRADA,18
1977,EN,August,PRCP,1317.7
1978,NE,August,TMAXA,29.3
1978,NE,August,TMINA,18.2
1978,NE,August,SRADA,18.4
1978,NE,August,PRCP,1322
1979,NE,August,TMAXA,29.1
1979,NE,August,TMINA,17.4
1979,NE,August,SRADA,18.4
1979,NE,August,PRCP,956.9
1980,NE,August,TMAXA,28.6
1980,NE,August,TMINA,18.4
1980,NE,August,SRADA,17.4
1980,NE,August,PRCP,1520.2
1981,NE,August,TMAXA,28.9
1981,NE,August,TMINA,18.2
1981,NE,August,SRADA,18.1
1981,NE,August,PRCP,1123.9
1982,NE,August,TMAXA,28.7
1982,NE,August,TMINA,18.3
1982,NE,August,SRADA,17.4
1982,NE,August,PRCP,1235.4
1983,EN,August,TMAXA,28.8
1983,EN,August,TMINA,18.8
1983,EN,August,SRADA,17.2
1983,EN,August,PRCP,1629.8
1984,NE,August,TMAXA,29.7
1984,NE,August,TMINA,18.8
1984,NE,August,SRADA,18.4
1984,NE,August,PRCP,1168.3
1985,LA,August,TMAXA,29.1
1985,LA,August,TMINA,17.6
1985,LA,August,SRADA,18.7
1985,LA,August,PRCP,1209.9
1986,NE,August,TMAXA,30.5
1986,NE,August,TMINA,19.1
1986,NE,August,SRADA,19
1986,NE,August,PRCP,853
1987,EN,August,TMAXA,28.3
1987,EN,August,TMINA,18.8
1987,EN,August,SRADA,18.2
1987,EN,August,PRCP,1234.8
1988,EN,August,TMAXA,28.2
1988,EN,August,TMINA,18.3
1988,EN,August,SRADA,18.1
1988,EN,August,PRCP,1468.7
1989,LA,August,TMAXA,28.6
1989,LA,August,TMINA,18.4
1989,LA,August,SRADA,18.2
1989,LA,August,PRCP,1322.7
1990,NE,August,TMAXA,28.5
1990,NE,August,TMINA,18.2
1990,NE,August,SRADA,18.7
1990,NE,August,PRCP,1372.7
1991,NE,August,TMAXA,28.9
1991,NE,August,TMINA,18.6
1991,NE,August,SRADA,18.5
1991,NE,August,PRCP,1286.1
1992,EN,August,TMAXA,29.2
1992,EN,August,TMINA,18.9
1992,EN,August,SRADA,18
1992,EN,August,PRCP,1288
1993,NE,August,TMAXA,28.6
1993,NE,August,TMINA,18.4
1993,NE,August,SRADA,18
1993,NE,August,PRCP,1375.5
1994,NE,August,TMAXA,29.3
1994,NE,August,TMINA,18.7
1994,NE,August,SRADA,17.8
1994,NE,August,PRCP,1160.4
1995,EN,August,TMAXA,30.3
1995,EN,August,TMINA,19.5
1995,EN,August,SRADA,18
1995,EN,August,PRCP,1169.5
1996,LA,August,TMAXA,29.4
1996,LA,August,TMINA,18.9
1996,LA,August,SRADA,18.5
1996,LA,August,PRCP,1303.5
1997,NE,August,TMAXA,28.8
1997,NE,August,TMINA,18.7
1997,NE,August,SRADA,18.1
1997,NE,August,PRCP,1593.4
1998,EN,August,TMAXA,29.7
1998,EN,August,TMINA,19.4
1998,EN,August,SRADA,17.4
1998,EN,August,PRCP,1444.7
1999,LA,August,TMAXA,29.2
1999,LA,August,TMINA,18.6
1999,LA,August,SRADA,18.3
1999,LA,August,PRCP,1343.7
2000,LA,August,TMAXA,29.8
2000,LA,August,TMINA,18.4
2000,LA,August,SRADA,18.5
2000,LA,August,PRCP,1124.5
2001,LA,August,TMAXA,29.7
2001,LA,August,TMINA,19.3
2001,LA,August,SRADA,18.7
2001,LA,August,PRCP,1263.3
2002,NE,August,TMAXA,30.4
2002,NE,August,TMINA,19.7
2002,NE,August,SRADA,18.6
2002,NE,August,PRCP,1211.2
2003,EN,August,TMAXA,30.2
2003,EN,August,TMINA,19.7
2003,EN,August,SRADA,18.1
2003,EN,August,PRCP,1543.4
2004,NE,August,TMAXA,29
2004,NE,August,TMINA,18.4
2004,NE,August,SRADA,18.5
2004,NE,August,PRCP,1200
2005,EN,August,TMAXA,30.1
2005,EN,August,TMINA,19.5
2005,EN,August,SRADA,18.3
2005,EN,August,PRCP,1150.6
2006,NE,August,TMAXA,29.6
2006,NE,August,TMINA,19
2006,NE,August,SRADA,17.5
2006,NE,August,PRCP,1095
2007,NE,August,TMAXA,30
2007,NE,August,TMINA,19.1
2007,NE,August,SRADA,18
2007,NE,August,PRCP,148.1
2008,LA,August,TMAXA,29.8
2008,LA,August,TMINA,18.9
2008,LA,August,SRADA,17.6
2008,LA,August,PRCP,1161.7
2009,NE,August,TMAXA,29.7
2009,NE,August,TMINA,18.7
2009,NE,August,SRADA,18.1
2009,NE,August,PRCP,1039
2010,EN,August,TMAXA,29.2
2010,EN,August,TMINA,19
2010,EN,August,SRADA,16.8
2010,EN,August,PRCP,436
2011,LA,August,TMAXA,29.4
2011,LA,August,TMINA,18.5
2011,LA,August,SRADA,16.9
2011,LA,August,PRCP,1320.2
2012,LA,August,TMAXA,29.8
2012,LA,August,TMINA,18.6
2012,LA,August,SRADA,18.3
2012,LA,August,PRCP,1383.8
2013,NE,August,TMAXA,30
2013,NE,August,TMINA,19.1
2013,NE,August,SRADA,16.9
2013,NE,August,PRCP,1459.2
2014,NE,August,TMAXA,30
2014,NE,August,TMINA,18.9
2014,NE,August,SRADA,17.2
2014,NE,August,PRCP,1161
2015,EN,August,TMAXA,30.3
2015,EN,August,TMINA,19.4
2015,EN,August,SRADA,17.2
2015,EN,August,PRCP,1557.4
2016,EN,August,TMAXA,30
2016,EN,August,TMINA,18.9
2016,EN,August,SRADA,16.4
2016,EN,August,PRCP,1823.1
2017,NE,August,TMAXA,29.9
2017,NE,August,TMINA,18.7
2017,NE,August,SRADA,17.3
2017,NE,August,PRCP,1197
2018,LA,August,TMAXA,30.5
2018,LA,August,TMINA,19.1
2018,LA,August,SRADA,17.1
2018,LA,August,PRCP,1328.2
2019,EN,August,TMAXA,30.6
2019,EN,August,TMINA,19.3
2019,EN,August,SRADA,17.3
2019,EN,August,PRCP,1223.6
1963,NE,August,TMAXA,29
1963,NE,August,TMINA,17.3
1963,NE,August,SRADA,18.1
1963,NE,August,PRCP,1545
1964,EN,August,TMAXA,29
1964,EN,August,TMINA,18.1
1964,EN,August,SRADA,17
1964,EN,August,PRCP,1365.4
1965,LA,August,TMAXA,28.2
1965,LA,August,TMINA,17.1
1965,LA,August,SRADA,16.9
1965,LA,August,PRCP,1810.5
1966,EN,August,TMAXA,28.5
1966,EN,August,TMINA,17.6
1966,EN,August,SRADA,17.1
1966,EN,August,PRCP,1664.9
1967,NE,August,TMAXA,29.1
1967,NE,August,TMINA,17.6
1967,NE,August,SRADA,18.1
1967,NE,August,PRCP,1401.2
1968,NE,August,TMAXA,29.2
1968,NE,August,TMINA,17
1968,NE,August,SRADA,18.5
1968,NE,August,PRCP,1047.5
1969,EN,August,TMAXA,29.3
1969,EN,August,TMINA,17.4
1969,EN,August,SRADA,18.1
1969,EN,August,PRCP,1286
1970,EN,August,TMAXA,29.1
1970,EN,August,TMINA,17.7
1970,EN,August,SRADA,18.2
1970,EN,August,PRCP,1449.3
1971,LA,August,TMAXA,28.2
1971,LA,August,TMINA,17.1
1971,LA,August,SRADA,17.9
1971,LA,August,PRCP,1638.6
1972,LA,August,TMAXA,28.9
1972,LA,August,TMINA,16.1
1972,LA,August,SRADA,18.1
1972,LA,August,PRCP,1446.7
1973,EN,August,TMAXA,29.1
1973,EN,August,TMINA,16.8
1973,EN,August,SRADA,17.5
1973,EN,August,PRCP,1588.5
1974,LA,August,TMAXA,28.7
1974,LA,August,TMINA,17
1974,LA,August,SRADA,17.6
1974,LA,August,PRCP,1340.4
1975,LA,August,TMAXA,29
1975,LA,August,TMINA,17
1975,LA,August,SRADA,18.2
1975,LA,August,PRCP,1285.4
1976,LA,August,TMAXA,28.4
1976,LA,August,TMINA,16.7
1976,LA,August,SRADA,17.7
1976,LA,August,PRCP,1410.2
1977,EN,August,TMAXA,28.8
1977,EN,August,TMINA,17.7
1977,EN,August,SRADA,18.3
1977,EN,August,PRCP,1534.6
1978,NE,August,TMAXA,29.6
1978,NE,August,TMINA,17.5
1978,NE,August,SRADA,18.4
1978,NE,August,PRCP,1121.7
1979,NE,August,TMAXA,29
1979,NE,August,TMINA,17.3
1979,NE,August,SRADA,18.1
1979,NE,August,PRCP,1246.6
1980,NE,August,TMAXA,29
1980,NE,August,TMINA,17.4
1980,NE,August,SRADA,17.6
1980,NE,August,PRCP,1591.1
1981,NE,August,TMAXA,29.4
1981,NE,August,TMINA,17
1981,NE,August,SRADA,17.9
1981,NE,August,PRCP,1238.2
1982,NE,August,TMAXA,28.8
1982,NE,August,TMINA,17.7
1982,NE,August,SRADA,17
1982,NE,August,PRCP,1701
1983,EN,August,TMAXA,28.5
1983,EN,August,TMINA,17.8
1983,EN,August,SRADA,16.5
1983,EN,August,PRCP,1915.7
1984,NE,August,TMAXA,29.3
1984,NE,August,TMINA,17.4
1984,NE,August,SRADA,17.8
1984,NE,August,PRCP,1327.1
1985,LA,August,TMAXA,29
1985,LA,August,TMINA,17.7
1985,LA,August,SRADA,18
1985,LA,August,PRCP,1389.7
1986,NE,August,TMAXA,29.5
1986,NE,August,TMINA,18
1986,NE,August,SRADA,17.9
1986,NE,August,PRCP,1079.1
1987,EN,August,TMAXA,27.6
1987,EN,August,TMINA,17.3
1987,EN,August,SRADA,17.5
1987,EN,August,PRCP,1339.5
1988,EN,August,TMAXA,28.2
1988,EN,August,TMINA,17.3
1988,EN,August,SRADA,17.4
1988,EN,August,PRCP,1430.8
1989,LA,August,TMAXA,28.5
1989,LA,August,TMINA,17.4
1989,LA,August,SRADA,17.6
1989,LA,August,PRCP,1357.9
1990,NE,August,TMAXA,27.8
1990,NE,August,TMINA,17.2
1990,NE,August,SRADA,17.8
1990,NE,August,PRCP,1504.7
1991,NE,August,TMAXA,28.5
1991,NE,August,TMINA,17.7
1991,NE,August,SRADA,18
1991,NE,August,PRCP,1463.3
1992,EN,August,TMAXA,28.5
1992,EN,August,TMINA,17.9
1992,EN,August,SRADA,17.3
1992,EN,August,PRCP,1561.1
1993,NE,August,TMAXA,28.7
1993,NE,August,TMINA,17.4
1993,NE,August,SRADA,17.7
1993,NE,August,PRCP,1613.5
1994,NE,August,TMAXA,29.5
1994,NE,August,TMINA,17.8
1994,NE,August,SRADA,17.7
1994,NE,August,PRCP,1534.7
1995,EN,August,TMAXA,30.3
1995,EN,August,TMINA,18.2
1995,EN,August,SRADA,18.1
1995,EN,August,PRCP,1275.8
1996,LA,August,TMAXA,29.6
1996,LA,August,TMINA,17.8
1996,LA,August,SRADA,18.1
1996,LA,August,PRCP,1463.3
1997,NE,August,TMAXA,29.2
1997,NE,August,TMINA,17.8
1997,NE,August,SRADA,17.8
1997,NE,August,PRCP,1781.5
1998,EN,August,TMAXA,29.8
1998,EN,August,TMINA,18.6
1998,EN,August,SRADA,17.4
1998,EN,August,PRCP,1815.8
1999,LA,August,TMAXA,29.3
1999,LA,August,TMINA,17.8
1999,LA,August,SRADA,18.1
1999,LA,August,PRCP,1468.4
2000,LA,August,TMAXA,29.8
2000,LA,August,TMINA,17.9
2000,LA,August,SRADA,18
2000,LA,August,PRCP,1079.3
2001,LA,August,TMAXA,29.5
2001,LA,August,TMINA,18.4
2001,LA,August,SRADA,18
2001,LA,August,PRCP,1771.8
2002,NE,August,TMAXA,30.2
2002,NE,August,TMINA,19.2
2002,NE,August,SRADA,18
2002,NE,August,PRCP,1666.2
2003,EN,August,TMAXA,30.5
2003,EN,August,TMINA,19
2003,EN,August,SRADA,17.7
2003,EN,August,PRCP,1347.7
2004,NE,August,TMAXA,29.5
2004,NE,August,TMINA,18.2
2004,NE,August,SRADA,18.5
2004,NE,August,PRCP,1480.5
2005,EN,August,TMAXA,30.6
2005,EN,August,TMINA,19
2005,EN,August,SRADA,18.1
2005,EN,August,PRCP,1299.2
2006,NE,August,TMAXA,29.7
2006,NE,August,TMINA,18.7
2006,NE,August,SRADA,17.6
2006,NE,August,PRCP,1639.3
2007,NE,August,TMAXA,29.7
2007,NE,August,TMINA,18.3
2007,NE,August,SRADA,17.6
2007,NE,August,PRCP,1833.6
2008,LA,August,TMAXA,29.8
2008,LA,August,TMINA,17.9
2008,LA,August,SRADA,17.3
2008,LA,August,PRCP,1602.6
2009,NE,August,TMAXA,30
2009,NE,August,TMINA,17.5
2009,NE,August,SRADA,17.9
2009,NE,August,PRCP,1426.8
2010,EN,August,TMAXA,29.6
2010,EN,August,TMINA,17.5
2010,EN,August,SRADA,17.1
2010,EN,August,PRCP,1997.2
2011,LA,August,TMAXA,29.7
2011,LA,August,TMINA,17.5
2011,LA,August,SRADA,17.2
2011,LA,August,PRCP,1514.6
2012,LA,August,TMAXA,30
2012,LA,August,TMINA,17.6
2012,LA,August,SRADA,18.3
2012,LA,August,PRCP,1381.1
2013,NE,August,TMAXA,30.5
2013,NE,August,TMINA,18
2013,NE,August,SRADA,17.9
2013,NE,August,PRCP,1666
2014,NE,August,TMAXA,29.6
2014,NE,August,TMINA,17.9
2014,NE,August,SRADA,17.7
2014,NE,August,PRCP,1881.8
2015,EN,August,TMAXA,30.5
2015,EN,August,TMINA,18.6
2015,EN,August,SRADA,17.4
2015,EN,August,PRCP,2090.8
2016,EN,August,TMAXA,29.8
2016,EN,August,TMINA,18.2
2016,EN,August,SRADA,16.2
2016,EN,August,PRCP,2383.4
2017,NE,August,TMAXA,29.8
2017,NE,August,TMINA,17.7
2017,NE,August,SRADA,17.6
2017,NE,August,PRCP,1805.1
2018,LA,August,TMAXA,30.3
2018,LA,August,TMINA,18.1
2018,LA,August,SRADA,17.5
2018,LA,August,PRCP,1468.6
2019,EN,August,TMAXA,30.2
2019,EN,August,TMINA,18.3
2019,EN,August,SRADA,17.6
2019,EN,August,PRCP,1924
1963,NE,August,TMAXA,29
1963,NE,August,TMINA,17.3
1963,NE,August,SRADA,18.1
1963,NE,August,PRCP,1545
1964,EN,August,TMAXA,29
1964,EN,August,TMINA,18.1
1964,EN,August,SRADA,17
1964,EN,August,PRCP,1365.4
1965,LA,August,TMAXA,28.2
1965,LA,August,TMINA,17.1
1965,LA,August,SRADA,16.9
1965,LA,August,PRCP,1810.5
1966,EN,August,TMAXA,28.5
1966,EN,August,TMINA,17.6
1966,EN,August,SRADA,17.1
1966,EN,August,PRCP,1664.9
1967,NE,August,TMAXA,29.1
1967,NE,August,TMINA,17.6
1967,NE,August,SRADA,18.1
1967,NE,August,PRCP,1401.2
1968,NE,August,TMAXA,29.2
1968,NE,August,TMINA,17
1968,NE,August,SRADA,18.5
1968,NE,August,PRCP,1047.5
1969,EN,August,TMAXA,29.3
1969,EN,August,TMINA,17.4
1969,EN,August,SRADA,18.1
1969,EN,August,PRCP,1286
1970,EN,August,TMAXA,29.1
1970,EN,August,TMINA,17.7
1970,EN,August,SRADA,18.2
1970,EN,August,PRCP,1449.3
1971,LA,August,TMAXA,28.2
1971,LA,August,TMINA,17.1
1971,LA,August,SRADA,17.9
1971,LA,August,PRCP,1638.6
1972,LA,August,TMAXA,28.9
1972,LA,August,TMINA,16.1
1972,LA,August,SRADA,18.1
1972,LA,August,PRCP,1446.7
1973,EN,August,TMAXA,29.1
1973,EN,August,TMINA,16.8
1973,EN,August,SRADA,17.5
1973,EN,August,PRCP,1588.5
1974,LA,August,TMAXA,28.7
1974,LA,August,TMINA,17
1974,LA,August,SRADA,17.6
1974,LA,August,PRCP,1340.4
1975,LA,August,TMAXA,29
1975,LA,August,TMINA,17
1975,LA,August,SRADA,18.2
1975,LA,August,PRCP,1285.4
1976,LA,August,TMAXA,28.4
1976,LA,August,TMINA,16.7
1976,LA,August,SRADA,17.7
1976,LA,August,PRCP,1410.2
1977,EN,August,TMAXA,28.8
1977,EN,August,TMINA,17.7
1977,EN,August,SRADA,18.3
1977,EN,August,PRCP,1534.6
1978,NE,August,TMAXA,29.6
1978,NE,August,TMINA,17.5
1978,NE,August,SRADA,18.4
1978,NE,August,PRCP,1121.7
1979,NE,August,TMAXA,29
1979,NE,August,TMINA,17.3
1979,NE,August,SRADA,18.1
1979,NE,August,PRCP,1246.6
1980,NE,August,TMAXA,29
1980,NE,August,TMINA,17.4
1980,NE,August,SRADA,17.6
1980,NE,August,PRCP,1591.1
1981,NE,August,TMAXA,29.4
1981,NE,August,TMINA,17
1981,NE,August,SRADA,17.9
1981,NE,August,PRCP,1238.2
1982,NE,August,TMAXA,28.8
1982,NE,August,TMINA,17.7
1982,NE,August,SRADA,17
1982,NE,August,PRCP,1701
1983,EN,August,TMAXA,28.5
1983,EN,August,TMINA,17.8
1983,EN,August,SRADA,16.5
1983,EN,August,PRCP,1915.7
1984,NE,August,TMAXA,29.3
1984,NE,August,TMINA,17.4
1984,NE,August,SRADA,17.8
1984,NE,August,PRCP,1327.1
1985,LA,August,TMAXA,29
1985,LA,August,TMINA,17.7
1985,LA,August,SRADA,18
1985,LA,August,PRCP,1389.7
1986,NE,August,TMAXA,29.5
1986,NE,August,TMINA,18
1986,NE,August,SRADA,17.9
1986,NE,August,PRCP,1079.1
1987,EN,August,TMAXA,27.6
1987,EN,August,TMINA,17.3
1987,EN,August,SRADA,17.5
1987,EN,August,PRCP,1339.5
1988,EN,August,TMAXA,28.2
1988,EN,August,TMINA,17.3
1988,EN,August,SRADA,17.4
1988,EN,August,PRCP,1430.8
1989,LA,August,TMAXA,28.5
1989,LA,August,TMINA,17.4
1989,LA,August,SRADA,17.6
1989,LA,August,PRCP,1357.9
1990,NE,August,TMAXA,27.8
1990,NE,August,TMINA,17.2
1990,NE,August,SRADA,17.8
1990,NE,August,PRCP,1504.7
1991,NE,August,TMAXA,28.5
1991,NE,August,TMINA,17.7
1991,NE,August,SRADA,18
1991,NE,August,PRCP,1463.3
1992,EN,August,TMAXA,28.5
1992,EN,August,TMINA,17.9
1992,EN,August,SRADA,17.3
1992,EN,August,PRCP,1561.1
1993,NE,August,TMAXA,28.7
1993,NE,August,TMINA,17.4
1993,NE,August,SRADA,17.7
1993,NE,August,PRCP,1613.5
1994,NE,August,TMAXA,29.5
1994,NE,August,TMINA,17.8
1994,NE,August,SRADA,17.7
1994,NE,August,PRCP,1534.7
1995,EN,August,TMAXA,30.3
1995,EN,August,TMINA,18.2
1995,EN,August,SRADA,18.1
1995,EN,August,PRCP,1275.8
1996,LA,August,TMAXA,29.6
1996,LA,August,TMINA,17.8
1996,LA,August,SRADA,18.1
1996,LA,August,PRCP,1463.3
1997,NE,August,TMAXA,29.2
1997,NE,August,TMINA,17.8
1997,NE,August,SRADA,17.8
1997,NE,August,PRCP,1781.5
1998,EN,August,TMAXA,29.8
1998,EN,August,TMINA,18.6
1998,EN,August,SRADA,17.4
1998,EN,August,PRCP,1815.8
1999,LA,August,TMAXA,29.3
1999,LA,August,TMINA,17.8
1999,LA,August,SRADA,18.1
1999,LA,August,PRCP,1468.4
2000,LA,August,TMAXA,29.8
2000,LA,August,TMINA,17.9
2000,LA,August,SRADA,18
2000,LA,August,PRCP,1079.3
2001,LA,August,TMAXA,29.5
2001,LA,August,TMINA,18.4
2001,LA,August,SRADA,18
2001,LA,August,PRCP,1771.8
2002,NE,August,TMAXA,30.2
2002,NE,August,TMINA,19.2
2002,NE,August,SRADA,18
2002,NE,August,PRCP,1666.2
2003,EN,August,TMAXA,30.5
2003,EN,August,TMINA,19
2003,EN,August,SRADA,17.7
2003,EN,August,PRCP,1347.7
2004,NE,August,TMAXA,29.5
2004,NE,August,TMINA,18.2
2004,NE,August,SRADA,18.5
2004,NE,August,PRCP,1480.5
2005,EN,August,TMAXA,30.6
2005,EN,August,TMINA,19
2005,EN,August,SRADA,18.1
2005,EN,August,PRCP,1299.2
2006,NE,August,TMAXA,29.7
2006,NE,August,TMINA,18.7
2006,NE,August,SRADA,17.6
2006,NE,August,PRCP,1639.3
2007,NE,August,TMAXA,29.7
2007,NE,August,TMINA,18.3
2007,NE,August,SRADA,17.6
2007,NE,August,PRCP,1833.6
2008,LA,August,TMAXA,29.8
2008,LA,August,TMINA,17.9
2008,LA,August,SRADA,17.3
2008,LA,August,PRCP,1602.6
2009,NE,August,TMAXA,30
2009,NE,August,TMINA,17.5
2009,NE,August,SRADA,17.9
2009,NE,August,PRCP,1426.8
2010,EN,August,TMAXA,29.6
2010,EN,August,TMINA,17.5
2010,EN,August,SRADA,17.1
2010,EN,August,PRCP,1997.2
2011,LA,August,TMAXA,29.7
2011,LA,August,TMINA,17.5
2011,LA,August,SRADA,17.2
2011,LA,August,PRCP,1514.6
2012,LA,August,TMAXA,30
2012,LA,August,TMINA,17.6
2012,LA,August,SRADA,18.3
2012,LA,August,PRCP,1381.1
2013,NE,August,TMAXA,30.5
2013,NE,August,TMINA,18
2013,NE,August,SRADA,17.9
2013,NE,August,PRCP,1666
2014,NE,August,TMAXA,29.6
2014,NE,August,TMINA,17.9
2014,NE,August,SRADA,17.7
2014,NE,August,PRCP,1881.8
2015,EN,August,TMAXA,30.5
2015,EN,August,TMINA,18.6
2015,EN,August,SRADA,17.4
2015,EN,August,PRCP,2090.8
2016,EN,August,TMAXA,29.8
2016,EN,August,TMINA,18.2
2016,EN,August,SRADA,16.2
2016,EN,August,PRCP,2383.4
2017,NE,August,TMAXA,29.8
2017,NE,August,TMINA,17.7
2017,NE,August,SRADA,17.6
2017,NE,August,PRCP,1805.1
2018,LA,August,TMAXA,30.3
2018,LA,August,TMINA,18.1
2018,LA,August,SRADA,17.5
2018,LA,August,PRCP,1468.6
2019,EN,August,TMAXA,30.2
2019,EN,August,TMINA,18.3
2019,EN,August,SRADA,17.6
2019,EN,August,PRCP,1924
1963,NE,August,TMAXA,28.3
1963,NE,August,TMINA,14.9
1963,NE,August,SRADA,18.2
1963,NE,August,PRCP,1481.5
1964,EN,August,TMAXA,28.3
1964,EN,August,TMINA,15.5
1964,EN,August,SRADA,17.6
1964,EN,August,PRCP,1598.4
1965,LA,August,TMAXA,27.2
1965,LA,August,TMINA,15.2
1965,LA,August,SRADA,17.5
1965,LA,August,PRCP,1867.3
1966,EN,August,TMAXA,28
1966,EN,August,TMINA,15.8
1966,EN,August,SRADA,18
1966,EN,August,PRCP,1428.8
1967,NE,August,TMAXA,28.2
1967,NE,August,TMINA,15.7
1967,NE,August,SRADA,18.3
1967,NE,August,PRCP,1216
1968,NE,August,TMAXA,27.8
1968,NE,August,TMINA,14.9
1968,NE,August,SRADA,18.4
1968,NE,August,PRCP,1319
1969,EN,August,TMAXA,28.6
1969,EN,August,TMINA,16.1
1969,EN,August,SRADA,18.8
1969,EN,August,PRCP,1287.9
1970,EN,August,TMAXA,28.1
1970,EN,August,TMINA,16.2
1970,EN,August,SRADA,18.3
1970,EN,August,PRCP,1459.1
1971,LA,August,TMAXA,27.9
1971,LA,August,TMINA,15.5
1971,LA,August,SRADA,18.3
1971,LA,August,PRCP,1783.3
1972,LA,August,TMAXA,27.9
1972,LA,August,TMINA,15.5
1972,LA,August,SRADA,17.8
1972,LA,August,PRCP,1880.3
1973,EN,August,TMAXA,27.9
1973,EN,August,TMINA,16.8
1973,EN,August,SRADA,17.7
1973,EN,August,PRCP,2014.7
1974,LA,August,TMAXA,26.7
1974,LA,August,TMINA,16.1
1974,LA,August,SRADA,17.5
1974,LA,August,PRCP,1855
1975,LA,August,TMAXA,27.6
1975,LA,August,TMINA,15.7
1975,LA,August,SRADA,18.1
1975,LA,August,PRCP,1752.3
1976,LA,August,TMAXA,27.6
1976,LA,August,TMINA,16
1976,LA,August,SRADA,17.3
1976,LA,August,PRCP,2127
1977,EN,August,TMAXA,28.4
1977,EN,August,TMINA,16.2
1977,EN,August,SRADA,17.9
1977,EN,August,PRCP,1831.5
1978,NE,August,TMAXA,28.1
1978,NE,August,TMINA,16.3
1978,NE,August,SRADA,18.2
1978,NE,August,PRCP,1462.7
1979,NE,August,TMAXA,27.8
1979,NE,August,TMINA,15.8
1979,NE,August,SRADA,18.3
1979,NE,August,PRCP,1285.8
1980,NE,August,TMAXA,27.3
1980,NE,August,TMINA,16.5
1980,NE,August,SRADA,17.5
1980,NE,August,PRCP,2154.5
1981,NE,August,TMAXA,27.5
1981,NE,August,TMINA,16.1
1981,NE,August,SRADA,17.8
1981,NE,August,PRCP,1448.8
1982,NE,August,TMAXA,27.2
1982,NE,August,TMINA,16.2
1982,NE,August,SRADA,17.3
1982,NE,August,PRCP,1941.2
1983,EN,August,TMAXA,27.1
1983,EN,August,TMINA,17
1983,EN,August,SRADA,16.7
1983,EN,August,PRCP,2020.2
1984,NE,August,TMAXA,28.2
1984,NE,August,TMINA,16.9
1984,NE,August,SRADA,18
1984,NE,August,PRCP,1395.6
1985,LA,August,TMAXA,27.4
1985,LA,August,TMINA,15.7
1985,LA,August,SRADA,17.8
1985,LA,August,PRCP,1367.2
1986,NE,August,TMAXA,29
1986,NE,August,TMINA,16.7
1986,NE,August,SRADA,18.2
1986,NE,August,PRCP,1152.6
1987,EN,August,TMAXA,27.3
1987,EN,August,TMINA,16.6
1987,EN,August,SRADA,17.8
1987,EN,August,PRCP,1553.6
1988,EN,August,TMAXA,27.2
1988,EN,August,TMINA,16.4
1988,EN,August,SRADA,17.6
1988,EN,August,PRCP,1505.7
1989,LA,August,TMAXA,27.7
1989,LA,August,TMINA,16.5
1989,LA,August,SRADA,18.1
1989,LA,August,PRCP,1438.5
1990,NE,August,TMAXA,27.2
1990,NE,August,TMINA,16.2
1990,NE,August,SRADA,18.2
1990,NE,August,PRCP,1984
1991,NE,August,TMAXA,27.5
1991,NE,August,TMINA,16.6
1991,NE,August,SRADA,18.1
1991,NE,August,PRCP,1439.3
1992,EN,August,TMAXA,27.7
1992,EN,August,TMINA,17
1992,EN,August,SRADA,17.6
1992,EN,August,PRCP,1904.8
1993,NE,August,TMAXA,27.2
1993,NE,August,TMINA,16.5
1993,NE,August,SRADA,17.5
1993,NE,August,PRCP,1892.2
1994,NE,August,TMAXA,27.9
1994,NE,August,TMINA,16.9
1994,NE,August,SRADA,17.4
1994,NE,August,PRCP,1552.8
1995,EN,August,TMAXA,28.7
1995,EN,August,TMINA,17.5
1995,EN,August,SRADA,17
1995,EN,August,PRCP,1489.1
1996,LA,August,TMAXA,27.9
1996,LA,August,TMINA,16.9
1996,LA,August,SRADA,17.4
1996,LA,August,PRCP,1392.6
1997,NE,August,TMAXA,27.4
1997,NE,August,TMINA,16.9
1997,NE,August,SRADA,17.3
1997,NE,August,PRCP,2110.3
1998,EN,August,TMAXA,28.1
1998,EN,August,TMINA,17.5
1998,EN,August,SRADA,16.7
1998,EN,August,PRCP,1843.2
1999,LA,August,TMAXA,27.6
1999,LA,August,TMINA,16.8
1999,LA,August,SRADA,17.6
1999,LA,August,PRCP,1739.6
2000,LA,August,TMAXA,28.4
2000,LA,August,TMINA,15.9
2000,LA,August,SRADA,17.9
2000,LA,August,PRCP,1053
2001,LA,August,TMAXA,28.8
2001,LA,August,TMINA,17.2
2001,LA,August,SRADA,18.2
2001,LA,August,PRCP,1648
2002,NE,August,TMAXA,29.5
2002,NE,August,TMINA,17.7
2002,NE,August,SRADA,18.2
2002,NE,August,PRCP,1256.6
2003,EN,August,TMAXA,29.2
2003,EN,August,TMINA,17.7
2003,EN,August,SRADA,17.9
2003,EN,August,PRCP,1341.8
2004,NE,August,TMAXA,28.1
2004,NE,August,TMINA,16.4
2004,NE,August,SRADA,18.2
2004,NE,August,PRCP,1334.5
2005,EN,August,TMAXA,29.2
2005,EN,August,TMINA,17.5
2005,EN,August,SRADA,18
2005,EN,August,PRCP,1340.3
2006,NE,August,TMAXA,28.9
2006,NE,August,TMINA,17.2
2006,NE,August,SRADA,17.6
2006,NE,August,PRCP,1370.8
2007,NE,August,TMAXA,28.9
2007,NE,August,TMINA,16.9
2007,NE,August,SRADA,18.2
2007,NE,August,PRCP,1802.7
2008,LA,August,TMAXA,28.6
2008,LA,August,TMINA,16.7
2008,LA,August,SRADA,18
2008,LA,August,PRCP,1600.4
2009,NE,August,TMAXA,28.5
2009,NE,August,TMINA,16.5
2009,NE,August,SRADA,18.4
2009,NE,August,PRCP,1602.9
2010,EN,August,TMAXA,28.3
2010,EN,August,TMINA,17.1
2010,EN,August,SRADA,17.1
2010,EN,August,PRCP,2224.5
2011,LA,August,TMAXA,28.3
2011,LA,August,TMINA,16.6
2011,LA,August,SRADA,17.2
2011,LA,August,PRCP,1606.2
2012,LA,August,TMAXA,28.6
2012,LA,August,TMINA,16.3
2012,LA,August,SRADA,19.1
2012,LA,August,PRCP,1745.5
2013,NE,August,TMAXA,28.8
2013,NE,August,TMINA,17.1
2013,NE,August,SRADA,17.3
2013,NE,August,PRCP,1748.3
2014,NE,August,TMAXA,28.8
2014,NE,August,TMINA,17.1
2014,NE,August,SRADA,17.8
2014,NE,August,PRCP,1465.9
2015,EN,August,TMAXA,29.1
2015,EN,August,TMINA,17.3
2015,EN,August,SRADA,18.2
2015,EN,August,PRCP,1748
2016,EN,August,TMAXA,28.7
2016,EN,August,TMINA,17.3
2016,EN,August,SRADA,17.1
2016,EN,August,PRCP,2765.8
2017,NE,August,TMAXA,28.6
2017,NE,August,TMINA,17
2017,NE,August,SRADA,18.1
2017,NE,August,PRCP,1583
2018,LA,August,TMAXA,29.1
2018,LA,August,TMINA,17.4
2018,LA,August,SRADA,17.9
2018,LA,August,PRCP,1923
2019,EN,August,TMAXA,29.4
2019,EN,August,TMINA,17.7
2019,EN,August,SRADA,18
2019,EN,August,PRCP,1389.5
1963,NE,August,TMAXA,29.5
1963,NE,August,TMINA,15.9
1963,NE,August,SRADA,18.2
1963,NE,August,PRCP,1367.3
1964,EN,August,TMAXA,29.4
1964,EN,August,TMINA,16.3
1964,EN,August,SRADA,17.4
1964,EN,August,PRCP,1363.1
1965,LA,August,TMAXA,28.2
1965,LA,August,TMINA,16.3
1965,LA,August,SRADA,17.3
1965,LA,August,PRCP,1635.9
1966,EN,August,TMAXA,29.1
1966,EN,August,TMINA,17.3
1966,EN,August,SRADA,17.8
1966,EN,August,PRCP,1418.9
1967,NE,August,TMAXA,29.4
1967,NE,August,TMINA,17.3
1967,NE,August,SRADA,18.2
1967,NE,August,PRCP,1352.3
1968,NE,August,TMAXA,29.3
1968,NE,August,TMINA,16.7
1968,NE,August,SRADA,18.5
1968,NE,August,PRCP,1167.8
1969,EN,August,TMAXA,30
1969,EN,August,TMINA,17.4
1969,EN,August,SRADA,18.5
1969,EN,August,PRCP,1547.2
1970,EN,August,TMAXA,29.3
1970,EN,August,TMINA,17.5
1970,EN,August,SRADA,18.3
1970,EN,August,PRCP,1381.9
1971,LA,August,TMAXA,28.3
1971,LA,August,TMINA,16.1
1971,LA,August,SRADA,18.2
1971,LA,August,PRCP,1906.3
1972,LA,August,TMAXA,28.7
1972,LA,August,TMINA,16.4
1972,LA,August,SRADA,17.8
1972,LA,August,PRCP,1241.9
1973,EN,August,TMAXA,28.7
1973,EN,August,TMINA,17.5
1973,EN,August,SRADA,17.7
1973,EN,August,PRCP,1530.4
1974,LA,August,TMAXA,27.8
1974,LA,August,TMINA,16.8
1974,LA,August,SRADA,17.6
1974,LA,August,PRCP,1352.5
1975,LA,August,TMAXA,28.7
1975,LA,August,TMINA,16.5
1975,LA,August,SRADA,18.2
1975,LA,August,PRCP,1281.5
1976,LA,August,TMAXA,28.3
1976,LA,August,TMINA,16.9
1976,LA,August,SRADA,17.3
1976,LA,August,PRCP,1686.4
1977,EN,August,TMAXA,29.2
1977,EN,August,TMINA,17.2
1977,EN,August,SRADA,17.8
1977,EN,August,PRCP,1552.4
1978,NE,August,TMAXA,29.3
1978,NE,August,TMINA,17.4
1978,NE,August,SRADA,18
1978,NE,August,PRCP,1219.3
1979,NE,August,TMAXA,28.8
1979,NE,August,TMINA,17
1979,NE,August,SRADA,18.1
1979,NE,August,PRCP,1120.3
1980,NE,August,TMAXA,28.1
1980,NE,August,TMINA,17.8
1980,NE,August,SRADA,17.3
1980,NE,August,PRCP,2070.9
1981,NE,August,TMAXA,28.3
1981,NE,August,TMINA,17.5
1981,NE,August,SRADA,17.8
1981,NE,August,PRCP,1604.4
1982,NE,August,TMAXA,28.1
1982,NE,August,TMINA,17.7
1982,NE,August,SRADA,17.3
1982,NE,August,PRCP,1671.1
1983,EN,August,TMAXA,27.9
1983,EN,August,TMINA,18
1983,EN,August,SRADA,16.7
1983,EN,August,PRCP,2360.3
1984,NE,August,TMAXA,28.9
1984,NE,August,TMINA,18.1
1984,NE,August,SRADA,18
1984,NE,August,PRCP,1517.3
1985,LA,August,TMAXA,28.1
1985,LA,August,TMINA,16.9
1985,LA,August,SRADA,18
1985,LA,August,PRCP,1399
1986,NE,August,TMAXA,29.7
1986,NE,August,TMINA,18
1986,NE,August,SRADA,18.4
1986,NE,August,PRCP,1341.9
1987,EN,August,TMAXA,28.2
1987,EN,August,TMINA,18
1987,EN,August,SRADA,17.9
1987,EN,August,PRCP,1532.2
1988,EN,August,TMAXA,28.1
1988,EN,August,TMINA,17.7
1988,EN,August,SRADA,17.7
1988,EN,August,PRCP,1466.6
1989,LA,August,TMAXA,28.6
1989,LA,August,TMINA,17.8
1989,LA,August,SRADA,18
1989,LA,August,PRCP,1409.2
1990,NE,August,TMAXA,28
1990,NE,August,TMINA,17.5
1990,NE,August,SRADA,18.2
1990,NE,August,PRCP,1791.3
1991,NE,August,TMAXA,28.4
1991,NE,August,TMINA,17.9
1991,NE,August,SRADA,18.1
1991,NE,August,PRCP,1476.5
1992,EN,August,TMAXA,28.5
1992,EN,August,TMINA,18.2
1992,EN,August,SRADA,17.6
1992,EN,August,PRCP,1641.7
1993,NE,August,TMAXA,28.1
1993,NE,August,TMINA,17.6
1993,NE,August,SRADA,17.6
1993,NE,August,PRCP,1505.8
1994,NE,August,TMAXA,28.7
1994,NE,August,TMINA,17.9
1994,NE,August,SRADA,17.1
1994,NE,August,PRCP,1676.4
1995,EN,August,TMAXA,29.6
1995,EN,August,TMINA,18.7
1995,EN,August,SRADA,16.7
1995,EN,August,PRCP,1472.9
1996,LA,August,TMAXA,28.6
1996,LA,August,TMINA,18
1996,LA,August,SRADA,17.6
1996,LA,August,PRCP,1608.9
1997,NE,August,TMAXA,28.4
1997,NE,August,TMINA,17.8
1997,NE,August,SRADA,17.5
1997,NE,August,PRCP,2142.6
1998,EN,August,TMAXA,29
1998,EN,August,TMINA,18.6
1998,EN,August,SRADA,16.8
1998,EN,August,PRCP,1930.5
1999,LA,August,TMAXA,28.6
1999,LA,August,TMINA,17.8
1999,LA,August,SRADA,17.8
1999,LA,August,PRCP,1692.6
2000,LA,August,TMAXA,29
2000,LA,August,TMINA,17.6
2000,LA,August,SRADA,18.2
2000,LA,August,PRCP,1225.8
2001,LA,August,TMAXA,29.2
2001,LA,August,TMINA,18.7
2001,LA,August,SRADA,18.3
2001,LA,August,PRCP,1835.7
2002,NE,August,TMAXA,29.9
2002,NE,August,TMINA,19.3
2002,NE,August,SRADA,18.4
2002,NE,August,PRCP,1429.7
2003,EN,August,TMAXA,29.6
2003,EN,August,TMINA,19.1
2003,EN,August,SRADA,18.1
2003,EN,August,PRCP,1865.5
2004,NE,August,TMAXA,28.5
2004,NE,August,TMINA,17.8
2004,NE,August,SRADA,18.6
2004,NE,August,PRCP,1380.1
2005,EN,August,TMAXA,29.7
2005,EN,August,TMINA,19
2005,EN,August,SRADA,18.2
2005,EN,August,PRCP,1483.1
2006,NE,August,TMAXA,29.4
2006,NE,August,TMINA,18.5
2006,NE,August,SRADA,17.7
2006,NE,August,PRCP,1568
2007,NE,August,TMAXA,29.5
2007,NE,August,TMINA,18.8
2007,NE,August,SRADA,18
2007,NE,August,PRCP,1706
2008,LA,August,TMAXA,29.3
2008,LA,August,TMINA,18.5
2008,LA,August,SRADA,18
2008,LA,August,PRCP,1418.5
2009,NE,August,TMAXA,29.3
2009,NE,August,TMINA,18.1
2009,NE,August,SRADA,18.6
2009,NE,August,PRCP,1538.1
2010,EN,August,TMAXA,29.1
2010,EN,August,TMINA,18.4
2010,EN,August,SRADA,17.1
2010,EN,August,PRCP,1864.9
2011,LA,August,TMAXA,29.2
2011,LA,August,TMINA,17.7
2011,LA,August,SRADA,18.1
2011,LA,August,PRCP,1836.3
2012,LA,August,TMAXA,29.5
2012,LA,August,TMINA,17.8
2012,LA,August,SRADA,19.4
2012,LA,August,PRCP,1340.8
2013,NE,August,TMAXA,29.6
2013,NE,August,TMINA,18.3
2013,NE,August,SRADA,18.4
2013,NE,August,PRCP,1838.2
2014,NE,August,TMAXA,29.5
2014,NE,August,TMINA,18.3
2014,NE,August,SRADA,18.8
2014,NE,August,PRCP,1787.5
2015,EN,August,TMAXA,29.9
2015,EN,August,TMINA,18.9
2015,EN,August,SRADA,18.2
2015,EN,August,PRCP,2030.3
2016,EN,August,TMAXA,29.4
2016,EN,August,TMINA,18.4
2016,EN,August,SRADA,17.7
2016,EN,August,PRCP,2736.3
2017,NE,August,TMAXA,29.3
2017,NE,August,TMINA,18.4
2017,NE,August,SRADA,18.8
2017,NE,August,PRCP,1789
2018,LA,August,TMAXA,29.9
2018,LA,August,TMINA,18.9
2018,LA,August,SRADA,18.1
2018,LA,August,PRCP,1758.8
2019,EN,August,TMAXA,30.2
2019,EN,August,TMINA,18.8
2019,EN,August,SRADA,18.5
2019,EN,August,PRCP,1650.4
1963,NE,August,TMAXA,28.8
1963,NE,August,TMINA,14.4
1963,NE,August,SRADA,18.2
1963,NE,August,PRCP,1070.5
1964,EN,August,TMAXA,29.1
1964,EN,August,TMINA,15.1
1964,EN,August,SRADA,17.4
1964,EN,August,PRCP,911.2
1965,LA,August,TMAXA,27.3
1965,LA,August,TMINA,15
1965,LA,August,SRADA,17.2
1965,LA,August,PRCP,1682.5
1966,EN,August,TMAXA,28.6
1966,EN,August,TMINA,15.7
1966,EN,August,SRADA,17.6
1966,EN,August,PRCP,1012.9
1967,NE,August,TMAXA,28.1
1967,NE,August,TMINA,15.6
1967,NE,August,SRADA,17.8
1967,NE,August,PRCP,1405.5
1968,NE,August,TMAXA,27.1
1968,NE,August,TMINA,14.3
1968,NE,August,SRADA,17.3
1968,NE,August,PRCP,1046.9
1969,EN,August,TMAXA,27.5
1969,EN,August,TMINA,15
1969,EN,August,SRADA,18
1969,EN,August,PRCP,730.9
1970,EN,August,TMAXA,26.5
1970,EN,August,TMINA,15.4
1970,EN,August,SRADA,16.8
1970,EN,August,PRCP,1604.8
1971,LA,August,TMAXA,26.8
1971,LA,August,TMINA,15.2
1971,LA,August,SRADA,17.7
1971,LA,August,PRCP,1063.9
1972,LA,August,TMAXA,27.1
1972,LA,August,TMINA,15.7
1972,LA,August,SRADA,17.6
1972,LA,August,PRCP,1157.7
1973,EN,August,TMAXA,27.9
1973,EN,August,TMINA,16.9
1973,EN,August,SRADA,17.4
1973,EN,August,PRCP,1206.3
1974,LA,August,TMAXA,27.1
1974,LA,August,TMINA,16
1974,LA,August,SRADA,17.1
1974,LA,August,PRCP,1158
1975,LA,August,TMAXA,27.8
1975,LA,August,TMINA,15.8
1975,LA,August,SRADA,17.5
1975,LA,August,PRCP,1056.4
1976,LA,August,TMAXA,27.2
1976,LA,August,TMINA,16.4
1976,LA,August,SRADA,16.6
1976,LA,August,PRCP,1718
1977,EN,August,TMAXA,27.7
1977,EN,August,TMINA,16.6
1977,EN,August,SRADA,17.6
1977,EN,August,PRCP,1448.5
1978,NE,August,TMAXA,27.8
1978,NE,August,TMINA,16.6
1978,NE,August,SRADA,17.5
1978,NE,August,PRCP,1249.7
1979,NE,August,TMAXA,27.1
1979,NE,August,TMINA,15.8
1979,NE,August,SRADA,17.4
1979,NE,August,PRCP,1228.9
1980,NE,August,TMAXA,27.3
1980,NE,August,TMINA,16.6
1980,NE,August,SRADA,16.3
1980,NE,August,PRCP,1113.5
1981,NE,August,TMAXA,27
1981,NE,August,TMINA,16.1
1981,NE,August,SRADA,16.6
1981,NE,August,PRCP,1211.7
1982,NE,August,TMAXA,26.3
1982,NE,August,TMINA,16
1982,NE,August,SRADA,15.7
1982,NE,August,PRCP,1380.9
1983,EN,August,TMAXA,26.5
1983,EN,August,TMINA,16.6
1983,EN,August,SRADA,15.3
1983,EN,August,PRCP,2081
1984,NE,August,TMAXA,27.6
1984,NE,August,TMINA,16.8
1984,NE,August,SRADA,16.3
1984,NE,August,PRCP,1280.5
1985,LA,August,TMAXA,26.6
1985,LA,August,TMINA,15.9
1985,LA,August,SRADA,15.8
1985,LA,August,PRCP,1138
1986,NE,August,TMAXA,27.7
1986,NE,August,TMINA,16.7
1986,NE,August,SRADA,16.4
1986,NE,August,PRCP,1026.6
1987,EN,August,TMAXA,27.1
1987,EN,August,TMINA,16.6
1987,EN,August,SRADA,15.9
1987,EN,August,PRCP,1664
1988,EN,August,TMAXA,26.7
1988,EN,August,TMINA,16.5
1988,EN,August,SRADA,14.9
1988,EN,August,PRCP,1264.1
1989,LA,August,TMAXA,26.9
1989,LA,August,TMINA,16.5
1989,LA,August,SRADA,15.8
1989,LA,August,PRCP,1449.7
1990,NE,August,TMAXA,26.9
1990,NE,August,TMINA,16.5
1990,NE,August,SRADA,15.9
1990,NE,August,PRCP,1136.3
1991,NE,August,TMAXA,27
1991,NE,August,TMINA,16.9
1991,NE,August,SRADA,14.9
1991,NE,August,PRCP,1495.2
1992,EN,August,TMAXA,27.6
1992,EN,August,TMINA,17.3
1992,EN,August,SRADA,15.3
1992,EN,August,PRCP,1136.7
1993,NE,August,TMAXA,27.3
1993,NE,August,TMINA,16.8
1993,NE,August,SRADA,14.8
1993,NE,August,PRCP,1339.7
1994,NE,August,TMAXA,27.6
1994,NE,August,TMINA,16.4
1994,NE,August,SRADA,15.5
1994,NE,August,PRCP,1311.8
1995,EN,August,TMAXA,28.7
1995,EN,August,TMINA,17.1
1995,EN,August,SRADA,15.5
1995,EN,August,PRCP,1608.3
1996,LA,August,TMAXA,28
1996,LA,August,TMINA,16
1996,LA,August,SRADA,15.9
1996,LA,August,PRCP,1405.6
1997,NE,August,TMAXA,27.5
1997,NE,August,TMINA,15.5
1997,NE,August,SRADA,16
1997,NE,August,PRCP,1467.2
1998,EN,August,TMAXA,28.4
1998,EN,August,TMINA,16.6
1998,EN,August,SRADA,16.1
1998,EN,August,PRCP,1274.4
1999,LA,August,TMAXA,27.9
1999,LA,August,TMINA,15.9
1999,LA,August,SRADA,15.7
1999,LA,August,PRCP,1433.4
2000,LA,August,TMAXA,28.2
2000,LA,August,TMINA,15
2000,LA,August,SRADA,16.4
2000,LA,August,PRCP,968.5
2001,LA,August,TMAXA,28.9
2001,LA,August,TMINA,17.1
2001,LA,August,SRADA,16.6
2001,LA,August,PRCP,1223.4
2002,NE,August,TMAXA,28.5
2002,NE,August,TMINA,17.2
2002,NE,August,SRADA,16.6
2002,NE,August,PRCP,1409.9
2003,EN,August,TMAXA,28.5
2003,EN,August,TMINA,17.2
2003,EN,August,SRADA,16.7
2003,EN,August,PRCP,1326.6
2004,NE,August,TMAXA,27
2004,NE,August,TMINA,16.3
2004,NE,August,SRADA,16.3
2004,NE,August,PRCP,1396.1
2005,EN,August,TMAXA,27.9
2005,EN,August,TMINA,17
2005,EN,August,SRADA,16.5
2005,EN,August,PRCP,1277.3
2006,NE,August,TMAXA,27.7
2006,NE,August,TMINA,16.8
2006,NE,August,SRADA,16.1
2006,NE,August,PRCP,1247.9
2007,NE,August,TMAXA,28.2
2007,NE,August,TMINA,16.6
2007,NE,August,SRADA,17.3
2007,NE,August,PRCP,1164.7
2008,LA,August,TMAXA,27.8
2008,LA,August,TMINA,16
2008,LA,August,SRADA,16.5
2008,LA,August,PRCP,1299
2009,NE,August,TMAXA,27.6
2009,NE,August,TMINA,16
2009,NE,August,SRADA,16.8
2009,NE,August,PRCP,1535.3
2010,EN,August,TMAXA,27.9
2010,EN,August,TMINA,16.6
2010,EN,August,SRADA,16.4
2010,EN,August,PRCP,1558.8
2011,LA,August,TMAXA,27.9
2011,LA,August,TMINA,16.2
2011,LA,August,SRADA,16.6
2011,LA,August,PRCP,1353.7
2012,LA,August,TMAXA,27.7
2012,LA,August,TMINA,15.8
2012,LA,August,SRADA,17.7
2012,LA,August,PRCP,1409.9
2013,NE,August,TMAXA,28
2013,NE,August,TMINA,16.3
2013,NE,August,SRADA,17.2
2013,NE,August,PRCP,1311.1
2014,NE,August,TMAXA,28.5
2014,NE,August,TMINA,16.3
2014,NE,August,SRADA,18.2
2014,NE,August,PRCP,918.2
2015,EN,August,TMAXA,28.5
2015,EN,August,TMINA,16.7
2015,EN,August,SRADA,17.8
2015,EN,August,PRCP,1344.6
2016,EN,August,TMAXA,28.3
2016,EN,August,TMINA,17
2016,EN,August,SRADA,16.8
2016,EN,August,PRCP,1583.5
2017,NE,August,TMAXA,28
2017,NE,August,TMINA,16.2
2017,NE,August,SRADA,17.8
2017,NE,August,PRCP,1724.5
2018,LA,August,TMAXA,28.8
2018,LA,August,TMINA,16.3
2018,LA,August,SRADA,17.9
2018,LA,August,PRCP,1072.1
2019,EN,August,TMAXA,28.7
2019,EN,August,TMINA,16.7
2019,EN,August,SRADA,17.7
2019,EN,August,PRCP,1416.2
1963,NE,August,TMAXA,25.6
1963,NE,August,TMINA,12.2
1963,NE,August,SRADA,16.8
1963,NE,August,PRCP,1152.4
1964,EN,August,TMAXA,25.5
1964,EN,August,TMINA,12.7
1964,EN,August,SRADA,15.6
1964,EN,August,PRCP,1324.9
1965,LA,August,TMAXA,24.6
1965,LA,August,TMINA,12.3
1965,LA,August,SRADA,16.1
1965,LA,August,PRCP,1428.9
1966,EN,August,TMAXA,25.5
1966,EN,August,TMINA,12.9
1966,EN,August,SRADA,16
1966,EN,August,PRCP,1103.5
1967,NE,August,TMAXA,25.2
1967,NE,August,TMINA,12.7
1967,NE,August,SRADA,15.9
1967,NE,August,PRCP,1470.5
1968,NE,August,TMAXA,25
1968,NE,August,TMINA,11.9
1968,NE,August,SRADA,16.7
1968,NE,August,PRCP,1098.9
1969,EN,August,TMAXA,25.6
1969,EN,August,TMINA,12.9
1969,EN,August,SRADA,16.4
1969,EN,August,PRCP,1220.3
1970,EN,August,TMAXA,24.9
1970,EN,August,TMINA,13.5
1970,EN,August,SRADA,15.8
1970,EN,August,PRCP,1557.9
1971,LA,August,TMAXA,24.8
1971,LA,August,TMINA,13.1
1971,LA,August,SRADA,15.9
1971,LA,August,PRCP,1814.3
1972,LA,August,TMAXA,25.1
1972,LA,August,TMINA,13
1972,LA,August,SRADA,16.1
1972,LA,August,PRCP,1501.6
1973,EN,August,TMAXA,24.7
1973,EN,August,TMINA,14
1973,EN,August,SRADA,15.3
1973,EN,August,PRCP,1737.4
1974,LA,August,TMAXA,23.8
1974,LA,August,TMINA,12.9
1974,LA,August,SRADA,15.8
1974,LA,August,PRCP,1248.6
1975,LA,August,TMAXA,24.2
1975,LA,August,TMINA,12.9
1975,LA,August,SRADA,15.8
1975,LA,August,PRCP,1360.5
1976,LA,August,TMAXA,23.9
1976,LA,August,TMINA,13
1976,LA,August,SRADA,15.5
1976,LA,August,PRCP,1799.3
1977,EN,August,TMAXA,25
1977,EN,August,TMINA,13.3
1977,EN,August,SRADA,16.1
1977,EN,August,PRCP,1533.5
1978,NE,August,TMAXA,23
1978,NE,August,TMINA,13.8
1978,NE,August,SRADA,16.3
1978,NE,August,PRCP,1478.2
1979,NE,August,TMAXA,24.6
1979,NE,August,TMINA,12.6
1979,NE,August,SRADA,16.4
1979,NE,August,PRCP,1029.8
1980,NE,August,TMAXA,25
1980,NE,August,TMINA,13.4
1980,NE,August,SRADA,15.6
1980,NE,August,PRCP,1777.6
1981,NE,August,TMAXA,24.8
1981,NE,August,TMINA,13.4
1981,NE,August,SRADA,15.3
1981,NE,August,PRCP,1487.1
1982,NE,August,TMAXA,25
1982,NE,August,TMINA,13.1
1982,NE,August,SRADA,15.5
1982,NE,August,PRCP,1682.6
1983,EN,August,TMAXA,24.4
1983,EN,August,TMINA,14
1983,EN,August,SRADA,14.1
1983,EN,August,PRCP,2537.6
1984,NE,August,TMAXA,25
1984,NE,August,TMINA,13.3
1984,NE,August,SRADA,15.3
1984,NE,August,PRCP,1732.2
1985,LA,August,TMAXA,25.1
1985,LA,August,TMINA,12.7
1985,LA,August,SRADA,16
1985,LA,August,PRCP,1253.2
1986,NE,August,TMAXA,26.1
1986,NE,August,TMINA,13.6
1986,NE,August,SRADA,16.2
1986,NE,August,PRCP,1191.2
1987,EN,August,TMAXA,25.1
1987,EN,August,TMINA,13.2
1987,EN,August,SRADA,15.3
1987,EN,August,PRCP,1903.7
1988,EN,August,TMAXA,24.5
1988,EN,August,TMINA,13.3
1988,EN,August,SRADA,14.7
1988,EN,August,PRCP,1361.5
1989,LA,August,TMAXA,24.8
1989,LA,August,TMINA,13.2
1989,LA,August,SRADA,15.3
1989,LA,August,PRCP,1525.6
1990,NE,August,TMAXA,24
1990,NE,August,TMINA,13.3
1990,NE,August,SRADA,16.4
1990,NE,August,PRCP,1891.4
1991,NE,August,TMAXA,24.4
1991,NE,August,TMINA,13.4
1991,NE,August,SRADA,16.1
1991,NE,August,PRCP,1478.6
1992,EN,August,TMAXA,25
1992,EN,August,TMINA,13.9
1992,EN,August,SRADA,15.6
1992,EN,August,PRCP,2112.4
1993,NE,August,TMAXA,24.1
1993,NE,August,TMINA,13.5
1993,NE,August,SRADA,15.9
1993,NE,August,PRCP,1433.3
1994,NE,August,TMAXA,25.2
1994,NE,August,TMINA,13.8
1994,NE,August,SRADA,16.1
1994,NE,August,PRCP,2234.6
1995,EN,August,TMAXA,26.1
1995,EN,August,TMINA,13.8
1995,EN,August,SRADA,15.5
1995,EN,August,PRCP,1338.4
1996,LA,August,TMAXA,25
1996,LA,August,TMINA,12.7
1996,LA,August,SRADA,15.3
1996,LA,August,PRCP,1729.9
1997,NE,August,TMAXA,24.6
1997,NE,August,TMINA,13.4
1997,NE,August,SRADA,15.5
1997,NE,August,PRCP,1515.8
1998,EN,August,TMAXA,24.8
1998,EN,August,TMINA,14.1
1998,EN,August,SRADA,15.1
1998,EN,August,PRCP,1990.7
1999,LA,August,TMAXA,24.4
1999,LA,August,TMINA,13.6
1999,LA,August,SRADA,15.8
1999,LA,August,PRCP,1693.1
2000,LA,August,TMAXA,25.1
2000,LA,August,TMINA,13.1
2000,LA,August,SRADA,16.2
2000,LA,August,PRCP,1238.1
2001,LA,August,TMAXA,25.9
2001,LA,August,TMINA,14.4
2001,LA,August,SRADA,16.1
2001,LA,August,PRCP,2011.1
2002,NE,August,TMAXA,26.3
2002,NE,August,TMINA,14.6
2002,NE,August,SRADA,16.1
2002,NE,August,PRCP,1466.5
2003,EN,August,TMAXA,26.3
2003,EN,August,TMINA,14.2
2003,EN,August,SRADA,15.8
2003,EN,August,PRCP,1659.8
2004,NE,August,TMAXA,25.5
2004,NE,August,TMINA,13.4
2004,NE,August,SRADA,16.2
2004,NE,August,PRCP,1789.3
2005,EN,August,TMAXA,26.7
2005,EN,August,TMINA,14.4
2005,EN,August,SRADA,16.2
2005,EN,August,PRCP,1226.6
2006,NE,August,TMAXA,26.3
2006,NE,August,TMINA,14.2
2006,NE,August,SRADA,15.8
2006,NE,August,PRCP,1544.6
2007,NE,August,TMAXA,26.1
2007,NE,August,TMINA,14.4
2007,NE,August,SRADA,16.2
2007,NE,August,PRCP,1722.7
2008,LA,August,TMAXA,25.8
2008,LA,August,TMINA,13.9
2008,LA,August,SRADA,16
2008,LA,August,PRCP,1704.1
2009,NE,August,TMAXA,25.7
2009,NE,August,TMINA,13.9
2009,NE,August,SRADA,16.1
2009,NE,August,PRCP,1408.2
2010,EN,August,TMAXA,25.5
2010,EN,August,TMINA,14.8
2010,EN,August,SRADA,14.8
2010,EN,August,PRCP,2097.7
2011,LA,August,TMAXA,25.6
2011,LA,August,TMINA,14
2011,LA,August,SRADA,15.8
2011,LA,August,PRCP,1645.2
2012,LA,August,TMAXA,25.7
2012,LA,August,TMINA,13.8
2012,LA,August,SRADA,16.6
2012,LA,August,PRCP,1712.1
2013,NE,August,TMAXA,25.8
2013,NE,August,TMINA,14.3
2013,NE,August,SRADA,15.4
2013,NE,August,PRCP,1972.4
2014,NE,August,TMAXA,25.7
2014,NE,August,TMINA,14.5
2014,NE,August,SRADA,16.1
2014,NE,August,PRCP,1715.7
2015,EN,August,TMAXA,26
2015,EN,August,TMINA,15.1
2015,EN,August,SRADA,15.7
2015,EN,August,PRCP,2087.9
2016,EN,August,TMAXA,25.3
2016,EN,August,TMINA,14.9
2016,EN,August,SRADA,14.3
2016,EN,August,PRCP,2135.9
2017,NE,August,TMAXA,25.6
2017,NE,August,TMINA,14.5
2017,NE,August,SRADA,15.3
2017,NE,August,PRCP,1676.9
2018,LA,August,TMAXA,26.1
2018,LA,August,TMINA,15
2018,LA,August,SRADA,14.9
2018,LA,August,PRCP,1500.8
2019,EN,August,TMAXA,26.2
2019,EN,August,TMINA,15.4
2019,EN,August,SRADA,14.6
2019,EN,August,PRCP,1628.2
1963,NE,August,TMAXA,24.4
1963,NE,August,TMINA,11.6
1963,NE,August,SRADA,16.3
1963,NE,August,PRCP,1051.4
1964,EN,August,TMAXA,23.9
1964,EN,August,TMINA,12
1964,EN,August,SRADA,15
1964,EN,August,PRCP,1495.3
1965,LA,August,TMAXA,23.6
1965,LA,August,TMINA,11.6
1965,LA,August,SRADA,15.7
1965,LA,August,PRCP,1388.3
1966,EN,August,TMAXA,24.2
1966,EN,August,TMINA,12.2
1966,EN,August,SRADA,15.3
1966,EN,August,PRCP,1318.7
1967,NE,August,TMAXA,23.7
1967,NE,August,TMINA,11.5
1967,NE,August,SRADA,15.5
1967,NE,August,PRCP,1571.5
1968,NE,August,TMAXA,23.8
1968,NE,August,TMINA,10.9
1968,NE,August,SRADA,16.3
1968,NE,August,PRCP,1135.1
1969,EN,August,TMAXA,24.5
1969,EN,August,TMINA,11.9
1969,EN,August,SRADA,15.9
1969,EN,August,PRCP,1294.2
1970,EN,August,TMAXA,24.1
1970,EN,August,TMINA,12.1
1970,EN,August,SRADA,15.3
1970,EN,August,PRCP,1676.5
1971,LA,August,TMAXA,23.9
1971,LA,August,TMINA,11.6
1971,LA,August,SRADA,15.3
1971,LA,August,PRCP,1903.6
1972,LA,August,TMAXA,24.6
1972,LA,August,TMINA,12.2
1972,LA,August,SRADA,15.7
1972,LA,August,PRCP,1598.6
1973,EN,August,TMAXA,23.7
1973,EN,August,TMINA,13.4
1973,EN,August,SRADA,14.7
1973,EN,August,PRCP,1862.7
1974,LA,August,TMAXA,23.2
1974,LA,August,TMINA,12.5
1974,LA,August,SRADA,15.2
1974,LA,August,PRCP,1476.3
1975,LA,August,TMAXA,23.6
1975,LA,August,TMINA,12
1975,LA,August,SRADA,15.6
1975,LA,August,PRCP,1184.2
1976,LA,August,TMAXA,23.2
1976,LA,August,TMINA,11.9
1976,LA,August,SRADA,14.7
1976,LA,August,PRCP,1987.8
1977,EN,August,TMAXA,23.7
1977,EN,August,TMINA,13.1
1977,EN,August,SRADA,15.4
1977,EN,August,PRCP,1374.4
1978,NE,August,TMAXA,24.7
1978,NE,August,TMINA,12.2
1978,NE,August,SRADA,15.6
1978,NE,August,PRCP,1236.4
1979,NE,August,TMAXA,24.4
1979,NE,August,TMINA,12
1979,NE,August,SRADA,15.7
1979,NE,August,PRCP,1215.9
1980,NE,August,TMAXA,24.2
1980,NE,August,TMINA,12.7
1980,NE,August,SRADA,15.2
1980,NE,August,PRCP,1603.3
1981,NE,August,TMAXA,23.7
1981,NE,August,TMINA,12.5
1981,NE,August,SRADA,14.8
1981,NE,August,PRCP,1344.9
1982,NE,August,TMAXA,23.7
1982,NE,August,TMINA,12.4
1982,NE,August,SRADA,15
1982,NE,August,PRCP,1434.3
1983,EN,August,TMAXA,23.4
1983,EN,August,TMINA,13.3
1983,EN,August,SRADA,13.5
1983,EN,August,PRCP,2590.6
1984,NE,August,TMAXA,24.5
1984,NE,August,TMINA,13
1984,NE,August,SRADA,14.3
1984,NE,August,PRCP,1754
1985,LA,August,TMAXA,24.5
1985,LA,August,TMINA,13
1985,LA,August,SRADA,15.5
1985,LA,August,PRCP,1133.3
1986,NE,August,TMAXA,25.1
1986,NE,August,TMINA,13.7
1986,NE,August,SRADA,16
1986,NE,August,PRCP,1138.9
1987,EN,August,TMAXA,24.3
1987,EN,August,TMINA,13.4
1987,EN,August,SRADA,14.7
1987,EN,August,PRCP,1850.4
1988,EN,August,TMAXA,23.8
1988,EN,August,TMINA,13
1988,EN,August,SRADA,13.9
1988,EN,August,PRCP,1169.3
1989,LA,August,TMAXA,24.1
1989,LA,August,TMINA,13.2
1989,LA,August,SRADA,14.5
1989,LA,August,PRCP,1424.2
1990,NE,August,TMAXA,23.4
1990,NE,August,TMINA,13
1990,NE,August,SRADA,15.8
1990,NE,August,PRCP,1774.6
1991,NE,August,TMAXA,24.1
1991,NE,August,TMINA,13.3
1991,NE,August,SRADA,15
1991,NE,August,PRCP,1455.5
1992,EN,August,TMAXA,24.5
1992,EN,August,TMINA,13.8
1992,EN,August,SRADA,14.7
1992,EN,August,PRCP,1868.6
1993,NE,August,TMAXA,23.8
1993,NE,August,TMINA,13.2
1993,NE,August,SRADA,15.2
1993,NE,August,PRCP,1422
1994,NE,August,TMAXA,24.6
1994,NE,August,TMINA,13.6
1994,NE,August,SRADA,15.8
1994,NE,August,PRCP,1644.9
1995,EN,August,TMAXA,25.1
1995,EN,August,TMINA,13.7
1995,EN,August,SRADA,15.4
1995,EN,August,PRCP,1471
1996,LA,August,TMAXA,24.1
1996,LA,August,TMINA,13
1996,LA,August,SRADA,15.3
1996,LA,August,PRCP,1793
1997,NE,August,TMAXA,24.2
1997,NE,August,TMINA,13.5
1997,NE,August,SRADA,15.4
1997,NE,August,PRCP,1640.9
1998,EN,August,TMAXA,24.2
1998,EN,August,TMINA,14
1998,EN,August,SRADA,14.3
1998,EN,August,PRCP,2543.1
1999,LA,August,TMAXA,23.7
1999,LA,August,TMINA,13.4
1999,LA,August,SRADA,15
1999,LA,August,PRCP,1750.6
2000,LA,August,TMAXA,24.2
2000,LA,August,TMINA,12.6
2000,LA,August,SRADA,15.9
2000,LA,August,PRCP,1323.1
2001,LA,August,TMAXA,25.2
2001,LA,August,TMINA,14.1
2001,LA,August,SRADA,15.5
2001,LA,August,PRCP,1808.6
2002,NE,August,TMAXA,25.4
2002,NE,August,TMINA,14.3
2002,NE,August,SRADA,15.8
2002,NE,August,PRCP,1369.5
2003,EN,August,TMAXA,25.4
2003,EN,August,TMINA,13.9
2003,EN,August,SRADA,15.6
2003,EN,August,PRCP,1587.8
2004,NE,August,TMAXA,24.3
2004,NE,August,TMINA,13.1
2004,NE,August,SRADA,15.9
2004,NE,August,PRCP,1466.1
2005,EN,August,TMAXA,25.5
2005,EN,August,TMINA,13.9
2005,EN,August,SRADA,16.1
2005,EN,August,PRCP,1271
2006,NE,August,TMAXA,25.2
2006,NE,August,TMINA,13.6
2006,NE,August,SRADA,15.7
2006,NE,August,PRCP,1365.4
2007,NE,August,TMAXA,25.1
2007,NE,August,TMINA,14.3
2007,NE,August,SRADA,16.1
2007,NE,August,PRCP,1546.3
2008,LA,August,TMAXA,24.6
2008,LA,August,TMINA,13.8
2008,LA,August,SRADA,15.8
2008,LA,August,PRCP,1510.4
2009,NE,August,TMAXA,23.9
2009,NE,August,TMINA,13.2
2009,NE,August,SRADA,15.3
2009,NE,August,PRCP,1429.2
2010,EN,August,TMAXA,23.9
2010,EN,August,TMINA,14.2
2010,EN,August,SRADA,14.1
2010,EN,August,PRCP,2171.3
2011,LA,August,TMAXA,23.8
2011,LA,August,TMINA,13.1
2011,LA,August,SRADA,14.8
2011,LA,August,PRCP,1691.9
2012,LA,August,TMAXA,24.1
2012,LA,August,TMINA,12.3
2012,LA,August,SRADA,15.6
2012,LA,August,PRCP,1654.4
2013,NE,August,TMAXA,24.4
2013,NE,August,TMINA,12.8
2013,NE,August,SRADA,14.6
2013,NE,August,PRCP,1805
2014,NE,August,TMAXA,24.4
2014,NE,August,TMINA,13.1
2014,NE,August,SRADA,15
2014,NE,August,PRCP,1743.5
2015,EN,August,TMAXA,25
2015,EN,August,TMINA,13.8
2015,EN,August,SRADA,14.9
2015,EN,August,PRCP,1913.6
2016,EN,August,TMAXA,24.3
2016,EN,August,TMINA,13.4
2016,EN,August,SRADA,13.7
2016,EN,August,PRCP,1908.9
2017,NE,August,TMAXA,24.7
2017,NE,August,TMINA,12.9
2017,NE,August,SRADA,14.7
2017,NE,August,PRCP,1421.4
2018,LA,August,TMAXA,25.1
2018,LA,August,TMINA,13.2
2018,LA,August,SRADA,14.8
2018,LA,August,PRCP,1526.6
2019,EN,August,TMAXA,25.4
2019,EN,August,TMINA,13.7
2019,EN,August,SRADA,14.5
2019,EN,August,PRCP,1717.6
1963,NE,September,TMAXA,30.9
1963,NE,September,TMINA,16.7
1963,NE,September,SRADA,18.2
1963,NE,September,PRCP,1052.4
1964,EN,September,TMAXA,30.8
1964,EN,September,TMINA,16.7
1964,EN,September,SRADA,17.7
1964,EN,September,PRCP,1286.5
1965,LA,September,TMAXA,29.6
1965,LA,September,TMINA,16.1
1965,LA,September,SRADA,17.7
1965,LA,September,PRCP,1398.7
1966,EN,September,TMAXA,30.6
1966,EN,September,TMINA,16.9
1966,EN,September,SRADA,18.1
1966,EN,September,PRCP,1199
1967,NE,September,TMAXA,29.5
1967,NE,September,TMINA,16.7
1967,NE,September,SRADA,18.5
1967,NE,September,PRCP,1110
1968,NE,September,TMAXA,28.6
1968,NE,September,TMINA,16
1968,NE,September,SRADA,18.7
1968,NE,September,PRCP,1154.5
1969,EN,September,TMAXA,29.9
1969,EN,September,TMINA,17.2
1969,EN,September,SRADA,18.8
1969,EN,September,PRCP,1074.2
1970,NE,September,TMAXA,29
1970,NE,September,TMINA,16.6
1970,NE,September,SRADA,18.5
1970,NE,September,PRCP,1456.3
1971,LA,September,TMAXA,29.1
1971,LA,September,TMINA,16.8
1971,LA,September,SRADA,19
1971,LA,September,PRCP,1287.3
1972,LA,September,TMAXA,28.4
1972,LA,September,TMINA,17.8
1972,LA,September,SRADA,17.9
1972,LA,September,PRCP,1467.2
1973,EN,September,TMAXA,29
1973,EN,September,TMINA,17.9
1973,EN,September,SRADA,18
1973,EN,September,PRCP,1493.2
1974,LA,September,TMAXA,28.6
1974,LA,September,TMINA,17.4
1974,LA,September,SRADA,18.1
1974,LA,September,PRCP,1588
1975,LA,September,TMAXA,29.3
1975,LA,September,TMINA,17.8
1975,LA,September,SRADA,18.8
1975,LA,September,PRCP,1097.8
1976,LA,September,TMAXA,28
1976,LA,September,TMINA,17.4
1976,LA,September,SRADA,17.8
1976,LA,September,PRCP,1702.2
1977,EN,September,TMAXA,29.4
1977,EN,September,TMINA,18.3
1977,EN,September,SRADA,18.1
1977,EN,September,PRCP,1233.1
1978,NE,September,TMAXA,29.1
1978,NE,September,TMINA,18
1978,NE,September,SRADA,18.3
1978,NE,September,PRCP,1390.3
1979,NE,September,TMAXA,29.1
1979,NE,September,TMINA,17.5
1979,NE,September,SRADA,18.5
1979,NE,September,PRCP,963.3
1980,NE,September,TMAXA,28.9
1980,NE,September,TMINA,18.6
1980,NE,September,SRADA,17.4
1980,NE,September,PRCP,1385.8
1981,NE,September,TMAXA,29.1
1981,NE,September,TMINA,18.2
1981,NE,September,SRADA,18.4
1981,NE,September,PRCP,1028.7
1982,NE,September,TMAXA,28.7
1982,NE,September,TMINA,18.4
1982,NE,September,SRADA,17.5
1982,NE,September,PRCP,1244.4
1983,EN,September,TMAXA,28.5
1983,EN,September,TMINA,18.6
1983,EN,September,SRADA,16.9
1983,EN,September,PRCP,1736.1
1984,NE,September,TMAXA,29.6
1984,NE,September,TMINA,18.7
1984,NE,September,SRADA,18.6
1984,NE,September,PRCP,1110.5
1985,LA,September,TMAXA,29.5
1985,LA,September,TMINA,17.7
1985,LA,September,SRADA,18.7
1985,LA,September,PRCP,1158.1
1986,NE,September,TMAXA,30
1986,NE,September,TMINA,19
1986,NE,September,SRADA,18.9
1986,NE,September,PRCP,924.5
1987,EN,September,TMAXA,28.2
1987,EN,September,TMINA,18.7
1987,EN,September,SRADA,18.1
1987,EN,September,PRCP,1229.6
1988,EN,September,TMAXA,28.7
1988,EN,September,TMINA,18.5
1988,EN,September,SRADA,18.3
1988,EN,September,PRCP,1420.4
1989,LA,September,TMAXA,28.2
1989,LA,September,TMINA,18.4
1989,LA,September,SRADA,18.1
1989,LA,September,PRCP,1490.3
1990,NE,September,TMAXA,28.4
1990,NE,September,TMINA,18.1
1990,NE,September,SRADA,18.5
1990,NE,September,PRCP,1319.3
1991,NE,September,TMAXA,29.4
1991,NE,September,TMINA,18.9
1991,NE,September,SRADA,18.7
1991,NE,September,PRCP,1150.7
1992,EN,September,TMAXA,28.8
1992,EN,September,TMINA,18.7
1992,EN,September,SRADA,17.7
1992,EN,September,PRCP,1382
1993,NE,September,TMAXA,28.7
1993,NE,September,TMINA,18.4
1993,NE,September,SRADA,18
1993,NE,September,PRCP,1301.3
1994,NE,September,TMAXA,29.7
1994,NE,September,TMINA,18.8
1994,NE,September,SRADA,18
1994,NE,September,PRCP,1091.8
1995,EN,September,TMAXA,30.5
1995,EN,September,TMINA,19.7
1995,EN,September,SRADA,18.2
1995,EN,September,PRCP,1157.1
1996,LA,September,TMAXA,28.9
1996,LA,September,TMINA,18.7
1996,LA,September,SRADA,18.3
1996,LA,September,PRCP,1401
1997,NE,September,TMAXA,29.2
1997,NE,September,TMINA,18.9
1997,NE,September,SRADA,18.2
1997,NE,September,PRCP,1507
1998,EN,September,TMAXA,29.4
1998,EN,September,TMINA,19.3
1998,EN,September,SRADA,17.2
1998,EN,September,PRCP,1496.2
1999,LA,September,TMAXA,29.4
1999,LA,September,TMINA,18.6
1999,LA,September,SRADA,18.5
1999,LA,September,PRCP,1302.2
2000,LA,September,TMAXA,29.4
2000,LA,September,TMINA,18.2
2000,LA,September,SRADA,18.3
2000,LA,September,PRCP,1310.5
2001,NE,September,TMAXA,29.9
2001,NE,September,TMINA,19.5
2001,NE,September,SRADA,18.8
2001,NE,September,PRCP,1068
2002,NE,September,TMAXA,30.4
2002,NE,September,TMINA,19.7
2002,NE,September,SRADA,18.5
2002,NE,September,PRCP,1233.7
2003,EN,September,TMAXA,30
2003,EN,September,TMINA,19.4
2003,EN,September,SRADA,18.2
2003,EN,September,PRCP,1511
2004,NE,September,TMAXA,29.4
2004,NE,September,TMINA,18.8
2004,NE,September,SRADA,18.7
2004,NE,September,PRCP,1153.6
2005,NE,September,TMAXA,29.8
2005,NE,September,TMINA,19.3
2005,NE,September,SRADA,18
2005,NE,September,PRCP,1231.9
2006,NE,September,TMAXA,29.7
2006,NE,September,TMINA,18.9
2006,NE,September,SRADA,17.7
2006,NE,September,PRCP,1055.3
2007,EN,September,TMAXA,30.1
2007,EN,September,TMINA,19.3
2007,EN,September,SRADA,18
2007,EN,September,PRCP,106.1
2008,LA,September,TMAXA,29.8
2008,LA,September,TMINA,18.9
2008,LA,September,SRADA,17.6
2008,LA,September,PRCP,1180.3
2009,NE,September,TMAXA,29.4
2009,NE,September,TMINA,18.7
2009,NE,September,SRADA,17.7
2009,NE,September,PRCP,1112.6
2010,EN,September,TMAXA,29.6
2010,EN,September,TMINA,18.9
2010,EN,September,SRADA,17.2
2010,EN,September,PRCP,347.8
2011,LA,September,TMAXA,29.3
2011,LA,September,TMINA,18.5
2011,LA,September,SRADA,16.8
2011,LA,September,PRCP,1339.6
2012,LA,September,TMAXA,29.8
2012,LA,September,TMINA,18.7
2012,LA,September,SRADA,18.3
2012,LA,September,PRCP,1362.6
2013,NE,September,TMAXA,29.8
2013,NE,September,TMINA,18.9
2013,NE,September,SRADA,16.9
2013,NE,September,PRCP,1467.8
2014,NE,September,TMAXA,30.1
2014,NE,September,TMINA,19
2014,NE,September,SRADA,17.3
2014,NE,September,PRCP,1170
2015,EN,September,TMAXA,30
2015,EN,September,TMINA,19.3
2015,EN,September,SRADA,17
2015,EN,September,PRCP,1673
2016,EN,September,TMAXA,29.9
2016,EN,September,TMINA,18.8
2016,EN,September,SRADA,16.4
2016,EN,September,PRCP,1829.9
2017,NE,September,TMAXA,30.1
2017,NE,September,TMINA,18.9
2017,NE,September,SRADA,17.5
2017,NE,September,PRCP,1111.4
2018,LA,September,TMAXA,30.2
2018,LA,September,TMINA,18.8
2018,LA,September,SRADA,17
2018,LA,September,PRCP,1337.4
2019,EN,September,TMAXA,30.9
2019,EN,September,TMINA,19.5
2019,EN,September,SRADA,17.3
2019,EN,September,PRCP,1184
1963,NE,September,TMAXA,29.2
1963,NE,September,TMINA,17.6
1963,NE,September,SRADA,17.7
1963,NE,September,PRCP,1372.3
1964,EN,September,TMAXA,28.7
1964,EN,September,TMINA,17.8
1964,EN,September,SRADA,17.1
1964,EN,September,PRCP,1442.7
1965,LA,September,TMAXA,28.3
1965,LA,September,TMINA,17
1965,LA,September,SRADA,16.9
1965,LA,September,PRCP,1805.3
1966,EN,September,TMAXA,28.6
1966,EN,September,TMINA,17.6
1966,EN,September,SRADA,17.1
1966,EN,September,PRCP,1651.6
1967,NE,September,TMAXA,29.3
1967,NE,September,TMINA,17.6
1967,NE,September,SRADA,18.1
1967,NE,September,PRCP,1353.3
1968,NE,September,TMAXA,28.8
1968,NE,September,TMINA,16.7
1968,NE,September,SRADA,18.6
1968,NE,September,PRCP,1094
1969,EN,September,TMAXA,29.6
1969,EN,September,TMINA,17.5
1969,EN,September,SRADA,18.1
1969,EN,September,PRCP,1238.6
1970,NE,September,TMAXA,28.8
1970,NE,September,TMINA,17.6
1970,NE,September,SRADA,18.2
1970,NE,September,PRCP,1568.8
1971,LA,September,TMAXA,28.4
1971,LA,September,TMINA,17.1
1971,LA,September,SRADA,18
1971,LA,September,PRCP,1527.8
1972,LA,September,TMAXA,28.8
1972,LA,September,TMINA,15.9
1972,LA,September,SRADA,17.9
1972,LA,September,PRCP,1561.5
1973,EN,September,TMAXA,29.1
1973,EN,September,TMINA,16.8
1973,EN,September,SRADA,17.5
1973,EN,September,PRCP,1480.4
1974,LA,September,TMAXA,28.8
1974,LA,September,TMINA,17
1974,LA,September,SRADA,17.9
1974,LA,September,PRCP,1332.1
1975,LA,September,TMAXA,29.1
1975,LA,September,TMINA,17.1
1975,LA,September,SRADA,18.1
1975,LA,September,PRCP,1267.6
1976,LA,September,TMAXA,27.8
1976,LA,September,TMINA,16.3
1976,LA,September,SRADA,17.6
1976,LA,September,PRCP,1496.1
1977,EN,September,TMAXA,29.1
1977,EN,September,TMINA,17.9
1977,EN,September,SRADA,18.4
1977,EN,September,PRCP,1474.1
1978,NE,September,TMAXA,29.5
1978,NE,September,TMINA,17.2
1978,NE,September,SRADA,18.2
1978,NE,September,PRCP,1126.4
1979,NE,September,TMAXA,29
1979,NE,September,TMINA,17.4
1979,NE,September,SRADA,18.2
1979,NE,September,PRCP,1356.7
1980,NE,September,TMAXA,29.3
1980,NE,September,TMINA,17.5
1980,NE,September,SRADA,17.4
1980,NE,September,PRCP,1437.6
1981,NE,September,TMAXA,29.6
1981,NE,September,TMINA,17.1
1981,NE,September,SRADA,17.9
1981,NE,September,PRCP,1112.9
1982,NE,September,TMAXA,28.7
1982,NE,September,TMINA,17.9
1982,NE,September,SRADA,17.3
1982,NE,September,PRCP,1744.3
1983,EN,September,TMAXA,28.1
1983,EN,September,TMINA,17.5
1983,EN,September,SRADA,16.1
1983,EN,September,PRCP,2005.1
1984,NE,September,TMAXA,29.3
1984,NE,September,TMINA,17.3
1984,NE,September,SRADA,18
1984,NE,September,PRCP,1261.4
1985,LA,September,TMAXA,29.2
1985,LA,September,TMINA,17.9
1985,LA,September,SRADA,17.8
1985,LA,September,PRCP,1328
1986,NE,September,TMAXA,29.1
1986,NE,September,TMINA,17.8
1986,NE,September,SRADA,18
1986,NE,September,PRCP,1143.6
1987,EN,September,TMAXA,27.5
1987,EN,September,TMINA,17.2
1987,EN,September,SRADA,17.2
1987,EN,September,PRCP,1356.4
1988,EN,September,TMAXA,28.5
1988,EN,September,TMINA,17.4
1988,EN,September,SRADA,17.5
1988,EN,September,PRCP,1367.3
1989,LA,September,TMAXA,28.1
1989,LA,September,TMINA,17.3
1989,LA,September,SRADA,17.5
1989,LA,September,PRCP,1613.9
1990,NE,September,TMAXA,27.7
1990,NE,September,TMINA,17.1
1990,NE,September,SRADA,17.8
1990,NE,September,PRCP,1361
1991,NE,September,TMAXA,28.9
1991,NE,September,TMINA,18
1991,NE,September,SRADA,18.1
1991,NE,September,PRCP,1363.8
1992,EN,September,TMAXA,28.2
1992,EN,September,TMINA,17.8
1992,EN,September,SRADA,17
1992,EN,September,PRCP,1693.2
1993,NE,September,TMAXA,28.9
1993,NE,September,TMINA,17.4
1993,NE,September,SRADA,17.7
1993,NE,September,PRCP,1476.4
1994,NE,September,TMAXA,29.8
1994,NE,September,TMINA,17.8
1994,NE,September,SRADA,17.8
1994,NE,September,PRCP,1544.6
1995,EN,September,TMAXA,30.4
1995,EN,September,TMINA,18.2
1995,EN,September,SRADA,18.2
1995,EN,September,PRCP,1218.5
1996,LA,September,TMAXA,29.2
1996,LA,September,TMINA,17.5
1996,LA,September,SRADA,18
1996,LA,September,PRCP,1516.3
1997,NE,September,TMAXA,29.5
1997,NE,September,TMINA,18.1
1997,NE,September,SRADA,17.8
1997,NE,September,PRCP,1757.8
1998,EN,September,TMAXA,29.6
1998,EN,September,TMINA,18.6
1998,EN,September,SRADA,17.2
1998,EN,September,PRCP,1948.1
1999,LA,September,TMAXA,29.6
1999,LA,September,TMINA,17.9
1999,LA,September,SRADA,18.2
1999,LA,September,PRCP,1361.3
2000,LA,September,TMAXA,29.3
2000,LA,September,TMINA,17.7
2000,LA,September,SRADA,17.9
2000,LA,September,PRCP,1292.8
2001,NE,September,TMAXA,29.9
2001,NE,September,TMINA,18.6
2001,NE,September,SRADA,18.2
2001,NE,September,PRCP,1535.9
2002,NE,September,TMAXA,30.2
2002,NE,September,TMINA,19.2
2002,NE,September,SRADA,17.9
2002,NE,September,PRCP,1645.9
2003,EN,September,TMAXA,30.2
2003,EN,September,TMINA,18.7
2003,EN,September,SRADA,17.7
2003,EN,September,PRCP,1377.3
2004,NE,September,TMAXA,29.8
2004,NE,September,TMINA,18.4
2004,NE,September,SRADA,18.6
2004,NE,September,PRCP,1405.5
2005,NE,September,TMAXA,30.4
2005,NE,September,TMINA,18.9
2005,NE,September,SRADA,17.9
2005,NE,September,PRCP,1327.7
2006,NE,September,TMAXA,29.8
2006,NE,September,TMINA,18.7
2006,NE,September,SRADA,17.8
2006,NE,September,PRCP,1698.2
2007,EN,September,TMAXA,29.9
2007,EN,September,TMINA,18.3
2007,EN,September,SRADA,17.6
2007,EN,September,PRCP,1800.2
2008,LA,September,TMAXA,29.8
2008,LA,September,TMINA,17.9
2008,LA,September,SRADA,17.4
2008,LA,September,PRCP,1588.4
2009,NE,September,TMAXA,29.7
2009,NE,September,TMINA,17.6
2009,NE,September,SRADA,17.4
2009,NE,September,PRCP,1530.7
2010,EN,September,TMAXA,30
2010,EN,September,TMINA,17.5
2010,EN,September,SRADA,17.4
2010,EN,September,PRCP,1863.3
2011,LA,September,TMAXA,29.4
2011,LA,September,TMINA,17.3
2011,LA,September,SRADA,17.2
2011,LA,September,PRCP,1557
2012,LA,September,TMAXA,30.2
2012,LA,September,TMINA,17.7
2012,LA,September,SRADA,18.4
2012,LA,September,PRCP,1354.1
2013,NE,September,TMAXA,30.2
2013,NE,September,TMINA,17.7
2013,NE,September,SRADA,18
2013,NE,September,PRCP,1652.6
2014,NE,September,TMAXA,29.8
2014,NE,September,TMINA,18.1
2014,NE,September,SRADA,17.7
2014,NE,September,PRCP,1903
2015,EN,September,TMAXA,30.3
2015,EN,September,TMINA,18.5
2015,EN,September,SRADA,17.2
2015,EN,September,PRCP,2233.8
2016,EN,September,TMAXA,29.6
2016,EN,September,TMINA,18.1
2016,EN,September,SRADA,16.2
2016,EN,September,PRCP,2358.2
2017,NE,September,TMAXA,30.2
2017,NE,September,TMINA,18.1
2017,NE,September,SRADA,17.7
2017,NE,September,PRCP,1703.1
2018,LA,September,TMAXA,29.8
2018,LA,September,TMINA,17.8
2018,LA,September,SRADA,17.4
2018,LA,September,PRCP,1563.8
2019,EN,September,TMAXA,30.6
2019,EN,September,TMINA,18.6
2019,EN,September,SRADA,17.6
2019,EN,September,PRCP,1831
1963,NE,September,TMAXA,29.2
1963,NE,September,TMINA,17.6
1963,NE,September,SRADA,17.7
1963,NE,September,PRCP,1372.3
1964,EN,September,TMAXA,28.7
1964,EN,September,TMINA,17.8
1964,EN,September,SRADA,17.1
1964,EN,September,PRCP,1442.7
1965,LA,September,TMAXA,28.3
1965,LA,September,TMINA,17
1965,LA,September,SRADA,16.9
1965,LA,September,PRCP,1805.3
1966,EN,September,TMAXA,28.6
1966,EN,September,TMINA,17.6
1966,EN,September,SRADA,17.1
1966,EN,September,PRCP,1651.6
1967,NE,September,TMAXA,29.3
1967,NE,September,TMINA,17.6
1967,NE,September,SRADA,18.1
1967,NE,September,PRCP,1353.3
1968,NE,September,TMAXA,28.8
1968,NE,September,TMINA,16.7
1968,NE,September,SRADA,18.6
1968,NE,September,PRCP,1094
1969,EN,September,TMAXA,29.6
1969,EN,September,TMINA,17.5
1969,EN,September,SRADA,18.1
1969,EN,September,PRCP,1238.6
1970,NE,September,TMAXA,28.8
1970,NE,September,TMINA,17.6
1970,NE,September,SRADA,18.2
1970,NE,September,PRCP,1568.8
1971,LA,September,TMAXA,28.4
1971,LA,September,TMINA,17.1
1971,LA,September,SRADA,18
1971,LA,September,PRCP,1527.8
1972,LA,September,TMAXA,28.8
1972,LA,September,TMINA,15.9
1972,LA,September,SRADA,17.9
1972,LA,September,PRCP,1561.5
1973,EN,September,TMAXA,29.1
1973,EN,September,TMINA,16.8
1973,EN,September,SRADA,17.5
1973,EN,September,PRCP,1480.4
1974,LA,September,TMAXA,28.8
1974,LA,September,TMINA,17
1974,LA,September,SRADA,17.9
1974,LA,September,PRCP,1332.1
1975,LA,September,TMAXA,29.1
1975,LA,September,TMINA,17.1
1975,LA,September,SRADA,18.1
1975,LA,September,PRCP,1267.6
1976,LA,September,TMAXA,27.8
1976,LA,September,TMINA,16.3
1976,LA,September,SRADA,17.6
1976,LA,September,PRCP,1496.1
1977,EN,September,TMAXA,29.1
1977,EN,September,TMINA,17.9
1977,EN,September,SRADA,18.4
1977,EN,September,PRCP,1474.1
1978,NE,September,TMAXA,29.5
1978,NE,September,TMINA,17.2
1978,NE,September,SRADA,18.2
1978,NE,September,PRCP,1126.4
1979,NE,September,TMAXA,29
1979,NE,September,TMINA,17.4
1979,NE,September,SRADA,18.2
1979,NE,September,PRCP,1356.7
1980,NE,September,TMAXA,29.3
1980,NE,September,TMINA,17.5
1980,NE,September,SRADA,17.4
1980,NE,September,PRCP,1437.6
1981,NE,September,TMAXA,29.6
1981,NE,September,TMINA,17.1
1981,NE,September,SRADA,17.9
1981,NE,September,PRCP,1112.9
1982,NE,September,TMAXA,28.7
1982,NE,September,TMINA,17.9
1982,NE,September,SRADA,17.3
1982,NE,September,PRCP,1744.3
1983,EN,September,TMAXA,28.1
1983,EN,September,TMINA,17.5
1983,EN,September,SRADA,16.1
1983,EN,September,PRCP,2005.1
1984,NE,September,TMAXA,29.3
1984,NE,September,TMINA,17.3
1984,NE,September,SRADA,18
1984,NE,September,PRCP,1261.4
1985,LA,September,TMAXA,29.2
1985,LA,September,TMINA,17.9
1985,LA,September,SRADA,17.8
1985,LA,September,PRCP,1328
1986,NE,September,TMAXA,29.1
1986,NE,September,TMINA,17.8
1986,NE,September,SRADA,18
1986,NE,September,PRCP,1143.6
1987,EN,September,TMAXA,27.5
1987,EN,September,TMINA,17.2
1987,EN,September,SRADA,17.2
1987,EN,September,PRCP,1356.4
1988,EN,September,TMAXA,28.5
1988,EN,September,TMINA,17.4
1988,EN,September,SRADA,17.5
1988,EN,September,PRCP,1367.3
1989,LA,September,TMAXA,28.1
1989,LA,September,TMINA,17.3
1989,LA,September,SRADA,17.5
1989,LA,September,PRCP,1613.9
1990,NE,September,TMAXA,27.7
1990,NE,September,TMINA,17.1
1990,NE,September,SRADA,17.8
1990,NE,September,PRCP,1361
1991,NE,September,TMAXA,28.9
1991,NE,September,TMINA,18
1991,NE,September,SRADA,18.1
1991,NE,September,PRCP,1363.8
1992,EN,September,TMAXA,28.2
1992,EN,September,TMINA,17.8
1992,EN,September,SRADA,17
1992,EN,September,PRCP,1693.2
1993,NE,September,TMAXA,28.9
1993,NE,September,TMINA,17.4
1993,NE,September,SRADA,17.7
1993,NE,September,PRCP,1476.4
1994,NE,September,TMAXA,29.8
1994,NE,September,TMINA,17.8
1994,NE,September,SRADA,17.8
1994,NE,September,PRCP,1544.6
1995,EN,September,TMAXA,30.4
1995,EN,September,TMINA,18.2
1995,EN,September,SRADA,18.2
1995,EN,September,PRCP,1218.5
1996,LA,September,TMAXA,29.2
1996,LA,September,TMINA,17.5
1996,LA,September,SRADA,18
1996,LA,September,PRCP,1516.3
1997,NE,September,TMAXA,29.5
1997,NE,September,TMINA,18.1
1997,NE,September,SRADA,17.8
1997,NE,September,PRCP,1757.8
1998,EN,September,TMAXA,29.6
1998,EN,September,TMINA,18.6
1998,EN,September,SRADA,17.2
1998,EN,September,PRCP,1948.1
1999,LA,September,TMAXA,29.6
1999,LA,September,TMINA,17.9
1999,LA,September,SRADA,18.2
1999,LA,September,PRCP,1361.3
2000,LA,September,TMAXA,29.3
2000,LA,September,TMINA,17.7
2000,LA,September,SRADA,17.9
2000,LA,September,PRCP,1292.8
2001,NE,September,TMAXA,29.9
2001,NE,September,TMINA,18.6
2001,NE,September,SRADA,18.2
2001,NE,September,PRCP,1535.9
2002,NE,September,TMAXA,30.2
2002,NE,September,TMINA,19.2
2002,NE,September,SRADA,17.9
2002,NE,September,PRCP,1645.9
2003,EN,September,TMAXA,30.2
2003,EN,September,TMINA,18.7
2003,EN,September,SRADA,17.7
2003,EN,September,PRCP,1377.3
2004,NE,September,TMAXA,29.8
2004,NE,September,TMINA,18.4
2004,NE,September,SRADA,18.6
2004,NE,September,PRCP,1405.5
2005,NE,September,TMAXA,30.4
2005,NE,September,TMINA,18.9
2005,NE,September,SRADA,17.9
2005,NE,September,PRCP,1327.7
2006,NE,September,TMAXA,29.8
2006,NE,September,TMINA,18.7
2006,NE,September,SRADA,17.8
2006,NE,September,PRCP,1698.2
2007,EN,September,TMAXA,29.9
2007,EN,September,TMINA,18.3
2007,EN,September,SRADA,17.6
2007,EN,September,PRCP,1800.2
2008,LA,September,TMAXA,29.8
2008,LA,September,TMINA,17.9
2008,LA,September,SRADA,17.4
2008,LA,September,PRCP,1588.4
2009,NE,September,TMAXA,29.7
2009,NE,September,TMINA,17.6
2009,NE,September,SRADA,17.4
2009,NE,September,PRCP,1530.7
2010,EN,September,TMAXA,30
2010,EN,September,TMINA,17.5
2010,EN,September,SRADA,17.4
2010,EN,September,PRCP,1863.3
2011,LA,September,TMAXA,29.4
2011,LA,September,TMINA,17.3
2011,LA,September,SRADA,17.2
2011,LA,September,PRCP,1557
2012,LA,September,TMAXA,30.2
2012,LA,September,TMINA,17.7
2012,LA,September,SRADA,18.4
2012,LA,September,PRCP,1354.1
2013,NE,September,TMAXA,30.2
2013,NE,September,TMINA,17.7
2013,NE,September,SRADA,18
2013,NE,September,PRCP,1652.6
2014,NE,September,TMAXA,29.8
2014,NE,September,TMINA,18.1
2014,NE,September,SRADA,17.7
2014,NE,September,PRCP,1903
2015,EN,September,TMAXA,30.3
2015,EN,September,TMINA,18.5
2015,EN,September,SRADA,17.2
2015,EN,September,PRCP,2233.8
2016,EN,September,TMAXA,29.6
2016,EN,September,TMINA,18.1
2016,EN,September,SRADA,16.2
2016,EN,September,PRCP,2358.2
2017,NE,September,TMAXA,30.2
2017,NE,September,TMINA,18.1
2017,NE,September,SRADA,17.7
2017,NE,September,PRCP,1703.1
2018,LA,September,TMAXA,29.8
2018,LA,September,TMINA,17.8
2018,LA,September,SRADA,17.4
2018,LA,September,PRCP,1563.8
2019,EN,September,TMAXA,30.6
2019,EN,September,TMINA,18.6
2019,EN,September,SRADA,17.6
2019,EN,September,PRCP,1831
1963,NE,September,TMAXA,28.6
1963,NE,September,TMINA,15.1
1963,NE,September,SRADA,18
1963,NE,September,PRCP,1382.9
1964,EN,September,TMAXA,27.9
1964,EN,September,TMINA,15.4
1964,EN,September,SRADA,17.7
1964,EN,September,PRCP,1665.8
1965,LA,September,TMAXA,27.2
1965,LA,September,TMINA,15.1
1965,LA,September,SRADA,17.6
1965,LA,September,PRCP,1850.5
1966,EN,September,TMAXA,28
1966,EN,September,TMINA,15.8
1966,EN,September,SRADA,17.9
1966,EN,September,PRCP,1492.6
1967,NE,September,TMAXA,28.5
1967,NE,September,TMINA,15.8
1967,NE,September,SRADA,18.4
1967,NE,September,PRCP,1175.8
1968,NE,September,TMAXA,27.5
1968,NE,September,TMINA,14.7
1968,NE,September,SRADA,18.5
1968,NE,September,PRCP,1293.4
1969,EN,September,TMAXA,28.7
1969,EN,September,TMINA,16.2
1969,EN,September,SRADA,18.6
1969,EN,September,PRCP,1282.6
1970,NE,September,TMAXA,27.8
1970,NE,September,TMINA,16.1
1970,NE,September,SRADA,18.2
1970,NE,September,PRCP,1649.3
1971,LA,September,TMAXA,28
1971,LA,September,TMINA,15.5
1971,LA,September,SRADA,18.5
1971,LA,September,PRCP,1599.1
1972,LA,September,TMAXA,27.9
1972,LA,September,TMINA,15.5
1972,LA,September,SRADA,17.5
1972,LA,September,PRCP,1988.2
1973,EN,September,TMAXA,27.8
1973,EN,September,TMINA,16.7
1973,EN,September,SRADA,17.6
1973,EN,September,PRCP,1975.2
1974,LA,September,TMAXA,26.9
1974,LA,September,TMINA,16
1974,LA,September,SRADA,17.7
1974,LA,September,PRCP,1825.5
1975,LA,September,TMAXA,27.9
1975,LA,September,TMINA,15.8
1975,LA,September,SRADA,18.1
1975,LA,September,PRCP,1699.9
1976,LA,September,TMAXA,27.1
1976,LA,September,TMINA,15.6
1976,LA,September,SRADA,17.2
1976,LA,September,PRCP,2283
1977,EN,September,TMAXA,28.7
1977,EN,September,TMINA,16.3
1977,EN,September,SRADA,18
1977,EN,September,PRCP,1726.5
1978,NE,September,TMAXA,27.8
1978,NE,September,TMINA,16.2
1978,NE,September,SRADA,18
1978,NE,September,PRCP,1611.2
1979,NE,September,TMAXA,27.8
1979,NE,September,TMINA,15.8
1979,NE,September,SRADA,18.3
1979,NE,September,PRCP,1250.6
1980,NE,September,TMAXA,27.6
1980,NE,September,TMINA,16.7
1980,NE,September,SRADA,17.3
1980,NE,September,PRCP,2025.3
1981,NE,September,TMAXA,27.8
1981,NE,September,TMINA,16.1
1981,NE,September,SRADA,18.1
1981,NE,September,PRCP,1312.5
1982,NE,September,TMAXA,27.1
1982,NE,September,TMINA,16.4
1982,NE,September,SRADA,17.4
1982,NE,September,PRCP,1949.9
1983,EN,September,TMAXA,26.8
1983,EN,September,TMINA,16.8
1983,EN,September,SRADA,16.4
1983,EN,September,PRCP,2119.1
1984,NE,September,TMAXA,28.2
1984,NE,September,TMINA,16.8
1984,NE,September,SRADA,18.2
1984,NE,September,PRCP,1271.2
1985,LA,September,TMAXA,27.6
1985,LA,September,TMINA,15.8
1985,LA,September,SRADA,17.7
1985,LA,September,PRCP,1326.6
1986,NE,September,TMAXA,28.7
1986,NE,September,TMINA,16.7
1986,NE,September,SRADA,18.2
1986,NE,September,PRCP,1218.9
1987,EN,September,TMAXA,27.2
1987,EN,September,TMINA,16.5
1987,EN,September,SRADA,17.7
1987,EN,September,PRCP,1534.5
1988,EN,September,TMAXA,27.5
1988,EN,September,TMINA,16.6
1988,EN,September,SRADA,17.8
1988,EN,September,PRCP,1468.6
1989,LA,September,TMAXA,27.3
1989,LA,September,TMINA,16.5
1989,LA,September,SRADA,18
1989,LA,September,PRCP,1634.3
1990,NE,September,TMAXA,27
1990,NE,September,TMINA,16.1
1990,NE,September,SRADA,18
1990,NE,September,PRCP,1899.4
1991,NE,September,TMAXA,27.9
1991,NE,September,TMINA,16.8
1991,NE,September,SRADA,18.3
1991,NE,September,PRCP,1298.7
1992,EN,September,TMAXA,27.3
1992,EN,September,TMINA,16.8
1992,EN,September,SRADA,17.3
1992,EN,September,PRCP,2062
1993,NE,September,TMAXA,27.4
1993,NE,September,TMINA,16.5
1993,NE,September,SRADA,17.5
1993,NE,September,PRCP,1795.8
1994,NE,September,TMAXA,28.2
1994,NE,September,TMINA,17
1994,NE,September,SRADA,17.6
1994,NE,September,PRCP,1474.6
1995,EN,September,TMAXA,28.8
1995,EN,September,TMINA,17.5
1995,EN,September,SRADA,17.2
1995,EN,September,PRCP,1474.7
1996,LA,September,TMAXA,27.5
1996,LA,September,TMINA,16.7
1996,LA,September,SRADA,17.1
1996,LA,September,PRCP,1524.2
1997,NE,September,TMAXA,27.7
1997,NE,September,TMINA,17.1
1997,NE,September,SRADA,17.4
1997,NE,September,PRCP,2022.3
1998,EN,September,TMAXA,27.8
1998,EN,September,TMINA,17.5
1998,EN,September,SRADA,16.5
1998,EN,September,PRCP,1906.8
1999,LA,September,TMAXA,27.8
1999,LA,September,TMINA,16.7
1999,LA,September,SRADA,17.8
1999,LA,September,PRCP,1694.3
2000,LA,September,TMAXA,28.1
2000,LA,September,TMINA,15.8
2000,LA,September,SRADA,17.8
2000,LA,September,PRCP,1200.8
2001,NE,September,TMAXA,29.1
2001,NE,September,TMINA,17.3
2001,NE,September,SRADA,18.4
2001,NE,September,PRCP,1441.3
2002,NE,September,TMAXA,29.5
2002,NE,September,TMINA,17.7
2002,NE,September,SRADA,18.2
2002,NE,September,PRCP,1264.6
2003,EN,September,TMAXA,29.1
2003,EN,September,TMINA,17.3
2003,EN,September,SRADA,18
2003,EN,September,PRCP,1307.9
2004,NE,September,TMAXA,28.5
2004,NE,September,TMINA,16.7
2004,NE,September,SRADA,18.3
2004,NE,September,PRCP,1306.9
2005,NE,September,TMAXA,28.9
2005,NE,September,TMINA,17.4
2005,NE,September,SRADA,17.8
2005,NE,September,PRCP,1433.5
2006,NE,September,TMAXA,28.9
2006,NE,September,TMINA,17
2006,NE,September,SRADA,17.8
2006,NE,September,PRCP,1337.9
2007,EN,September,TMAXA,29.1
2007,EN,September,TMINA,17.1
2007,EN,September,SRADA,18.3
2007,EN,September,PRCP,1730.5
2008,LA,September,TMAXA,28.5
2008,LA,September,TMINA,16.6
2008,LA,September,SRADA,18
2008,LA,September,PRCP,1684.1
2009,NE,September,TMAXA,28.3
2009,NE,September,TMINA,16.6
2009,NE,September,SRADA,18.1
2009,NE,September,PRCP,1759.6
2010,EN,September,TMAXA,28.7
2010,EN,September,TMINA,16.9
2010,EN,September,SRADA,17.4
2010,EN,September,PRCP,2012.4
2011,LA,September,TMAXA,28.1
2011,LA,September,TMINA,16.6
2011,LA,September,SRADA,17.1
2011,LA,September,PRCP,1637.3
2012,LA,September,TMAXA,28.9
2012,LA,September,TMINA,16.5
2012,LA,September,SRADA,19.2
2012,LA,September,PRCP,1711
2013,NE,September,TMAXA,28.6
2013,NE,September,TMINA,16.9
2013,NE,September,SRADA,17.2
2013,NE,September,PRCP,1750.5
2014,NE,September,TMAXA,28.8
2014,NE,September,TMINA,17.1
2014,NE,September,SRADA,17.9
2014,NE,September,PRCP,1500.1
2015,EN,September,TMAXA,28.9
2015,EN,September,TMINA,17.3
2015,EN,September,SRADA,17.9
2015,EN,September,PRCP,1864.2
2016,EN,September,TMAXA,28.7
2016,EN,September,TMINA,17.2
2016,EN,September,SRADA,17
2016,EN,September,PRCP,2761
2017,NE,September,TMAXA,28.8
2017,NE,September,TMINA,17.2
2017,NE,September,SRADA,18.2
2017,NE,September,PRCP,1552.4
2018,LA,September,TMAXA,28.9
2018,LA,September,TMINA,17.1
2018,LA,September,SRADA,17.8
2018,LA,September,PRCP,1961.4
2019,EN,September,TMAXA,29.6
2019,EN,September,TMINA,17.9
2019,EN,September,SRADA,18
2019,EN,September,PRCP,1303.1
1963,NE,September,TMAXA,29.8
1963,NE,September,TMINA,16.2
1963,NE,September,SRADA,17.9
1963,NE,September,PRCP,1298.8
1964,EN,September,TMAXA,29
1964,EN,September,TMINA,16.1
1964,EN,September,SRADA,17.6
1964,EN,September,PRCP,1445.5
1965,LA,September,TMAXA,28.2
1965,LA,September,TMINA,16.4
1965,LA,September,SRADA,17.3
1965,LA,September,PRCP,1618.2
1966,EN,September,TMAXA,29.1
1966,EN,September,TMINA,17.3
1966,EN,September,SRADA,17.7
1966,EN,September,PRCP,1499.2
1967,NE,September,TMAXA,29.6
1967,NE,September,TMINA,17.4
1967,NE,September,SRADA,18.3
1967,NE,September,PRCP,1317.8
1968,NE,September,TMAXA,29.1
1968,NE,September,TMINA,16.4
1968,NE,September,SRADA,18.6
1968,NE,September,PRCP,1123.8
1969,EN,September,TMAXA,30.1
1969,EN,September,TMINA,17.5
1969,EN,September,SRADA,18.4
1969,EN,September,PRCP,1545.2
1970,NE,September,TMAXA,29
1970,NE,September,TMINA,17.4
1970,NE,September,SRADA,18.2
1970,NE,September,PRCP,1555.4
1971,LA,September,TMAXA,28.4
1971,LA,September,TMINA,16
1971,LA,September,SRADA,18.4
1971,LA,September,PRCP,1713.4
1972,LA,September,TMAXA,28.5
1972,LA,September,TMINA,16.4
1972,LA,September,SRADA,17.6
1972,LA,September,PRCP,1313.3
1973,EN,September,TMAXA,28.6
1973,EN,September,TMINA,17.4
1973,EN,September,SRADA,17.7
1973,EN,September,PRCP,1508.9
1974,LA,September,TMAXA,28
1974,LA,September,TMINA,16.7
1974,LA,September,SRADA,17.8
1974,LA,September,PRCP,1327.4
1975,LA,September,TMAXA,28.9
1975,LA,September,TMINA,16.6
1975,LA,September,SRADA,18.2
1975,LA,September,PRCP,1257.6
1976,LA,September,TMAXA,27.8
1976,LA,September,TMINA,16.6
1976,LA,September,SRADA,17.2
1976,LA,September,PRCP,1796.5
1977,EN,September,TMAXA,29.5
1977,EN,September,TMINA,17.3
1977,EN,September,SRADA,17.9
1977,EN,September,PRCP,1448.8
1978,NE,September,TMAXA,29
1978,NE,September,TMINA,17.2
1978,NE,September,SRADA,17.9
1978,NE,September,PRCP,1313.5
1979,NE,September,TMAXA,28.7
1979,NE,September,TMINA,17
1979,NE,September,SRADA,18.2
1979,NE,September,PRCP,1107
1980,NE,September,TMAXA,28.4
1980,NE,September,TMINA,18
1980,NE,September,SRADA,17.1
1980,NE,September,PRCP,1965.2
1981,NE,September,TMAXA,28.5
1981,NE,September,TMINA,17.6
1981,NE,September,SRADA,18
1981,NE,September,PRCP,1469.7
1982,NE,September,TMAXA,28.1
1982,NE,September,TMINA,17.8
1982,NE,September,SRADA,17.4
1982,NE,September,PRCP,1693.1
1983,EN,September,TMAXA,27.6
1983,EN,September,TMINA,17.8
1983,EN,September,SRADA,16.4
1983,EN,September,PRCP,2515.2
1984,NE,September,TMAXA,28.9
1984,NE,September,TMINA,18
1984,NE,September,SRADA,18.2
1984,NE,September,PRCP,1306.1
1985,LA,September,TMAXA,28.3
1985,LA,September,TMINA,17
1985,LA,September,SRADA,17.9
1985,LA,September,PRCP,1383.9
1986,NE,September,TMAXA,29.5
1986,NE,September,TMINA,18
1986,NE,September,SRADA,18.4
1986,NE,September,PRCP,1380.7
1987,EN,September,TMAXA,28.1
1987,EN,September,TMINA,17.9
1987,EN,September,SRADA,17.7
1987,EN,September,PRCP,1500.4
1988,EN,September,TMAXA,28.5
1988,EN,September,TMINA,17.9
1988,EN,September,SRADA,17.8
1988,EN,September,PRCP,1440.2
1989,LA,September,TMAXA,28.2
1989,LA,September,TMINA,17.7
1989,LA,September,SRADA,17.9
1989,LA,September,PRCP,1659.7
1990,NE,September,TMAXA,27.9
1990,NE,September,TMINA,17.4
1990,NE,September,SRADA,18.1
1990,NE,September,PRCP,1741.5
1991,NE,September,TMAXA,28.9
1991,NE,September,TMINA,18.2
1991,NE,September,SRADA,18.3
1991,NE,September,PRCP,1270.2
1992,EN,September,TMAXA,28.1
1992,EN,September,TMINA,18
1992,EN,September,SRADA,17.3
1992,EN,September,PRCP,1757.6
1993,NE,September,TMAXA,28.3
1993,NE,September,TMINA,17.7
1993,NE,September,SRADA,17.6
1993,NE,September,PRCP,1446.9
1994,NE,September,TMAXA,29
1994,NE,September,TMINA,18
1994,NE,September,SRADA,17.2
1994,NE,September,PRCP,1632.5
1995,EN,September,TMAXA,29.6
1995,EN,September,TMINA,18.8
1995,EN,September,SRADA,16.9
1995,EN,September,PRCP,1428.1
1996,LA,September,TMAXA,28.3
1996,LA,September,TMINA,17.8
1996,LA,September,SRADA,17.4
1996,LA,September,PRCP,1682.6
1997,NE,September,TMAXA,28.7
1997,NE,September,TMINA,18
1997,NE,September,SRADA,17.6
1997,NE,September,PRCP,2111.9
1998,EN,September,TMAXA,28.7
1998,EN,September,TMINA,18.6
1998,EN,September,SRADA,16.6
1998,EN,September,PRCP,2028.4
1999,LA,September,TMAXA,28.8
1999,LA,September,TMINA,17.8
1999,LA,September,SRADA,17.9
1999,LA,September,PRCP,1612.4
2000,LA,September,TMAXA,28.7
2000,LA,September,TMINA,17.6
2000,LA,September,SRADA,18
2000,LA,September,PRCP,1459.7
2001,NE,September,TMAXA,29.4
2001,NE,September,TMINA,18.9
2001,NE,September,SRADA,18.5
2001,NE,September,PRCP,1620.2
2002,NE,September,TMAXA,29.9
2002,NE,September,TMINA,19.3
2002,NE,September,SRADA,18.3
2002,NE,September,PRCP,1371.9
2003,EN,September,TMAXA,29.4
2003,EN,September,TMINA,18.8
2003,EN,September,SRADA,18.2
2003,EN,September,PRCP,1819
2004,NE,September,TMAXA,28.9
2004,NE,September,TMINA,18.2
2004,NE,September,SRADA,18.7
2004,NE,September,PRCP,1346.2
2005,NE,September,TMAXA,29.5
2005,NE,September,TMINA,18.9
2005,NE,September,SRADA,18
2005,NE,September,PRCP,1578
2006,NE,September,TMAXA,29.4
2006,NE,September,TMINA,18.4
2006,NE,September,SRADA,17.9
2006,NE,September,PRCP,1508.7
2007,EN,September,TMAXA,29.7
2007,EN,September,TMINA,19.1
2007,EN,September,SRADA,18.1
2007,EN,September,PRCP,1525.6
2008,LA,September,TMAXA,29.3
2008,LA,September,TMINA,18.2
2008,LA,September,SRADA,18
2008,LA,September,PRCP,1499.9
2009,NE,September,TMAXA,29
2009,NE,September,TMINA,18.2
2009,NE,September,SRADA,18.2
2009,NE,September,PRCP,1640.7
2010,EN,September,TMAXA,29.5
2010,EN,September,TMINA,18.3
2010,EN,September,SRADA,17.5
2010,EN,September,PRCP,1714.4
2011,LA,September,TMAXA,28.9
2011,LA,September,TMINA,17.6
2011,LA,September,SRADA,18
2011,LA,September,PRCP,1876.4
2012,LA,September,TMAXA,29.7
2012,LA,September,TMINA,18
2012,LA,September,SRADA,19.6
2012,LA,September,PRCP,1301.8
2013,NE,September,TMAXA,29.4
2013,NE,September,TMINA,18
2013,NE,September,SRADA,18.4
2013,NE,September,PRCP,1840.3
2014,NE,September,TMAXA,29.6
2014,NE,September,TMINA,18.4
2014,NE,September,SRADA,18.8
2014,NE,September,PRCP,1818.1
2015,EN,September,TMAXA,29.7
2015,EN,September,TMINA,18.8
2015,EN,September,SRADA,17.9
2015,EN,September,PRCP,2158.3
2016,EN,September,TMAXA,29.2
2016,EN,September,TMINA,18.4
2016,EN,September,SRADA,17.7
2016,EN,September,PRCP,2721.3
2017,NE,September,TMAXA,29.6
2017,NE,September,TMINA,18.7
2017,NE,September,SRADA,18.8
2017,NE,September,PRCP,1764.1
2018,LA,September,TMAXA,29.5
2018,LA,September,TMINA,18.5
2018,LA,September,SRADA,17.9
2018,LA,September,PRCP,1801.5
2019,EN,September,TMAXA,30.5
2019,EN,September,TMINA,19
2019,EN,September,SRADA,18.5
2019,EN,September,PRCP,1569.5
1963,NE,September,TMAXA,29.1
1963,NE,September,TMINA,14.6
1963,NE,September,SRADA,18.1
1963,NE,September,PRCP,1023.9
1964,EN,September,TMAXA,28.8
1964,EN,September,TMINA,15
1964,EN,September,SRADA,17.4
1964,EN,September,PRCP,933.1
1965,LA,September,TMAXA,27.4
1965,LA,September,TMINA,15
1965,LA,September,SRADA,17.2
1965,LA,September,PRCP,1661.6
1966,EN,September,TMAXA,28.5
1966,EN,September,TMINA,15.8
1966,EN,September,SRADA,17.5
1966,EN,September,PRCP,1089.2
1967,NE,September,TMAXA,28.3
1967,NE,September,TMINA,15.7
1967,NE,September,SRADA,17.8
1967,NE,September,PRCP,1403.3
1968,NE,September,TMAXA,26.7
1968,NE,September,TMINA,14
1968,NE,September,SRADA,17.4
1968,NE,September,PRCP,987.8
1969,EN,September,TMAXA,27.5
1969,EN,September,TMINA,15.2
1969,EN,September,SRADA,17.8
1969,EN,September,PRCP,738.7
1970,NE,September,TMAXA,26.3
1970,NE,September,TMINA,15.3
1970,NE,September,SRADA,16.8
1970,NE,September,PRCP,1759.2
1971,LA,September,TMAXA,26.9
1971,LA,September,TMINA,15.3
1971,LA,September,SRADA,17.9
1971,LA,September,PRCP,910.9
1972,LA,September,TMAXA,27.1
1972,LA,September,TMINA,15.8
1972,LA,September,SRADA,17.4
1972,LA,September,PRCP,1181
1973,EN,September,TMAXA,27.8
1973,EN,September,TMINA,16.8
1973,EN,September,SRADA,17.3
1973,EN,September,PRCP,1216.1
1974,LA,September,TMAXA,27.3
1974,LA,September,TMINA,15.8
1974,LA,September,SRADA,17.3
1974,LA,September,PRCP,1109.3
1975,LA,September,TMAXA,27.9
1975,LA,September,TMINA,15.9
1975,LA,September,SRADA,17.6
1975,LA,September,PRCP,1055.1
1976,LA,September,TMAXA,26.6
1976,LA,September,TMINA,16.2
1976,LA,September,SRADA,16.3
1976,LA,September,PRCP,1830.4
1977,EN,September,TMAXA,27.9
1977,EN,September,TMINA,16.6
1977,EN,September,SRADA,17.8
1977,EN,September,PRCP,1365.5
1978,NE,September,TMAXA,27.6
1978,NE,September,TMINA,16.4
1978,NE,September,SRADA,17.3
1978,NE,September,PRCP,1247.9
1979,NE,September,TMAXA,27
1979,NE,September,TMINA,15.8
1979,NE,September,SRADA,17.2
1979,NE,September,PRCP,1325.9
1980,NE,September,TMAXA,27.7
1980,NE,September,TMINA,16.7
1980,NE,September,SRADA,16.4
1980,NE,September,PRCP,978.4
1981,NE,September,TMAXA,27
1981,NE,September,TMINA,15.9
1981,NE,September,SRADA,16.8
1981,NE,September,PRCP,1204.4
1982,NE,September,TMAXA,26.3
1982,NE,September,TMINA,16.1
1982,NE,September,SRADA,15.6
1982,NE,September,PRCP,1395.4
1983,EN,September,TMAXA,26.3
1983,EN,September,TMINA,16.5
1983,EN,September,SRADA,15
1983,EN,September,PRCP,2132.8
1984,NE,September,TMAXA,27.5
1984,NE,September,TMINA,16.6
1984,NE,September,SRADA,16.5
1984,NE,September,PRCP,1228.3
1985,LA,September,TMAXA,26.8
1985,LA,September,TMINA,16
1985,LA,September,SRADA,15.6
1985,LA,September,PRCP,1152.1
1986,NE,September,TMAXA,27.5
1986,NE,September,TMINA,16.7
1986,NE,September,SRADA,16.5
1986,NE,September,PRCP,1079.4
1987,EN,September,TMAXA,27.1
1987,EN,September,TMINA,16.6
1987,EN,September,SRADA,15.6
1987,EN,September,PRCP,1570.2
1988,EN,September,TMAXA,27.1
1988,EN,September,TMINA,16.5
1988,EN,September,SRADA,15.3
1988,EN,September,PRCP,1249.8
1989,LA,September,TMAXA,26.7
1989,LA,September,TMINA,16.5
1989,LA,September,SRADA,15.7
1989,LA,September,PRCP,1524.4
1990,NE,September,TMAXA,26.7
1990,NE,September,TMINA,16.4
1990,NE,September,SRADA,15.7
1990,NE,September,PRCP,1120.6
1991,NE,September,TMAXA,27.3
1991,NE,September,TMINA,17
1991,NE,September,SRADA,15.1
1991,NE,September,PRCP,1415
1992,EN,September,TMAXA,27.4
1992,EN,September,TMINA,17.3
1992,EN,September,SRADA,15
1992,EN,September,PRCP,1188
1993,NE,September,TMAXA,27.5
1993,NE,September,TMINA,16.7
1993,NE,September,SRADA,14.9
1993,NE,September,PRCP,1302
1994,NE,September,TMAXA,27.8
1994,NE,September,TMINA,16.4
1994,NE,September,SRADA,15.5
1994,NE,September,PRCP,1225.7
1995,EN,September,TMAXA,28.9
1995,EN,September,TMINA,17.1
1995,EN,September,SRADA,15.7
1995,EN,September,PRCP,1608
1996,LA,September,TMAXA,27.7
1996,LA,September,TMINA,15.8
1996,LA,September,SRADA,15.7
1996,LA,September,PRCP,1552.1
1997,NE,September,TMAXA,27.8
1997,NE,September,TMINA,15.6
1997,NE,September,SRADA,16.2
1997,NE,September,PRCP,1352.4
1998,EN,September,TMAXA,28.1
1998,EN,September,TMINA,16.7
1998,EN,September,SRADA,15.9
1998,EN,September,PRCP,1305.2
1999,LA,September,TMAXA,28.1
1999,LA,September,TMINA,15.7
1999,LA,September,SRADA,15.8
1999,LA,September,PRCP,1440.1
2000,LA,September,TMAXA,28
2000,LA,September,TMINA,15.1
2000,LA,September,SRADA,16.3
2000,LA,September,PRCP,1077.4
2001,NE,September,TMAXA,29.1
2001,NE,September,TMINA,17.1
2001,NE,September,SRADA,16.8
2001,NE,September,PRCP,1105.8
2002,NE,September,TMAXA,28.4
2002,NE,September,TMINA,17.2
2002,NE,September,SRADA,16.6
2002,NE,September,PRCP,1342.3
2003,EN,September,TMAXA,28.4
2003,EN,September,TMINA,17
2003,EN,September,SRADA,16.7
2003,EN,September,PRCP,1326.9
2004,NE,September,TMAXA,27.3
2004,NE,September,TMINA,16.4
2004,NE,September,SRADA,16.5
2004,NE,September,PRCP,1369.6
2005,NE,September,TMAXA,27.8
2005,NE,September,TMINA,17
2005,NE,September,SRADA,16.2
2005,NE,September,PRCP,1311.4
2006,NE,September,TMAXA,27.7
2006,NE,September,TMINA,16.7
2006,NE,September,SRADA,16.3
2006,NE,September,PRCP,1234.4
2007,EN,September,TMAXA,28.5
2007,EN,September,TMINA,16.7
2007,EN,September,SRADA,17.3
2007,EN,September,PRCP,1131.7
2008,LA,September,TMAXA,27.8
2008,LA,September,TMINA,15.9
2008,LA,September,SRADA,16.4
2008,LA,September,PRCP,1325.8
2009,NE,September,TMAXA,27.5
2009,NE,September,TMINA,16.1
2009,NE,September,SRADA,16.5
2009,NE,September,PRCP,1662.2
2010,EN,September,TMAXA,28.1
2010,EN,September,TMINA,16.3
2010,EN,September,SRADA,16.8
2010,EN,September,PRCP,1412.6
2011,LA,September,TMAXA,27.7
2011,LA,September,TMINA,16.1
2011,LA,September,SRADA,16.3
2011,LA,September,PRCP,1406.6
2012,LA,September,TMAXA,27.9
2012,LA,September,TMINA,15.8
2012,LA,September,SRADA,18
2012,LA,September,PRCP,1348.4
2013,NE,September,TMAXA,27.8
2013,NE,September,TMINA,16.1
2013,NE,September,SRADA,17.1
2013,NE,September,PRCP,1313.7
2014,NE,September,TMAXA,28.6
2014,NE,September,TMINA,16.4
2014,NE,September,SRADA,18.2
2014,NE,September,PRCP,958.7
2015,EN,September,TMAXA,28.3
2015,EN,September,TMINA,16.7
2015,EN,September,SRADA,17.4
2015,EN,September,PRCP,1468
2016,EN,September,TMAXA,28.3
2016,EN,September,TMINA,17
2016,EN,September,SRADA,16.9
2016,EN,September,PRCP,1512.2
2017,NE,September,TMAXA,28
2017,NE,September,TMINA,16.2
2017,NE,September,SRADA,18
2017,NE,September,PRCP,1690.1
2018,LA,September,TMAXA,28.5
2018,LA,September,TMINA,16.3
2018,LA,September,SRADA,17.6
2018,LA,September,PRCP,1082.8
2019,EN,September,TMAXA,28.7
2019,EN,September,TMINA,16.8
2019,EN,September,SRADA,17.7
2019,EN,September,PRCP,1416.5
1963,NE,September,TMAXA,25.7
1963,NE,September,TMINA,12.3
1963,NE,September,SRADA,16.6
1963,NE,September,PRCP,1150.3
1964,EN,September,TMAXA,25.1
1964,EN,September,TMINA,12.6
1964,EN,September,SRADA,15.5
1964,EN,September,PRCP,1414.5
1965,LA,September,TMAXA,24.7
1965,LA,September,TMINA,12.3
1965,LA,September,SRADA,16.1
1965,LA,September,PRCP,1346.2
1966,EN,September,TMAXA,25.3
1966,EN,September,TMINA,12.9
1966,EN,September,SRADA,16
1966,EN,September,PRCP,1221.7
1967,NE,September,TMAXA,25.5
1967,NE,September,TMINA,13
1967,NE,September,SRADA,15.9
1967,NE,September,PRCP,1436.9
1968,NE,September,TMAXA,24.8
1968,NE,September,TMINA,11.7
1968,NE,September,SRADA,16.8
1968,NE,September,PRCP,993.3
1969,EN,September,TMAXA,25.6
1969,EN,September,TMINA,13
1969,EN,September,SRADA,16.2
1969,EN,September,PRCP,1226.3
1970,NE,September,TMAXA,24.8
1970,NE,September,TMINA,13.4
1970,NE,September,SRADA,15.8
1970,NE,September,PRCP,1642.2
1971,LA,September,TMAXA,24.8
1971,LA,September,TMINA,13.1
1971,LA,September,SRADA,16
1971,LA,September,PRCP,1791.1
1972,LA,September,TMAXA,25
1972,LA,September,TMINA,13
1972,LA,September,SRADA,16
1972,LA,September,PRCP,1573
1973,EN,September,TMAXA,24.5
1973,EN,September,TMINA,13.8
1973,EN,September,SRADA,15.2
1973,EN,September,PRCP,1792.4
1974,LA,September,TMAXA,23.7
1974,LA,September,TMINA,12.5
1974,LA,September,SRADA,15.8
1974,LA,September,PRCP,1315.7
1975,LA,September,TMAXA,24.5
1975,LA,September,TMINA,13.1
1975,LA,September,SRADA,15.9
1975,LA,September,PRCP,1260.5
1976,LA,September,TMAXA,23.6
1976,LA,September,TMINA,12.6
1976,LA,September,SRADA,15.5
1976,LA,September,PRCP,1913.6
1977,EN,September,TMAXA,25.2
1977,EN,September,TMINA,13.3
1977,EN,September,SRADA,16.1
1977,EN,September,PRCP,1446.9
1978,NE,September,TMAXA,22.4
1978,NE,September,TMINA,13.6
1978,NE,September,SRADA,16.1
1978,NE,September,PRCP,1549.9
1979,NE,September,TMAXA,24.7
1979,NE,September,TMINA,12.4
1979,NE,September,SRADA,16.3
1979,NE,September,PRCP,1199.5
1980,NE,September,TMAXA,25.1
1980,NE,September,TMINA,13.6
1980,NE,September,SRADA,15.4
1980,NE,September,PRCP,1635
1981,NE,September,TMAXA,25.4
1981,NE,September,TMINA,13.5
1981,NE,September,SRADA,15.5
1981,NE,September,PRCP,1184.4
1982,NE,September,TMAXA,24.9
1982,NE,September,TMINA,13.2
1982,NE,September,SRADA,15.5
1982,NE,September,PRCP,1725
1983,EN,September,TMAXA,24
1983,EN,September,TMINA,13.7
1983,EN,September,SRADA,13.9
1983,EN,September,PRCP,2618.6
1984,NE,September,TMAXA,25.1
1984,NE,September,TMINA,13.2
1984,NE,September,SRADA,15.3
1984,NE,September,PRCP,1538.5
1985,LA,September,TMAXA,25
1985,LA,September,TMINA,12.6
1985,LA,September,SRADA,15.9
1985,LA,September,PRCP,1339.8
1986,NE,September,TMAXA,26
1986,NE,September,TMINA,13.6
1986,NE,September,SRADA,16.2
1986,NE,September,PRCP,1162.5
1987,EN,September,TMAXA,24.9
1987,EN,September,TMINA,13.1
1987,EN,September,SRADA,15.2
1987,EN,September,PRCP,1960.9
1988,EN,September,TMAXA,24.8
1988,EN,September,TMINA,13.2
1988,EN,September,SRADA,14.8
1988,EN,September,PRCP,1309.7
1989,LA,September,TMAXA,24.4
1989,LA,September,TMINA,13.3
1989,LA,September,SRADA,15.2
1989,LA,September,PRCP,1741.6
1990,NE,September,TMAXA,23.8
1990,NE,September,TMINA,13.1
1990,NE,September,SRADA,16.3
1990,NE,September,PRCP,1938.4
1991,NE,September,TMAXA,24.7
1991,NE,September,TMINA,13.6
1991,NE,September,SRADA,16
1991,NE,September,PRCP,1308.5
1992,EN,September,TMAXA,24.6
1992,EN,September,TMINA,13.8
1992,EN,September,SRADA,15.5
1992,EN,September,PRCP,2229.6
1993,NE,September,TMAXA,24.4
1993,NE,September,TMINA,13.5
1993,NE,September,SRADA,15.9
1993,NE,September,PRCP,1389
1994,NE,September,TMAXA,25.2
1994,NE,September,TMINA,13.8
1994,NE,September,SRADA,16.1
1994,NE,September,PRCP,2107.1
1995,EN,September,TMAXA,26.1
1995,EN,September,TMINA,13.8
1995,EN,September,SRADA,15.7
1995,EN,September,PRCP,1353.4
1996,LA,September,TMAXA,24.8
1996,LA,September,TMINA,12.6
1996,LA,September,SRADA,15.1
1996,LA,September,PRCP,1838.8
1997,NE,September,TMAXA,24.9
1997,NE,September,TMINA,13.6
1997,NE,September,SRADA,15.7
1997,NE,September,PRCP,1461.9
1998,EN,September,TMAXA,24.5
1998,EN,September,TMINA,14.2
1998,EN,September,SRADA,14.9
1998,EN,September,PRCP,2066.3
1999,LA,September,TMAXA,24.7
1999,LA,September,TMINA,13.6
1999,LA,September,SRADA,16
1999,LA,September,PRCP,1557.6
2000,LA,September,TMAXA,24.8
2000,LA,September,TMINA,13
2000,LA,September,SRADA,16.1
2000,LA,September,PRCP,1413.5
2001,NE,September,TMAXA,26.1
2001,NE,September,TMINA,14.5
2001,NE,September,SRADA,16.2
2001,NE,September,PRCP,1755.4
2002,NE,September,TMAXA,26.4
2002,NE,September,TMINA,14.6
2002,NE,September,SRADA,16.1
2002,NE,September,PRCP,1465
2003,EN,September,TMAXA,26.3
2003,EN,September,TMINA,13.9
2003,EN,September,SRADA,16
2003,EN,September,PRCP,1572.3
2004,NE,September,TMAXA,25.8
2004,NE,September,TMINA,13.7
2004,NE,September,SRADA,16.2
2004,NE,September,PRCP,1803.5
2005,NE,September,TMAXA,26.4
2005,NE,September,TMINA,14.3
2005,NE,September,SRADA,16
2005,NE,September,PRCP,1455.9
2006,NE,September,TMAXA,26.3
2006,NE,September,TMINA,13.9
2006,NE,September,SRADA,16.1
2006,NE,September,PRCP,1403.2
2007,EN,September,TMAXA,26.3
2007,EN,September,TMINA,14.6
2007,EN,September,SRADA,16.2
2007,EN,September,PRCP,1534.5
2008,LA,September,TMAXA,25.8
2008,LA,September,TMINA,13.8
2008,LA,September,SRADA,16.1
2008,LA,September,PRCP,1748.2
2009,NE,September,TMAXA,25.5
2009,NE,September,TMINA,14.1
2009,NE,September,SRADA,15.7
2009,NE,September,PRCP,1635.1
2010,EN,September,TMAXA,25.7
2010,EN,September,TMINA,14.6
2010,EN,September,SRADA,15.2
2010,EN,September,PRCP,1902.9
2011,LA,September,TMAXA,25.2
2011,LA,September,TMINA,13.8
2011,LA,September,SRADA,15.4
2011,LA,September,PRCP,1860.9
2012,LA,September,TMAXA,26.1
2012,LA,September,TMINA,13.9
2012,LA,September,SRADA,16.8
2012,LA,September,PRCP,1503.5
2013,NE,September,TMAXA,25.6
2013,NE,September,TMINA,14.1
2013,NE,September,SRADA,15.3
2013,NE,September,PRCP,1980.2
2014,NE,September,TMAXA,25.7
2014,NE,September,TMINA,14.5
2014,NE,September,SRADA,16.1
2014,NE,September,PRCP,1755.7
2015,EN,September,TMAXA,25.8
2015,EN,September,TMINA,15
2015,EN,September,SRADA,15.5
2015,EN,September,PRCP,2179.3
2016,EN,September,TMAXA,25.2
2016,EN,September,TMINA,14.9
2016,EN,September,SRADA,14.3
2016,EN,September,PRCP,2168.4
2017,NE,September,TMAXA,25.8
2017,NE,September,TMINA,14.8
2017,NE,September,SRADA,15.2
2017,NE,September,PRCP,1574.6
2018,LA,September,TMAXA,25.6
2018,LA,September,TMINA,14.8
2018,LA,September,SRADA,14.6
2018,LA,September,PRCP,1592.4
2019,EN,September,TMAXA,26.3
2019,EN,September,TMINA,15.5
2019,EN,September,SRADA,14.4
2019,EN,September,PRCP,1593.7
1963,NE,September,TMAXA,24.5
1963,NE,September,TMINA,11.5
1963,NE,September,SRADA,16.1
1963,NE,September,PRCP,1028.4
1964,EN,September,TMAXA,23.4
1964,EN,September,TMINA,11.9
1964,EN,September,SRADA,14.8
1964,EN,September,PRCP,1629.3
1965,LA,September,TMAXA,23.7
1965,LA,September,TMINA,11.6
1965,LA,September,SRADA,15.6
1965,LA,September,PRCP,1324.4
1966,EN,September,TMAXA,24
1966,EN,September,TMINA,12
1966,EN,September,SRADA,15.2
1966,EN,September,PRCP,1351.2
1967,NE,September,TMAXA,24
1967,NE,September,TMINA,11.8
1967,NE,September,SRADA,15.5
1967,NE,September,PRCP,1519.7
1968,NE,September,TMAXA,23.7
1968,NE,September,TMINA,10.7
1968,NE,September,SRADA,16.4
1968,NE,September,PRCP,1065.5
1969,EN,September,TMAXA,24.5
1969,EN,September,TMINA,11.9
1969,EN,September,SRADA,15.6
1969,EN,September,PRCP,1232.3
1970,NE,September,TMAXA,23.9
1970,NE,September,TMINA,12
1970,NE,September,SRADA,15.3
1970,NE,September,PRCP,1748.5
1971,LA,September,TMAXA,24
1971,LA,September,TMINA,11.7
1971,LA,September,SRADA,15.3
1971,LA,September,PRCP,1870.5
1972,LA,September,TMAXA,24.6
1972,LA,September,TMINA,12.2
1972,LA,September,SRADA,15.7
1972,LA,September,PRCP,1711.6
1973,EN,September,TMAXA,23.5
1973,EN,September,TMINA,13.2
1973,EN,September,SRADA,14.7
1973,EN,September,PRCP,1869.5
1974,LA,September,TMAXA,23
1974,LA,September,TMINA,12.1
1974,LA,September,SRADA,15.2
1974,LA,September,PRCP,1451.5
1975,LA,September,TMAXA,23.8
1975,LA,September,TMINA,12.1
1975,LA,September,SRADA,15.4
1975,LA,September,PRCP,1173.6
1976,LA,September,TMAXA,23
1976,LA,September,TMINA,11.5
1976,LA,September,SRADA,14.8
1976,LA,September,PRCP,1952.4
1977,EN,September,TMAXA,23.8
1977,EN,September,TMINA,13.2
1977,EN,September,SRADA,15.4
1977,EN,September,PRCP,1293
1978,NE,September,TMAXA,24.3
1978,NE,September,TMINA,11.8
1978,NE,September,SRADA,15.4
1978,NE,September,PRCP,1299.8
1979,NE,September,TMAXA,24.2
1979,NE,September,TMINA,11.8
1979,NE,September,SRADA,15.5
1979,NE,September,PRCP,1355
1980,NE,September,TMAXA,24.2
1980,NE,September,TMINA,12.8
1980,NE,September,SRADA,15
1980,NE,September,PRCP,1610.3
1981,NE,September,TMAXA,24.2
1981,NE,September,TMINA,12.6
1981,NE,September,SRADA,14.9
1981,NE,September,PRCP,994
1982,NE,September,TMAXA,23.7
1982,NE,September,TMINA,12.6
1982,NE,September,SRADA,14.9
1982,NE,September,PRCP,1470.7
1983,EN,September,TMAXA,22.9
1983,EN,September,TMINA,12.8
1983,EN,September,SRADA,13.3
1983,EN,September,PRCP,2644.2
1984,NE,September,TMAXA,24.5
1984,NE,September,TMINA,13
1984,NE,September,SRADA,14.3
1984,NE,September,PRCP,1580
1985,LA,September,TMAXA,24.3
1985,LA,September,TMINA,12.9
1985,LA,September,SRADA,15.4
1985,LA,September,PRCP,1203.9
1986,NE,September,TMAXA,24.9
1986,NE,September,TMINA,13.6
1986,NE,September,SRADA,16.1
1986,NE,September,PRCP,1101.7
1987,EN,September,TMAXA,24.2
1987,EN,September,TMINA,13.2
1987,EN,September,SRADA,14.5
1987,EN,September,PRCP,1819.8
1988,EN,September,TMAXA,24.1
1988,EN,September,TMINA,13
1988,EN,September,SRADA,14
1988,EN,September,PRCP,1133.3
1989,LA,September,TMAXA,23.8
1989,LA,September,TMINA,13.3
1989,LA,September,SRADA,14.5
1989,LA,September,PRCP,1568.4
1990,NE,September,TMAXA,23.2
1990,NE,September,TMINA,12.8
1990,NE,September,SRADA,15.6
1990,NE,September,PRCP,1873.4
1991,NE,September,TMAXA,24.3
1991,NE,September,TMINA,13.3
1991,NE,September,SRADA,15
1991,NE,September,PRCP,1364.6
1992,EN,September,TMAXA,24
1992,EN,September,TMINA,13.7
1992,EN,September,SRADA,14.6
1992,EN,September,PRCP,1911.5
1993,NE,September,TMAXA,24
1993,NE,September,TMINA,13.1
1993,NE,September,SRADA,15.3
1993,NE,September,PRCP,1424.1
1994,NE,September,TMAXA,24.6
1994,NE,September,TMINA,13.5
1994,NE,September,SRADA,15.7
1994,NE,September,PRCP,1576.8
1995,EN,September,TMAXA,25.2
1995,EN,September,TMINA,13.6
1995,EN,September,SRADA,15.6
1995,EN,September,PRCP,1456.4
1996,LA,September,TMAXA,23.8
1996,LA,September,TMINA,12.9
1996,LA,September,SRADA,15.1
1996,LA,September,PRCP,1743
1997,NE,September,TMAXA,24.5
1997,NE,September,TMINA,13.6
1997,NE,September,SRADA,15.5
1997,NE,September,PRCP,1630.4
1998,EN,September,TMAXA,23.9
1998,EN,September,TMINA,14.1
1998,EN,September,SRADA,14
1998,EN,September,PRCP,2609.8
1999,LA,September,TMAXA,24
1999,LA,September,TMINA,13.3
1999,LA,September,SRADA,15.2
1999,LA,September,PRCP,1589.8
2000,LA,September,TMAXA,23.9
2000,LA,September,TMINA,12.5
2000,LA,September,SRADA,15.8
2000,LA,September,PRCP,1458.2
2001,NE,September,TMAXA,25.3
2001,NE,September,TMINA,14.1
2001,NE,September,SRADA,15.6
2001,NE,September,PRCP,1564.8
2002,NE,September,TMAXA,25.5
2002,NE,September,TMINA,14.3
2002,NE,September,SRADA,15.9
2002,NE,September,PRCP,1369.3
2003,EN,September,TMAXA,25.4
2003,EN,September,TMINA,13.6
2003,EN,September,SRADA,15.7
2003,EN,September,PRCP,1499.2
2004,NE,September,TMAXA,24.6
2004,NE,September,TMINA,13.3
2004,NE,September,SRADA,15.9
2004,NE,September,PRCP,1495.3
2005,NE,September,TMAXA,25.2
2005,NE,September,TMINA,13.9
2005,NE,September,SRADA,16
2005,NE,September,PRCP,1524.2
2006,NE,September,TMAXA,25.3
2006,NE,September,TMINA,13.4
2006,NE,September,SRADA,16
2006,NE,September,PRCP,1135.8
2007,EN,September,TMAXA,25.2
2007,EN,September,TMINA,14.6
2007,EN,September,SRADA,16.1
2007,EN,September,PRCP,1401.2
2008,LA,September,TMAXA,24.6
2008,LA,September,TMINA,13.6
2008,LA,September,SRADA,15.8
2008,LA,September,PRCP,1570.2
2009,NE,September,TMAXA,23.8
2009,NE,September,TMINA,13.4
2009,NE,September,SRADA,14.9
2009,NE,September,PRCP,1626.6
2010,EN,September,TMAXA,24.1
2010,EN,September,TMINA,14
2010,EN,September,SRADA,14.5
2010,EN,September,PRCP,1961
2011,LA,September,TMAXA,23.4
2011,LA,September,TMINA,12.8
2011,LA,September,SRADA,14.4
2011,LA,September,PRCP,1935.2
2012,LA,September,TMAXA,24.4
2012,LA,September,TMINA,12.4
2012,LA,September,SRADA,15.7
2012,LA,September,PRCP,1564.4
2013,NE,September,TMAXA,24.2
2013,NE,September,TMINA,12.6
2013,NE,September,SRADA,14.6
2013,NE,September,PRCP,1859.7
2014,NE,September,TMAXA,24.5
2014,NE,September,TMINA,13.1
2014,NE,September,SRADA,15.2
2014,NE,September,PRCP,1704.3
2015,EN,September,TMAXA,24.8
2015,EN,September,TMINA,13.6
2015,EN,September,SRADA,14.7
2015,EN,September,PRCP,1914.6
2016,EN,September,TMAXA,24.3
2016,EN,September,TMINA,13.3
2016,EN,September,SRADA,13.7
2016,EN,September,PRCP,1991.5
2017,NE,September,TMAXA,24.8
2017,NE,September,TMINA,13
2017,NE,September,SRADA,14.6
2017,NE,September,PRCP,1412.6
2018,LA,September,TMAXA,24.7
2018,LA,September,TMINA,13
2018,LA,September,SRADA,14.6
2018,LA,September,PRCP,1616.2
2019,EN,September,TMAXA,25.4
2019,EN,September,TMINA,13.7
2019,EN,September,SRADA,14.4
2019,EN,September,PRCP,1723.4
1963,NE,October,TMAXA,31.3
1963,NE,October,TMINA,17
1963,NE,October,SRADA,18.1
1963,NE,October,PRCP,929.5
1964,NE,October,TMAXA,30.6
1964,NE,October,TMINA,16.6
1964,NE,October,SRADA,17.9
1964,NE,October,PRCP,1312.2
1965,EN,October,TMAXA,29.5
1965,EN,October,TMINA,16.1
1965,EN,October,SRADA,17.7
1965,EN,October,PRCP,1424.5
1966,EN,October,TMAXA,30.6
1966,EN,October,TMINA,16.8
1966,EN,October,SRADA,18.1
1966,EN,October,PRCP,1138.2
1967,NE,October,TMAXA,29.7
1967,NE,October,TMINA,17
1967,NE,October,SRADA,18.5
1967,NE,October,PRCP,1074.9
1968,NE,October,TMAXA,28.5
1968,NE,October,TMINA,15.7
1968,NE,October,SRADA,18.8
1968,NE,October,PRCP,1158.4
1969,EN,October,TMAXA,29.7
1969,EN,October,TMINA,17
1969,EN,October,SRADA,18.6
1969,EN,October,PRCP,1206.4
1970,NE,October,TMAXA,29
1970,NE,October,TMINA,16.8
1970,NE,October,SRADA,18.6
1970,NE,October,PRCP,1520.1
1971,LA,October,TMAXA,29.1
1971,LA,October,TMINA,16.9
1971,LA,October,SRADA,19.1
1971,LA,October,PRCP,1197.7
1972,EN,October,TMAXA,28.2
1972,EN,October,TMINA,17.8
1972,EN,October,SRADA,17.6
1972,EN,October,PRCP,1661.9
1973,EN,October,TMAXA,29.2
1973,EN,October,TMINA,17.9
1973,EN,October,SRADA,18
1973,EN,October,PRCP,1276.4
1974,LA,October,TMAXA,28.7
1974,LA,October,TMINA,17.5
1974,LA,October,SRADA,18.3
1974,LA,October,PRCP,1548.3
1975,LA,October,TMAXA,29.2
1975,LA,October,TMINA,17.8
1975,LA,October,SRADA,18.7
1975,LA,October,PRCP,1150.8
1976,LA,October,TMAXA,27.9
1976,LA,October,TMINA,17.2
1976,LA,October,SRADA,18
1976,LA,October,PRCP,1656.1
1977,EN,October,TMAXA,29.6
1977,EN,October,TMINA,18.5
1977,EN,October,SRADA,18.1
1977,EN,October,PRCP,1222.3
1978,NE,October,TMAXA,29.2
1978,NE,October,TMINA,18
1978,NE,October,SRADA,18.3
1978,NE,October,PRCP,1329.8
1979,NE,October,TMAXA,28.9
1979,NE,October,TMINA,17.5
1979,NE,October,SRADA,18.3
1979,NE,October,PRCP,1097.6
1980,NE,October,TMAXA,28.6
1980,NE,October,TMINA,18.3
1980,NE,October,SRADA,17.3
1980,NE,October,PRCP,1477.7
1981,NE,October,TMAXA,29.3
1981,NE,October,TMINA,18.3
1981,NE,October,SRADA,18
1981,NE,October,PRCP,1006.5
1982,NE,October,TMAXA,28.5
1982,NE,October,TMINA,18.4
1982,NE,October,SRADA,17.7
1982,NE,October,PRCP,1351.1
1983,EN,October,TMAXA,28.6
1983,EN,October,TMINA,18.7
1983,EN,October,SRADA,16.9
1983,EN,October,PRCP,1666.7
1984,NE,October,TMAXA,29.7
1984,NE,October,TMINA,18.5
1984,NE,October,SRADA,18.7
1984,NE,October,PRCP,1058.2
1985,LA,October,TMAXA,29.8
1985,LA,October,TMINA,17.8
1985,LA,October,SRADA,18.8
1985,LA,October,PRCP,1080
1986,NE,October,TMAXA,29.7
1986,NE,October,TMINA,19.1
1986,NE,October,SRADA,18.8
1986,NE,October,PRCP,979.8
1987,EN,October,TMAXA,28.2
1987,EN,October,TMINA,18.7
1987,EN,October,SRADA,18
1987,EN,October,PRCP,1253.5
1988,NE,October,TMAXA,28.9
1988,NE,October,TMINA,18.5
1988,NE,October,SRADA,18.3
1988,NE,October,PRCP,1387.5
1989,LA,October,TMAXA,27.9
1989,LA,October,TMINA,18.1
1989,LA,October,SRADA,18.2
1989,LA,October,PRCP,1512.9
1990,NE,October,TMAXA,28.5
1990,NE,October,TMINA,18.2
1990,NE,October,SRADA,18.5
1990,NE,October,PRCP,1446.2
1991,NE,October,TMAXA,29.4
1991,NE,October,TMINA,18.8
1991,NE,October,SRADA,18.5
1991,NE,October,PRCP,1082
1992,EN,October,TMAXA,28.7
1992,EN,October,TMINA,18.7
1992,EN,October,SRADA,17.8
1992,EN,October,PRCP,1468.5
1993,NE,October,TMAXA,28.8
1993,NE,October,TMINA,18.5
1993,NE,October,SRADA,17.9
1993,NE,October,PRCP,1221.8
1994,NE,October,TMAXA,29.9
1994,NE,October,TMINA,18.8
1994,NE,October,SRADA,18.3
1994,NE,October,PRCP,1113.5
1995,EN,October,TMAXA,30.2
1995,EN,October,TMINA,19.5
1995,EN,October,SRADA,17.9
1995,EN,October,PRCP,1246.3
1996,LA,October,TMAXA,29.1
1996,LA,October,TMINA,18.8
1996,LA,October,SRADA,18.6
1996,LA,October,PRCP,1256.4
1997,NE,October,TMAXA,29.2
1997,NE,October,TMINA,18.9
1997,NE,October,SRADA,18
1997,NE,October,PRCP,1530.1
1998,EN,October,TMAXA,29.2
1998,EN,October,TMINA,19.2
1998,EN,October,SRADA,17.1
1998,EN,October,PRCP,1492.1
1999,LA,October,TMAXA,29.7
1999,LA,October,TMINA,18.6
1999,LA,October,SRADA,18.9
1999,LA,October,PRCP,1239.5
2000,LA,October,TMAXA,29.3
2000,LA,October,TMINA,18.4
2000,LA,October,SRADA,18.2
2000,LA,October,PRCP,1328.1
2001,NE,October,TMAXA,29.8
2001,NE,October,TMINA,19.3
2001,NE,October,SRADA,18.6
2001,NE,October,PRCP,1176.2
2002,NE,October,TMAXA,30.5
2002,NE,October,TMINA,19.8
2002,NE,October,SRADA,18.6
2002,NE,October,PRCP,1169.1
2003,NE,October,TMAXA,29.9
2003,NE,October,TMINA,19.2
2003,NE,October,SRADA,18.3
2003,NE,October,PRCP,1529
2004,NE,October,TMAXA,29.4
2004,NE,October,TMINA,18.8
2004,NE,October,SRADA,18.4
2004,NE,October,PRCP,1146.1
2005,NE,October,TMAXA,29.6
2005,NE,October,TMINA,19.2
2005,NE,October,SRADA,17.8
2005,NE,October,PRCP,1308
2006,NE,October,TMAXA,29.7
2006,NE,October,TMINA,18.9
2006,NE,October,SRADA,17.9
2006,NE,October,PRCP,1009.2
2007,NE,October,TMAXA,30.5
2007,NE,October,TMINA,19.4
2007,NE,October,SRADA,18.1
2007,NE,October,PRCP,48.7
2008,LA,October,TMAXA,29.4
2008,LA,October,TMINA,18.6
2008,LA,October,SRADA,17.6
2008,LA,October,PRCP,1220.7
2009,LA,October,TMAXA,29.4
2009,LA,October,TMINA,18.8
2009,LA,October,SRADA,17.6
2009,LA,October,PRCP,1100.4
2010,EN,October,TMAXA,29.6
2010,EN,October,TMINA,18.8
2010,EN,October,SRADA,17
2010,EN,October,PRCP,533.8
2011,LA,October,TMAXA,29.6
2011,LA,October,TMINA,18.6
2011,LA,October,SRADA,17
2011,LA,October,PRCP,1190.2
2012,LA,October,TMAXA,29.7
2012,LA,October,TMINA,18.7
2012,LA,October,SRADA,18.2
2012,LA,October,PRCP,1394.2
2013,NE,October,TMAXA,29.6
2013,NE,October,TMINA,18.8
2013,NE,October,SRADA,16.8
2013,NE,October,PRCP,1484.4
2014,NE,October,TMAXA,30.4
2014,NE,October,TMINA,19.1
2014,NE,October,SRADA,17.5
2014,NE,October,PRCP,1116.2
2015,EN,October,TMAXA,30.1
2015,EN,October,TMINA,19.4
2015,EN,October,SRADA,16.9
2015,EN,October,PRCP,1724.8
2016,EN,October,TMAXA,29.7
2016,EN,October,TMINA,18.5
2016,EN,October,SRADA,16.5
2016,EN,October,PRCP,1687.9
2017,NE,October,TMAXA,30.3
2017,NE,October,TMINA,19.2
2017,NE,October,SRADA,17.3
2017,NE,October,PRCP,1169.2
2018,LA,October,TMAXA,30.1
2018,LA,October,TMINA,18.8
2018,LA,October,SRADA,16.8
2018,LA,October,PRCP,1460.4
2019,EN,October,TMAXA,31.1
2019,EN,October,TMINA,19.5
2019,EN,October,SRADA,17.5
2019,EN,October,PRCP,1056.2
1963,NE,October,TMAXA,29.6
1963,NE,October,TMINA,17.8
1963,NE,October,SRADA,17.5
1963,NE,October,PRCP,1238.9
1964,NE,October,TMAXA,28.5
1964,NE,October,TMINA,17.6
1964,NE,October,SRADA,17.2
1964,NE,October,PRCP,1443.9
1965,EN,October,TMAXA,28.2
1965,EN,October,TMINA,17.1
1965,EN,October,SRADA,17
1965,EN,October,PRCP,1918
1966,EN,October,TMAXA,28.6
1966,EN,October,TMINA,17.6
1966,EN,October,SRADA,17.2
1966,EN,October,PRCP,1577.3
1967,NE,October,TMAXA,29.6
1967,NE,October,TMINA,17.8
1967,NE,October,SRADA,18.1
1967,NE,October,PRCP,1284.9
1968,NE,October,TMAXA,28.6
1968,NE,October,TMINA,16.5
1968,NE,October,SRADA,18.7
1968,NE,October,PRCP,1170.9
1969,EN,October,TMAXA,29.5
1969,EN,October,TMINA,17.5
1969,EN,October,SRADA,17.9
1969,EN,October,PRCP,1350.4
1970,NE,October,TMAXA,28.7
1970,NE,October,TMINA,17.6
1970,NE,October,SRADA,18.3
1970,NE,October,PRCP,1552.5
1971,LA,October,TMAXA,28.4
1971,LA,October,TMINA,17
1971,LA,October,SRADA,18
1971,LA,October,PRCP,1501.4
1972,EN,October,TMAXA,28.7
1972,EN,October,TMINA,15.7
1972,EN,October,SRADA,17.8
1972,EN,October,PRCP,1576.4
1973,EN,October,TMAXA,29.2
1973,EN,October,TMINA,17.1
1973,EN,October,SRADA,17.4
1973,EN,October,PRCP,1452.3
1974,LA,October,TMAXA,29
1974,LA,October,TMINA,16.9
1974,LA,October,SRADA,18.1
1974,LA,October,PRCP,1240.3
1975,LA,October,TMAXA,29
1975,LA,October,TMINA,17.2
1975,LA,October,SRADA,17.8
1975,LA,October,PRCP,1372.3
1976,LA,October,TMAXA,27.8
1976,LA,October,TMINA,16.3
1976,LA,October,SRADA,18
1976,LA,October,PRCP,1432.2
1977,EN,October,TMAXA,29.1
1977,EN,October,TMINA,17.8
1977,EN,October,SRADA,18.2
1977,EN,October,PRCP,1520.8
1978,NE,October,TMAXA,29.6
1978,NE,October,TMINA,17.3
1978,NE,October,SRADA,18.3
1978,NE,October,PRCP,1049
1979,NE,October,TMAXA,28.8
1979,NE,October,TMINA,17.3
1979,NE,October,SRADA,18.1
1979,NE,October,PRCP,1460
1980,NE,October,TMAXA,28.9
1980,NE,October,TMINA,17.2
1980,NE,October,SRADA,17.4
1980,NE,October,PRCP,1499.9
1981,NE,October,TMAXA,29.8
1981,NE,October,TMINA,17.2
1981,NE,October,SRADA,17.7
1981,NE,October,PRCP,1094.8
1982,NE,October,TMAXA,28.6
1982,NE,October,TMINA,17.9
1982,NE,October,SRADA,17.3
1982,NE,October,PRCP,1821.9
1983,EN,October,TMAXA,28.2
1983,EN,October,TMINA,17.6
1983,EN,October,SRADA,16.1
1983,EN,October,PRCP,1934.4
1984,NE,October,TMAXA,29.4
1984,NE,October,TMINA,17.2
1984,NE,October,SRADA,18.3
1984,NE,October,PRCP,1228.6
1985,LA,October,TMAXA,29.3
1985,LA,October,TMINA,17.9
1985,LA,October,SRADA,17.7
1985,LA,October,PRCP,1248.8
1986,NE,October,TMAXA,28.7
1986,NE,October,TMINA,17.8
1986,NE,October,SRADA,17.9
1986,NE,October,PRCP,1199.6
1987,EN,October,TMAXA,27.5
1987,EN,October,TMINA,17.2
1987,EN,October,SRADA,17.1
1987,EN,October,PRCP,1361.1
1988,NE,October,TMAXA,28.7
1988,NE,October,TMINA,17.5
1988,NE,October,SRADA,17.5
1988,NE,October,PRCP,1302.6
1989,LA,October,TMAXA,27.8
1989,LA,October,TMINA,17.1
1989,LA,October,SRADA,17.6
1989,LA,October,PRCP,1632.6
1990,NE,October,TMAXA,27.8
1990,NE,October,TMINA,17.2
1990,NE,October,SRADA,17.7
1990,NE,October,PRCP,1405.7
1991,NE,October,TMAXA,28.8
1991,NE,October,TMINA,17.9
1991,NE,October,SRADA,18
1991,NE,October,PRCP,1399.3
1992,EN,October,TMAXA,28.2
1992,EN,October,TMINA,17.7
1992,EN,October,SRADA,17.2
1992,EN,October,PRCP,1736.2
1993,NE,October,TMAXA,29.1
1993,NE,October,TMINA,17.5
1993,NE,October,SRADA,17.6
1993,NE,October,PRCP,1379
1994,NE,October,TMAXA,30
1994,NE,October,TMINA,17.8
1994,NE,October,SRADA,18
1994,NE,October,PRCP,1566.4
1995,EN,October,TMAXA,30.2
1995,EN,October,TMINA,18.1
1995,EN,October,SRADA,17.9
1995,EN,October,PRCP,1231.8
1996,LA,October,TMAXA,29.3
1996,LA,October,TMINA,17.6
1996,LA,October,SRADA,18.2
1996,LA,October,PRCP,1442.4
1997,NE,October,TMAXA,29.6
1997,NE,October,TMINA,18.1
1997,NE,October,SRADA,17.7
1997,NE,October,PRCP,1734.6
1998,EN,October,TMAXA,29.2
1998,EN,October,TMINA,18.4
1998,EN,October,SRADA,17.1
1998,EN,October,PRCP,2001.8
1999,LA,October,TMAXA,30
1999,LA,October,TMINA,17.9
1999,LA,October,SRADA,18.5
1999,LA,October,PRCP,1249.2
2000,LA,October,TMAXA,29.1
2000,LA,October,TMINA,17.7
2000,LA,October,SRADA,17.8
2000,LA,October,PRCP,1382
2001,NE,October,TMAXA,29.8
2001,NE,October,TMINA,18.6
2001,NE,October,SRADA,18.1
2001,NE,October,PRCP,1678.3
2002,NE,October,TMAXA,30.5
2002,NE,October,TMINA,19.3
2002,NE,October,SRADA,18
2002,NE,October,PRCP,1420.7
2003,NE,October,TMAXA,30
2003,NE,October,TMINA,18.6
2003,NE,October,SRADA,17.8
2003,NE,October,PRCP,1453.1
2004,NE,October,TMAXA,29.9
2004,NE,October,TMINA,18.5
2004,NE,October,SRADA,18.3
2004,NE,October,PRCP,1448.6
2005,NE,October,TMAXA,30
2005,NE,October,TMINA,18.7
2005,NE,October,SRADA,17.8
2005,NE,October,PRCP,1323.9
2006,NE,October,TMAXA,29.7
2006,NE,October,TMINA,18.8
2006,NE,October,SRADA,17.9
2006,NE,October,PRCP,1714.9
2007,NE,October,TMAXA,30.2
2007,NE,October,TMINA,18.4
2007,NE,October,SRADA,17.5
2007,NE,October,PRCP,1690.6
2008,LA,October,TMAXA,29.5
2008,LA,October,TMINA,17.6
2008,LA,October,SRADA,17.6
2008,LA,October,PRCP,1618.6
2009,LA,October,TMAXA,29.8
2009,LA,October,TMINA,17.7
2009,LA,October,SRADA,17.4
2009,LA,October,PRCP,1539.9
2010,EN,October,TMAXA,30
2010,EN,October,TMINA,17.5
2010,EN,October,SRADA,17.2
2010,EN,October,PRCP,2084.5
2011,LA,October,TMAXA,29.6
2011,LA,October,TMINA,17.4
2011,LA,October,SRADA,17.5
2011,LA,October,PRCP,1356.5
2012,LA,October,TMAXA,30.2
2012,LA,October,TMINA,17.7
2012,LA,October,SRADA,18.4
2012,LA,October,PRCP,1452.9
2013,NE,October,TMAXA,30
2013,NE,October,TMINA,17.6
2013,NE,October,SRADA,17.8
2013,NE,October,PRCP,1653.2
2014,NE,October,TMAXA,30.2
2014,NE,October,TMINA,18.3
2014,NE,October,SRADA,18
2014,NE,October,PRCP,1853.4
2015,EN,October,TMAXA,30.2
2015,EN,October,TMINA,18.5
2015,EN,October,SRADA,16.9
2015,EN,October,PRCP,2262.4
2016,EN,October,TMAXA,29.4
2016,EN,October,TMINA,17.8
2016,EN,October,SRADA,16.5
2016,EN,October,PRCP,2232.2
2017,NE,October,TMAXA,30.4
2017,NE,October,TMINA,18.2
2017,NE,October,SRADA,17.7
2017,NE,October,PRCP,1674.9
2018,LA,October,TMAXA,29.6
2018,LA,October,TMINA,17.9
2018,LA,October,SRADA,17
2018,LA,October,PRCP,1787.4
2019,EN,October,TMAXA,30.8
2019,EN,October,TMINA,18.5
2019,EN,October,SRADA,17.9
2019,EN,October,PRCP,1603.6
1963,NE,October,TMAXA,29.6
1963,NE,October,TMINA,17.8
1963,NE,October,SRADA,17.5
1963,NE,October,PRCP,1238.9
1964,NE,October,TMAXA,28.5
1964,NE,October,TMINA,17.6
1964,NE,October,SRADA,17.2
1964,NE,October,PRCP,1443.9
1965,EN,October,TMAXA,28.2
1965,EN,October,TMINA,17.1
1965,EN,October,SRADA,17
1965,EN,October,PRCP,1918
1966,EN,October,TMAXA,28.6
1966,EN,October,TMINA,17.6
1966,EN,October,SRADA,17.2
1966,EN,October,PRCP,1577.3
1967,NE,October,TMAXA,29.6
1967,NE,October,TMINA,17.8
1967,NE,October,SRADA,18.1
1967,NE,October,PRCP,1284.9
1968,NE,October,TMAXA,28.6
1968,NE,October,TMINA,16.5
1968,NE,October,SRADA,18.7
1968,NE,October,PRCP,1170.9
1969,EN,October,TMAXA,29.5
1969,EN,October,TMINA,17.5
1969,EN,October,SRADA,17.9
1969,EN,October,PRCP,1350.4
1970,NE,October,TMAXA,28.7
1970,NE,October,TMINA,17.6
1970,NE,October,SRADA,18.3
1970,NE,October,PRCP,1552.5
1971,LA,October,TMAXA,28.4
1971,LA,October,TMINA,17
1971,LA,October,SRADA,18
1971,LA,October,PRCP,1501.4
1972,EN,October,TMAXA,28.7
1972,EN,October,TMINA,15.7
1972,EN,October,SRADA,17.8
1972,EN,October,PRCP,1576.4
1973,EN,October,TMAXA,29.2
1973,EN,October,TMINA,17.1
1973,EN,October,SRADA,17.4
1973,EN,October,PRCP,1452.3
1974,LA,October,TMAXA,29
1974,LA,October,TMINA,16.9
1974,LA,October,SRADA,18.1
1974,LA,October,PRCP,1240.3
1975,LA,October,TMAXA,29
1975,LA,October,TMINA,17.2
1975,LA,October,SRADA,17.8
1975,LA,October,PRCP,1372.3
1976,LA,October,TMAXA,27.8
1976,LA,October,TMINA,16.3
1976,LA,October,SRADA,18
1976,LA,October,PRCP,1432.2
1977,EN,October,TMAXA,29.1
1977,EN,October,TMINA,17.8
1977,EN,October,SRADA,18.2
1977,EN,October,PRCP,1520.8
1978,NE,October,TMAXA,29.6
1978,NE,October,TMINA,17.3
1978,NE,October,SRADA,18.3
1978,NE,October,PRCP,1049
1979,NE,October,TMAXA,28.8
1979,NE,October,TMINA,17.3
1979,NE,October,SRADA,18.1
1979,NE,October,PRCP,1460
1980,NE,October,TMAXA,28.9
1980,NE,October,TMINA,17.2
1980,NE,October,SRADA,17.4
1980,NE,October,PRCP,1499.9
1981,NE,October,TMAXA,29.8
1981,NE,October,TMINA,17.2
1981,NE,October,SRADA,17.7
1981,NE,October,PRCP,1094.8
1982,NE,October,TMAXA,28.6
1982,NE,October,TMINA,17.9
1982,NE,October,SRADA,17.3
1982,NE,October,PRCP,1821.9
1983,EN,October,TMAXA,28.2
1983,EN,October,TMINA,17.6
1983,EN,October,SRADA,16.1
1983,EN,October,PRCP,1934.4
1984,NE,October,TMAXA,29.4
1984,NE,October,TMINA,17.2
1984,NE,October,SRADA,18.3
1984,NE,October,PRCP,1228.6
1985,LA,October,TMAXA,29.3
1985,LA,October,TMINA,17.9
1985,LA,October,SRADA,17.7
1985,LA,October,PRCP,1248.8
1986,NE,October,TMAXA,28.7
1986,NE,October,TMINA,17.8
1986,NE,October,SRADA,17.9
1986,NE,October,PRCP,1199.6
1987,EN,October,TMAXA,27.5
1987,EN,October,TMINA,17.2
1987,EN,October,SRADA,17.1
1987,EN,October,PRCP,1361.1
1988,NE,October,TMAXA,28.7
1988,NE,October,TMINA,17.5
1988,NE,October,SRADA,17.5
1988,NE,October,PRCP,1302.6
1989,LA,October,TMAXA,27.8
1989,LA,October,TMINA,17.1
1989,LA,October,SRADA,17.6
1989,LA,October,PRCP,1632.6
1990,NE,October,TMAXA,27.8
1990,NE,October,TMINA,17.2
1990,NE,October,SRADA,17.7
1990,NE,October,PRCP,1405.7
1991,NE,October,TMAXA,28.8
1991,NE,October,TMINA,17.9
1991,NE,October,SRADA,18
1991,NE,October,PRCP,1399.3
1992,EN,October,TMAXA,28.2
1992,EN,October,TMINA,17.7
1992,EN,October,SRADA,17.2
1992,EN,October,PRCP,1736.2
1993,NE,October,TMAXA,29.1
1993,NE,October,TMINA,17.5
1993,NE,October,SRADA,17.6
1993,NE,October,PRCP,1379
1994,NE,October,TMAXA,30
1994,NE,October,TMINA,17.8
1994,NE,October,SRADA,18
1994,NE,October,PRCP,1566.4
1995,EN,October,TMAXA,30.2
1995,EN,October,TMINA,18.1
1995,EN,October,SRADA,17.9
1995,EN,October,PRCP,1231.8
1996,LA,October,TMAXA,29.3
1996,LA,October,TMINA,17.6
1996,LA,October,SRADA,18.2
1996,LA,October,PRCP,1442.4
1997,NE,October,TMAXA,29.6
1997,NE,October,TMINA,18.1
1997,NE,October,SRADA,17.7
1997,NE,October,PRCP,1734.6
1998,EN,October,TMAXA,29.2
1998,EN,October,TMINA,18.4
1998,EN,October,SRADA,17.1
1998,EN,October,PRCP,2001.8
1999,LA,October,TMAXA,30
1999,LA,October,TMINA,17.9
1999,LA,October,SRADA,18.5
1999,LA,October,PRCP,1249.2
2000,LA,October,TMAXA,29.1
2000,LA,October,TMINA,17.7
2000,LA,October,SRADA,17.8
2000,LA,October,PRCP,1382
2001,NE,October,TMAXA,29.8
2001,NE,October,TMINA,18.6
2001,NE,October,SRADA,18.1
2001,NE,October,PRCP,1678.3
2002,NE,October,TMAXA,30.5
2002,NE,October,TMINA,19.3
2002,NE,October,SRADA,18
2002,NE,October,PRCP,1420.7
2003,NE,October,TMAXA,30
2003,NE,October,TMINA,18.6
2003,NE,October,SRADA,17.8
2003,NE,October,PRCP,1453.1
2004,NE,October,TMAXA,29.9
2004,NE,October,TMINA,18.5
2004,NE,October,SRADA,18.3
2004,NE,October,PRCP,1448.6
2005,NE,October,TMAXA,30
2005,NE,October,TMINA,18.7
2005,NE,October,SRADA,17.8
2005,NE,October,PRCP,1323.9
2006,NE,October,TMAXA,29.7
2006,NE,October,TMINA,18.8
2006,NE,October,SRADA,17.9
2006,NE,October,PRCP,1714.9
2007,NE,October,TMAXA,30.2
2007,NE,October,TMINA,18.4
2007,NE,October,SRADA,17.5
2007,NE,October,PRCP,1690.6
2008,LA,October,TMAXA,29.5
2008,LA,October,TMINA,17.6
2008,LA,October,SRADA,17.6
2008,LA,October,PRCP,1618.6
2009,LA,October,TMAXA,29.8
2009,LA,October,TMINA,17.7
2009,LA,October,SRADA,17.4
2009,LA,October,PRCP,1539.9
2010,EN,October,TMAXA,30
2010,EN,October,TMINA,17.5
2010,EN,October,SRADA,17.2
2010,EN,October,PRCP,2084.5
2011,LA,October,TMAXA,29.6
2011,LA,October,TMINA,17.4
2011,LA,October,SRADA,17.5
2011,LA,October,PRCP,1356.5
2012,LA,October,TMAXA,30.2
2012,LA,October,TMINA,17.7
2012,LA,October,SRADA,18.4
2012,LA,October,PRCP,1452.9
2013,NE,October,TMAXA,30
2013,NE,October,TMINA,17.6
2013,NE,October,SRADA,17.8
2013,NE,October,PRCP,1653.2
2014,NE,October,TMAXA,30.2
2014,NE,October,TMINA,18.3
2014,NE,October,SRADA,18
2014,NE,October,PRCP,1853.4
2015,EN,October,TMAXA,30.2
2015,EN,October,TMINA,18.5
2015,EN,October,SRADA,16.9
2015,EN,October,PRCP,2262.4
2016,EN,October,TMAXA,29.4
2016,EN,October,TMINA,17.8
2016,EN,October,SRADA,16.5
2016,EN,October,PRCP,2232.2
2017,NE,October,TMAXA,30.4
2017,NE,October,TMINA,18.2
2017,NE,October,SRADA,17.7
2017,NE,October,PRCP,1674.9
2018,LA,October,TMAXA,29.6
2018,LA,October,TMINA,17.9
2018,LA,October,SRADA,17
2018,LA,October,PRCP,1787.4
2019,EN,October,TMAXA,30.8
2019,EN,October,TMINA,18.5
2019,EN,October,SRADA,17.9
2019,EN,October,PRCP,1603.6
1963,NE,October,TMAXA,29
1963,NE,October,TMINA,15.3
1963,NE,October,SRADA,18
1963,NE,October,PRCP,1315.8
1964,NE,October,TMAXA,27.7
1964,NE,October,TMINA,15.2
1964,NE,October,SRADA,17.8
1964,NE,October,PRCP,1605.8
1965,EN,October,TMAXA,27.2
1965,EN,October,TMINA,15.1
1965,EN,October,SRADA,17.5
1965,EN,October,PRCP,1914.3
1966,EN,October,TMAXA,27.9
1966,EN,October,TMINA,15.7
1966,EN,October,SRADA,17.8
1966,EN,October,PRCP,1465.6
1967,NE,October,TMAXA,28.7
1967,NE,October,TMINA,16.1
1967,NE,October,SRADA,18.3
1967,NE,October,PRCP,1084.1
1968,NE,October,TMAXA,27.4
1968,NE,October,TMINA,14.5
1968,NE,October,SRADA,18.7
1968,NE,October,PRCP,1296.6
1969,EN,October,TMAXA,28.5
1969,EN,October,TMINA,16.2
1969,EN,October,SRADA,18.4
1969,EN,October,PRCP,1475.8
1970,NE,October,TMAXA,27.8
1970,NE,October,TMINA,16
1970,NE,October,SRADA,18.3
1970,NE,October,PRCP,1636
1971,LA,October,TMAXA,28.1
1971,LA,October,TMINA,15.4
1971,LA,October,SRADA,18.5
1971,LA,October,PRCP,1562.1
1972,EN,October,TMAXA,27.5
1972,EN,October,TMINA,15.6
1972,EN,October,SRADA,17.2
1972,EN,October,PRCP,2184.4
1973,EN,October,TMAXA,27.8
1973,EN,October,TMINA,16.7
1973,EN,October,SRADA,17.6
1973,EN,October,PRCP,1788.7
1974,LA,October,TMAXA,27.1
1974,LA,October,TMINA,16.1
1974,LA,October,SRADA,17.9
1974,LA,October,PRCP,1689.9
1975,LA,October,TMAXA,27.8
1975,LA,October,TMINA,15.8
1975,LA,October,SRADA,17.8
1975,LA,October,PRCP,1929.7
1976,LA,October,TMAXA,27.1
1976,LA,October,TMINA,15.4
1976,LA,October,SRADA,17.5
1976,LA,October,PRCP,2088.2
1977,EN,October,TMAXA,28.8
1977,EN,October,TMINA,16.5
1977,EN,October,SRADA,17.9
1977,EN,October,PRCP,1733
1978,NE,October,TMAXA,27.9
1978,NE,October,TMINA,16.1
1978,NE,October,SRADA,18.1
1978,NE,October,PRCP,1503.7
1979,NE,October,TMAXA,27.7
1979,NE,October,TMINA,15.9
1979,NE,October,SRADA,18.2
1979,NE,October,PRCP,1424.6
1980,NE,October,TMAXA,27.2
1980,NE,October,TMINA,16.3
1980,NE,October,SRADA,17.2
1980,NE,October,PRCP,2060.1
1981,NE,October,TMAXA,27.9
1981,NE,October,TMINA,16.3
1981,NE,October,SRADA,17.7
1981,NE,October,PRCP,1351.2
1982,NE,October,TMAXA,27
1982,NE,October,TMINA,16.3
1982,NE,October,SRADA,17.5
1982,NE,October,PRCP,1882.6
1983,EN,October,TMAXA,26.9
1983,EN,October,TMINA,16.9
1983,EN,October,SRADA,16.3
1983,EN,October,PRCP,2179.6
1984,NE,October,TMAXA,28.2
1984,NE,October,TMINA,16.7
1984,NE,October,SRADA,18.3
1984,NE,October,PRCP,1306.1
1985,LA,October,TMAXA,27.7
1985,LA,October,TMINA,15.8
1985,LA,October,SRADA,17.8
1985,LA,October,PRCP,1190.9
1986,NE,October,TMAXA,28.5
1986,NE,October,TMINA,16.8
1986,NE,October,SRADA,18.2
1986,NE,October,PRCP,1293.3
1987,EN,October,TMAXA,27.2
1987,EN,October,TMINA,16.4
1987,EN,October,SRADA,17.6
1987,EN,October,PRCP,1575.7
1988,NE,October,TMAXA,27.7
1988,NE,October,TMINA,16.7
1988,NE,October,SRADA,17.8
1988,NE,October,PRCP,1419.8
1989,LA,October,TMAXA,26.9
1989,LA,October,TMINA,16.2
1989,LA,October,SRADA,18
1989,LA,October,PRCP,1665.9
1990,NE,October,TMAXA,27.1
1990,NE,October,TMINA,16.2
1990,NE,October,SRADA,17.9
1990,NE,October,PRCP,2002
1991,NE,October,TMAXA,27.9
1991,NE,October,TMINA,16.8
1991,NE,October,SRADA,18.2
1991,NE,October,PRCP,1304.6
1992,EN,October,TMAXA,27.3
1992,EN,October,TMINA,16.8
1992,EN,October,SRADA,17.4
1992,EN,October,PRCP,2024.9
1993,NE,October,TMAXA,27.4
1993,NE,October,TMINA,16.6
1993,NE,October,SRADA,17.3
1993,NE,October,PRCP,1928
1994,NE,October,TMAXA,28.5
1994,NE,October,TMINA,17
1994,NE,October,SRADA,17.9
1994,NE,October,PRCP,1280.4
1995,EN,October,TMAXA,28.4
1995,EN,October,TMINA,17.4
1995,EN,October,SRADA,16.8
1995,EN,October,PRCP,1725.6
1996,LA,October,TMAXA,27.7
1996,LA,October,TMINA,16.8
1996,LA,October,SRADA,17.3
1996,LA,October,PRCP,1270.1
1997,NE,October,TMAXA,27.7
1997,NE,October,TMINA,17.1
1997,NE,October,SRADA,17.3
1997,NE,October,PRCP,2006.7
1998,EN,October,TMAXA,27.7
1998,EN,October,TMINA,17.5
1998,EN,October,SRADA,16.5
1998,EN,October,PRCP,2030.1
1999,LA,October,TMAXA,28
1999,LA,October,TMINA,16.5
1999,LA,October,SRADA,18.2
1999,LA,October,PRCP,1502
2000,LA,October,TMAXA,28.1
2000,LA,October,TMINA,16
2000,LA,October,SRADA,17.8
2000,LA,October,PRCP,1256.9
2001,NE,October,TMAXA,28.8
2001,NE,October,TMINA,17.3
2001,NE,October,SRADA,18.2
2001,NE,October,PRCP,1440.7
2002,NE,October,TMAXA,29.7
2002,NE,October,TMINA,17.8
2002,NE,October,SRADA,18.3
2002,NE,October,PRCP,1264.6
2003,NE,October,TMAXA,29
2003,NE,October,TMINA,17.2
2003,NE,October,SRADA,18
2003,NE,October,PRCP,1323.7
2004,NE,October,TMAXA,28.5
2004,NE,October,TMINA,16.7
2004,NE,October,SRADA,18.1
2004,NE,October,PRCP,1308
2005,NE,October,TMAXA,28.7
2005,NE,October,TMINA,17.3
2005,NE,October,SRADA,17.7
2005,NE,October,PRCP,1562.5
2006,NE,October,TMAXA,28.9
2006,NE,October,TMINA,17
2006,NE,October,SRADA,17.9
2006,NE,October,PRCP,1314.9
2007,NE,October,TMAXA,29.3
2007,NE,October,TMINA,17.2
2007,NE,October,SRADA,18.3
2007,NE,October,PRCP,1615.5
2008,LA,October,TMAXA,28.2
2008,LA,October,TMINA,16.3
2008,LA,October,SRADA,18.1
2008,LA,October,PRCP,1755.6
2009,LA,October,TMAXA,28.4
2009,LA,October,TMINA,16.7
2009,LA,October,SRADA,18
2009,LA,October,PRCP,1848.3
2010,EN,October,TMAXA,28.7
2010,EN,October,TMINA,16.9
2010,EN,October,SRADA,17.3
2010,EN,October,PRCP,1893.5
2011,LA,October,TMAXA,28.3
2011,LA,October,TMINA,16.7
2011,LA,October,SRADA,17.3
2011,LA,October,PRCP,1590.4
2012,LA,October,TMAXA,28.8
2012,LA,October,TMINA,16.4
2012,LA,October,SRADA,19.2
2012,LA,October,PRCP,1522.3
2013,NE,October,TMAXA,28.4
2013,NE,October,TMINA,16.8
2013,NE,October,SRADA,17.1
2013,NE,October,PRCP,1860.5
2014,NE,October,TMAXA,29.1
2014,NE,October,TMINA,17.2
2014,NE,October,SRADA,18.2
2014,NE,October,PRCP,1428.1
2015,EN,October,TMAXA,29
2015,EN,October,TMINA,17.4
2015,EN,October,SRADA,17.8
2015,EN,October,PRCP,2052.8
2016,EN,October,TMAXA,28.4
2016,EN,October,TMINA,16.8
2016,EN,October,SRADA,17.2
2016,EN,October,PRCP,2484.6
2017,NE,October,TMAXA,29.1
2017,NE,October,TMINA,17.5
2017,NE,October,SRADA,18.1
2017,NE,October,PRCP,1603
2018,LA,October,TMAXA,28.7
2018,LA,October,TMINA,17.1
2018,LA,October,SRADA,17.6
2018,LA,October,PRCP,2073
2019,EN,October,TMAXA,29.8
2019,EN,October,TMINA,17.9
2019,EN,October,SRADA,18.2
2019,EN,October,PRCP,1136.7
1963,NE,October,TMAXA,30.2
1963,NE,October,TMINA,16.4
1963,NE,October,SRADA,17.9
1963,NE,October,PRCP,1174.3
1964,NE,October,TMAXA,28.7
1964,NE,October,TMINA,16
1964,NE,October,SRADA,17.7
1964,NE,October,PRCP,1418.7
1965,EN,October,TMAXA,28.2
1965,EN,October,TMINA,16.4
1965,EN,October,SRADA,17.3
1965,EN,October,PRCP,1725.5
1966,EN,October,TMAXA,29.1
1966,EN,October,TMINA,17.2
1966,EN,October,SRADA,17.7
1966,EN,October,PRCP,1470.6
1967,NE,October,TMAXA,29.9
1967,NE,October,TMINA,17.7
1967,NE,October,SRADA,18.2
1967,NE,October,PRCP,1226.2
1968,NE,October,TMAXA,28.9
1968,NE,October,TMINA,16.1
1968,NE,October,SRADA,18.7
1968,NE,October,PRCP,1130.2
1969,EN,October,TMAXA,29.9
1969,EN,October,TMINA,17.5
1969,EN,October,SRADA,18.2
1969,EN,October,PRCP,1755
1970,NE,October,TMAXA,28.9
1970,NE,October,TMINA,17.3
1970,NE,October,SRADA,18.3
1970,NE,October,PRCP,1498.9
1971,LA,October,TMAXA,28.5
1971,LA,October,TMINA,16
1971,LA,October,SRADA,18.5
1971,LA,October,PRCP,1684.3
1972,EN,October,TMAXA,28.3
1972,EN,October,TMINA,16.5
1972,EN,October,SRADA,17.3
1972,EN,October,PRCP,1547.2
1973,EN,October,TMAXA,28.7
1973,EN,October,TMINA,17.4
1973,EN,October,SRADA,17.7
1973,EN,October,PRCP,1272.8
1974,LA,October,TMAXA,28.3
1974,LA,October,TMINA,16.8
1974,LA,October,SRADA,18
1974,LA,October,PRCP,1263.2
1975,LA,October,TMAXA,28.8
1975,LA,October,TMINA,16.6
1975,LA,October,SRADA,17.9
1975,LA,October,PRCP,1363.7
1976,LA,October,TMAXA,27.8
1976,LA,October,TMINA,16.5
1976,LA,October,SRADA,17.4
1976,LA,October,PRCP,1683
1977,EN,October,TMAXA,29.6
1977,EN,October,TMINA,17.5
1977,EN,October,SRADA,17.8
1977,EN,October,PRCP,1457.9
1978,NE,October,TMAXA,29.1
1978,NE,October,TMINA,17.1
1978,NE,October,SRADA,17.9
1978,NE,October,PRCP,1254
1979,NE,October,TMAXA,28.6
1979,NE,October,TMINA,17.1
1979,NE,October,SRADA,18
1979,NE,October,PRCP,1315
1980,NE,October,TMAXA,28
1980,NE,October,TMINA,17.6
1980,NE,October,SRADA,17.1
1980,NE,October,PRCP,2007.2
1981,NE,October,TMAXA,28.6
1981,NE,October,TMINA,17.7
1981,NE,October,SRADA,17.7
1981,NE,October,PRCP,1471.6
1982,NE,October,TMAXA,27.9
1982,NE,October,TMINA,17.8
1982,NE,October,SRADA,17.5
1982,NE,October,PRCP,1674.6
1983,EN,October,TMAXA,27.7
1983,EN,October,TMINA,17.9
1983,EN,October,SRADA,16.4
1983,EN,October,PRCP,2558.9
1984,NE,October,TMAXA,29
1984,NE,October,TMINA,17.9
1984,NE,October,SRADA,18.3
1984,NE,October,PRCP,1339.6
1985,LA,October,TMAXA,28.5
1985,LA,October,TMINA,17
1985,LA,October,SRADA,18
1985,LA,October,PRCP,1209.1
1986,NE,October,TMAXA,29.2
1986,NE,October,TMINA,18.1
1986,NE,October,SRADA,18.3
1986,NE,October,PRCP,1433.8
1987,EN,October,TMAXA,28.1
1987,EN,October,TMINA,17.8
1987,EN,October,SRADA,17.6
1987,EN,October,PRCP,1549.3
1988,NE,October,TMAXA,28.7
1988,NE,October,TMINA,18.1
1988,NE,October,SRADA,17.8
1988,NE,October,PRCP,1390.5
1989,LA,October,TMAXA,27.9
1989,LA,October,TMINA,17.5
1989,LA,October,SRADA,18
1989,LA,October,PRCP,1703.7
1990,NE,October,TMAXA,28
1990,NE,October,TMINA,17.5
1990,NE,October,SRADA,18
1990,NE,October,PRCP,1879.1
1991,NE,October,TMAXA,28.8
1991,NE,October,TMINA,18.1
1991,NE,October,SRADA,18.2
1991,NE,October,PRCP,1197.7
1992,EN,October,TMAXA,28.1
1992,EN,October,TMINA,17.9
1992,EN,October,SRADA,17.5
1992,EN,October,PRCP,1762.4
1993,NE,October,TMAXA,28.3
1993,NE,October,TMINA,17.7
1993,NE,October,SRADA,17.3
1993,NE,October,PRCP,1528.5
1994,NE,October,TMAXA,29.3
1994,NE,October,TMINA,18.1
1994,NE,October,SRADA,17.5
1994,NE,October,PRCP,1459.9
1995,EN,October,TMAXA,29.3
1995,EN,October,TMINA,18.6
1995,EN,October,SRADA,16.6
1995,EN,October,PRCP,1661.5
1996,LA,October,TMAXA,28.5
1996,LA,October,TMINA,17.9
1996,LA,October,SRADA,17.6
1996,LA,October,PRCP,1460.4
1997,NE,October,TMAXA,28.7
1997,NE,October,TMINA,18.1
1997,NE,October,SRADA,17.5
1997,NE,October,PRCP,2069.6
1998,EN,October,TMAXA,28.5
1998,EN,October,TMINA,18.5
1998,EN,October,SRADA,16.6
1998,EN,October,PRCP,2243.4
1999,LA,October,TMAXA,29.1
1999,LA,October,TMINA,17.6
1999,LA,October,SRADA,18.3
1999,LA,October,PRCP,1282.7
2000,LA,October,TMAXA,28.6
2000,LA,October,TMINA,17.8
2000,LA,October,SRADA,18
2000,LA,October,PRCP,1516.7
2001,NE,October,TMAXA,29.2
2001,NE,October,TMINA,18.8
2001,NE,October,SRADA,18.3
2001,NE,October,PRCP,1645.8
2002,NE,October,TMAXA,30.1
2002,NE,October,TMINA,19.3
2002,NE,October,SRADA,18.4
2002,NE,October,PRCP,1456.7
2003,NE,October,TMAXA,29.3
2003,NE,October,TMINA,18.6
2003,NE,October,SRADA,18.3
2003,NE,October,PRCP,1796.4
2004,NE,October,TMAXA,28.8
2004,NE,October,TMINA,18.2
2004,NE,October,SRADA,18.4
2004,NE,October,PRCP,1376.3
2005,NE,October,TMAXA,29.3
2005,NE,October,TMINA,18.8
2005,NE,October,SRADA,17.8
2005,NE,October,PRCP,1674
2006,NE,October,TMAXA,29.4
2006,NE,October,TMINA,18.4
2006,NE,October,SRADA,18
2006,NE,October,PRCP,1563.3
2007,NE,October,TMAXA,30
2007,NE,October,TMINA,19.3
2007,NE,October,SRADA,18.2
2007,NE,October,PRCP,1458.8
2008,LA,October,TMAXA,28.9
2008,LA,October,TMINA,17.9
2008,LA,October,SRADA,18.1
2008,LA,October,PRCP,1498.6
2009,LA,October,TMAXA,29.1
2009,LA,October,TMINA,18.4
2009,LA,October,SRADA,18.1
2009,LA,October,PRCP,1646.1
2010,EN,October,TMAXA,29.5
2010,EN,October,TMINA,18.2
2010,EN,October,SRADA,17.3
2010,EN,October,PRCP,1661
2011,LA,October,TMAXA,29.1
2011,LA,October,TMINA,17.7
2011,LA,October,SRADA,18.2
2011,LA,October,PRCP,1724.8
2012,LA,October,TMAXA,29.6
2012,LA,October,TMINA,17.9
2012,LA,October,SRADA,19.7
2012,LA,October,PRCP,1283.5
2013,NE,October,TMAXA,29.2
2013,NE,October,TMINA,17.9
2013,NE,October,SRADA,18.2
2013,NE,October,PRCP,1939.1
2014,NE,October,TMAXA,29.8
2014,NE,October,TMINA,18.5
2014,NE,October,SRADA,19.1
2014,NE,October,PRCP,1712.7
2015,EN,October,TMAXA,29.8
2015,EN,October,TMINA,19
2015,EN,October,SRADA,17.8
2015,EN,October,PRCP,2376.8
2016,EN,October,TMAXA,29
2016,EN,October,TMINA,18.1
2016,EN,October,SRADA,17.8
2016,EN,October,PRCP,2399.5
2017,NE,October,TMAXA,29.8
2017,NE,October,TMINA,19
2017,NE,October,SRADA,18.7
2017,NE,October,PRCP,1835.2
2018,LA,October,TMAXA,29.3
2018,LA,October,TMINA,18.5
2018,LA,October,SRADA,17.7
2018,LA,October,PRCP,1927.4
2019,EN,October,TMAXA,30.7
2019,EN,October,TMINA,19
2019,EN,October,SRADA,18.8
2019,EN,October,PRCP,1389.4
1963,NE,October,TMAXA,29.6
1963,NE,October,TMINA,14.8
1963,NE,October,SRADA,18.1
1963,NE,October,PRCP,958.3
1964,NE,October,TMAXA,28.5
1964,NE,October,TMINA,14.9
1964,NE,October,SRADA,17.5
1964,NE,October,PRCP,1053.8
1965,EN,October,TMAXA,27.4
1965,EN,October,TMINA,14.9
1965,EN,October,SRADA,17.1
1965,EN,October,PRCP,1653.2
1966,EN,October,TMAXA,28.4
1966,EN,October,TMINA,15.7
1966,EN,October,SRADA,17.5
1966,EN,October,PRCP,1046.4
1967,NE,October,TMAXA,28.4
1967,NE,October,TMINA,15.9
1967,NE,October,SRADA,17.8
1967,NE,October,PRCP,1325.7
1968,NE,October,TMAXA,26.5
1968,NE,October,TMINA,13.6
1968,NE,October,SRADA,17.3
1968,NE,October,PRCP,951.6
1969,EN,October,TMAXA,27.4
1969,EN,October,TMINA,15.3
1969,EN,October,SRADA,17.6
1969,EN,October,PRCP,831
1970,NE,October,TMAXA,26.3
1970,NE,October,TMINA,15.3
1970,NE,October,SRADA,16.9
1970,NE,October,PRCP,1720.3
1971,LA,October,TMAXA,27
1971,LA,October,TMINA,15.4
1971,LA,October,SRADA,17.9
1971,LA,October,PRCP,979.6
1972,EN,October,TMAXA,27
1972,EN,October,TMINA,15.8
1972,EN,October,SRADA,17.2
1972,EN,October,PRCP,1278.6
1973,EN,October,TMAXA,27.9
1973,EN,October,TMINA,16.8
1973,EN,October,SRADA,17.3
1973,EN,October,PRCP,1022.4
1974,LA,October,TMAXA,27.6
1974,LA,October,TMINA,15.8
1974,LA,October,SRADA,17.5
1974,LA,October,PRCP,1106.6
1975,LA,October,TMAXA,27.8
1975,LA,October,TMINA,16
1975,LA,October,SRADA,17.3
1975,LA,October,PRCP,1119.6
1976,LA,October,TMAXA,26.5
1976,LA,October,TMINA,16
1976,LA,October,SRADA,16.5
1976,LA,October,PRCP,1910.2
1977,EN,October,TMAXA,28.1
1977,EN,October,TMINA,16.8
1977,EN,October,SRADA,17.8
1977,EN,October,PRCP,1251.3
1978,NE,October,TMAXA,27.7
1978,NE,October,TMINA,16.3
1978,NE,October,SRADA,17.4
1978,NE,October,PRCP,1195.7
1979,NE,October,TMAXA,26.8
1979,NE,October,TMINA,15.9
1979,NE,October,SRADA,16.9
1979,NE,October,PRCP,1419.7
1980,NE,October,TMAXA,27.3
1980,NE,October,TMINA,16.4
1980,NE,October,SRADA,16.3
1980,NE,October,PRCP,986.5
1981,NE,October,TMAXA,27.2
1981,NE,October,TMINA,16.1
1981,NE,October,SRADA,16.5
1981,NE,October,PRCP,1145.7
1982,NE,October,TMAXA,26.2
1982,NE,October,TMINA,16
1982,NE,October,SRADA,15.7
1982,NE,October,PRCP,1464.6
1983,EN,October,TMAXA,26.4
1983,EN,October,TMINA,16.6
1983,EN,October,SRADA,14.9
1983,EN,October,PRCP,2189.6
1984,NE,October,TMAXA,27.6
1984,NE,October,TMINA,16.5
1984,NE,October,SRADA,16.7
1984,NE,October,PRCP,1220.2
1985,LA,October,TMAXA,26.8
1985,LA,October,TMINA,16
1985,LA,October,SRADA,15.5
1985,LA,October,PRCP,1065.4
1986,NE,October,TMAXA,27.5
1986,NE,October,TMINA,16.8
1986,NE,October,SRADA,16.5
1986,NE,October,PRCP,1091.2
1987,EN,October,TMAXA,27
1987,EN,October,TMINA,16.5
1987,EN,October,SRADA,15.4
1987,EN,October,PRCP,1580.2
1988,NE,October,TMAXA,27.2
1988,NE,October,TMINA,16.7
1988,NE,October,SRADA,15.3
1988,NE,October,PRCP,1279.4
1989,LA,October,TMAXA,26.5
1989,LA,October,TMINA,16.3
1989,LA,October,SRADA,15.7
1989,LA,October,PRCP,1503.1
1990,NE,October,TMAXA,26.9
1990,NE,October,TMINA,16.5
1990,NE,October,SRADA,15.6
1990,NE,October,PRCP,1143.6
1991,NE,October,TMAXA,27.2
1991,NE,October,TMINA,17
1991,NE,October,SRADA,15
1991,NE,October,PRCP,1478.7
1992,EN,October,TMAXA,27.4
1992,EN,October,TMINA,17.3
1992,EN,October,SRADA,15
1992,EN,October,PRCP,1180.1
1993,NE,October,TMAXA,27.6
1993,NE,October,TMINA,16.6
1993,NE,October,SRADA,15
1993,NE,October,PRCP,1428.3
1994,NE,October,TMAXA,28
1994,NE,October,TMINA,16.4
1994,NE,October,SRADA,15.7
1994,NE,October,PRCP,1034.7
1995,EN,October,TMAXA,28.5
1995,EN,October,TMINA,17.1
1995,EN,October,SRADA,15.4
1995,EN,October,PRCP,1708.5
1996,LA,October,TMAXA,27.7
1996,LA,October,TMINA,15.7
1996,LA,October,SRADA,15.9
1996,LA,October,PRCP,1593.4
1997,NE,October,TMAXA,27.9
1997,NE,October,TMINA,15.7
1997,NE,October,SRADA,16.2
1997,NE,October,PRCP,1251.9
1998,EN,October,TMAXA,27.9
1998,EN,October,TMINA,16.7
1998,EN,October,SRADA,15.7
1998,EN,October,PRCP,1338.9
1999,LA,October,TMAXA,28.1
1999,LA,October,TMINA,15.6
1999,LA,October,SRADA,16.1
1999,LA,October,PRCP,1366.6
2000,LA,October,TMAXA,28.2
2000,LA,October,TMINA,15.4
2000,LA,October,SRADA,16.3
2000,LA,October,PRCP,1101.9
2001,NE,October,TMAXA,28.8
2001,NE,October,TMINA,16.9
2001,NE,October,SRADA,16.6
2001,NE,October,PRCP,1219.7
2002,NE,October,TMAXA,28.7
2002,NE,October,TMINA,17.3
2002,NE,October,SRADA,16.8
2002,NE,October,PRCP,1256.9
2003,NE,October,TMAXA,28.2
2003,NE,October,TMINA,16.8
2003,NE,October,SRADA,16.7
2003,NE,October,PRCP,1326.2
2004,NE,October,TMAXA,27.3
2004,NE,October,TMINA,16.5
2004,NE,October,SRADA,16.3
2004,NE,October,PRCP,1358.5
2005,NE,October,TMAXA,27.7
2005,NE,October,TMINA,17.1
2005,NE,October,SRADA,16.1
2005,NE,October,PRCP,1350.3
2006,NE,October,TMAXA,27.7
2006,NE,October,TMINA,16.6
2006,NE,October,SRADA,16.4
2006,NE,October,PRCP,1247
2007,NE,October,TMAXA,28.7
2007,NE,October,TMINA,16.6
2007,NE,October,SRADA,17.4
2007,NE,October,PRCP,1057.8
2008,LA,October,TMAXA,27.4
2008,LA,October,TMINA,15.8
2008,LA,October,SRADA,16.4
2008,LA,October,PRCP,1419.6
2009,LA,October,TMAXA,27.5
2009,LA,October,TMINA,16.2
2009,LA,October,SRADA,16.3
2009,LA,October,PRCP,1618.3
2010,EN,October,TMAXA,28.2
2010,EN,October,TMINA,16.3
2010,EN,October,SRADA,17
2010,EN,October,PRCP,1420
2011,LA,October,TMAXA,27.9
2011,LA,October,TMINA,16.1
2011,LA,October,SRADA,16.5
2011,LA,October,PRCP,1412.5
2012,LA,October,TMAXA,27.9
2012,LA,October,TMINA,15.8
2012,LA,October,SRADA,18.1
2012,LA,October,PRCP,1221.3
2013,NE,October,TMAXA,27.6
2013,NE,October,TMINA,16.1
2013,NE,October,SRADA,16.9
2013,NE,October,PRCP,1399.3
2014,NE,October,TMAXA,28.8
2014,NE,October,TMINA,16.5
2014,NE,October,SRADA,18.4
2014,NE,October,PRCP,878.8
2015,EN,October,TMAXA,28.4
2015,EN,October,TMINA,16.9
2015,EN,October,SRADA,17.4
2015,EN,October,PRCP,1492.1
2016,EN,October,TMAXA,28
2016,EN,October,TMINA,16.7
2016,EN,October,SRADA,16.9
2016,EN,October,PRCP,1542.3
2017,NE,October,TMAXA,28.3
2017,NE,October,TMINA,16.4
2017,NE,October,SRADA,17.9
2017,NE,October,PRCP,1615.5
2018,LA,October,TMAXA,28.4
2018,LA,October,TMINA,16.3
2018,LA,October,SRADA,17.3
2018,LA,October,PRCP,1152.6
2019,EN,October,TMAXA,28.8
2019,EN,October,TMINA,16.7
2019,EN,October,SRADA,17.9
2019,EN,October,PRCP,1309.5
1963,NE,October,TMAXA,26
1963,NE,October,TMINA,12.4
1963,NE,October,SRADA,16.5
1963,NE,October,PRCP,1051.5
1964,NE,October,TMAXA,25
1964,NE,October,TMINA,12.5
1964,NE,October,SRADA,15.7
1964,NE,October,PRCP,1286
1965,EN,October,TMAXA,24.7
1965,EN,October,TMINA,12.2
1965,EN,October,SRADA,16.1
1965,EN,October,PRCP,1408.7
1966,EN,October,TMAXA,25.2
1966,EN,October,TMINA,12.8
1966,EN,October,SRADA,15.8
1966,EN,October,PRCP,1303.4
1967,NE,October,TMAXA,25.8
1967,NE,October,TMINA,13.1
1967,NE,October,SRADA,16
1967,NE,October,PRCP,1267.2
1968,NE,October,TMAXA,24.6
1968,NE,October,TMINA,11.4
1968,NE,October,SRADA,16.9
1968,NE,October,PRCP,1029.2
1969,EN,October,TMAXA,25.5
1969,EN,October,TMINA,13.1
1969,EN,October,SRADA,16.1
1969,EN,October,PRCP,1343.4
1970,NE,October,TMAXA,24.9
1970,NE,October,TMINA,13.5
1970,NE,October,SRADA,15.9
1970,NE,October,PRCP,1545
1971,LA,October,TMAXA,24.8
1971,LA,October,TMINA,13
1971,LA,October,SRADA,16
1971,LA,October,PRCP,1811.3
1972,EN,October,TMAXA,24.7
1972,EN,October,TMINA,13
1972,EN,October,SRADA,15.6
1972,EN,October,PRCP,1713.5
1973,EN,October,TMAXA,24.5
1973,EN,October,TMINA,13.9
1973,EN,October,SRADA,15.2
1973,EN,October,PRCP,1652.5
1974,LA,October,TMAXA,24
1974,LA,October,TMINA,12.5
1974,LA,October,SRADA,16
1974,LA,October,PRCP,1197.1
1975,LA,October,TMAXA,24.2
1975,LA,October,TMINA,13.2
1975,LA,October,SRADA,15.6
1975,LA,October,PRCP,1473.9
1976,LA,October,TMAXA,23.7
1976,LA,October,TMINA,12.5
1976,LA,October,SRADA,15.8
1976,LA,October,PRCP,1694.2
1977,EN,October,TMAXA,25.1
1977,EN,October,TMINA,13.5
1977,EN,October,SRADA,15.9
1977,EN,October,PRCP,1541.5
1978,NE,October,TMAXA,22.5
1978,NE,October,TMINA,13.6
1978,NE,October,SRADA,16.4
1978,NE,October,PRCP,1405.2
1979,NE,October,TMAXA,24.8
1979,NE,October,TMINA,12.3
1979,NE,October,SRADA,16.1
1979,NE,October,PRCP,1458.6
1980,NE,October,TMAXA,24.6
1980,NE,October,TMINA,13.2
1980,NE,October,SRADA,15.2
1980,NE,October,PRCP,1645.5
1981,NE,October,TMAXA,25.3
1981,NE,October,TMINA,13.4
1981,NE,October,SRADA,15.3
1981,NE,October,PRCP,1267.6
1982,NE,October,TMAXA,24.9
1982,NE,October,TMINA,13.2
1982,NE,October,SRADA,15.5
1982,NE,October,PRCP,1762.9
1983,EN,October,TMAXA,24
1983,EN,October,TMINA,13.8
1983,EN,October,SRADA,13.8
1983,EN,October,PRCP,2717.7
1984,NE,October,TMAXA,25.1
1984,NE,October,TMINA,13
1984,NE,October,SRADA,15.5
1984,NE,October,PRCP,1518.2
1985,LA,October,TMAXA,25.2
1985,LA,October,TMINA,12.6
1985,LA,October,SRADA,16
1985,LA,October,PRCP,1222.9
1986,NE,October,TMAXA,25.8
1986,NE,October,TMINA,13.6
1986,NE,October,SRADA,16
1986,NE,October,PRCP,1217.1
1987,EN,October,TMAXA,24.8
1987,EN,October,TMINA,13.1
1987,EN,October,SRADA,15.1
1987,EN,October,PRCP,1948.2
1988,NE,October,TMAXA,25
1988,NE,October,TMINA,13.3
1988,NE,October,SRADA,14.8
1988,NE,October,PRCP,1301.2
1989,LA,October,TMAXA,24.1
1989,LA,October,TMINA,13.1
1989,LA,October,SRADA,15.4
1989,LA,October,PRCP,1814.2
1990,NE,October,TMAXA,23.9
1990,NE,October,TMINA,13.2
1990,NE,October,SRADA,16.2
1990,NE,October,PRCP,2041.6
1991,NE,October,TMAXA,24.6
1991,NE,October,TMINA,13.4
1991,NE,October,SRADA,16
1991,NE,October,PRCP,1177.3
1992,EN,October,TMAXA,24.5
1992,EN,October,TMINA,13.8
1992,EN,October,SRADA,15.5
1992,EN,October,PRCP,2206.3
1993,NE,October,TMAXA,24.5
1993,NE,October,TMINA,13.5
1993,NE,October,SRADA,15.8
1993,NE,October,PRCP,1627.3
1994,NE,October,TMAXA,25.6
1994,NE,October,TMINA,13.7
1994,NE,October,SRADA,16.2
1994,NE,October,PRCP,1848.1
1995,EN,October,TMAXA,25.6
1995,EN,October,TMINA,13.7
1995,EN,October,SRADA,15.4
1995,EN,October,PRCP,1643.5
1996,LA,October,TMAXA,24.7
1996,LA,October,TMINA,12.6
1996,LA,October,SRADA,15.1
1996,LA,October,PRCP,1686.7
1997,NE,October,TMAXA,24.9
1997,NE,October,TMINA,13.5
1997,NE,October,SRADA,15.6
1997,NE,October,PRCP,1600.6
1998,EN,October,TMAXA,24.3
1998,EN,October,TMINA,14.2
1998,EN,October,SRADA,14.9
1998,EN,October,PRCP,2197.5
1999,LA,October,TMAXA,24.9
1999,LA,October,TMINA,13.4
1999,LA,October,SRADA,16.2
1999,LA,October,PRCP,1224.2
2000,LA,October,TMAXA,24.9
2000,LA,October,TMINA,13.2
2000,LA,October,SRADA,16.1
2000,LA,October,PRCP,1603.2
2001,NE,October,TMAXA,25.9
2001,NE,October,TMINA,14.4
2001,NE,October,SRADA,16.1
2001,NE,October,PRCP,1758.6
2002,NE,October,TMAXA,26.6
2002,NE,October,TMINA,14.6
2002,NE,October,SRADA,16.2
2002,NE,October,PRCP,1485.2
2003,NE,October,TMAXA,26.1
2003,NE,October,TMINA,13.8
2003,NE,October,SRADA,16.1
2003,NE,October,PRCP,1639.7
2004,NE,October,TMAXA,25.8
2004,NE,October,TMINA,13.7
2004,NE,October,SRADA,16
2004,NE,October,PRCP,1684.2
2005,NE,October,TMAXA,26.1
2005,NE,October,TMINA,14.3
2005,NE,October,SRADA,15.7
2005,NE,October,PRCP,1586.4
2006,NE,October,TMAXA,26.3
2006,NE,October,TMINA,13.8
2006,NE,October,SRADA,16.2
2006,NE,October,PRCP,1393.4
2007,NE,October,TMAXA,26.5
2007,NE,October,TMINA,14.6
2007,NE,October,SRADA,16.4
2007,NE,October,PRCP,1393.6
2008,LA,October,TMAXA,25.4
2008,LA,October,TMINA,13.6
2008,LA,October,SRADA,16.1
2008,LA,October,PRCP,1859
2009,LA,October,TMAXA,25.5
2009,LA,October,TMINA,14.2
2009,LA,October,SRADA,15.6
2009,LA,October,PRCP,1649.1
2010,EN,October,TMAXA,25.7
2010,EN,October,TMINA,14.5
2010,EN,October,SRADA,15.2
2010,EN,October,PRCP,1748.1
2011,LA,October,TMAXA,25.5
2011,LA,October,TMINA,14
2011,LA,October,SRADA,15.6
2011,LA,October,PRCP,1854.6
2012,LA,October,TMAXA,26.1
2012,LA,October,TMINA,13.8
2012,LA,October,SRADA,16.8
2012,LA,October,PRCP,1329
2013,NE,October,TMAXA,25.4
2013,NE,October,TMINA,14
2013,NE,October,SRADA,15.2
2013,NE,October,PRCP,2139.7
2014,NE,October,TMAXA,25.9
2014,NE,October,TMINA,14.7
2014,NE,October,SRADA,16.2
2014,NE,October,PRCP,1829.3
2015,EN,October,TMAXA,26
2015,EN,October,TMINA,15.1
2015,EN,October,SRADA,15.5
2015,EN,October,PRCP,2117.6
2016,EN,October,TMAXA,25
2016,EN,October,TMINA,14.5
2016,EN,October,SRADA,14.4
2016,EN,October,PRCP,2066
2017,NE,October,TMAXA,26.1
2017,NE,October,TMINA,15
2017,NE,October,SRADA,15.2
2017,NE,October,PRCP,1592
2018,LA,October,TMAXA,25.4
2018,LA,October,TMINA,14.9
2018,LA,October,SRADA,14.2
2018,LA,October,PRCP,1619.9
2019,EN,October,TMAXA,26.5
2019,EN,October,TMINA,15.4
2019,EN,October,SRADA,14.8
2019,EN,October,PRCP,1511.3
1963,NE,October,TMAXA,24.8
1963,NE,October,TMINA,11.6
1963,NE,October,SRADA,15.8
1963,NE,October,PRCP,1004.3
1964,NE,October,TMAXA,23.4
1964,NE,October,TMINA,11.8
1964,NE,October,SRADA,15.1
1964,NE,October,PRCP,1420.1
1965,EN,October,TMAXA,23.6
1965,EN,October,TMINA,11.5
1965,EN,October,SRADA,15.6
1965,EN,October,PRCP,1461
1966,EN,October,TMAXA,23.9
1966,EN,October,TMINA,11.8
1966,EN,October,SRADA,15.1
1966,EN,October,PRCP,1370.7
1967,NE,October,TMAXA,24.2
1967,NE,October,TMINA,11.8
1967,NE,October,SRADA,15.6
1967,NE,October,PRCP,1366.4
1968,NE,October,TMAXA,23.6
1968,NE,October,TMINA,10.4
1968,NE,October,SRADA,16.4
1968,NE,October,PRCP,1127.4
1969,EN,October,TMAXA,24.5
1969,EN,October,TMINA,11.9
1969,EN,October,SRADA,15.6
1969,EN,October,PRCP,1335.6
1970,NE,October,TMAXA,24.1
1970,NE,October,TMINA,12
1970,NE,October,SRADA,15.4
1970,NE,October,PRCP,1659.5
1971,LA,October,TMAXA,24
1971,LA,October,TMINA,11.7
1971,LA,October,SRADA,15.4
1971,LA,October,PRCP,1922.2
1972,EN,October,TMAXA,24.2
1972,EN,October,TMINA,12.2
1972,EN,October,SRADA,15.2
1972,EN,October,PRCP,1805.1
1973,EN,October,TMAXA,23.6
1973,EN,October,TMINA,13.2
1973,EN,October,SRADA,14.6
1973,EN,October,PRCP,1840.6
1974,LA,October,TMAXA,23.2
1974,LA,October,TMINA,12.2
1974,LA,October,SRADA,15.4
1974,LA,October,PRCP,1358.4
1975,LA,October,TMAXA,23.5
1975,LA,October,TMINA,12
1975,LA,October,SRADA,15.1
1975,LA,October,PRCP,1417.5
1976,LA,October,TMAXA,23.1
1976,LA,October,TMINA,11.4
1976,LA,October,SRADA,15
1976,LA,October,PRCP,1828.5
1977,EN,October,TMAXA,23.8
1977,EN,October,TMINA,13.3
1977,EN,October,SRADA,15.2
1977,EN,October,PRCP,1336.3
1978,NE,October,TMAXA,24.6
1978,NE,October,TMINA,11.8
1978,NE,October,SRADA,15.7
1978,NE,October,PRCP,1183
1979,NE,October,TMAXA,24
1979,NE,October,TMINA,11.8
1979,NE,October,SRADA,15.4
1979,NE,October,PRCP,1500.8
1980,NE,October,TMAXA,23.8
1980,NE,October,TMINA,12.4
1980,NE,October,SRADA,15
1980,NE,October,PRCP,1718.9
1981,NE,October,TMAXA,24.1
1981,NE,October,TMINA,12.4
1981,NE,October,SRADA,14.8
1981,NE,October,PRCP,1073.3
1982,NE,October,TMAXA,23.8
1982,NE,October,TMINA,12.7
1982,NE,October,SRADA,14.8
1982,NE,October,PRCP,1461.7
1983,EN,October,TMAXA,23
1983,EN,October,TMINA,12.9
1983,EN,October,SRADA,13.1
1983,EN,October,PRCP,2696.2
1984,NE,October,TMAXA,24.5
1984,NE,October,TMINA,12.8
1984,NE,October,SRADA,14.4
1984,NE,October,PRCP,1648.6
1985,LA,October,TMAXA,24.4
1985,LA,October,TMINA,13
1985,LA,October,SRADA,15.5
1985,LA,October,PRCP,1117.9
1986,NE,October,TMAXA,24.8
1986,NE,October,TMINA,13.7
1986,NE,October,SRADA,15.9
1986,NE,October,PRCP,1203.1
1987,EN,October,TMAXA,24.1
1987,EN,October,TMINA,13.1
1987,EN,October,SRADA,14.3
1987,EN,October,PRCP,1813.3
1988,NE,October,TMAXA,24.1
1988,NE,October,TMINA,13
1988,NE,October,SRADA,14
1988,NE,October,PRCP,1159.7
1989,LA,October,TMAXA,23.6
1989,LA,October,TMINA,13.1
1989,LA,October,SRADA,14.7
1989,LA,October,PRCP,1622.7
1990,NE,October,TMAXA,23.4
1990,NE,October,TMINA,12.9
1990,NE,October,SRADA,15.4
1990,NE,October,PRCP,2001
1991,NE,October,TMAXA,24.2
1991,NE,October,TMINA,13.1
1991,NE,October,SRADA,15
1991,NE,October,PRCP,1277.6
1992,EN,October,TMAXA,24
1992,EN,October,TMINA,13.8
1992,EN,October,SRADA,14.7
1992,EN,October,PRCP,1858.8
1993,NE,October,TMAXA,23.9
1993,NE,October,TMINA,13.1
1993,NE,October,SRADA,15.2
1993,NE,October,PRCP,1680.3
1994,NE,October,TMAXA,24.9
1994,NE,October,TMINA,13.5
1994,NE,October,SRADA,15.8
1994,NE,October,PRCP,1294.3
1995,EN,October,TMAXA,24.7
1995,EN,October,TMINA,13.5
1995,EN,October,SRADA,15.2
1995,EN,October,PRCP,1695.9
1996,LA,October,TMAXA,23.9
1996,LA,October,TMINA,13
1996,LA,October,SRADA,15.1
1996,LA,October,PRCP,1755.3
1997,NE,October,TMAXA,24.5
1997,NE,October,TMINA,13.5
1997,NE,October,SRADA,15.4
1997,NE,October,PRCP,1786.7
1998,EN,October,TMAXA,23.8
1998,EN,October,TMINA,14.1
1998,EN,October,SRADA,14.1
1998,EN,October,PRCP,2664.9
1999,LA,October,TMAXA,24
1999,LA,October,TMINA,13
1999,LA,October,SRADA,15.4
1999,LA,October,PRCP,1307.4
2000,LA,October,TMAXA,24
2000,LA,October,TMINA,12.7
2000,LA,October,SRADA,15.8
2000,LA,October,PRCP,1622.2
2001,NE,October,TMAXA,25.1
2001,NE,October,TMINA,14
2001,NE,October,SRADA,15.5
2001,NE,October,PRCP,1549.3
2002,NE,October,TMAXA,25.7
2002,NE,October,TMINA,14.2
2002,NE,October,SRADA,15.9
2002,NE,October,PRCP,1414.6
2003,NE,October,TMAXA,25.2
2003,NE,October,TMINA,13.6
2003,NE,October,SRADA,15.7
2003,NE,October,PRCP,1513.7
2004,NE,October,TMAXA,24.7
2004,NE,October,TMINA,13.3
2004,NE,October,SRADA,15.8
2004,NE,October,PRCP,1437.3
2005,NE,October,TMAXA,24.9
2005,NE,October,TMINA,13.9
2005,NE,October,SRADA,15.7
2005,NE,October,PRCP,1638.1
2006,NE,October,TMAXA,25.3
2006,NE,October,TMINA,13.3
2006,NE,October,SRADA,16.1
2006,NE,October,PRCP,1118.2
2007,NE,October,TMAXA,25.4
2007,NE,October,TMINA,14.6
2007,NE,October,SRADA,16.2
2007,NE,October,PRCP,1317.8
2008,LA,October,TMAXA,24.2
2008,LA,October,TMINA,13.4
2008,LA,October,SRADA,15.7
2008,LA,October,PRCP,1702.1
2009,LA,October,TMAXA,23.8
2009,LA,October,TMINA,13.4
2009,LA,October,SRADA,14.8
2009,LA,October,PRCP,1657
2010,EN,October,TMAXA,24
2010,EN,October,TMINA,14
2010,EN,October,SRADA,14.6
2010,EN,October,PRCP,1763.7
2011,LA,October,TMAXA,23.7
2011,LA,October,TMINA,12.9
2011,LA,October,SRADA,14.5
2011,LA,October,PRCP,1928.3
2012,LA,October,TMAXA,24.3
2012,LA,October,TMINA,12.3
2012,LA,October,SRADA,15.7
2012,LA,October,PRCP,1485.8
2013,NE,October,TMAXA,24
2013,NE,October,TMINA,12.6
2013,NE,October,SRADA,14.4
2013,NE,October,PRCP,1999.5
2014,NE,October,TMAXA,24.6
2014,NE,October,TMINA,13.2
2014,NE,October,SRADA,15.2
2014,NE,October,PRCP,1752.1
2015,EN,October,TMAXA,25
2015,EN,October,TMINA,13.8
2015,EN,October,SRADA,14.5
2015,EN,October,PRCP,1942.3
2016,EN,October,TMAXA,24
2016,EN,October,TMINA,12.9
2016,EN,October,SRADA,13.9
2016,EN,October,PRCP,1861
2017,NE,October,TMAXA,25
2017,NE,October,TMINA,13.1
2017,NE,October,SRADA,14.5
2017,NE,October,PRCP,1492.8
2018,LA,October,TMAXA,24.5
2018,LA,October,TMINA,13.1
2018,LA,October,SRADA,14.4
2018,LA,October,PRCP,1703.1
2019,EN,October,TMAXA,25.6
2019,EN,October,TMINA,13.6
2019,EN,October,SRADA,14.8
2019,EN,October,PRCP,1595.3
1963,NE,November,TMAXA,31.3
1963,NE,November,TMINA,17.1
1963,NE,November,SRADA,17.8
1963,NE,November,PRCP,1018.1
1964,LA,November,TMAXA,30.6
1964,LA,November,TMINA,16.4
1964,LA,November,SRADA,18.2
1964,LA,November,PRCP,1273.8
1965,EN,November,TMAXA,29.5
1965,EN,November,TMINA,16.3
1965,EN,November,SRADA,17.8
1965,EN,November,PRCP,1356.8
1966,EN,November,TMAXA,30.5
1966,EN,November,TMINA,16.7
1966,EN,November,SRADA,18
1966,EN,November,PRCP,1233.5
1967,NE,November,TMAXA,29.8
1967,NE,November,TMINA,17.2
1967,NE,November,SRADA,18.5
1967,NE,November,PRCP,1047
1968,NE,November,TMAXA,28.6
1968,NE,November,TMINA,15.7
1968,NE,November,SRADA,19
1968,NE,November,PRCP,1117.2
1969,EN,November,TMAXA,29.5
1969,EN,November,TMINA,16.6
1969,EN,November,SRADA,18.5
1969,EN,November,PRCP,1188.5
1970,NE,November,TMAXA,29.1
1970,NE,November,TMINA,17
1970,NE,November,SRADA,18.9
1970,NE,November,PRCP,1415.2
1971,LA,November,TMAXA,29.1
1971,LA,November,TMINA,17
1971,LA,November,SRADA,18.9
1971,LA,November,PRCP,1198.8
1972,EN,November,TMAXA,28.2
1972,EN,November,TMINA,18
1972,EN,November,SRADA,17.5
1972,EN,November,PRCP,1752.2
1973,LA,November,TMAXA,29.1
1973,LA,November,TMINA,17.7
1973,LA,November,SRADA,18.1
1973,LA,November,PRCP,1255.2
1974,LA,November,TMAXA,28.7
1974,LA,November,TMINA,17.4
1974,LA,November,SRADA,18.3
1974,LA,November,PRCP,1605.8
1975,LA,November,TMAXA,29.3
1975,LA,November,TMINA,17.8
1975,LA,November,SRADA,18.7
1975,LA,November,PRCP,1188.7
1976,LA,November,TMAXA,27.9
1976,LA,November,TMINA,17.2
1976,LA,November,SRADA,18
1976,LA,November,PRCP,1629.1
1977,EN,November,TMAXA,29.8
1977,EN,November,TMINA,18.7
1977,EN,November,SRADA,18
1977,EN,November,PRCP,1223.9
1978,NE,November,TMAXA,29.1
1978,NE,November,TMINA,17.9
1978,NE,November,SRADA,18.3
1978,NE,November,PRCP,1275.3
1979,NE,November,TMAXA,28.9
1979,NE,November,TMINA,17.5
1979,NE,November,SRADA,18.3
1979,NE,November,PRCP,1108.9
1980,NE,November,TMAXA,28.7
1980,NE,November,TMINA,18.3
1980,NE,November,SRADA,17.3
1980,NE,November,PRCP,1436.3
1981,NE,November,TMAXA,29.2
1981,NE,November,TMINA,18.2
1981,NE,November,SRADA,18
1981,NE,November,PRCP,1070.2
1982,EN,November,TMAXA,28.7
1982,EN,November,TMINA,18.5
1982,EN,November,SRADA,17.7
1982,EN,November,PRCP,1305.8
1983,EN,November,TMAXA,28.4
1983,EN,November,TMINA,18.5
1983,EN,November,SRADA,16.8
1983,EN,November,PRCP,1703.6
1984,NE,November,TMAXA,30
1984,NE,November,TMINA,18.7
1984,NE,November,SRADA,18.9
1984,NE,November,PRCP,1038.8
1985,LA,November,TMAXA,29.8
1985,LA,November,TMINA,17.7
1985,LA,November,SRADA,18.8
1985,LA,November,PRCP,1079.2
1986,NE,November,TMAXA,29.2
1986,NE,November,TMINA,19.1
1986,NE,November,SRADA,18.7
1986,NE,November,PRCP,932.4
1987,EN,November,TMAXA,28.1
1987,EN,November,TMINA,18.7
1987,EN,November,SRADA,17.7
1987,EN,November,PRCP,1456.4
1988,LA,November,TMAXA,28.9
1988,LA,November,TMINA,18.4
1988,LA,November,SRADA,18.5
1988,LA,November,PRCP,1358.3
1989,LA,November,TMAXA,28
1989,LA,November,TMINA,18
1989,LA,November,SRADA,18.3
1989,LA,November,PRCP,1392.9
1990,NE,November,TMAXA,28.7
1990,NE,November,TMINA,18.5
1990,NE,November,SRADA,18.2
1990,NE,November,PRCP,1507.9
1991,EN,November,TMAXA,29.4
1991,EN,November,TMINA,18.8
1991,EN,November,SRADA,18.6
1991,EN,November,PRCP,953.8
1992,EN,November,TMAXA,28.6
1992,EN,November,TMINA,18.7
1992,EN,November,SRADA,17.7
1992,EN,November,PRCP,1544.8
1993,NE,November,TMAXA,29
1993,NE,November,TMINA,18.6
1993,NE,November,SRADA,17.9
1993,NE,November,PRCP,1194.3
1994,NE,November,TMAXA,30
1994,NE,November,TMINA,18.9
1994,NE,November,SRADA,18.1
1994,NE,November,PRCP,1100.7
1995,EN,November,TMAXA,29.9
1995,EN,November,TMINA,19.2
1995,EN,November,SRADA,18.1
1995,EN,November,PRCP,1334.2
1996,NE,November,TMAXA,29.1
1996,NE,November,TMINA,18.9
1996,NE,November,SRADA,18.4
1996,NE,November,PRCP,1225.3
1997,EN,November,TMAXA,29.2
1997,EN,November,TMINA,18.9
1997,EN,November,SRADA,18
1997,EN,November,PRCP,1528.7
1998,EN,November,TMAXA,29.1
1998,EN,November,TMINA,19
1998,EN,November,SRADA,17.3
1998,EN,November,PRCP,1461.5
1999,LA,November,TMAXA,29.8
1999,LA,November,TMINA,18.5
1999,LA,November,SRADA,18.7
1999,LA,November,PRCP,1229.9
2000,LA,November,TMAXA,29.6
2000,LA,November,TMINA,18.6
2000,LA,November,SRADA,18.4
2000,LA,November,PRCP,1322.6
2001,NE,November,TMAXA,29.6
2001,NE,November,TMINA,19.3
2001,NE,November,SRADA,18.5
2001,NE,November,PRCP,1195.1
2002,NE,November,TMAXA,30.6
2002,NE,November,TMINA,19.8
2002,NE,November,SRADA,18.5
2002,NE,November,PRCP,1134.8
2003,NE,November,TMAXA,29.9
2003,NE,November,TMINA,19.1
2003,NE,November,SRADA,18.5
2003,NE,November,PRCP,1488.2
2004,NE,November,TMAXA,29.2
2004,NE,November,TMINA,18.8
2004,NE,November,SRADA,18.3
2004,NE,November,PRCP,1336.3
2005,NE,November,TMAXA,29.6
2005,NE,November,TMINA,19.2
2005,NE,November,SRADA,17.8
2005,NE,November,PRCP,1146.1
2006,NE,November,TMAXA,29.8
2006,NE,November,TMINA,18.9
2006,NE,November,SRADA,18
2006,NE,November,PRCP,913.3
2007,LA,November,TMAXA,30.5
2007,LA,November,TMINA,19.4
2007,LA,November,SRADA,17.8
2007,LA,November,PRCP,250.3
2008,LA,November,TMAXA,29.4
2008,LA,November,TMINA,18.6
2008,LA,November,SRADA,17.7
2008,LA,November,PRCP,1141.8
2009,LA,November,TMAXA,29.4
2009,LA,November,TMINA,18.9
2009,LA,November,SRADA,17.7
2009,LA,November,PRCP,1036.6
2010,EN,November,TMAXA,29.6
2010,EN,November,TMINA,18.6
2010,EN,November,SRADA,17.2
2010,EN,November,PRCP,573.6
2011,LA,November,TMAXA,29.5
2011,LA,November,TMINA,18.6
2011,LA,November,SRADA,16.9
2011,LA,November,PRCP,1247.6
2012,NE,November,TMAXA,30
2012,NE,November,TMINA,18.9
2012,NE,November,SRADA,18.1
2012,NE,November,PRCP,1329.2
2013,NE,November,TMAXA,29.5
2013,NE,November,TMINA,18.6
2013,NE,November,SRADA,16.9
2013,NE,November,PRCP,1498.4
2014,NE,November,TMAXA,30.4
2014,NE,November,TMINA,19.2
2014,NE,November,SRADA,17.4
2014,NE,November,PRCP,1180.4
2015,EN,November,TMAXA,30.1
2015,EN,November,TMINA,19.6
2015,EN,November,SRADA,16.7
2015,EN,November,PRCP,1773.8
2016,EN,November,TMAXA,29.6
2016,EN,November,TMINA,18.3
2016,EN,November,SRADA,16.6
2016,EN,November,PRCP,1544.9
2017,NE,November,TMAXA,30.2
2017,NE,November,TMINA,19.1
2017,NE,November,SRADA,17.3
2017,NE,November,PRCP,1309
2018,LA,November,TMAXA,30.1
2018,LA,November,TMINA,18.9
2018,LA,November,SRADA,16.8
2018,LA,November,PRCP,1375.8
2019,EN,November,TMAXA,31.3
2019,EN,November,TMINA,19.7
2019,EN,November,SRADA,17.5
2019,EN,November,PRCP,1038.6
1963,NE,November,TMAXA,29.8
1963,NE,November,TMINA,18
1963,NE,November,SRADA,17.3
1963,NE,November,PRCP,1336.2
1964,LA,November,TMAXA,28.4
1964,LA,November,TMINA,17.3
1964,LA,November,SRADA,17.5
1964,LA,November,PRCP,1463
1965,EN,November,TMAXA,28.2
1965,EN,November,TMINA,17.1
1965,EN,November,SRADA,16.9
1965,EN,November,PRCP,1904.8
1966,EN,November,TMAXA,28.6
1966,EN,November,TMINA,17.7
1966,EN,November,SRADA,17.1
1966,EN,November,PRCP,1573
1967,NE,November,TMAXA,29.8
1967,NE,November,TMINA,17.9
1967,NE,November,SRADA,18.1
1967,NE,November,PRCP,1221.7
1968,NE,November,TMAXA,28.6
1968,NE,November,TMINA,16.5
1968,NE,November,SRADA,18.8
1968,NE,November,PRCP,1123.3
1969,EN,November,TMAXA,29.2
1969,EN,November,TMINA,17.4
1969,EN,November,SRADA,17.7
1969,EN,November,PRCP,1479.3
1970,NE,November,TMAXA,28.7
1970,NE,November,TMINA,17.6
1970,NE,November,SRADA,18.6
1970,NE,November,PRCP,1369.5
1971,LA,November,TMAXA,28.4
1971,LA,November,TMINA,17
1971,LA,November,SRADA,17.8
1971,LA,November,PRCP,1585.5
1972,EN,November,TMAXA,28.8
1972,EN,November,TMINA,15.6
1972,EN,November,SRADA,17.8
1972,EN,November,PRCP,1612.2
1973,LA,November,TMAXA,29.1
1973,LA,November,TMINA,17.2
1973,LA,November,SRADA,17.4
1973,LA,November,PRCP,1364.7
1974,LA,November,TMAXA,28.9
1974,LA,November,TMINA,16.7
1974,LA,November,SRADA,18.2
1974,LA,November,PRCP,1283.5
1975,LA,November,TMAXA,29
1975,LA,November,TMINA,17.2
1975,LA,November,SRADA,17.7
1975,LA,November,PRCP,1413.4
1976,LA,November,TMAXA,27.8
1976,LA,November,TMINA,16.3
1976,LA,November,SRADA,18
1976,LA,November,PRCP,1444.4
1977,EN,November,TMAXA,29.2
1977,EN,November,TMINA,17.8
1977,EN,November,SRADA,18
1977,EN,November,PRCP,1441.5
1978,NE,November,TMAXA,29.5
1978,NE,November,TMINA,17.4
1978,NE,November,SRADA,18.4
1978,NE,November,PRCP,1102.4
1979,NE,November,TMAXA,28.9
1979,NE,November,TMINA,17.3
1979,NE,November,SRADA,18.2
1979,NE,November,PRCP,1412.2
1980,NE,November,TMAXA,29
1980,NE,November,TMINA,17.2
1980,NE,November,SRADA,17.3
1980,NE,November,PRCP,1461.4
1981,NE,November,TMAXA,29.7
1981,NE,November,TMINA,17.2
1981,NE,November,SRADA,17.6
1981,NE,November,PRCP,1194.7
1982,EN,November,TMAXA,28.6
1982,EN,November,TMINA,17.9
1982,EN,November,SRADA,17.3
1982,EN,November,PRCP,1873
1983,EN,November,TMAXA,28
1983,EN,November,TMINA,17.4
1983,EN,November,SRADA,16.1
1983,EN,November,PRCP,1850.6
1984,NE,November,TMAXA,29.6
1984,NE,November,TMINA,17.5
1984,NE,November,SRADA,18.2
1984,NE,November,PRCP,1205.3
1985,LA,November,TMAXA,29.3
1985,LA,November,TMINA,17.7
1985,LA,November,SRADA,17.8
1985,LA,November,PRCP,1214.3
1986,NE,November,TMAXA,28.4
1986,NE,November,TMINA,17.7
1986,NE,November,SRADA,17.9
1986,NE,November,PRCP,1168.8
1987,EN,November,TMAXA,27.6
1987,EN,November,TMINA,17.3
1987,EN,November,SRADA,16.9
1987,EN,November,PRCP,1619.2
1988,LA,November,TMAXA,28.7
1988,LA,November,TMINA,17.4
1988,LA,November,SRADA,17.7
1988,LA,November,PRCP,1083.5
1989,LA,November,TMAXA,27.7
1989,LA,November,TMINA,17
1989,LA,November,SRADA,17.7
1989,LA,November,PRCP,1633.7
1990,NE,November,TMAXA,27.9
1990,NE,November,TMINA,17.5
1990,NE,November,SRADA,17.4
1990,NE,November,PRCP,1512.4
1991,EN,November,TMAXA,28.8
1991,EN,November,TMINA,17.8
1991,EN,November,SRADA,18
1991,EN,November,PRCP,1282.5
1992,EN,November,TMAXA,28.1
1992,EN,November,TMINA,17.7
1992,EN,November,SRADA,17.2
1992,EN,November,PRCP,1814.5
1993,NE,November,TMAXA,29.2
1993,NE,November,TMINA,17.5
1993,NE,November,SRADA,17.6
1993,NE,November,PRCP,1391.2
1994,NE,November,TMAXA,30
1994,NE,November,TMINA,17.9
1994,NE,November,SRADA,17.8
1994,NE,November,PRCP,1593.1
1995,EN,November,TMAXA,30
1995,EN,November,TMINA,17.9
1995,EN,November,SRADA,18.2
1995,EN,November,PRCP,1243.4
1996,NE,November,TMAXA,29.3
1996,NE,November,TMINA,17.7
1996,NE,November,SRADA,18.1
1996,NE,November,PRCP,1452.8
1997,EN,November,TMAXA,29.6
1997,EN,November,TMINA,18.2
1997,EN,November,SRADA,17.7
1997,EN,November,PRCP,1785.2
1998,EN,November,TMAXA,29.1
1998,EN,November,TMINA,18.2
1998,EN,November,SRADA,17.3
1998,EN,November,PRCP,1826.2
1999,LA,November,TMAXA,30
1999,LA,November,TMINA,17.9
1999,LA,November,SRADA,18.4
1999,LA,November,PRCP,1247.2
2000,LA,November,TMAXA,29.2
2000,LA,November,TMINA,17.8
2000,LA,November,SRADA,17.8
2000,LA,November,PRCP,1456.4
2001,NE,November,TMAXA,29.7
2001,NE,November,TMINA,18.6
2001,NE,November,SRADA,17.9
2001,NE,November,PRCP,1756
2002,NE,November,TMAXA,30.6
2002,NE,November,TMINA,19.2
2002,NE,November,SRADA,18
2002,NE,November,PRCP,1321.5
2003,NE,November,TMAXA,30
2003,NE,November,TMINA,18.6
2003,NE,November,SRADA,18.1
2003,NE,November,PRCP,1435
2004,NE,November,TMAXA,29.8
2004,NE,November,TMINA,18.4
2004,NE,November,SRADA,18.3
2004,NE,November,PRCP,1512.2
2005,NE,November,TMAXA,30
2005,NE,November,TMINA,18.7
2005,NE,November,SRADA,17.5
2005,NE,November,PRCP,1331.5
2006,NE,November,TMAXA,29.9
2006,NE,November,TMINA,18.9
2006,NE,November,SRADA,18.1
2006,NE,November,PRCP,1613.9
2007,LA,November,TMAXA,30.2
2007,LA,November,TMINA,18.3
2007,LA,November,SRADA,17.4
2007,LA,November,PRCP,1794.2
2008,LA,November,TMAXA,29.5
2008,LA,November,TMINA,17.6
2008,LA,November,SRADA,17.5
2008,LA,November,PRCP,1712.8
2009,LA,November,TMAXA,29.8
2009,LA,November,TMINA,17.8
2009,LA,November,SRADA,17.5
2009,LA,November,PRCP,1508.1
2010,EN,November,TMAXA,29.9
2010,EN,November,TMINA,17.2
2010,EN,November,SRADA,17.2
2010,EN,November,PRCP,1962.1
2011,LA,November,TMAXA,29.7
2011,LA,November,TMINA,17.5
2011,LA,November,SRADA,17.6
2011,LA,November,PRCP,1461.5
2012,NE,November,TMAXA,30.4
2012,NE,November,TMINA,17.8
2012,NE,November,SRADA,18.2
2012,NE,November,PRCP,1361.8
2013,NE,November,TMAXA,29.9
2013,NE,November,TMINA,17.5
2013,NE,November,SRADA,18
2013,NE,November,PRCP,1728.4
2014,NE,November,TMAXA,30.2
2014,NE,November,TMINA,18.4
2014,NE,November,SRADA,17.7
2014,NE,November,PRCP,1855
2015,EN,November,TMAXA,30.3
2015,EN,November,TMINA,18.6
2015,EN,November,SRADA,16.8
2015,EN,November,PRCP,2117
2016,EN,November,TMAXA,29.4
2016,EN,November,TMINA,17.7
2016,EN,November,SRADA,16.6
2016,EN,November,PRCP,2209.6
2017,NE,November,TMAXA,30.3
2017,NE,November,TMINA,18.2
2017,NE,November,SRADA,17.6
2017,NE,November,PRCP,1742.3
2018,LA,November,TMAXA,29.6
2018,LA,November,TMINA,18
2018,LA,November,SRADA,17
2018,LA,November,PRCP,1826.8
2019,EN,November,TMAXA,31.1
2019,EN,November,TMINA,18.6
2019,EN,November,SRADA,17.9
2019,EN,November,PRCP,1616.6
1963,NE,November,TMAXA,29.8
1963,NE,November,TMINA,18
1963,NE,November,SRADA,17.3
1963,NE,November,PRCP,1336.2
1964,LA,November,TMAXA,28.4
1964,LA,November,TMINA,17.3
1964,LA,November,SRADA,17.5
1964,LA,November,PRCP,1463
1965,EN,November,TMAXA,28.2
1965,EN,November,TMINA,17.1
1965,EN,November,SRADA,16.9
1965,EN,November,PRCP,1904.8
1966,EN,November,TMAXA,28.6
1966,EN,November,TMINA,17.7
1966,EN,November,SRADA,17.1
1966,EN,November,PRCP,1573
1967,NE,November,TMAXA,29.8
1967,NE,November,TMINA,17.9
1967,NE,November,SRADA,18.1
1967,NE,November,PRCP,1221.7
1968,NE,November,TMAXA,28.6
1968,NE,November,TMINA,16.5
1968,NE,November,SRADA,18.8
1968,NE,November,PRCP,1123.3
1969,EN,November,TMAXA,29.2
1969,EN,November,TMINA,17.4
1969,EN,November,SRADA,17.7
1969,EN,November,PRCP,1479.3
1970,NE,November,TMAXA,28.7
1970,NE,November,TMINA,17.6
1970,NE,November,SRADA,18.6
1970,NE,November,PRCP,1369.5
1971,LA,November,TMAXA,28.4
1971,LA,November,TMINA,17
1971,LA,November,SRADA,17.8
1971,LA,November,PRCP,1585.5
1972,EN,November,TMAXA,28.8
1972,EN,November,TMINA,15.6
1972,EN,November,SRADA,17.8
1972,EN,November,PRCP,1612.2
1973,LA,November,TMAXA,29.1
1973,LA,November,TMINA,17.2
1973,LA,November,SRADA,17.4
1973,LA,November,PRCP,1364.7
1974,LA,November,TMAXA,28.9
1974,LA,November,TMINA,16.7
1974,LA,November,SRADA,18.2
1974,LA,November,PRCP,1283.5
1975,LA,November,TMAXA,29
1975,LA,November,TMINA,17.2
1975,LA,November,SRADA,17.7
1975,LA,November,PRCP,1413.4
1976,LA,November,TMAXA,27.8
1976,LA,November,TMINA,16.3
1976,LA,November,SRADA,18
1976,LA,November,PRCP,1444.4
1977,EN,November,TMAXA,29.2
1977,EN,November,TMINA,17.8
1977,EN,November,SRADA,18
1977,EN,November,PRCP,1441.5
1978,NE,November,TMAXA,29.5
1978,NE,November,TMINA,17.4
1978,NE,November,SRADA,18.4
1978,NE,November,PRCP,1102.4
1979,NE,November,TMAXA,28.9
1979,NE,November,TMINA,17.3
1979,NE,November,SRADA,18.2
1979,NE,November,PRCP,1412.2
1980,NE,November,TMAXA,29
1980,NE,November,TMINA,17.2
1980,NE,November,SRADA,17.3
1980,NE,November,PRCP,1461.4
1981,NE,November,TMAXA,29.7
1981,NE,November,TMINA,17.2
1981,NE,November,SRADA,17.6
1981,NE,November,PRCP,1194.7
1982,EN,November,TMAXA,28.6
1982,EN,November,TMINA,17.9
1982,EN,November,SRADA,17.3
1982,EN,November,PRCP,1873
1983,EN,November,TMAXA,28
1983,EN,November,TMINA,17.4
1983,EN,November,SRADA,16.1
1983,EN,November,PRCP,1850.6
1984,NE,November,TMAXA,29.6
1984,NE,November,TMINA,17.5
1984,NE,November,SRADA,18.2
1984,NE,November,PRCP,1205.3
1985,LA,November,TMAXA,29.3
1985,LA,November,TMINA,17.7
1985,LA,November,SRADA,17.8
1985,LA,November,PRCP,1214.3
1986,NE,November,TMAXA,28.4
1986,NE,November,TMINA,17.7
1986,NE,November,SRADA,17.9
1986,NE,November,PRCP,1168.8
1987,EN,November,TMAXA,27.6
1987,EN,November,TMINA,17.3
1987,EN,November,SRADA,16.9
1987,EN,November,PRCP,1619.2
1988,LA,November,TMAXA,28.7
1988,LA,November,TMINA,17.4
1988,LA,November,SRADA,17.7
1988,LA,November,PRCP,1083.5
1989,LA,November,TMAXA,27.7
1989,LA,November,TMINA,17
1989,LA,November,SRADA,17.7
1989,LA,November,PRCP,1633.7
1990,NE,November,TMAXA,27.9
1990,NE,November,TMINA,17.5
1990,NE,November,SRADA,17.4
1990,NE,November,PRCP,1512.4
1991,EN,November,TMAXA,28.8
1991,EN,November,TMINA,17.8
1991,EN,November,SRADA,18
1991,EN,November,PRCP,1282.5
1992,EN,November,TMAXA,28.1
1992,EN,November,TMINA,17.7
1992,EN,November,SRADA,17.2
1992,EN,November,PRCP,1814.5
1993,NE,November,TMAXA,29.2
1993,NE,November,TMINA,17.5
1993,NE,November,SRADA,17.6
1993,NE,November,PRCP,1391.2
1994,NE,November,TMAXA,30
1994,NE,November,TMINA,17.9
1994,NE,November,SRADA,17.8
1994,NE,November,PRCP,1593.1
1995,EN,November,TMAXA,30
1995,EN,November,TMINA,17.9
1995,EN,November,SRADA,18.2
1995,EN,November,PRCP,1243.4
1996,NE,November,TMAXA,29.3
1996,NE,November,TMINA,17.7
1996,NE,November,SRADA,18.1
1996,NE,November,PRCP,1452.8
1997,EN,November,TMAXA,29.6
1997,EN,November,TMINA,18.2
1997,EN,November,SRADA,17.7
1997,EN,November,PRCP,1785.2
1998,EN,November,TMAXA,29.1
1998,EN,November,TMINA,18.2
1998,EN,November,SRADA,17.3
1998,EN,November,PRCP,1826.2
1999,LA,November,TMAXA,30
1999,LA,November,TMINA,17.9
1999,LA,November,SRADA,18.4
1999,LA,November,PRCP,1247.2
2000,LA,November,TMAXA,29.2
2000,LA,November,TMINA,17.8
2000,LA,November,SRADA,17.8
2000,LA,November,PRCP,1456.4
2001,NE,November,TMAXA,29.7
2001,NE,November,TMINA,18.6
2001,NE,November,SRADA,17.9
2001,NE,November,PRCP,1756
2002,NE,November,TMAXA,30.6
2002,NE,November,TMINA,19.2
2002,NE,November,SRADA,18
2002,NE,November,PRCP,1321.5
2003,NE,November,TMAXA,30
2003,NE,November,TMINA,18.6
2003,NE,November,SRADA,18.1
2003,NE,November,PRCP,1435
2004,NE,November,TMAXA,29.8
2004,NE,November,TMINA,18.4
2004,NE,November,SRADA,18.3
2004,NE,November,PRCP,1512.2
2005,NE,November,TMAXA,30
2005,NE,November,TMINA,18.7
2005,NE,November,SRADA,17.5
2005,NE,November,PRCP,1331.5
2006,NE,November,TMAXA,29.9
2006,NE,November,TMINA,18.9
2006,NE,November,SRADA,18.1
2006,NE,November,PRCP,1613.9
2007,LA,November,TMAXA,30.2
2007,LA,November,TMINA,18.3
2007,LA,November,SRADA,17.4
2007,LA,November,PRCP,1794.2
2008,LA,November,TMAXA,29.5
2008,LA,November,TMINA,17.6
2008,LA,November,SRADA,17.5
2008,LA,November,PRCP,1712.8
2009,LA,November,TMAXA,29.8
2009,LA,November,TMINA,17.8
2009,LA,November,SRADA,17.5
2009,LA,November,PRCP,1508.1
2010,EN,November,TMAXA,29.9
2010,EN,November,TMINA,17.2
2010,EN,November,SRADA,17.2
2010,EN,November,PRCP,1962.1
2011,LA,November,TMAXA,29.7
2011,LA,November,TMINA,17.5
2011,LA,November,SRADA,17.6
2011,LA,November,PRCP,1461.5
2012,NE,November,TMAXA,30.4
2012,NE,November,TMINA,17.8
2012,NE,November,SRADA,18.2
2012,NE,November,PRCP,1361.8
2013,NE,November,TMAXA,29.9
2013,NE,November,TMINA,17.5
2013,NE,November,SRADA,18
2013,NE,November,PRCP,1728.4
2014,NE,November,TMAXA,30.2
2014,NE,November,TMINA,18.4
2014,NE,November,SRADA,17.7
2014,NE,November,PRCP,1855
2015,EN,November,TMAXA,30.3
2015,EN,November,TMINA,18.6
2015,EN,November,SRADA,16.8
2015,EN,November,PRCP,2117
2016,EN,November,TMAXA,29.4
2016,EN,November,TMINA,17.7
2016,EN,November,SRADA,16.6
2016,EN,November,PRCP,2209.6
2017,NE,November,TMAXA,30.3
2017,NE,November,TMINA,18.2
2017,NE,November,SRADA,17.6
2017,NE,November,PRCP,1742.3
2018,LA,November,TMAXA,29.6
2018,LA,November,TMINA,18
2018,LA,November,SRADA,17
2018,LA,November,PRCP,1826.8
2019,EN,November,TMAXA,31.1
2019,EN,November,TMINA,18.6
2019,EN,November,SRADA,17.9
2019,EN,November,PRCP,1616.6
1963,NE,November,TMAXA,29.1
1963,NE,November,TMINA,15.5
1963,NE,November,SRADA,17.7
1963,NE,November,PRCP,1448.2
1964,LA,November,TMAXA,27.8
1964,LA,November,TMINA,15
1964,LA,November,SRADA,18.2
1964,LA,November,PRCP,1548.2
1965,EN,November,TMAXA,27.3
1965,EN,November,TMINA,15.3
1965,EN,November,SRADA,17.6
1965,EN,November,PRCP,1822.5
1966,EN,November,TMAXA,27.8
1966,EN,November,TMINA,15.6
1966,EN,November,SRADA,17.7
1966,EN,November,PRCP,1497.7
1967,NE,November,TMAXA,28.8
1967,NE,November,TMINA,16.2
1967,NE,November,SRADA,18.3
1967,NE,November,PRCP,1051.4
1968,NE,November,TMAXA,27.5
1968,NE,November,TMINA,14.6
1968,NE,November,SRADA,18.8
1968,NE,November,PRCP,1286.7
1969,EN,November,TMAXA,28.2
1969,EN,November,TMINA,16
1969,EN,November,SRADA,18.3
1969,EN,November,PRCP,1506
1970,NE,November,TMAXA,28
1970,NE,November,TMINA,16
1970,NE,November,SRADA,18.6
1970,NE,November,PRCP,1491.1
1971,LA,November,TMAXA,28.1
1971,LA,November,TMINA,15.5
1971,LA,November,SRADA,18.4
1971,LA,November,PRCP,1524.7
1972,EN,November,TMAXA,27.6
1972,EN,November,TMINA,15.7
1972,EN,November,SRADA,17.1
1972,EN,November,PRCP,2294.6
1973,LA,November,TMAXA,27.6
1973,LA,November,TMINA,16.6
1973,LA,November,SRADA,17.7
1973,LA,November,PRCP,1766.4
1974,LA,November,TMAXA,27
1974,LA,November,TMINA,16
1974,LA,November,SRADA,17.9
1974,LA,November,PRCP,1866.2
1975,LA,November,TMAXA,28
1975,LA,November,TMINA,15.8
1975,LA,November,SRADA,17.9
1975,LA,November,PRCP,1856.1
1976,LA,November,TMAXA,27
1976,LA,November,TMINA,15.4
1976,LA,November,SRADA,17.4
1976,LA,November,PRCP,2225.7
1977,EN,November,TMAXA,28.9
1977,EN,November,TMINA,16.7
1977,EN,November,SRADA,17.8
1977,EN,November,PRCP,1608.9
1978,NE,November,TMAXA,27.9
1978,NE,November,TMINA,16
1978,NE,November,SRADA,18.2
1978,NE,November,PRCP,1421.8
1979,NE,November,TMAXA,27.6
1979,NE,November,TMINA,15.8
1979,NE,November,SRADA,18.1
1979,NE,November,PRCP,1477.2
1980,NE,November,TMAXA,27.3
1980,NE,November,TMINA,16.3
1980,NE,November,SRADA,17.3
1980,NE,November,PRCP,1943.1
1981,NE,November,TMAXA,27.7
1981,NE,November,TMINA,16.3
1981,NE,November,SRADA,17.6
1981,NE,November,PRCP,1549.5
1982,EN,November,TMAXA,27.1
1982,EN,November,TMINA,16.4
1982,EN,November,SRADA,17.6
1982,EN,November,PRCP,1877.5
1983,EN,November,TMAXA,26.7
1983,EN,November,TMINA,16.8
1983,EN,November,SRADA,16.3
1983,EN,November,PRCP,2145.4
1984,NE,November,TMAXA,28.5
1984,NE,November,TMINA,16.8
1984,NE,November,SRADA,18.4
1984,NE,November,PRCP,1172.8
1985,LA,November,TMAXA,27.8
1985,LA,November,TMINA,15.6
1985,LA,November,SRADA,17.8
1985,LA,November,PRCP,1243.2
1986,NE,November,TMAXA,28.2
1986,NE,November,TMINA,16.8
1986,NE,November,SRADA,18.1
1986,NE,November,PRCP,1300.4
1987,EN,November,TMAXA,27.2
1987,EN,November,TMINA,16.5
1987,EN,November,SRADA,17.4
1987,EN,November,PRCP,1582
1988,LA,November,TMAXA,27.8
1988,LA,November,TMINA,16.5
1988,LA,November,SRADA,18
1988,LA,November,PRCP,1475.9
1989,LA,November,TMAXA,26.9
1989,LA,November,TMINA,16.1
1989,LA,November,SRADA,18.2
1989,LA,November,PRCP,1605
1990,NE,November,TMAXA,27.2
1990,NE,November,TMINA,16.4
1990,NE,November,SRADA,17.6
1990,NE,November,PRCP,2031.1
1991,EN,November,TMAXA,27.9
1991,EN,November,TMINA,16.8
1991,EN,November,SRADA,18.2
1991,EN,November,PRCP,1415.3
1992,EN,November,TMAXA,27.2
1992,EN,November,TMINA,16.7
1992,EN,November,SRADA,17.4
1992,EN,November,PRCP,1855.1
1993,NE,November,TMAXA,27.5
1993,NE,November,TMINA,16.7
1993,NE,November,SRADA,17.3
1993,NE,November,PRCP,1906.1
1994,NE,November,TMAXA,28.5
1994,NE,November,TMINA,17.1
1994,NE,November,SRADA,17.7
1994,NE,November,PRCP,1458.3
1995,EN,November,TMAXA,28.2
1995,EN,November,TMINA,17.2
1995,EN,November,SRADA,17
1995,EN,November,PRCP,1654.3
1996,NE,November,TMAXA,27.7
1996,NE,November,TMINA,16.9
1996,NE,November,SRADA,17
1996,NE,November,PRCP,1439.4
1997,EN,November,TMAXA,27.8
1997,EN,November,TMINA,17.1
1997,EN,November,SRADA,17.4
1997,EN,November,PRCP,1849.9
1998,EN,November,TMAXA,27.4
1998,EN,November,TMINA,17.3
1998,EN,November,SRADA,16.7
1998,EN,November,PRCP,1894.1
1999,LA,November,TMAXA,28.1
1999,LA,November,TMINA,16.4
1999,LA,November,SRADA,18
1999,LA,November,PRCP,1517.7
2000,LA,November,TMAXA,28.4
2000,LA,November,TMINA,16.2
2000,LA,November,SRADA,17.9
2000,LA,November,PRCP,1253.4
2001,NE,November,TMAXA,28.8
2001,NE,November,TMINA,17.2
2001,NE,November,SRADA,18.1
2001,NE,November,PRCP,1400.1
2002,NE,November,TMAXA,29.7
2002,NE,November,TMINA,17.8
2002,NE,November,SRADA,18.1
2002,NE,November,PRCP,1340.6
2003,NE,November,TMAXA,29
2003,NE,November,TMINA,17.1
2003,NE,November,SRADA,18.2
2003,NE,November,PRCP,1271.7
2004,NE,November,TMAXA,28.3
2004,NE,November,TMINA,16.7
2004,NE,November,SRADA,17.9
2004,NE,November,PRCP,1522.7
2005,NE,November,TMAXA,28.7
2005,NE,November,TMINA,17.4
2005,NE,November,SRADA,17.7
2005,NE,November,PRCP,1389.2
2006,NE,November,TMAXA,29
2006,NE,November,TMINA,17
2006,NE,November,SRADA,18.1
2006,NE,November,PRCP,1239.3
2007,LA,November,TMAXA,29.3
2007,LA,November,TMINA,17.2
2007,LA,November,SRADA,18.1
2007,LA,November,PRCP,1804.4
2008,LA,November,TMAXA,28.2
2008,LA,November,TMINA,16.4
2008,LA,November,SRADA,18.1
2008,LA,November,PRCP,1711.4
2009,LA,November,TMAXA,28.3
2009,LA,November,TMINA,16.7
2009,LA,November,SRADA,18
2009,LA,November,PRCP,1984.2
2010,EN,November,TMAXA,28.6
2010,EN,November,TMINA,16.6
2010,EN,November,SRADA,17.5
2010,EN,November,PRCP,1716.8
2011,LA,November,TMAXA,28.2
2011,LA,November,TMINA,16.7
2011,LA,November,SRADA,17.3
2011,LA,November,PRCP,1756.2
2012,NE,November,TMAXA,29.1
2012,NE,November,TMINA,16.7
2012,NE,November,SRADA,19
2012,NE,November,PRCP,1486.2
2013,NE,November,TMAXA,28.3
2013,NE,November,TMINA,16.7
2013,NE,November,SRADA,17.3
2013,NE,November,PRCP,1857.6
2014,NE,November,TMAXA,29.1
2014,NE,November,TMINA,17.2
2014,NE,November,SRADA,18
2014,NE,November,PRCP,1363.7
2015,EN,November,TMAXA,29
2015,EN,November,TMINA,17.6
2015,EN,November,SRADA,17.7
2015,EN,November,PRCP,2218.6
2016,EN,November,TMAXA,28.4
2016,EN,November,TMINA,16.7
2016,EN,November,SRADA,17.4
2016,EN,November,PRCP,2404.2
2017,NE,November,TMAXA,28.9
2017,NE,November,TMINA,17.4
2017,NE,November,SRADA,17.9
2017,NE,November,PRCP,1813.8
2018,LA,November,TMAXA,28.7
2018,LA,November,TMINA,17.2
2018,LA,November,SRADA,17.6
2018,LA,November,PRCP,1871.5
2019,EN,November,TMAXA,30.1
2019,EN,November,TMINA,18.1
2019,EN,November,SRADA,18.4
2019,EN,November,PRCP,1174.2
1963,NE,November,TMAXA,30.3
1963,NE,November,TMINA,16.6
1963,NE,November,SRADA,17.6
1963,NE,November,PRCP,1215
1964,LA,November,TMAXA,28.7
1964,LA,November,TMINA,15.8
1964,LA,November,SRADA,18
1964,LA,November,PRCP,1335
1965,EN,November,TMAXA,28.3
1965,EN,November,TMINA,16.6
1965,EN,November,SRADA,17.3
1965,EN,November,PRCP,1803
1966,EN,November,TMAXA,29
1966,EN,November,TMINA,17.1
1966,EN,November,SRADA,17.6
1966,EN,November,PRCP,1411.7
1967,NE,November,TMAXA,30
1967,NE,November,TMINA,17.8
1967,NE,November,SRADA,18.2
1967,NE,November,PRCP,1148.4
1968,NE,November,TMAXA,29
1968,NE,November,TMINA,16.2
1968,NE,November,SRADA,18.9
1968,NE,November,PRCP,1156.7
1969,EN,November,TMAXA,29.7
1969,EN,November,TMINA,17.4
1969,EN,November,SRADA,18.1
1969,EN,November,PRCP,1798.9
1970,NE,November,TMAXA,28.9
1970,NE,November,TMINA,17.2
1970,NE,November,SRADA,18.6
1970,NE,November,PRCP,1371.4
1971,LA,November,TMAXA,28.5
1971,LA,November,TMINA,16.1
1971,LA,November,SRADA,18.3
1971,LA,November,PRCP,1652.3
1972,EN,November,TMAXA,28.3
1972,EN,November,TMINA,16.7
1972,EN,November,SRADA,17.2
1972,EN,November,PRCP,1690.9
1973,LA,November,TMAXA,28.5
1973,LA,November,TMINA,17.3
1973,LA,November,SRADA,17.8
1973,LA,November,PRCP,1192.2
1974,LA,November,TMAXA,28.2
1974,LA,November,TMINA,16.7
1974,LA,November,SRADA,18
1974,LA,November,PRCP,1431.6
1975,LA,November,TMAXA,28.9
1975,LA,November,TMINA,16.6
1975,LA,November,SRADA,17.9
1975,LA,November,PRCP,1324
1976,LA,November,TMAXA,27.7
1976,LA,November,TMINA,16.5
1976,LA,November,SRADA,17.4
1976,LA,November,PRCP,1734.5
1977,EN,November,TMAXA,29.7
1977,EN,November,TMINA,17.7
1977,EN,November,SRADA,17.6
1977,EN,November,PRCP,1395.6
1978,NE,November,TMAXA,29
1978,NE,November,TMINA,17.1
1978,NE,November,SRADA,18
1978,NE,November,PRCP,1229
1979,NE,November,TMAXA,28.5
1979,NE,November,TMINA,17.1
1979,NE,November,SRADA,18
1979,NE,November,PRCP,1347.3
1980,NE,November,TMAXA,28.1
1980,NE,November,TMINA,17.6
1980,NE,November,SRADA,17.1
1980,NE,November,PRCP,1942.4
1981,NE,November,TMAXA,28.5
1981,NE,November,TMINA,17.6
1981,NE,November,SRADA,17.6
1981,NE,November,PRCP,1615.8
1982,EN,November,TMAXA,28.1
1982,EN,November,TMINA,17.8
1982,EN,November,SRADA,17.5
1982,EN,November,PRCP,1734.4
1983,EN,November,TMAXA,27.5
1983,EN,November,TMINA,17.8
1983,EN,November,SRADA,16.4
1983,EN,November,PRCP,2472.4
1984,NE,November,TMAXA,29.2
1984,NE,November,TMINA,18.1
1984,NE,November,SRADA,18.4
1984,NE,November,PRCP,1304
1985,LA,November,TMAXA,28.6
1985,LA,November,TMINA,16.7
1985,LA,November,SRADA,18
1985,LA,November,PRCP,1158.5
1986,NE,November,TMAXA,28.9
1986,NE,November,TMINA,18.2
1986,NE,November,SRADA,18.2
1986,NE,November,PRCP,1417.3
1987,EN,November,TMAXA,28.1
1987,EN,November,TMINA,17.9
1987,EN,November,SRADA,17.4
1987,EN,November,PRCP,1806.6
1988,LA,November,TMAXA,28.7
1988,LA,November,TMINA,17.9
1988,LA,November,SRADA,18.1
1988,LA,November,PRCP,1299
1989,LA,November,TMAXA,27.8
1989,LA,November,TMINA,17.4
1989,LA,November,SRADA,18.1
1989,LA,November,PRCP,1519.4
1990,NE,November,TMAXA,28.1
1990,NE,November,TMINA,17.8
1990,NE,November,SRADA,17.7
1990,NE,November,PRCP,1872.4
1991,EN,November,TMAXA,28.8
1991,EN,November,TMINA,18.1
1991,EN,November,SRADA,18.3
1991,EN,November,PRCP,1271.5
1992,EN,November,TMAXA,28
1992,EN,November,TMINA,17.9
1992,EN,November,SRADA,17.5
1992,EN,November,PRCP,1731.4
1993,NE,November,TMAXA,28.4
1993,NE,November,TMINA,17.8
1993,NE,November,SRADA,17.2
1993,NE,November,PRCP,1559.9
1994,NE,November,TMAXA,29.3
1994,NE,November,TMINA,18.2
1994,NE,November,SRADA,17.3
1994,NE,November,PRCP,1459
1995,EN,November,TMAXA,29.1
1995,EN,November,TMINA,18.4
1995,EN,November,SRADA,16.8
1995,EN,November,PRCP,1757.9
1996,NE,November,TMAXA,28.5
1996,NE,November,TMINA,18
1996,NE,November,SRADA,17.4
1996,NE,November,PRCP,1631.6
1997,EN,November,TMAXA,28.8
1997,EN,November,TMINA,18.1
1997,EN,November,SRADA,17.5
1997,EN,November,PRCP,2009.6
1998,EN,November,TMAXA,28.4
1998,EN,November,TMINA,18.3
1998,EN,November,SRADA,16.8
1998,EN,November,PRCP,2138.8
1999,LA,November,TMAXA,29.1
1999,LA,November,TMINA,17.5
1999,LA,November,SRADA,18.1
1999,LA,November,PRCP,1264.3
2000,LA,November,TMAXA,28.9
2000,LA,November,TMINA,18
2000,LA,November,SRADA,18.2
2000,LA,November,PRCP,1602.4
2001,NE,November,TMAXA,29.1
2001,NE,November,TMINA,18.7
2001,NE,November,SRADA,18.2
2001,NE,November,PRCP,1593.8
2002,NE,November,TMAXA,30.1
2002,NE,November,TMINA,19.3
2002,NE,November,SRADA,18.3
2002,NE,November,PRCP,1498.8
2003,NE,November,TMAXA,29.3
2003,NE,November,TMINA,18.6
2003,NE,November,SRADA,18.5
2003,NE,November,PRCP,1729.9
2004,NE,November,TMAXA,28.7
2004,NE,November,TMINA,18.1
2004,NE,November,SRADA,18.3
2004,NE,November,PRCP,1704.1
2005,NE,November,TMAXA,29.3
2005,NE,November,TMINA,18.9
2005,NE,November,SRADA,17.8
2005,NE,November,PRCP,1434
2006,NE,November,TMAXA,29.5
2006,NE,November,TMINA,18.4
2006,NE,November,SRADA,18.2
2006,NE,November,PRCP,1457.5
2007,LA,November,TMAXA,30
2007,LA,November,TMINA,19.3
2007,LA,November,SRADA,17.9
2007,LA,November,PRCP,1608.4
2008,LA,November,TMAXA,28.9
2008,LA,November,TMINA,17.9
2008,LA,November,SRADA,18.1
2008,LA,November,PRCP,1516.7
2009,LA,November,TMAXA,29.1
2009,LA,November,TMINA,18.4
2009,LA,November,SRADA,18.2
2009,LA,November,PRCP,1819.1
2010,EN,November,TMAXA,29.4
2010,EN,November,TMINA,17.9
2010,EN,November,SRADA,17.5
2010,EN,November,PRCP,1565.9
2011,LA,November,TMAXA,29.1
2011,LA,November,TMINA,17.8
2011,LA,November,SRADA,18.2
2011,LA,November,PRCP,1784.5
2012,NE,November,TMAXA,29.9
2012,NE,November,TMINA,18.1
2012,NE,November,SRADA,19.5
2012,NE,November,PRCP,1185.4
2013,NE,November,TMAXA,29.1
2013,NE,November,TMINA,17.8
2013,NE,November,SRADA,18.4
2013,NE,November,PRCP,2003.6
2014,NE,November,TMAXA,29.8
2014,NE,November,TMINA,18.6
2014,NE,November,SRADA,18.8
2014,NE,November,PRCP,1694.2
2015,EN,November,TMAXA,29.8
2015,EN,November,TMINA,19.1
2015,EN,November,SRADA,17.7
2015,EN,November,PRCP,2479.4
2016,EN,November,TMAXA,29
2016,EN,November,TMINA,17.9
2016,EN,November,SRADA,17.9
2016,EN,November,PRCP,2336.8
2017,NE,November,TMAXA,29.7
2017,NE,November,TMINA,18.9
2017,NE,November,SRADA,18.6
2017,NE,November,PRCP,1998.7
2018,LA,November,TMAXA,29.4
2018,LA,November,TMINA,18.6
2018,LA,November,SRADA,17.7
2018,LA,November,PRCP,1891.6
2019,EN,November,TMAXA,31
2019,EN,November,TMINA,19.2
2019,EN,November,SRADA,18.9
2019,EN,November,PRCP,1285.5
1963,NE,November,TMAXA,29.9
1963,NE,November,TMINA,15
1963,NE,November,SRADA,18
1963,NE,November,PRCP,998.7
1964,LA,November,TMAXA,28.3
1964,LA,November,TMINA,14.7
1964,LA,November,SRADA,17.6
1964,LA,November,PRCP,1009.8
1965,EN,November,TMAXA,27.5
1965,EN,November,TMINA,15
1965,EN,November,SRADA,17.1
1965,EN,November,PRCP,1703.3
1966,EN,November,TMAXA,28.3
1966,EN,November,TMINA,15.7
1966,EN,November,SRADA,17.5
1966,EN,November,PRCP,968.5
1967,NE,November,TMAXA,28.4
1967,NE,November,TMINA,16
1967,NE,November,SRADA,17.8
1967,NE,November,PRCP,1373.3
1968,NE,November,TMAXA,26.6
1968,NE,November,TMINA,13.6
1968,NE,November,SRADA,17.5
1968,NE,November,PRCP,884.3
1969,EN,November,TMAXA,27.1
1969,EN,November,TMINA,15.2
1969,EN,November,SRADA,17.3
1969,EN,November,PRCP,973.2
1970,NE,November,TMAXA,26.3
1970,NE,November,TMINA,15.2
1970,NE,November,SRADA,17.1
1970,NE,November,PRCP,1564.6
1971,LA,November,TMAXA,27.1
1971,LA,November,TMINA,15.3
1971,LA,November,SRADA,18.1
1971,LA,November,PRCP,956.2
1972,EN,November,TMAXA,27.1
1972,EN,November,TMINA,16
1972,EN,November,SRADA,17
1972,EN,November,PRCP,1318.3
1973,LA,November,TMAXA,27.7
1973,LA,November,TMINA,16.6
1973,LA,November,SRADA,17.2
1973,LA,November,PRCP,1072.6
1974,LA,November,TMAXA,27.6
1974,LA,November,TMINA,15.8
1974,LA,November,SRADA,17.6
1974,LA,November,PRCP,1097.8
1975,LA,November,TMAXA,27.8
1975,LA,November,TMINA,16.1
1975,LA,November,SRADA,17.3
1975,LA,November,PRCP,1073.2
1976,LA,November,TMAXA,26.4
1976,LA,November,TMINA,16
1976,LA,November,SRADA,16.5
1976,LA,November,PRCP,1975
1977,EN,November,TMAXA,28.3
1977,EN,November,TMINA,17
1977,EN,November,SRADA,17.8
1977,EN,November,PRCP,1200
1978,NE,November,TMAXA,27.7
1978,NE,November,TMINA,16.2
1978,NE,November,SRADA,17.5
1978,NE,November,PRCP,1410.8
1979,NE,November,TMAXA,26.8
1979,NE,November,TMINA,16
1979,NE,November,SRADA,16.9
1979,NE,November,PRCP,1159.7
1980,NE,November,TMAXA,27.4
1980,NE,November,TMINA,16.4
1980,NE,November,SRADA,16.3
1980,NE,November,PRCP,968.2
1981,NE,November,TMAXA,26.9
1981,NE,November,TMINA,16
1981,NE,November,SRADA,16.4
1981,NE,November,PRCP,1271.4
1982,EN,November,TMAXA,26.3
1982,EN,November,TMINA,16.1
1982,EN,November,SRADA,15.8
1982,EN,November,PRCP,1431.9
1983,EN,November,TMAXA,26.2
1983,EN,November,TMINA,16.4
1983,EN,November,SRADA,14.8
1983,EN,November,PRCP,2206.7
1984,NE,November,TMAXA,27.8
1984,NE,November,TMINA,16.6
1984,NE,November,SRADA,16.9
1984,NE,November,PRCP,1169.9
1985,LA,November,TMAXA,26.8
1985,LA,November,TMINA,15.9
1985,LA,November,SRADA,15.5
1985,LA,November,PRCP,986.5
1986,NE,November,TMAXA,27.3
1986,NE,November,TMINA,16.7
1986,NE,November,SRADA,16.3
1986,NE,November,PRCP,1143.5
1987,EN,November,TMAXA,27.1
1987,EN,November,TMINA,16.7
1987,EN,November,SRADA,15.2
1987,EN,November,PRCP,1576.9
1988,LA,November,TMAXA,27
1988,LA,November,TMINA,16.5
1988,LA,November,SRADA,15.3
1988,LA,November,PRCP,1276.3
1989,LA,November,TMAXA,26.5
1989,LA,November,TMINA,16.2
1989,LA,November,SRADA,15.8
1989,LA,November,PRCP,1470.5
1990,NE,November,TMAXA,27.1
1990,NE,November,TMINA,16.8
1990,NE,November,SRADA,15.4
1990,NE,November,PRCP,1164.6
1991,EN,November,TMAXA,27.1
1991,EN,November,TMINA,17
1991,EN,November,SRADA,15.1
1991,EN,November,PRCP,1488.9
1992,EN,November,TMAXA,27.3
1992,EN,November,TMINA,17.3
1992,EN,November,SRADA,14.8
1992,EN,November,PRCP,1210.9
1993,NE,November,TMAXA,27.7
1993,NE,November,TMINA,16.6
1993,NE,November,SRADA,15.1
1993,NE,November,PRCP,1339.7
1994,NE,November,TMAXA,28.1
1994,NE,November,TMINA,16.5
1994,NE,November,SRADA,15.5
1994,NE,November,PRCP,1097.5
1995,EN,November,TMAXA,28.2
1995,EN,November,TMINA,16.8
1995,EN,November,SRADA,15.4
1995,EN,November,PRCP,1770.4
1996,NE,November,TMAXA,27.8
1996,NE,November,TMINA,15.7
1996,NE,November,SRADA,16
1996,NE,November,PRCP,1538.8
1997,EN,November,TMAXA,28
1997,EN,November,TMINA,15.8
1997,EN,November,SRADA,16.2
1997,EN,November,PRCP,1204.2
1998,EN,November,TMAXA,27.7
1998,EN,November,TMINA,16.5
1998,EN,November,SRADA,15.6
1998,EN,November,PRCP,1331
1999,LA,November,TMAXA,28
1999,LA,November,TMINA,15.5
1999,LA,November,SRADA,16.1
1999,LA,November,PRCP,1313
2000,LA,November,TMAXA,28.6
2000,LA,November,TMINA,15.7
2000,LA,November,SRADA,16.4
2000,LA,November,PRCP,1122.5
2001,NE,November,TMAXA,28.8
2001,NE,November,TMINA,16.7
2001,NE,November,SRADA,16.7
2001,NE,November,PRCP,1221.9
2002,NE,November,TMAXA,28.7
2002,NE,November,TMINA,17.4
2002,NE,November,SRADA,16.7
2002,NE,November,PRCP,1336.6
2003,NE,November,TMAXA,28.1
2003,NE,November,TMINA,16.7
2003,NE,November,SRADA,16.8
2003,NE,November,PRCP,1181.5
2004,NE,November,TMAXA,27.2
2004,NE,November,TMINA,16.5
2004,NE,November,SRADA,16.2
2004,NE,November,PRCP,1466.2
2005,NE,November,TMAXA,27.7
2005,NE,November,TMINA,17.1
2005,NE,November,SRADA,16.1
2005,NE,November,PRCP,1293.3
2006,NE,November,TMAXA,27.8
2006,NE,November,TMINA,16.6
2006,NE,November,SRADA,16.8
2006,NE,November,PRCP,1174.2
2007,LA,November,TMAXA,28.6
2007,LA,November,TMINA,16.7
2007,LA,November,SRADA,16.9
2007,LA,November,PRCP,1160.8
2008,LA,November,TMAXA,27.4
2008,LA,November,TMINA,15.8
2008,LA,November,SRADA,16.6
2008,LA,November,PRCP,1397.7
2009,LA,November,TMAXA,27.5
2009,LA,November,TMINA,16.2
2009,LA,November,SRADA,16.4
2009,LA,November,PRCP,1621.5
2010,EN,November,TMAXA,28.1
2010,EN,November,TMINA,16.1
2010,EN,November,SRADA,17.1
2010,EN,November,PRCP,1305.1
2011,LA,November,TMAXA,27.8
2011,LA,November,TMINA,16.1
2011,LA,November,SRADA,16.5
2011,LA,November,PRCP,1506.7
2012,NE,November,TMAXA,28.1
2012,NE,November,TMINA,16.1
2012,NE,November,SRADA,17.9
2012,NE,November,PRCP,1308.4
2013,NE,November,TMAXA,27.5
2013,NE,November,TMINA,16
2013,NE,November,SRADA,17.1
2013,NE,November,PRCP,1274
2014,NE,November,TMAXA,29
2014,NE,November,TMINA,16.5
2014,NE,November,SRADA,18.4
2014,NE,November,PRCP,1018.2
2015,EN,November,TMAXA,28.4
2015,EN,November,TMINA,17
2015,EN,November,SRADA,17.1
2015,EN,November,PRCP,1477.8
2016,EN,November,TMAXA,28
2016,EN,November,TMINA,16.6
2016,EN,November,SRADA,17.1
2016,EN,November,PRCP,1576.3
2017,NE,November,TMAXA,28.2
2017,NE,November,TMINA,16.3
2017,NE,November,SRADA,17.9
2017,NE,November,PRCP,1555.4
2018,LA,November,TMAXA,28.4
2018,LA,November,TMINA,16.4
2018,LA,November,SRADA,17.3
2018,LA,November,PRCP,1127.3
2019,EN,November,TMAXA,29
2019,EN,November,TMINA,16.8
2019,EN,November,SRADA,17.9
2019,EN,November,PRCP,1301.5
1963,NE,November,TMAXA,26.1
1963,NE,November,TMINA,12.6
1963,NE,November,SRADA,16.1
1963,NE,November,PRCP,1275.4
1964,LA,November,TMAXA,25.1
1964,LA,November,TMINA,12.2
1964,LA,November,SRADA,16.2
1964,LA,November,PRCP,1050.8
1965,EN,November,TMAXA,24.7
1965,EN,November,TMINA,12.4
1965,EN,November,SRADA,15.9
1965,EN,November,PRCP,1471
1966,EN,November,TMAXA,25.1
1966,EN,November,TMINA,12.7
1966,EN,November,SRADA,15.7
1966,EN,November,PRCP,1338.7
1967,NE,November,TMAXA,25.9
1967,NE,November,TMINA,13.2
1967,NE,November,SRADA,16
1967,NE,November,PRCP,1198.9
1968,NE,November,TMAXA,24.7
1968,NE,November,TMINA,11.4
1968,NE,November,SRADA,17
1968,NE,November,PRCP,1101.5
1969,EN,November,TMAXA,25.1
1969,EN,November,TMINA,12.9
1969,EN,November,SRADA,15.8
1969,EN,November,PRCP,1447
1970,NE,November,TMAXA,25
1970,NE,November,TMINA,13.5
1970,NE,November,SRADA,16.1
1970,NE,November,PRCP,1387.8
1971,LA,November,TMAXA,24.8
1971,LA,November,TMINA,13
1971,LA,November,SRADA,16.2
1971,LA,November,PRCP,1777
1972,EN,November,TMAXA,24.7
1972,EN,November,TMINA,13.2
1972,EN,November,SRADA,15.2
1972,EN,November,PRCP,1772.4
1973,LA,November,TMAXA,24.3
1973,LA,November,TMINA,13.6
1973,LA,November,SRADA,15.4
1973,LA,November,PRCP,1664.8
1974,LA,November,TMAXA,24
1974,LA,November,TMINA,12.4
1974,LA,November,SRADA,16.2
1974,LA,November,PRCP,1283.1
1975,LA,November,TMAXA,24.2
1975,LA,November,TMINA,13.2
1975,LA,November,SRADA,15.6
1975,LA,November,PRCP,1456.9
1976,LA,November,TMAXA,23.6
1976,LA,November,TMINA,12.5
1976,LA,November,SRADA,15.7
1976,LA,November,PRCP,1728.3
1977,EN,November,TMAXA,25
1977,EN,November,TMINA,13.8
1977,EN,November,SRADA,15.8
1977,EN,November,PRCP,1522.1
1978,NE,November,TMAXA,22.5
1978,NE,November,TMINA,13.6
1978,NE,November,SRADA,16.4
1978,NE,November,PRCP,1434.7
1979,NE,November,TMAXA,24.9
1979,NE,November,TMINA,12.1
1979,NE,November,SRADA,15.9
1979,NE,November,PRCP,1514.8
1980,NE,November,TMAXA,24.7
1980,NE,November,TMINA,13.2
1980,NE,November,SRADA,15.4
1980,NE,November,PRCP,1555.6
1981,NE,November,TMAXA,25.3
1981,NE,November,TMINA,13.4
1981,NE,November,SRADA,15.4
1981,NE,November,PRCP,1322.6
1982,EN,November,TMAXA,24.8
1982,EN,November,TMINA,13.2
1982,EN,November,SRADA,15.4
1982,EN,November,PRCP,1937.3
1983,EN,November,TMAXA,23.9
1983,EN,November,TMINA,13.7
1983,EN,November,SRADA,13.8
1983,EN,November,PRCP,2618.5
1984,NE,November,TMAXA,25.3
1984,NE,November,TMINA,13.1
1984,NE,November,SRADA,15.4
1984,NE,November,PRCP,1546.6
1985,LA,November,TMAXA,25.2
1985,LA,November,TMINA,12.6
1985,LA,November,SRADA,16.2
1985,LA,November,PRCP,1156.4
1986,NE,November,TMAXA,25.6
1986,NE,November,TMINA,13.4
1986,NE,November,SRADA,15.9
1986,NE,November,PRCP,1287.9
1987,EN,November,TMAXA,24.7
1987,EN,November,TMINA,13.3
1987,EN,November,SRADA,14.7
1987,EN,November,PRCP,1977.3
1988,LA,November,TMAXA,25
1988,LA,November,TMINA,13.1
1988,LA,November,SRADA,15
1988,LA,November,PRCP,1239.1
1989,LA,November,TMAXA,24
1989,LA,November,TMINA,13
1989,LA,November,SRADA,15.6
1989,LA,November,PRCP,1810.9
1990,NE,November,TMAXA,24
1990,NE,November,TMINA,13.5
1990,NE,November,SRADA,15.9
1990,NE,November,PRCP,2070.6
1991,EN,November,TMAXA,24.6
1991,EN,November,TMINA,13.4
1991,EN,November,SRADA,16
1991,EN,November,PRCP,1199.1
1992,EN,November,TMAXA,24.3
1992,EN,November,TMINA,13.7
1992,EN,November,SRADA,15.6
1992,EN,November,PRCP,2205.4
1993,NE,November,TMAXA,24.6
1993,NE,November,TMINA,13.6
1993,NE,November,SRADA,15.9
1993,NE,November,PRCP,1667.8
1994,NE,November,TMAXA,25.6
1994,NE,November,TMINA,13.7
1994,NE,November,SRADA,16
1994,NE,November,PRCP,1989.4
1995,EN,November,TMAXA,25.5
1995,EN,November,TMINA,13.5
1995,EN,November,SRADA,15.5
1995,EN,November,PRCP,1488.2
1996,NE,November,TMAXA,24.7
1996,NE,November,TMINA,12.6
1996,NE,November,SRADA,14.9
1996,NE,November,PRCP,1739.4
1997,EN,November,TMAXA,25
1997,EN,November,TMINA,13.7
1997,EN,November,SRADA,15.7
1997,EN,November,PRCP,1672.3
1998,EN,November,TMAXA,24.3
1998,EN,November,TMINA,14.1
1998,EN,November,SRADA,15.2
1998,EN,November,PRCP,2067.4
1999,LA,November,TMAXA,24.8
1999,LA,November,TMINA,13.4
1999,LA,November,SRADA,16.1
1999,LA,November,PRCP,1254.8
2000,LA,November,TMAXA,25.2
2000,LA,November,TMINA,13.4
2000,LA,November,SRADA,16
2000,LA,November,PRCP,1608.7
2001,NE,November,TMAXA,25.8
2001,NE,November,TMINA,14.3
2001,NE,November,SRADA,16.1
2001,NE,November,PRCP,1832.4
2002,NE,November,TMAXA,26.5
2002,NE,November,TMINA,14.6
2002,NE,November,SRADA,16
2002,NE,November,PRCP,1486.8
2003,NE,November,TMAXA,26.2
2003,NE,November,TMINA,13.7
2003,NE,November,SRADA,16.4
2003,NE,November,PRCP,1641.6
2004,NE,November,TMAXA,25.7
2004,NE,November,TMINA,13.7
2004,NE,November,SRADA,15.8
2004,NE,November,PRCP,1831.1
2005,NE,November,TMAXA,26.2
2005,NE,November,TMINA,14.4
2005,NE,November,SRADA,15.6
2005,NE,November,PRCP,1472.1
2006,NE,November,TMAXA,26.3
2006,NE,November,TMINA,13.9
2006,NE,November,SRADA,16.3
2006,NE,November,PRCP,1360.2
2007,LA,November,TMAXA,26.5
2007,LA,November,TMINA,14.6
2007,LA,November,SRADA,16.2
2007,LA,November,PRCP,1562.4
2008,LA,November,TMAXA,25.3
2008,LA,November,TMINA,13.7
2008,LA,November,SRADA,15.8
2008,LA,November,PRCP,1798.4
2009,LA,November,TMAXA,25.7
2009,LA,November,TMINA,14.2
2009,LA,November,SRADA,15.8
2009,LA,November,PRCP,1725
2010,EN,November,TMAXA,25.5
2010,EN,November,TMINA,14.2
2010,EN,November,SRADA,15.5
2010,EN,November,PRCP,1749.1
2011,LA,November,TMAXA,25.4
2011,LA,November,TMINA,14
2011,LA,November,SRADA,15.4
2011,LA,November,PRCP,1886.7
2012,NE,November,TMAXA,26.2
2012,NE,November,TMINA,14
2012,NE,November,SRADA,16.5
2012,NE,November,PRCP,1416.4
2013,NE,November,TMAXA,25.4
2013,NE,November,TMINA,13.9
2013,NE,November,SRADA,15.5
2013,NE,November,PRCP,2083.9
2014,NE,November,TMAXA,25.9
2014,NE,November,TMINA,14.8
2014,NE,November,SRADA,16
2014,NE,November,PRCP,1788.5
2015,EN,November,TMAXA,25.9
2015,EN,November,TMINA,15.2
2015,EN,November,SRADA,15.1
2015,EN,November,PRCP,2200.9
2016,EN,November,TMAXA,25
2016,EN,November,TMINA,14.4
2016,EN,November,SRADA,14.7
2016,EN,November,PRCP,1962.9
2017,NE,November,TMAXA,25.9
2017,NE,November,TMINA,14.8
2017,NE,November,SRADA,15.1
2017,NE,November,PRCP,1827.8
2018,LA,November,TMAXA,25.5
2018,LA,November,TMINA,15
2018,LA,November,SRADA,14.2
2018,LA,November,PRCP,1455.4
2019,EN,November,TMAXA,26.6
2019,EN,November,TMINA,15.5
2019,EN,November,SRADA,14.8
2019,EN,November,PRCP,1532.1
1963,NE,November,TMAXA,24.8
1963,NE,November,TMINA,11.8
1963,NE,November,SRADA,15.5
1963,NE,November,PRCP,1236.8
1964,LA,November,TMAXA,23.6
1964,LA,November,TMINA,11.6
1964,LA,November,SRADA,15.7
1964,LA,November,PRCP,1202.4
1965,EN,November,TMAXA,23.5
1965,EN,November,TMINA,11.7
1965,EN,November,SRADA,15.3
1965,EN,November,PRCP,1579.8
1966,EN,November,TMAXA,23.8
1966,EN,November,TMINA,11.7
1966,EN,November,SRADA,15.1
1966,EN,November,PRCP,1401.9
1967,NE,November,TMAXA,24.4
1967,NE,November,TMINA,12
1967,NE,November,SRADA,15.6
1967,NE,November,PRCP,1264.8
1968,NE,November,TMAXA,23.7
1968,NE,November,TMINA,10.5
1968,NE,November,SRADA,16.5
1968,NE,November,PRCP,1220.2
1969,EN,November,TMAXA,24.1
1969,EN,November,TMINA,11.7
1969,EN,November,SRADA,15.4
1969,EN,November,PRCP,1457.9
1970,NE,November,TMAXA,24.1
1970,NE,November,TMINA,12
1970,NE,November,SRADA,15.5
1970,NE,November,PRCP,1541.1
1971,LA,November,TMAXA,24.1
1971,LA,November,TMINA,11.7
1971,LA,November,SRADA,15.7
1971,LA,November,PRCP,1861.5
1972,EN,November,TMAXA,24.2
1972,EN,November,TMINA,12.4
1972,EN,November,SRADA,14.8
1972,EN,November,PRCP,1875.2
1973,LA,November,TMAXA,23.4
1973,LA,November,TMINA,13
1973,LA,November,SRADA,14.7
1973,LA,November,PRCP,1859.1
1974,LA,November,TMAXA,23.2
1974,LA,November,TMINA,12
1974,LA,November,SRADA,15.8
1974,LA,November,PRCP,1435
1975,LA,November,TMAXA,23.5
1975,LA,November,TMINA,12
1975,LA,November,SRADA,15
1975,LA,November,PRCP,1348.4
1976,LA,November,TMAXA,23
1976,LA,November,TMINA,11.4
1976,LA,November,SRADA,14.9
1976,LA,November,PRCP,1917.4
1977,EN,November,TMAXA,24
1977,EN,November,TMINA,13.6
1977,EN,November,SRADA,15
1977,EN,November,PRCP,1321.7
1978,NE,November,TMAXA,24.6
1978,NE,November,TMINA,11.7
1978,NE,November,SRADA,15.7
1978,NE,November,PRCP,1213.7
1979,NE,November,TMAXA,23.8
1979,NE,November,TMINA,11.7
1979,NE,November,SRADA,15.3
1979,NE,November,PRCP,1580.2
1980,NE,November,TMAXA,23.9
1980,NE,November,TMINA,12.4
1980,NE,November,SRADA,15.1
1980,NE,November,PRCP,1577.8
1981,NE,November,TMAXA,24
1981,NE,November,TMINA,12.4
1981,NE,November,SRADA,14.8
1981,NE,November,PRCP,1098.5
1982,EN,November,TMAXA,23.7
1982,EN,November,TMINA,12.6
1982,EN,November,SRADA,14.7
1982,EN,November,PRCP,1701.9
1983,EN,November,TMAXA,23
1983,EN,November,TMINA,12.8
1983,EN,November,SRADA,13.2
1983,EN,November,PRCP,2539.1
1984,NE,November,TMAXA,24.5
1984,NE,November,TMINA,12.9
1984,NE,November,SRADA,14.3
1984,NE,November,PRCP,1633.2
1985,LA,November,TMAXA,24.4
1985,LA,November,TMINA,12.9
1985,LA,November,SRADA,15.9
1985,LA,November,PRCP,1075.2
1986,NE,November,TMAXA,24.6
1986,NE,November,TMINA,13.6
1986,NE,November,SRADA,15.8
1986,NE,November,PRCP,1232.4
1987,EN,November,TMAXA,24.1
1987,EN,November,TMINA,13.3
1987,EN,November,SRADA,13.9
1987,EN,November,PRCP,1826.3
1988,LA,November,TMAXA,24.1
1988,LA,November,TMINA,12.9
1988,LA,November,SRADA,14.2
1988,LA,November,PRCP,1160.6
1989,LA,November,TMAXA,23.5
1989,LA,November,TMINA,13
1989,LA,November,SRADA,14.9
1989,LA,November,PRCP,1591.7
1990,NE,November,TMAXA,23.4
1990,NE,November,TMINA,13.2
1990,NE,November,SRADA,15
1990,NE,November,PRCP,2052.4
1991,EN,November,TMAXA,24.2
1991,EN,November,TMINA,13.1
1991,EN,November,SRADA,15
1991,EN,November,PRCP,1325.7
1992,EN,November,TMAXA,24
1992,EN,November,TMINA,13.7
1992,EN,November,SRADA,14.8
1992,EN,November,PRCP,1790.3
1993,NE,November,TMAXA,24
1993,NE,November,TMINA,13.1
1993,NE,November,SRADA,15.2
1993,NE,November,PRCP,1698.6
1994,NE,November,TMAXA,24.9
1994,NE,November,TMINA,13.5
1994,NE,November,SRADA,15.6
1994,NE,November,PRCP,1374.7
1995,EN,November,TMAXA,24.6
1995,EN,November,TMINA,13.3
1995,EN,November,SRADA,15.4
1995,EN,November,PRCP,1649.1
1996,NE,November,TMAXA,23.9
1996,NE,November,TMINA,13.1
1996,NE,November,SRADA,15
1996,NE,November,PRCP,1859.7
1997,EN,November,TMAXA,24.5
1997,EN,November,TMINA,13.6
1997,EN,November,SRADA,15.3
1997,EN,November,PRCP,1857.1
1998,EN,November,TMAXA,23.8
1998,EN,November,TMINA,13.9
1998,EN,November,SRADA,14.4
1998,EN,November,PRCP,2478.1
1999,LA,November,TMAXA,23.9
1999,LA,November,TMINA,13
1999,LA,November,SRADA,15.3
1999,LA,November,PRCP,1372.9
2000,LA,November,TMAXA,24.3
2000,LA,November,TMINA,12.9
2000,LA,November,SRADA,15.7
2000,LA,November,PRCP,1603.2
2001,NE,November,TMAXA,25
2001,NE,November,TMINA,13.9
2001,NE,November,SRADA,15.6
2001,NE,November,PRCP,1585
2002,NE,November,TMAXA,25.6
2002,NE,November,TMINA,14.2
2002,NE,November,SRADA,15.7
2002,NE,November,PRCP,1494.3
2003,NE,November,TMAXA,25.3
2003,NE,November,TMINA,13.5
2003,NE,November,SRADA,16
2003,NE,November,PRCP,1420.6
2004,NE,November,TMAXA,24.6
2004,NE,November,TMINA,13.3
2004,NE,November,SRADA,15.8
2004,NE,November,PRCP,1450.2
2005,NE,November,TMAXA,25
2005,NE,November,TMINA,14
2005,NE,November,SRADA,15.6
2005,NE,November,PRCP,1627.9
2006,NE,November,TMAXA,25.4
2006,NE,November,TMINA,13.3
2006,NE,November,SRADA,16.3
2006,NE,November,PRCP,1036.2
2007,LA,November,TMAXA,25.4
2007,LA,November,TMINA,14.6
2007,LA,November,SRADA,16
2007,LA,November,PRCP,1465.3
2008,LA,November,TMAXA,24.1
2008,LA,November,TMINA,13.5
2008,LA,November,SRADA,15.4
2008,LA,November,PRCP,1743.7
2009,LA,November,TMAXA,23.9
2009,LA,November,TMINA,13.4
2009,LA,November,SRADA,15.1
2009,LA,November,PRCP,1594.2
2010,EN,November,TMAXA,23.9
2010,EN,November,TMINA,13.7
2010,EN,November,SRADA,14.9
2010,EN,November,PRCP,1826.6
2011,LA,November,TMAXA,23.5
2011,LA,November,TMINA,12.8
2011,LA,November,SRADA,14.2
2011,LA,November,PRCP,1949.5
2012,NE,November,TMAXA,24.6
2012,NE,November,TMINA,12.5
2012,NE,November,SRADA,15.4
2012,NE,November,PRCP,1537
2013,NE,November,TMAXA,24
2013,NE,November,TMINA,12.5
2013,NE,November,SRADA,14.7
2013,NE,November,PRCP,1935.2
2014,NE,November,TMAXA,24.7
2014,NE,November,TMINA,13.4
2014,NE,November,SRADA,15
2014,NE,November,PRCP,1748.3
2015,EN,November,TMAXA,24.7
2015,EN,November,TMINA,13.8
2015,EN,November,SRADA,14
2015,EN,November,PRCP,2084.9
2016,EN,November,TMAXA,24.1
2016,EN,November,TMINA,12.8
2016,EN,November,SRADA,14.3
2016,EN,November,PRCP,1726.4
2017,NE,November,TMAXA,24.9
2017,NE,November,TMINA,13
2017,NE,November,SRADA,14.5
2017,NE,November,PRCP,1576.6
2018,LA,November,TMAXA,24.6
2018,LA,November,TMINA,13.3
2018,LA,November,SRADA,14.3
2018,LA,November,PRCP,1692
2019,EN,November,TMAXA,25.7
2019,EN,November,TMINA,13.7
2019,EN,November,SRADA,14.7
2019,EN,November,PRCP,1573.8
