HYEAR,classification,harv.month,Variable,Value
1963,NE,April,TMAXA,31.7
1963,NE,April,TMINA,17.9
1963,NE,April,SRADA,18.1
1963,NE,April,PRCP,1826.2
1964,EN,April,TMAXA,32.6
1964,EN,April,TMINA,17.6
1964,EN,April,SRADA,18.7
1964,EN,April,PRCP,1399.3
1965,LA,April,TMAXA,31.8
1965,LA,April,TMINA,17.6
1965,LA,April,SRADA,18.3
1965,LA,April,PRCP,1803
1966,EN,April,TMAXA,32.7
1966,EN,April,TMINA,17.9
1966,EN,April,SRADA,18.7
1966,EN,April,PRCP,1887.1
1967,NE,April,TMAXA,32.2
1967,NE,April,TMINA,18.8
1967,NE,April,SRADA,18.9
1967,NE,April,PRCP,1432.9
1968,NE,April,TMAXA,31.9
1968,NE,April,TMINA,18.9
1968,NE,April,SRADA,19.3
1968,NE,April,PRCP,1537.5
1969,EN,April,TMAXA,31.6
1969,EN,April,TMINA,18.7
1969,EN,April,SRADA,19.3
1969,EN,April,PRCP,1632.3
1970,EN,April,TMAXA,32
1970,EN,April,TMINA,19.6
1970,EN,April,SRADA,18.9
1970,EN,April,PRCP,1627.4
1971,LA,April,TMAXA,32.2
1971,LA,April,TMINA,18.8
1971,LA,April,SRADA,19.1
1971,LA,April,PRCP,1564.6
1972,LA,April,TMAXA,31.1
1972,LA,April,TMINA,18.4
1972,LA,April,SRADA,17.6
1972,LA,April,PRCP,1808.2
1973,EN,April,TMAXA,32
1973,EN,April,TMINA,18.9
1973,EN,April,SRADA,18.3
1973,EN,April,PRCP,2056.8
1974,LA,April,TMAXA,30.9
1974,LA,April,TMINA,19
1974,LA,April,SRADA,17.8
1974,LA,April,PRCP,1889.2
1975,LA,April,TMAXA,29.5
1975,LA,April,TMINA,19.7
1975,LA,April,SRADA,17.9
1975,LA,April,PRCP,1765.6
1976,LA,April,TMAXA,31.8
1976,LA,April,TMINA,17.9
1976,LA,April,SRADA,17.4
1976,LA,April,PRCP,2107.5
1977,EN,April,TMAXA,31.3
1977,EN,April,TMINA,14.6
1977,EN,April,SRADA,17.8
1977,EN,April,PRCP,1614.2
1978,NE,April,TMAXA,31.1
1978,NE,April,TMINA,17.8
1978,NE,April,SRADA,16.8
1978,NE,April,PRCP,2181.7
1979,NE,April,TMAXA,30.9
1979,NE,April,TMINA,18.8
1979,NE,April,SRADA,16.6
1979,NE,April,PRCP,2095.4
1980,NE,April,TMAXA,31.7
1980,NE,April,TMINA,18.6
1980,NE,April,SRADA,16.2
1980,NE,April,PRCP,2132.2
1981,NE,April,TMAXA,31.7
1981,NE,April,TMINA,18.1
1981,NE,April,SRADA,15.6
1981,NE,April,PRCP,1833.5
1982,NE,April,TMAXA,31.1
1982,NE,April,TMINA,20.2
1982,NE,April,SRADA,15.4
1982,NE,April,PRCP,1912.7
1983,EN,April,TMAXA,31.8
1983,EN,April,TMINA,19.1
1983,EN,April,SRADA,16.7
1983,EN,April,PRCP,1689.1
1984,LA,April,TMAXA,31.8
1984,LA,April,TMINA,18.7
1984,LA,April,SRADA,16.6
1984,LA,April,PRCP,1709.2
1985,LA,April,TMAXA,31.6
1985,LA,April,TMINA,18.7
1985,LA,April,SRADA,16.8
1985,LA,April,PRCP,1653.9
1986,NE,April,TMAXA,32
1986,NE,April,TMINA,19.1
1986,NE,April,SRADA,17.2
1986,NE,April,PRCP,1515.9
1987,EN,April,TMAXA,32
1987,EN,April,TMINA,19.5
1987,EN,April,SRADA,17.6
1987,EN,April,PRCP,1568.6
1988,EN,April,TMAXA,32.8
1988,EN,April,TMINA,20.1
1988,EN,April,SRADA,17
1988,EN,April,PRCP,1863.1
1989,LA,April,TMAXA,32.1
1989,LA,April,TMINA,19.3
1989,LA,April,SRADA,17.2
1989,LA,April,PRCP,1710.6
1990,NE,April,TMAXA,30.9
1990,NE,April,TMINA,19.6
1990,NE,April,SRADA,16.4
1990,NE,April,PRCP,1778.8
1991,NE,April,TMAXA,31.3
1991,NE,April,TMINA,19.6
1991,NE,April,SRADA,16.3
1991,NE,April,PRCP,2048
1992,EN,April,TMAXA,30.6
1992,EN,April,TMINA,18.7
1992,EN,April,SRADA,15.9
1992,EN,April,PRCP,2024.4
1993,NE,April,TMAXA,30.8
1993,NE,April,TMINA,18.6
1993,NE,April,SRADA,16.6
1993,NE,April,PRCP,1940.3
1994,NE,April,TMAXA,31.5
1994,NE,April,TMINA,19.7
1994,NE,April,SRADA,16.6
1994,NE,April,PRCP,2372.7
1995,EN,April,TMAXA,31.6
1995,EN,April,TMINA,19.9
1995,EN,April,SRADA,16.1
1995,EN,April,PRCP,2163.3
1996,LA,April,TMAXA,31.6
1996,LA,April,TMINA,19.4
1996,LA,April,SRADA,17.1
1996,LA,April,PRCP,1720.2
1997,NE,April,TMAXA,31.6
1997,NE,April,TMINA,19.6
1997,NE,April,SRADA,17.2
1997,NE,April,PRCP,1576
1998,EN,April,TMAXA,32.9
1998,EN,April,TMINA,20.1
1998,EN,April,SRADA,18.1
1998,EN,April,PRCP,1466.6
1999,LA,April,TMAXA,32.7
1999,LA,April,TMINA,19.7
1999,LA,April,SRADA,17.2
1999,LA,April,PRCP,1587.9
2000,LA,April,TMAXA,32.8
2000,LA,April,TMINA,19.5
2000,LA,April,SRADA,17.3
2000,LA,April,PRCP,1699.9
2001,LA,April,TMAXA,32.7
2001,LA,April,TMINA,19.7
2001,LA,April,SRADA,18.1
2001,LA,April,PRCP,1384.8
2002,NE,April,TMAXA,32.4
2002,NE,April,TMINA,19.8
2002,NE,April,SRADA,17.7
2002,NE,April,PRCP,1782.2
2003,EN,April,TMAXA,32.8
2003,EN,April,TMINA,20.1
2003,EN,April,SRADA,17.7
2003,EN,April,PRCP,1940.7
2004,NE,April,TMAXA,32.1
2004,NE,April,TMINA,20.2
2004,NE,April,SRADA,17.4
2004,NE,April,PRCP,2429.4
2005,EN,April,TMAXA,32.2
2005,EN,April,TMINA,20.2
2005,EN,April,SRADA,17.2
2005,EN,April,PRCP,1591.1
2006,NE,April,TMAXA,32.6
2006,NE,April,TMINA,20.3
2006,NE,April,SRADA,17.4
2006,NE,April,PRCP,1903.9
2007,NE,April,TMAXA,32.7
2007,NE,April,TMINA,20.2
2007,NE,April,SRADA,18.1
2007,NE,April,PRCP,1748.2
2008,LA,April,TMAXA,32.7
2008,LA,April,TMINA,19.6
2008,LA,April,SRADA,17.7
2008,LA,April,PRCP,1872.5
2009,LA,April,TMAXA,32.8
2009,LA,April,TMINA,20.2
2009,LA,April,SRADA,17.9
2009,LA,April,PRCP,1539.1
2010,EN,April,TMAXA,32.9
2010,EN,April,TMINA,20.4
2010,EN,April,SRADA,17.3
2010,EN,April,PRCP,1859.3
2011,LA,April,TMAXA,33
2011,LA,April,TMINA,19.5
2011,LA,April,SRADA,17.7
2011,LA,April,PRCP,1715.3
2012,LA,April,TMAXA,32.5
2012,LA,April,TMINA,20
2012,LA,April,SRADA,18.3
2012,LA,April,PRCP,1552.2
2013,NE,April,TMAXA,32.8
2013,NE,April,TMINA,20.5
2013,NE,April,SRADA,18.1
2013,NE,April,PRCP,1612.1
2014,NE,April,TMAXA,32.4
2014,NE,April,TMINA,20.3
2014,NE,April,SRADA,17.9
2014,NE,April,PRCP,1313.1
2015,NE,April,TMAXA,32.8
2015,NE,April,TMINA,20.7
2015,NE,April,SRADA,17.8
2015,NE,April,PRCP,1355
2016,EN,April,TMAXA,33.5
2016,EN,April,TMINA,21.3
2016,EN,April,SRADA,17.5
2016,EN,April,PRCP,1440.8
2017,NE,April,TMAXA,32.7
2017,NE,April,TMINA,20.6
2017,NE,April,SRADA,17.6
2017,NE,April,PRCP,2065.2
2018,NE,April,TMAXA,32.8
2018,NE,April,TMINA,20.6
2018,NE,April,SRADA,17.1
2018,NE,April,PRCP,2182
2019,EN,April,TMAXA,32.6
2019,EN,April,TMINA,20.5
2019,EN,April,SRADA,17.6
2019,EN,April,PRCP,2080.6
1963,NE,April,TMAXA,32.3
1963,NE,April,TMINA,18
1963,NE,April,SRADA,18.7
1963,NE,April,PRCP,1651
1964,EN,April,TMAXA,33.1
1964,EN,April,TMINA,17.5
1964,EN,April,SRADA,19.2
1964,EN,April,PRCP,1459
1965,LA,April,TMAXA,31.9
1965,LA,April,TMINA,17.6
1965,LA,April,SRADA,18.5
1965,LA,April,PRCP,1755.3
1966,EN,April,TMAXA,32.7
1966,EN,April,TMINA,18
1966,EN,April,SRADA,18.7
1966,EN,April,PRCP,1950.5
1967,NE,April,TMAXA,32.5
1967,NE,April,TMINA,18.3
1967,NE,April,SRADA,19.1
1967,NE,April,PRCP,1490.2
1968,NE,April,TMAXA,32.4
1968,NE,April,TMINA,19.2
1968,NE,April,SRADA,19.1
1968,NE,April,PRCP,1516.5
1969,EN,April,TMAXA,31.9
1969,EN,April,TMINA,19.2
1969,EN,April,SRADA,19.4
1969,EN,April,PRCP,1108.4
1970,EN,April,TMAXA,32.2
1970,EN,April,TMINA,19.7
1970,EN,April,SRADA,19.1
1970,EN,April,PRCP,1429.7
1971,LA,April,TMAXA,32.2
1971,LA,April,TMINA,19.4
1971,LA,April,SRADA,19.5
1971,LA,April,PRCP,1148.3
1972,LA,April,TMAXA,31.5
1972,LA,April,TMINA,19.1
1972,LA,April,SRADA,17.9
1972,LA,April,PRCP,1672
1973,EN,April,TMAXA,32.3
1973,EN,April,TMINA,19.3
1973,EN,April,SRADA,18.7
1973,EN,April,PRCP,1691.9
1974,LA,April,TMAXA,31.3
1974,LA,April,TMINA,19.5
1974,LA,April,SRADA,17.7
1974,LA,April,PRCP,1705.9
1975,LA,April,TMAXA,31.3
1975,LA,April,TMINA,19.2
1975,LA,April,SRADA,18.3
1975,LA,April,PRCP,1392.6
1976,LA,April,TMAXA,32.1
1976,LA,April,TMINA,18.3
1976,LA,April,SRADA,18.3
1976,LA,April,PRCP,1241.5
1977,EN,April,TMAXA,31.5
1977,EN,April,TMINA,17.9
1977,EN,April,SRADA,18.1
1977,EN,April,PRCP,1875.3
1978,NE,April,TMAXA,31.4
1978,NE,April,TMINA,19.2
1978,NE,April,SRADA,17.1
1978,NE,April,PRCP,2160.8
1979,NE,April,TMAXA,30.6
1979,NE,April,TMINA,18.8
1979,NE,April,SRADA,16.7
1979,NE,April,PRCP,1753
1980,NE,April,TMAXA,31.7
1980,NE,April,TMINA,18.3
1980,NE,April,SRADA,16.9
1980,NE,April,PRCP,1676.7
1981,NE,April,TMAXA,31.9
1981,NE,April,TMINA,18.9
1981,NE,April,SRADA,16.6
1981,NE,April,PRCP,1700.2
1982,NE,April,TMAXA,31.4
1982,NE,April,TMINA,19
1982,NE,April,SRADA,16.5
1982,NE,April,PRCP,1530.8
1983,EN,April,TMAXA,31.7
1983,EN,April,TMINA,19.3
1983,EN,April,SRADA,17
1983,EN,April,PRCP,1668.1
1984,LA,April,TMAXA,31.8
1984,LA,April,TMINA,19.1
1984,LA,April,SRADA,17
1984,LA,April,PRCP,1664.7
1985,LA,April,TMAXA,31.7
1985,LA,April,TMINA,19
1985,LA,April,SRADA,17.2
1985,LA,April,PRCP,1588.6
1986,NE,April,TMAXA,32
1986,NE,April,TMINA,18.7
1986,NE,April,SRADA,17.6
1986,NE,April,PRCP,1661.1
1987,EN,April,TMAXA,31.9
1987,EN,April,TMINA,19.1
1987,EN,April,SRADA,17.6
1987,EN,April,PRCP,1632.9
1988,EN,April,TMAXA,32.5
1988,EN,April,TMINA,19.4
1988,EN,April,SRADA,17.5
1988,EN,April,PRCP,1763.9
1989,LA,April,TMAXA,31.9
1989,LA,April,TMINA,15.4
1989,LA,April,SRADA,18.3
1989,LA,April,PRCP,1737.9
1990,NE,April,TMAXA,31.6
1990,NE,April,TMINA,19.4
1990,NE,April,SRADA,18.3
1990,NE,April,PRCP,2338.8
1991,NE,April,TMAXA,31.8
1991,NE,April,TMINA,19.8
1991,NE,April,SRADA,18.3
1991,NE,April,PRCP,2033.9
1992,EN,April,TMAXA,32
1992,EN,April,TMINA,19.7
1992,EN,April,SRADA,17.3
1992,EN,April,PRCP,1475.2
1993,NE,April,TMAXA,31.5
1993,NE,April,TMINA,19.4
1993,NE,April,SRADA,17.3
1993,NE,April,PRCP,1857.5
1994,NE,April,TMAXA,31.9
1994,NE,April,TMINA,19.4
1994,NE,April,SRADA,17.2
1994,NE,April,PRCP,1771.4
1995,EN,April,TMAXA,32.4
1995,EN,April,TMINA,19.3
1995,EN,April,SRADA,17.5
1995,EN,April,PRCP,1629.1
1996,LA,April,TMAXA,32.7
1996,LA,April,TMINA,19.4
1996,LA,April,SRADA,18.2
1996,LA,April,PRCP,1401.7
1997,NE,April,TMAXA,32.3
1997,NE,April,TMINA,19.5
1997,NE,April,SRADA,17.3
1997,NE,April,PRCP,1586.9
1998,EN,April,TMAXA,33.1
1998,EN,April,TMINA,20.4
1998,EN,April,SRADA,19.1
1998,EN,April,PRCP,1375.9
1999,LA,April,TMAXA,33.1
1999,LA,April,TMINA,20.3
1999,LA,April,SRADA,18.6
1999,LA,April,PRCP,1582.2
2000,LA,April,TMAXA,32.2
2000,LA,April,TMINA,19.1
2000,LA,April,SRADA,18.3
2000,LA,April,PRCP,1774.5
2001,LA,April,TMAXA,32.2
2001,LA,April,TMINA,19.7
2001,LA,April,SRADA,18.9
2001,LA,April,PRCP,1486.8
2002,NE,April,TMAXA,32.4
2002,NE,April,TMINA,20
2002,NE,April,SRADA,18.4
2002,NE,April,PRCP,2010.2
2003,EN,April,TMAXA,33
2003,EN,April,TMINA,20.2
2003,EN,April,SRADA,18.8
2003,EN,April,PRCP,1927.1
2004,NE,April,TMAXA,32.7
2004,NE,April,TMINA,20.1
2004,NE,April,SRADA,18.2
2004,NE,April,PRCP,2213.6
2005,EN,April,TMAXA,33.3
2005,EN,April,TMINA,20.1
2005,EN,April,SRADA,18.7
2005,EN,April,PRCP,1646.5
2006,NE,April,TMAXA,33.4
2006,NE,April,TMINA,20.2
2006,NE,April,SRADA,18.6
2006,NE,April,PRCP,1577.9
2007,NE,April,TMAXA,33.3
2007,NE,April,TMINA,19.9
2007,NE,April,SRADA,19.1
2007,NE,April,PRCP,1955.4
2008,LA,April,TMAXA,33.1
2008,LA,April,TMINA,19.6
2008,LA,April,SRADA,19
2008,LA,April,PRCP,1824.2
2009,LA,April,TMAXA,32.8
2009,LA,April,TMINA,19.6
2009,LA,April,SRADA,19.3
2009,LA,April,PRCP,1906.4
2010,EN,April,TMAXA,32.4
2010,EN,April,TMINA,20.2
2010,EN,April,SRADA,18.5
2010,EN,April,PRCP,2080.7
2011,LA,April,TMAXA,33.3
2011,LA,April,TMINA,20.1
2011,LA,April,SRADA,18.5
2011,LA,April,PRCP,1994.6
2012,LA,April,TMAXA,32.6
2012,LA,April,TMINA,19.8
2012,LA,April,SRADA,18.9
2012,LA,April,PRCP,1565.7
2013,NE,April,TMAXA,32.9
2013,NE,April,TMINA,20.1
2013,NE,April,SRADA,18.8
2013,NE,April,PRCP,1927.5
2014,NE,April,TMAXA,32.6
2014,NE,April,TMINA,19.9
2014,NE,April,SRADA,18.6
2014,NE,April,PRCP,1994.8
2015,NE,April,TMAXA,33.1
2015,NE,April,TMINA,20.3
2015,NE,April,SRADA,18.1
2015,NE,April,PRCP,1882.3
2016,EN,April,TMAXA,33.7
2016,EN,April,TMINA,20.9
2016,EN,April,SRADA,19.4
2016,EN,April,PRCP,1706.9
2017,NE,April,TMAXA,33.6
2017,NE,April,TMINA,20.3
2017,NE,April,SRADA,19.5
2017,NE,April,PRCP,2226
2018,NE,April,TMAXA,33.1
2018,NE,April,TMINA,20.3
2018,NE,April,SRADA,18.5
2018,NE,April,PRCP,1992.5
2019,EN,April,TMAXA,33.1
2019,EN,April,TMINA,20.5
2019,EN,April,SRADA,18.8
2019,EN,April,PRCP,1286.2
1963,NE,April,TMAXA,32.2
1963,NE,April,TMINA,20.1
1963,NE,April,SRADA,17.9
1963,NE,April,PRCP,1455.6
1964,EN,April,TMAXA,33.2
1964,EN,April,TMINA,20.5
1964,EN,April,SRADA,18.6
1964,EN,April,PRCP,1087.1
1965,LA,April,TMAXA,32.1
1965,LA,April,TMINA,20.1
1965,LA,April,SRADA,18.3
1965,LA,April,PRCP,1331.4
1966,EN,April,TMAXA,32.8
1966,EN,April,TMINA,20.6
1966,EN,April,SRADA,18.6
1966,EN,April,PRCP,1348.6
1967,NE,April,TMAXA,33
1967,NE,April,TMINA,20.6
1967,NE,April,SRADA,19.1
1967,NE,April,PRCP,1363.1
1968,NE,April,TMAXA,32.8
1968,NE,April,TMINA,19.9
1968,NE,April,SRADA,18.8
1968,NE,April,PRCP,1172.5
1969,EN,April,TMAXA,32.5
1969,EN,April,TMINA,19.6
1969,EN,April,SRADA,19.5
1969,EN,April,PRCP,1500.3
1970,EN,April,TMAXA,33
1970,EN,April,TMINA,20.5
1970,EN,April,SRADA,19
1970,EN,April,PRCP,1382.8
1971,LA,April,TMAXA,33.3
1971,LA,April,TMINA,18.8
1971,LA,April,SRADA,19.1
1971,LA,April,PRCP,1264.7
1972,LA,April,TMAXA,32
1972,LA,April,TMINA,18.5
1972,LA,April,SRADA,17.7
1972,LA,April,PRCP,1571.1
1973,EN,April,TMAXA,33.1
1973,EN,April,TMINA,20.5
1973,EN,April,SRADA,18.6
1973,EN,April,PRCP,1546.6
1974,LA,April,TMAXA,32.3
1974,LA,April,TMINA,20.4
1974,LA,April,SRADA,17.8
1974,LA,April,PRCP,1894.6
1975,LA,April,TMAXA,31.3
1975,LA,April,TMINA,20.5
1975,LA,April,SRADA,17.8
1975,LA,April,PRCP,1582.8
1976,LA,April,TMAXA,32.3
1976,LA,April,TMINA,19.9
1976,LA,April,SRADA,17.7
1976,LA,April,PRCP,1764.7
1977,EN,April,TMAXA,31.9
1977,EN,April,TMINA,19.7
1977,EN,April,SRADA,17.4
1977,EN,April,PRCP,1656.9
1978,NE,April,TMAXA,32.2
1978,NE,April,TMINA,20.6
1978,NE,April,SRADA,17.4
1978,NE,April,PRCP,1550.4
1979,NE,April,TMAXA,31.9
1979,NE,April,TMINA,20.4
1979,NE,April,SRADA,16.1
1979,NE,April,PRCP,1949.9
1980,NE,April,TMAXA,32.4
1980,NE,April,TMINA,20.5
1980,NE,April,SRADA,16.3
1980,NE,April,PRCP,1528.3
1981,NE,April,TMAXA,32.3
1981,NE,April,TMINA,20.3
1981,NE,April,SRADA,15.8
1981,NE,April,PRCP,1543.8
1982,NE,April,TMAXA,32
1982,NE,April,TMINA,20.2
1982,NE,April,SRADA,15.3
1982,NE,April,PRCP,1731.6
1983,EN,April,TMAXA,32.6
1983,EN,April,TMINA,21.1
1983,EN,April,SRADA,15.8
1983,EN,April,PRCP,1717.9
1984,LA,April,TMAXA,32.1
1984,LA,April,TMINA,20.4
1984,LA,April,SRADA,15.3
1984,LA,April,PRCP,1684.8
1985,LA,April,TMAXA,32.3
1985,LA,April,TMINA,20.6
1985,LA,April,SRADA,15.8
1985,LA,April,PRCP,1920.6
1986,NE,April,TMAXA,32.7
1986,NE,April,TMINA,20.8
1986,NE,April,SRADA,16.7
1986,NE,April,PRCP,1392.9
1987,EN,April,TMAXA,32.5
1987,EN,April,TMINA,20.9
1987,EN,April,SRADA,17.4
1987,EN,April,PRCP,1492.3
1988,EN,April,TMAXA,32.5
1988,EN,April,TMINA,21.3
1988,EN,April,SRADA,16.7
1988,EN,April,PRCP,1711.5
1989,LA,April,TMAXA,32.2
1989,LA,April,TMINA,20.4
1989,LA,April,SRADA,16.9
1989,LA,April,PRCP,1683.6
1990,NE,April,TMAXA,32.2
1990,NE,April,TMINA,20.9
1990,NE,April,SRADA,16.6
1990,NE,April,PRCP,1429.1
1991,NE,April,TMAXA,32
1991,NE,April,TMINA,20.7
1991,NE,April,SRADA,16
1991,NE,April,PRCP,2203.1
1992,EN,April,TMAXA,32
1992,EN,April,TMINA,19.8
1992,EN,April,SRADA,15.7
1992,EN,April,PRCP,1510.3
1993,NE,April,TMAXA,31.9
1993,NE,April,TMINA,20.2
1993,NE,April,SRADA,16.2
1993,NE,April,PRCP,1444.1
1994,NE,April,TMAXA,32.4
1994,NE,April,TMINA,20.7
1994,NE,April,SRADA,16.3
1994,NE,April,PRCP,1344.7
1995,EN,April,TMAXA,32.3
1995,EN,April,TMINA,20.9
1995,EN,April,SRADA,15.9
1995,EN,April,PRCP,1623.9
1996,LA,April,TMAXA,32.3
1996,LA,April,TMINA,20.3
1996,LA,April,SRADA,16.3
1996,LA,April,PRCP,1842.8
1997,NE,April,TMAXA,31.7
1997,NE,April,TMINA,19.6
1997,NE,April,SRADA,17.3
1997,NE,April,PRCP,1610.3
1998,EN,April,TMAXA,33.1
1998,EN,April,TMINA,20.8
1998,EN,April,SRADA,17.9
1998,EN,April,PRCP,1675.5
1999,LA,April,TMAXA,32.8
1999,LA,April,TMINA,20.3
1999,LA,April,SRADA,17.1
1999,LA,April,PRCP,1690.5
2000,LA,April,TMAXA,32.8
2000,LA,April,TMINA,20.5
2000,LA,April,SRADA,17.5
2000,LA,April,PRCP,1365.7
2001,LA,April,TMAXA,32.7
2001,LA,April,TMINA,20.7
2001,LA,April,SRADA,17.7
2001,LA,April,PRCP,1270.5
2002,NE,April,TMAXA,33
2002,NE,April,TMINA,21.2
2002,NE,April,SRADA,17.7
2002,NE,April,PRCP,1598.7
2003,EN,April,TMAXA,33.1
2003,EN,April,TMINA,20.9
2003,EN,April,SRADA,17.4
2003,EN,April,PRCP,1433.4
2004,NE,April,TMAXA,32.5
2004,NE,April,TMINA,21.1
2004,NE,April,SRADA,17.6
2004,NE,April,PRCP,1358.1
2005,EN,April,TMAXA,32.2
2005,EN,April,TMINA,21.2
2005,EN,April,SRADA,16.8
2005,EN,April,PRCP,1281
2006,NE,April,TMAXA,32.4
2006,NE,April,TMINA,21.5
2006,NE,April,SRADA,16.8
2006,NE,April,PRCP,1511.1
2007,NE,April,TMAXA,32.5
2007,NE,April,TMINA,21.2
2007,NE,April,SRADA,17.3
2007,NE,April,PRCP,1569.4
2008,LA,April,TMAXA,32.5
2008,LA,April,TMINA,21
2008,LA,April,SRADA,16.9
2008,LA,April,PRCP,1566.3
2009,LA,April,TMAXA,32.8
2009,LA,April,TMINA,20.7
2009,LA,April,SRADA,17.6
2009,LA,April,PRCP,1370.1
2010,EN,April,TMAXA,32.6
2010,EN,April,TMINA,20.6
2010,EN,April,SRADA,16.9
2010,EN,April,PRCP,1519.1
2011,LA,April,TMAXA,33
2011,LA,April,TMINA,20.4
2011,LA,April,SRADA,16.8
2011,LA,April,PRCP,555.7
2012,LA,April,TMAXA,33.2
2012,LA,April,TMINA,20.6
2012,LA,April,SRADA,17.8
2012,LA,April,PRCP,1362.7
2013,NE,April,TMAXA,32.8
2013,NE,April,TMINA,21.2
2013,NE,April,SRADA,17.2
2013,NE,April,PRCP,1871.3
2014,NE,April,TMAXA,32.4
2014,NE,April,TMINA,20.9
2014,NE,April,SRADA,16.8
2014,NE,April,PRCP,1853.1
2015,NE,April,TMAXA,32.5
2015,NE,April,TMINA,21.4
2015,NE,April,SRADA,16.9
2015,NE,April,PRCP,1527.4
2016,EN,April,TMAXA,33.6
2016,EN,April,TMINA,22
2016,EN,April,SRADA,16.9
2016,EN,April,PRCP,1419.6
2017,NE,April,TMAXA,32.2
2017,NE,April,TMINA,20.8
2017,NE,April,SRADA,17.1
2017,NE,April,PRCP,1460.6
2018,NE,April,TMAXA,33
2018,NE,April,TMINA,21.4
2018,NE,April,SRADA,17.4
2018,NE,April,PRCP,1608.8
2019,EN,April,TMAXA,32.5
2019,EN,April,TMINA,20.9
2019,EN,April,SRADA,17.1
2019,EN,April,PRCP,1169.7
1963,NE,April,TMAXA,28.7
1963,NE,April,TMINA,15
1963,NE,April,SRADA,19
1963,NE,April,PRCP,1559.1
1964,EN,April,TMAXA,29.4
1964,EN,April,TMINA,16.6
1964,EN,April,SRADA,18.9
1964,EN,April,PRCP,1167.9
1965,LA,April,TMAXA,27.5
1965,LA,April,TMINA,16.4
1965,LA,April,SRADA,17.4
1965,LA,April,PRCP,1651
1966,EN,April,TMAXA,28.1
1966,EN,April,TMINA,16.7
1966,EN,April,SRADA,18
1966,EN,April,PRCP,1535
1967,NE,April,TMAXA,27.9
1967,NE,April,TMINA,17
1967,NE,April,SRADA,18.5
1967,NE,April,PRCP,1189
1968,NE,April,TMAXA,27.8
1968,NE,April,TMINA,17
1968,NE,April,SRADA,18.4
1968,NE,April,PRCP,1306.1
1969,EN,April,TMAXA,28.1
1969,EN,April,TMINA,16.7
1969,EN,April,SRADA,18.8
1969,EN,April,PRCP,1084.7
1970,EN,April,TMAXA,28.6
1970,EN,April,TMINA,17.4
1970,EN,April,SRADA,18.3
1970,EN,April,PRCP,1598.2
1971,LA,April,TMAXA,29.1
1971,LA,April,TMINA,17.2
1971,LA,April,SRADA,19
1971,LA,April,PRCP,1016
1972,LA,April,TMAXA,28.2
1972,LA,April,TMINA,17.2
1972,LA,April,SRADA,17.8
1972,LA,April,PRCP,1605
1973,EN,April,TMAXA,29
1973,EN,April,TMINA,18.1
1973,EN,April,SRADA,18.6
1973,EN,April,PRCP,1381
1974,LA,April,TMAXA,26.6
1974,LA,April,TMINA,18.5
1974,LA,April,SRADA,18.1
1974,LA,April,PRCP,1392.5
1975,LA,April,TMAXA,27.5
1975,LA,April,TMINA,17.6
1975,LA,April,SRADA,19.1
1975,LA,April,PRCP,989.6
1976,LA,April,TMAXA,28.4
1976,LA,April,TMINA,16.6
1976,LA,April,SRADA,19.2
1976,LA,April,PRCP,881.6
1977,EN,April,TMAXA,28.2
1977,EN,April,TMINA,16.9
1977,EN,April,SRADA,17.9
1977,EN,April,PRCP,1384.5
1978,NE,April,TMAXA,28
1978,NE,April,TMINA,17.4
1978,NE,April,SRADA,17.5
1978,NE,April,PRCP,1401.3
1979,NE,April,TMAXA,27.8
1979,NE,April,TMINA,16
1979,NE,April,SRADA,17.1
1979,NE,April,PRCP,1661.3
1980,NE,April,TMAXA,28.1
1980,NE,April,TMINA,16.5
1980,NE,April,SRADA,16.8
1980,NE,April,PRCP,2008.2
1981,NE,April,TMAXA,28.5
1981,NE,April,TMINA,16.8
1981,NE,April,SRADA,17.5
1981,NE,April,PRCP,1314.8
1982,NE,April,TMAXA,27.7
1982,NE,April,TMINA,16.2
1982,NE,April,SRADA,17.2
1982,NE,April,PRCP,1991
1983,EN,April,TMAXA,28.3
1983,EN,April,TMINA,17.3
1983,EN,April,SRADA,17.2
1983,EN,April,PRCP,1513.1
1984,LA,April,TMAXA,28.8
1984,LA,April,TMINA,17.5
1984,LA,April,SRADA,17.7
1984,LA,April,PRCP,1485.5
1985,LA,April,TMAXA,28.4
1985,LA,April,TMINA,17.2
1985,LA,April,SRADA,17.4
1985,LA,April,PRCP,1378.7
1986,NE,April,TMAXA,28.3
1986,NE,April,TMINA,17.2
1986,NE,April,SRADA,18.1
1986,NE,April,PRCP,1595.7
1987,EN,April,TMAXA,28.7
1987,EN,April,TMINA,17.1
1987,EN,April,SRADA,18.1
1987,EN,April,PRCP,1284.4
1988,EN,April,TMAXA,29.5
1988,EN,April,TMINA,17.8
1988,EN,April,SRADA,18.1
1988,EN,April,PRCP,1568.7
1989,LA,April,TMAXA,28.9
1989,LA,April,TMINA,16.9
1989,LA,April,SRADA,18.5
1989,LA,April,PRCP,1402.9
1990,NE,April,TMAXA,29
1990,NE,April,TMINA,17.2
1990,NE,April,SRADA,17.7
1990,NE,April,PRCP,1540.4
1991,NE,April,TMAXA,28.3
1991,NE,April,TMINA,17.3
1991,NE,April,SRADA,17.6
1991,NE,April,PRCP,1464.1
1992,EN,April,TMAXA,27.7
1992,EN,April,TMINA,16.9
1992,EN,April,SRADA,17.2
1992,EN,April,PRCP,1645.5
1993,NE,April,TMAXA,28.3
1993,NE,April,TMINA,17.3
1993,NE,April,SRADA,17.6
1993,NE,April,PRCP,1355.3
1994,NE,April,TMAXA,28.4
1994,NE,April,TMINA,17.4
1994,NE,April,SRADA,17.8
1994,NE,April,PRCP,1620
1995,EN,April,TMAXA,29.1
1995,EN,April,TMINA,17.4
1995,EN,April,SRADA,18.7
1995,EN,April,PRCP,1327.6
1996,LA,April,TMAXA,29.2
1996,LA,April,TMINA,17.4
1996,LA,April,SRADA,18.8
1996,LA,April,PRCP,1226.7
1997,NE,April,TMAXA,28.5
1997,NE,April,TMINA,17.2
1997,NE,April,SRADA,18.1
1997,NE,April,PRCP,1346.8
1998,EN,April,TMAXA,29.5
1998,EN,April,TMINA,17.7
1998,EN,April,SRADA,18.8
1998,EN,April,PRCP,1394.8
1999,LA,April,TMAXA,29.8
1999,LA,April,TMINA,17.8
1999,LA,April,SRADA,18.8
1999,LA,April,PRCP,1155.3
2000,LA,April,TMAXA,28.8
2000,LA,April,TMINA,17.1
2000,LA,April,SRADA,18.3
2000,LA,April,PRCP,1597.8
2001,LA,April,TMAXA,29.2
2001,LA,April,TMINA,17.2
2001,LA,April,SRADA,18.9
2001,LA,April,PRCP,1138
2002,NE,April,TMAXA,28.5
2002,NE,April,TMINA,17.6
2002,NE,April,SRADA,18.1
2002,NE,April,PRCP,1216.6
2003,EN,April,TMAXA,29.5
2003,EN,April,TMINA,18
2003,EN,April,SRADA,18.7
2003,EN,April,PRCP,1213.3
2004,NE,April,TMAXA,28.8
2004,NE,April,TMINA,17.5
2004,NE,April,SRADA,17.6
2004,NE,April,PRCP,1837
2005,EN,April,TMAXA,29.1
2005,EN,April,TMINA,17.6
2005,EN,April,SRADA,18.9
2005,EN,April,PRCP,1170.6
2006,NE,April,TMAXA,29.1
2006,NE,April,TMINA,17.9
2006,NE,April,SRADA,18
2006,NE,April,PRCP,1385.7
2007,NE,April,TMAXA,28.7
2007,NE,April,TMINA,17.4
2007,NE,April,SRADA,18.2
2007,NE,April,PRCP,1676.8
2008,LA,April,TMAXA,29.5
2008,LA,April,TMINA,17.4
2008,LA,April,SRADA,19.2
2008,LA,April,PRCP,1121.7
2009,LA,April,TMAXA,29.3
2009,LA,April,TMINA,17.2
2009,LA,April,SRADA,18.9
2009,LA,April,PRCP,1347
2010,EN,April,TMAXA,29.1
2010,EN,April,TMINA,17.5
2010,EN,April,SRADA,18.3
2010,EN,April,PRCP,1500.6
2011,LA,April,TMAXA,29.4
2011,LA,April,TMINA,17.1
2011,LA,April,SRADA,19
2011,LA,April,PRCP,1302.4
2012,LA,April,TMAXA,29
2012,LA,April,TMINA,16.9
2012,LA,April,SRADA,18.8
2012,LA,April,PRCP,1239.4
2013,NE,April,TMAXA,29.5
2013,NE,April,TMINA,18
2013,NE,April,SRADA,19
2013,NE,April,PRCP,1355.1
2014,NE,April,TMAXA,29.2
2014,NE,April,TMINA,17.6
2014,NE,April,SRADA,19
2014,NE,April,PRCP,1394.2
2015,NE,April,TMAXA,29.6
2015,NE,April,TMINA,17.6
2015,NE,April,SRADA,19.2
2015,NE,April,PRCP,1152.6
2016,EN,April,TMAXA,30.6
2016,EN,April,TMINA,18.1
2016,EN,April,SRADA,19.5
2016,EN,April,PRCP,993.7
2017,NE,April,TMAXA,30.5
2017,NE,April,TMINA,17.8
2017,NE,April,SRADA,19.3
2017,NE,April,PRCP,1089.8
2018,NE,April,TMAXA,29.1
2018,NE,April,TMINA,17.6
2018,NE,April,SRADA,19
2018,NE,April,PRCP,1322.8
2019,EN,April,TMAXA,29.5
2019,EN,April,TMINA,17.5
2019,EN,April,SRADA,19.1
2019,EN,April,PRCP,1121.5
1963,NE,April,TMAXA,32.1
1963,NE,April,TMINA,18.2
1963,NE,April,SRADA,18.8
1963,NE,April,PRCP,1426.4
1964,EN,April,TMAXA,32.9
1964,EN,April,TMINA,17.8
1964,EN,April,SRADA,19.2
1964,EN,April,PRCP,1276.1
1965,LA,April,TMAXA,31.4
1965,LA,April,TMINA,18
1965,LA,April,SRADA,18.4
1965,LA,April,PRCP,1672.2
1966,EN,April,TMAXA,32.2
1966,EN,April,TMINA,18.7
1966,EN,April,SRADA,18.6
1966,EN,April,PRCP,1873.6
1967,NE,April,TMAXA,32.2
1967,NE,April,TMINA,18.5
1967,NE,April,SRADA,19.1
1967,NE,April,PRCP,1512.9
1968,NE,April,TMAXA,32.3
1968,NE,April,TMINA,19.4
1968,NE,April,SRADA,19.1
1968,NE,April,PRCP,1471.2
1969,EN,April,TMAXA,31.6
1969,EN,April,TMINA,19.2
1969,EN,April,SRADA,19.4
1969,EN,April,PRCP,1404.1
1970,EN,April,TMAXA,32.4
1970,EN,April,TMINA,19.9
1970,EN,April,SRADA,19.1
1970,EN,April,PRCP,1521.9
1971,LA,April,TMAXA,31.7
1971,LA,April,TMINA,19.3
1971,LA,April,SRADA,19.5
1971,LA,April,PRCP,1012.7
1972,LA,April,TMAXA,31
1972,LA,April,TMINA,19
1972,LA,April,SRADA,18
1972,LA,April,PRCP,1251.9
1973,EN,April,TMAXA,31
1973,EN,April,TMINA,19.8
1973,EN,April,SRADA,18.9
1973,EN,April,PRCP,1669.9
1974,LA,April,TMAXA,29.2
1974,LA,April,TMINA,20.5
1974,LA,April,SRADA,17.7
1974,LA,April,PRCP,2018.5
1975,LA,April,TMAXA,31.1
1975,LA,April,TMINA,19.2
1975,LA,April,SRADA,18.6
1975,LA,April,PRCP,1357.2
1976,LA,April,TMAXA,31.5
1976,LA,April,TMINA,18.6
1976,LA,April,SRADA,18.5
1976,LA,April,PRCP,1221.1
1977,EN,April,TMAXA,31.2
1977,EN,April,TMINA,18.9
1977,EN,April,SRADA,18.1
1977,EN,April,PRCP,1981
1978,NE,April,TMAXA,30.8
1978,NE,April,TMINA,19.7
1978,NE,April,SRADA,17.3
1978,NE,April,PRCP,1401
1979,NE,April,TMAXA,29.4
1979,NE,April,TMINA,19.9
1979,NE,April,SRADA,16.8
1979,NE,April,PRCP,1630.6
1980,NE,April,TMAXA,31.4
1980,NE,April,TMINA,18.8
1980,NE,April,SRADA,16.6
1980,NE,April,PRCP,1746.2
1981,NE,April,TMAXA,32
1981,NE,April,TMINA,20.7
1981,NE,April,SRADA,16.7
1981,NE,April,PRCP,1683.8
1982,NE,April,TMAXA,31.6
1982,NE,April,TMINA,19.2
1982,NE,April,SRADA,16.6
1982,NE,April,PRCP,2055.7
1983,EN,April,TMAXA,31.7
1983,EN,April,TMINA,20.1
1983,EN,April,SRADA,16.7
1983,EN,April,PRCP,1963.9
1984,LA,April,TMAXA,32.3
1984,LA,April,TMINA,20
1984,LA,April,SRADA,16.7
1984,LA,April,PRCP,1728.2
1985,LA,April,TMAXA,31.7
1985,LA,April,TMINA,19.8
1985,LA,April,SRADA,17.1
1985,LA,April,PRCP,1675.1
1986,NE,April,TMAXA,32.1
1986,NE,April,TMINA,19.2
1986,NE,April,SRADA,17.6
1986,NE,April,PRCP,986.7
1987,EN,April,TMAXA,31.7
1987,EN,April,TMINA,19.7
1987,EN,April,SRADA,17.4
1987,EN,April,PRCP,1535.9
1988,EN,April,TMAXA,32.6
1988,EN,April,TMINA,20.2
1988,EN,April,SRADA,17.3
1988,EN,April,PRCP,1603
1989,LA,April,TMAXA,32.1
1989,LA,April,TMINA,19.8
1989,LA,April,SRADA,18.4
1989,LA,April,PRCP,1332.7
1990,NE,April,TMAXA,31.9
1990,NE,April,TMINA,18.8
1990,NE,April,SRADA,18.2
1990,NE,April,PRCP,1734.9
1991,NE,April,TMAXA,31.9
1991,NE,April,TMINA,19.3
1991,NE,April,SRADA,18
1991,NE,April,PRCP,1593.6
1992,EN,April,TMAXA,32.4
1992,EN,April,TMINA,19.9
1992,EN,April,SRADA,17.6
1992,EN,April,PRCP,1189.9
1993,NE,April,TMAXA,31.9
1993,NE,April,TMINA,19.9
1993,NE,April,SRADA,17.2
1993,NE,April,PRCP,1444.3
1994,NE,April,TMAXA,32.4
1994,NE,April,TMINA,19.4
1994,NE,April,SRADA,17.5
1994,NE,April,PRCP,1465.2
1995,EN,April,TMAXA,32.8
1995,EN,April,TMINA,19.8
1995,EN,April,SRADA,18.1
1995,EN,April,PRCP,1510
1996,LA,April,TMAXA,32.9
1996,LA,April,TMINA,20.4
1996,LA,April,SRADA,18.2
1996,LA,April,PRCP,1304.7
1997,NE,April,TMAXA,32.3
1997,NE,April,TMINA,20.1
1997,NE,April,SRADA,17.3
1997,NE,April,PRCP,1696.8
1998,EN,April,TMAXA,33.3
1998,EN,April,TMINA,20.6
1998,EN,April,SRADA,18.1
1998,EN,April,PRCP,1817.4
1999,LA,April,TMAXA,33.8
1999,LA,April,TMINA,20.6
1999,LA,April,SRADA,17.8
1999,LA,April,PRCP,1145.5
2000,LA,April,TMAXA,33.1
2000,LA,April,TMINA,20.1
2000,LA,April,SRADA,18.3
2000,LA,April,PRCP,1254.4
2001,LA,April,TMAXA,33.1
2001,LA,April,TMINA,19.7
2001,LA,April,SRADA,18.4
2001,LA,April,PRCP,1179.6
2002,NE,April,TMAXA,32.3
2002,NE,April,TMINA,19.7
2002,NE,April,SRADA,18.1
2002,NE,April,PRCP,1834
2003,EN,April,TMAXA,33.1
2003,EN,April,TMINA,20.2
2003,EN,April,SRADA,18.1
2003,EN,April,PRCP,1395.1
2004,NE,April,TMAXA,32.6
2004,NE,April,TMINA,19.7
2004,NE,April,SRADA,18.1
2004,NE,April,PRCP,1589.8
2005,EN,April,TMAXA,32.8
2005,EN,April,TMINA,20
2005,EN,April,SRADA,18.5
2005,EN,April,PRCP,1254.6
2006,NE,April,TMAXA,32.8
2006,NE,April,TMINA,20.5
2006,NE,April,SRADA,18
2006,NE,April,PRCP,1337.2
2007,NE,April,TMAXA,32.7
2007,NE,April,TMINA,20.1
2007,NE,April,SRADA,18.4
2007,NE,April,PRCP,1655
2008,LA,April,TMAXA,33.1
2008,LA,April,TMINA,19.9
2008,LA,April,SRADA,18.7
2008,LA,April,PRCP,1458.9
2009,LA,April,TMAXA,33.1
2009,LA,April,TMINA,20.1
2009,LA,April,SRADA,19.2
2009,LA,April,PRCP,1463
2010,EN,April,TMAXA,32.9
2010,EN,April,TMINA,20.4
2010,EN,April,SRADA,18.6
2010,EN,April,PRCP,1664.4
2011,LA,April,TMAXA,33.6
2011,LA,April,TMINA,19.9
2011,LA,April,SRADA,18.9
2011,LA,April,PRCP,1570.6
2012,LA,April,TMAXA,33
2012,LA,April,TMINA,19.9
2012,LA,April,SRADA,19.2
2012,LA,April,PRCP,1232.9
2013,NE,April,TMAXA,33.2
2013,NE,April,TMINA,20.5
2013,NE,April,SRADA,18.5
2013,NE,April,PRCP,1606.1
2014,NE,April,TMAXA,33
2014,NE,April,TMINA,20.1
2014,NE,April,SRADA,19
2014,NE,April,PRCP,1431.8
2015,NE,April,TMAXA,33.4
2015,NE,April,TMINA,19.9
2015,NE,April,SRADA,18.8
2015,NE,April,PRCP,1392.5
2016,EN,April,TMAXA,34
2016,EN,April,TMINA,21
2016,EN,April,SRADA,19
2016,EN,April,PRCP,1354.1
2017,NE,April,TMAXA,33.9
2017,NE,April,TMINA,20.4
2017,NE,April,SRADA,18.9
2017,NE,April,PRCP,1133
2018,NE,April,TMAXA,33.4
2018,NE,April,TMINA,20.4
2018,NE,April,SRADA,18.9
2018,NE,April,PRCP,1442.5
2019,EN,April,TMAXA,33.3
2019,EN,April,TMINA,19.3
2019,EN,April,SRADA,18.8
2019,EN,April,PRCP,1877.9
1963,NE,April,TMAXA,29.6
1963,NE,April,TMINA,15.3
1963,NE,April,SRADA,19.3
1963,NE,April,PRCP,1427.1
1964,EN,April,TMAXA,30.2
1964,EN,April,TMINA,16.6
1964,EN,April,SRADA,19.1
1964,EN,April,PRCP,1067.9
1965,LA,April,TMAXA,28.3
1965,LA,April,TMINA,16.6
1965,LA,April,SRADA,17.6
1965,LA,April,PRCP,1490.9
1966,EN,April,TMAXA,28.9
1966,EN,April,TMINA,16.9
1966,EN,April,SRADA,18.1
1966,EN,April,PRCP,1445.4
1967,NE,April,TMAXA,28.7
1967,NE,April,TMINA,17.2
1967,NE,April,SRADA,18.7
1967,NE,April,PRCP,1189.2
1968,NE,April,TMAXA,28.6
1968,NE,April,TMINA,17.2
1968,NE,April,SRADA,18.5
1968,NE,April,PRCP,1284
1969,EN,April,TMAXA,28.9
1969,EN,April,TMINA,16.7
1969,EN,April,SRADA,18.9
1969,EN,April,PRCP,1102.3
1970,EN,April,TMAXA,29.6
1970,EN,April,TMINA,17.3
1970,EN,April,SRADA,18.5
1970,EN,April,PRCP,1598.4
1971,LA,April,TMAXA,30.1
1971,LA,April,TMINA,17.2
1971,LA,April,SRADA,19.2
1971,LA,April,PRCP,980
1972,LA,April,TMAXA,29.2
1972,LA,April,TMINA,17.3
1972,LA,April,SRADA,17.8
1972,LA,April,PRCP,1439.7
1973,EN,April,TMAXA,29.9
1973,EN,April,TMINA,18.3
1973,EN,April,SRADA,18.7
1973,EN,April,PRCP,1273
1974,LA,April,TMAXA,27.5
1974,LA,April,TMINA,18.6
1974,LA,April,SRADA,18.2
1974,LA,April,PRCP,1549.2
1975,LA,April,TMAXA,28.1
1975,LA,April,TMINA,18
1975,LA,April,SRADA,19.1
1975,LA,April,PRCP,980.4
1976,LA,April,TMAXA,29.1
1976,LA,April,TMINA,16.7
1976,LA,April,SRADA,19.3
1976,LA,April,PRCP,896.6
1977,EN,April,TMAXA,29.1
1977,EN,April,TMINA,17.1
1977,EN,April,SRADA,18
1977,EN,April,PRCP,1227.8
1978,NE,April,TMAXA,28.2
1978,NE,April,TMINA,18
1978,NE,April,SRADA,17.5
1978,NE,April,PRCP,1798.1
1979,NE,April,TMAXA,28.4
1979,NE,April,TMINA,15.7
1979,NE,April,SRADA,17.3
1979,NE,April,PRCP,1541.9
1980,NE,April,TMAXA,29.1
1980,NE,April,TMINA,16.6
1980,NE,April,SRADA,17.1
1980,NE,April,PRCP,1411.4
1981,NE,April,TMAXA,29.5
1981,NE,April,TMINA,16.7
1981,NE,April,SRADA,17.6
1981,NE,April,PRCP,983.8
1982,NE,April,TMAXA,28.7
1982,NE,April,TMINA,16
1982,NE,April,SRADA,17.4
1982,NE,April,PRCP,1747.3
1983,EN,April,TMAXA,29.4
1983,EN,April,TMINA,17.1
1983,EN,April,SRADA,17.6
1983,EN,April,PRCP,1630.4
1984,LA,April,TMAXA,29.8
1984,LA,April,TMINA,17
1984,LA,April,SRADA,18.1
1984,LA,April,PRCP,1533.5
1985,LA,April,TMAXA,29.5
1985,LA,April,TMINA,16.7
1985,LA,April,SRADA,17.6
1985,LA,April,PRCP,1404.3
1986,NE,April,TMAXA,29.3
1986,NE,April,TMINA,17.6
1986,NE,April,SRADA,18.1
1986,NE,April,PRCP,1208.4
1987,EN,April,TMAXA,29.9
1987,EN,April,TMINA,17
1987,EN,April,SRADA,18.5
1987,EN,April,PRCP,1178.1
1988,EN,April,TMAXA,30.7
1988,EN,April,TMINA,17.8
1988,EN,April,SRADA,18.2
1988,EN,April,PRCP,1839.5
1989,LA,April,TMAXA,30.2
1989,LA,April,TMINA,17
1989,LA,April,SRADA,18.4
1989,LA,April,PRCP,985.4
1990,NE,April,TMAXA,30.3
1990,NE,April,TMINA,17.6
1990,NE,April,SRADA,17.9
1990,NE,April,PRCP,1719.6
1991,NE,April,TMAXA,30
1991,NE,April,TMINA,17.7
1991,NE,April,SRADA,17.7
1991,NE,April,PRCP,1733.5
1992,EN,April,TMAXA,29
1992,EN,April,TMINA,17.3
1992,EN,April,SRADA,17.4
1992,EN,April,PRCP,1778.4
1993,NE,April,TMAXA,29.5
1993,NE,April,TMINA,17.6
1993,NE,April,SRADA,17.7
1993,NE,April,PRCP,1382.7
1994,NE,April,TMAXA,30.1
1994,NE,April,TMINA,17.7
1994,NE,April,SRADA,18.1
1994,NE,April,PRCP,1457
1995,EN,April,TMAXA,30.4
1995,EN,April,TMINA,17.7
1995,EN,April,SRADA,18.9
1995,EN,April,PRCP,1107.3
1996,LA,April,TMAXA,30.5
1996,LA,April,TMINA,17.8
1996,LA,April,SRADA,18.9
1996,LA,April,PRCP,1372.1
1997,NE,April,TMAXA,29.7
1997,NE,April,TMINA,17.6
1997,NE,April,SRADA,18.2
1997,NE,April,PRCP,1488.7
1998,EN,April,TMAXA,30.7
1998,EN,April,TMINA,18
1998,EN,April,SRADA,18.9
1998,EN,April,PRCP,978.4
1999,LA,April,TMAXA,31
1999,LA,April,TMINA,18.1
1999,LA,April,SRADA,18.9
1999,LA,April,PRCP,1114.9
2000,LA,April,TMAXA,30
2000,LA,April,TMINA,17.5
2000,LA,April,SRADA,18.4
2000,LA,April,PRCP,1421.2
2001,LA,April,TMAXA,30.7
2001,LA,April,TMINA,17.3
2001,LA,April,SRADA,19.1
2001,LA,April,PRCP,856.2
2002,NE,April,TMAXA,30.2
2002,NE,April,TMINA,17.7
2002,NE,April,SRADA,18.3
2002,NE,April,PRCP,1493.8
2003,EN,April,TMAXA,30.8
2003,EN,April,TMINA,18.1
2003,EN,April,SRADA,19
2003,EN,April,PRCP,1262.3
2004,NE,April,TMAXA,30.2
2004,NE,April,TMINA,17.5
2004,NE,April,SRADA,17.8
2004,NE,April,PRCP,1516.5
2005,EN,April,TMAXA,30.5
2005,EN,April,TMINA,17.9
2005,EN,April,SRADA,18.9
2005,EN,April,PRCP,1396.6
2006,NE,April,TMAXA,30.5
2006,NE,April,TMINA,18.3
2006,NE,April,SRADA,18.3
2006,NE,April,PRCP,1481.9
2007,NE,April,TMAXA,30.1
2007,NE,April,TMINA,17.6
2007,NE,April,SRADA,18.1
2007,NE,April,PRCP,1622.7
2008,LA,April,TMAXA,30.7
2008,LA,April,TMINA,17.8
2008,LA,April,SRADA,19.9
2008,LA,April,PRCP,1073
2009,LA,April,TMAXA,30.5
2009,LA,April,TMINA,17.7
2009,LA,April,SRADA,19.7
2009,LA,April,PRCP,1184.9
2010,EN,April,TMAXA,30.2
2010,EN,April,TMINA,18.1
2010,EN,April,SRADA,19.5
2010,EN,April,PRCP,1322.1
2011,LA,April,TMAXA,30.4
2011,LA,April,TMINA,17.6
2011,LA,April,SRADA,19.8
2011,LA,April,PRCP,1467.4
2012,LA,April,TMAXA,30.1
2012,LA,April,TMINA,17.4
2012,LA,April,SRADA,19.6
2012,LA,April,PRCP,1131.1
2013,NE,April,TMAXA,30.9
2013,NE,April,TMINA,18.4
2013,NE,April,SRADA,19.8
2013,NE,April,PRCP,1169.1
2014,NE,April,TMAXA,30.3
2014,NE,April,TMINA,18
2014,NE,April,SRADA,19.6
2014,NE,April,PRCP,1142.5
2015,NE,April,TMAXA,30.9
2015,NE,April,TMINA,18.1
2015,NE,April,SRADA,20.2
2015,NE,April,PRCP,1146.5
2016,EN,April,TMAXA,31.9
2016,EN,April,TMINA,18.8
2016,EN,April,SRADA,20.4
2016,EN,April,PRCP,1165.7
2017,NE,April,TMAXA,31.6
2017,NE,April,TMINA,18.8
2017,NE,April,SRADA,20.2
2017,NE,April,PRCP,998.6
2018,NE,April,TMAXA,30.6
2018,NE,April,TMINA,18.3
2018,NE,April,SRADA,19.3
2018,NE,April,PRCP,1211
2019,EN,April,TMAXA,30.8
2019,EN,April,TMINA,17.1
2019,EN,April,SRADA,20
2019,EN,April,PRCP,1446.1
1963,NE,April,TMAXA,31.6
1963,NE,April,TMINA,17.9
1963,NE,April,SRADA,18.4
1963,NE,April,PRCP,1497.6
1964,EN,April,TMAXA,32.7
1964,EN,April,TMINA,17.4
1964,EN,April,SRADA,19
1964,EN,April,PRCP,1315.8
1965,LA,April,TMAXA,31.4
1965,LA,April,TMINA,17.6
1965,LA,April,SRADA,18.6
1965,LA,April,PRCP,1438.2
1966,EN,April,TMAXA,32
1966,EN,April,TMINA,18.5
1966,EN,April,SRADA,18.7
1966,EN,April,PRCP,1557
1967,NE,April,TMAXA,31.9
1967,NE,April,TMINA,18.4
1967,NE,April,SRADA,19.2
1967,NE,April,PRCP,1059.2
1968,NE,April,TMAXA,31.6
1968,NE,April,TMINA,18.6
1968,NE,April,SRADA,18.9
1968,NE,April,PRCP,1312.7
1969,EN,April,TMAXA,31.1
1969,EN,April,TMINA,18.1
1969,EN,April,SRADA,19.7
1969,EN,April,PRCP,1547.6
1970,EN,April,TMAXA,31.7
1970,EN,April,TMINA,18.8
1970,EN,April,SRADA,19.4
1970,EN,April,PRCP,1288
1971,LA,April,TMAXA,31.8
1971,LA,April,TMINA,18.4
1971,LA,April,SRADA,19.5
1971,LA,April,PRCP,1219.9
1972,LA,April,TMAXA,31
1972,LA,April,TMINA,18.2
1972,LA,April,SRADA,17.8
1972,LA,April,PRCP,1388.3
1973,EN,April,TMAXA,32.4
1973,EN,April,TMINA,19.2
1973,EN,April,SRADA,18.7
1973,EN,April,PRCP,1453.5
1974,LA,April,TMAXA,31.6
1974,LA,April,TMINA,19.3
1974,LA,April,SRADA,17.8
1974,LA,April,PRCP,1662.9
1975,LA,April,TMAXA,31.7
1975,LA,April,TMINA,18.6
1975,LA,April,SRADA,18.4
1975,LA,April,PRCP,1613.9
1976,LA,April,TMAXA,31.9
1976,LA,April,TMINA,18.2
1976,LA,April,SRADA,18
1976,LA,April,PRCP,1440.6
1977,EN,April,TMAXA,31.1
1977,EN,April,TMINA,18.1
1977,EN,April,SRADA,18
1977,EN,April,PRCP,1480.9
1978,NE,April,TMAXA,31.1
1978,NE,April,TMINA,18.8
1978,NE,April,SRADA,17.5
1978,NE,April,PRCP,1617.6
1979,NE,April,TMAXA,30.3
1979,NE,April,TMINA,15.5
1979,NE,April,SRADA,16.9
1979,NE,April,PRCP,1958.6
1980,NE,April,TMAXA,30.9
1980,NE,April,TMINA,15.8
1980,NE,April,SRADA,17
1980,NE,April,PRCP,1554.7
1981,NE,April,TMAXA,31
1981,NE,April,TMINA,16.9
1981,NE,April,SRADA,17.2
1981,NE,April,PRCP,1617
1982,NE,April,TMAXA,30.5
1982,NE,April,TMINA,16.9
1982,NE,April,SRADA,16.9
1982,NE,April,PRCP,1573.2
1983,EN,April,TMAXA,31
1983,EN,April,TMINA,18.1
1983,EN,April,SRADA,17.4
1983,EN,April,PRCP,1465.4
1984,LA,April,TMAXA,30.6
1984,LA,April,TMINA,17.5
1984,LA,April,SRADA,17.2
1984,LA,April,PRCP,1553.5
1985,LA,April,TMAXA,31.1
1985,LA,April,TMINA,17.7
1985,LA,April,SRADA,17.5
1985,LA,April,PRCP,1574.2
1986,NE,April,TMAXA,31.2
1986,NE,April,TMINA,17.5
1986,NE,April,SRADA,18.2
1986,NE,April,PRCP,1513.5
1987,EN,April,TMAXA,30.7
1987,EN,April,TMINA,17.7
1987,EN,April,SRADA,18.2
1987,EN,April,PRCP,1901.7
1988,EN,April,TMAXA,31.4
1988,EN,April,TMINA,18.8
1988,EN,April,SRADA,17.5
1988,EN,April,PRCP,1943.1
1989,LA,April,TMAXA,30.8
1989,LA,April,TMINA,19.5
1989,LA,April,SRADA,18.3
1989,LA,April,PRCP,1596.4
1990,NE,April,TMAXA,31
1990,NE,April,TMINA,19.3
1990,NE,April,SRADA,18.5
1990,NE,April,PRCP,1618.6
1991,NE,April,TMAXA,31.1
1991,NE,April,TMINA,18.4
1991,NE,April,SRADA,17.9
1991,NE,April,PRCP,1808.4
1992,EN,April,TMAXA,31.5
1992,EN,April,TMINA,18
1992,EN,April,SRADA,17.4
1992,EN,April,PRCP,1344.5
1993,NE,April,TMAXA,31
1993,NE,April,TMINA,17.8
1993,NE,April,SRADA,17.4
1993,NE,April,PRCP,1752.9
1994,NE,April,TMAXA,31.3
1994,NE,April,TMINA,17.8
1994,NE,April,SRADA,18
1994,NE,April,PRCP,1310.8
1995,EN,April,TMAXA,32
1995,EN,April,TMINA,19.2
1995,EN,April,SRADA,17.9
1995,EN,April,PRCP,1682.5
1996,LA,April,TMAXA,31.9
1996,LA,April,TMINA,18.3
1996,LA,April,SRADA,18.2
1996,LA,April,PRCP,1568.6
1997,NE,April,TMAXA,31.4
1997,NE,April,TMINA,18.5
1997,NE,April,SRADA,17.6
1997,NE,April,PRCP,1573.1
1998,EN,April,TMAXA,32.3
1998,EN,April,TMINA,19
1998,EN,April,SRADA,18.4
1998,EN,April,PRCP,1669.2
1999,LA,April,TMAXA,32.2
1999,LA,April,TMINA,18.8
1999,LA,April,SRADA,17.8
1999,LA,April,PRCP,1416.7
2000,LA,April,TMAXA,32
2000,LA,April,TMINA,18.2
2000,LA,April,SRADA,18.3
2000,LA,April,PRCP,1298.2
2001,LA,April,TMAXA,31.6
2001,LA,April,TMINA,18.7
2001,LA,April,SRADA,18.3
2001,LA,April,PRCP,1236
2002,NE,April,TMAXA,31.5
2002,NE,April,TMINA,19.1
2002,NE,April,SRADA,17.7
2002,NE,April,PRCP,1854
2003,EN,April,TMAXA,32
2003,EN,April,TMINA,19.3
2003,EN,April,SRADA,17.3
2003,EN,April,PRCP,1689.2
2004,NE,April,TMAXA,32.2
2004,NE,April,TMINA,19.2
2004,NE,April,SRADA,17.6
2004,NE,April,PRCP,1291.1
2005,EN,April,TMAXA,31.9
2005,EN,April,TMINA,19
2005,EN,April,SRADA,17.8
2005,EN,April,PRCP,1228.8
2006,NE,April,TMAXA,32.1
2006,NE,April,TMINA,19
2006,NE,April,SRADA,17.3
2006,NE,April,PRCP,1403.3
2007,NE,April,TMAXA,32.1
2007,NE,April,TMINA,18.6
2007,NE,April,SRADA,17.7
2007,NE,April,PRCP,1258.4
2008,LA,April,TMAXA,32.2
2008,LA,April,TMINA,18.4
2008,LA,April,SRADA,17.5
2008,LA,April,PRCP,731.8
2009,LA,April,TMAXA,32.5
2009,LA,April,TMINA,18.6
2009,LA,April,SRADA,18.1
2009,LA,April,PRCP,953
2010,EN,April,TMAXA,32
2010,EN,April,TMINA,19.2
2010,EN,April,SRADA,17.1
2010,EN,April,PRCP,1492.9
2011,LA,April,TMAXA,32.6
2011,LA,April,TMINA,18.5
2011,LA,April,SRADA,17.5
2011,LA,April,PRCP,1319.3
2012,LA,April,TMAXA,32.5
2012,LA,April,TMINA,18.7
2012,LA,April,SRADA,18.8
2012,LA,April,PRCP,1202.4
2013,NE,April,TMAXA,32.3
2013,NE,April,TMINA,19.1
2013,NE,April,SRADA,17.5
2013,NE,April,PRCP,1284
2014,NE,April,TMAXA,32.1
2014,NE,April,TMINA,19
2014,NE,April,SRADA,16.8
2014,NE,April,PRCP,1288
2015,NE,April,TMAXA,32.6
2015,NE,April,TMINA,19.4
2015,NE,April,SRADA,16.4
2015,NE,April,PRCP,1340.6
2016,EN,April,TMAXA,33.2
2016,EN,April,TMINA,20
2016,EN,April,SRADA,16.4
2016,EN,April,PRCP,921.1
2017,NE,April,TMAXA,32.6
2017,NE,April,TMINA,19.7
2017,NE,April,SRADA,17.4
2017,NE,April,PRCP,1270.2
2018,NE,April,TMAXA,33.1
2018,NE,April,TMINA,20.3
2018,NE,April,SRADA,16.9
2018,NE,April,PRCP,1508.1
2019,EN,April,TMAXA,33
2019,EN,April,TMINA,20.1
2019,EN,April,SRADA,17.1
2019,EN,April,PRCP,1515.4
1963,NE,April,TMAXA,30.8
1963,NE,April,TMINA,17.1
1963,NE,April,SRADA,17.3
1963,NE,April,PRCP,590
1964,EN,April,TMAXA,30.9
1964,EN,April,TMINA,17
1964,EN,April,SRADA,16.9
1964,EN,April,PRCP,1013.9
1965,LA,April,TMAXA,29.7
1965,LA,April,TMINA,17.2
1965,LA,April,SRADA,16.3
1965,LA,April,PRCP,666.5
1966,EN,April,TMAXA,31.3
1966,EN,April,TMINA,18
1966,EN,April,SRADA,17.4
1966,EN,April,PRCP,603
1967,NE,April,TMAXA,31.9
1967,NE,April,TMINA,18.2
1967,NE,April,SRADA,18.2
1967,NE,April,PRCP,621.9
1968,NE,April,TMAXA,30.9
1968,NE,April,TMINA,17.8
1968,NE,April,SRADA,17.3
1968,NE,April,PRCP,1014.4
1969,EN,April,TMAXA,29.6
1969,EN,April,TMINA,17
1969,EN,April,SRADA,17.8
1969,EN,April,PRCP,766
1970,EN,April,TMAXA,30.1
1970,EN,April,TMINA,18.3
1970,EN,April,SRADA,17.7
1970,EN,April,PRCP,843.1
1971,LA,April,TMAXA,30.5
1971,LA,April,TMINA,18.5
1971,LA,April,SRADA,18.4
1971,LA,April,PRCP,819.9
1972,LA,April,TMAXA,30.4
1972,LA,April,TMINA,18.4
1972,LA,April,SRADA,17.7
1972,LA,April,PRCP,903.1
1973,EN,April,TMAXA,31.5
1973,EN,April,TMINA,19.2
1973,EN,April,SRADA,18.4
1973,EN,April,PRCP,698.9
1974,LA,April,TMAXA,30.9
1974,LA,April,TMINA,18.8
1974,LA,April,SRADA,18.1
1974,LA,April,PRCP,843.8
1975,LA,April,TMAXA,30.5
1975,LA,April,TMINA,18.6
1975,LA,April,SRADA,18
1975,LA,April,PRCP,809.1
1976,LA,April,TMAXA,30.8
1976,LA,April,TMINA,18.8
1976,LA,April,SRADA,18.3
1976,LA,April,PRCP,499.3
1977,EN,April,TMAXA,30.5
1977,EN,April,TMINA,19.4
1977,EN,April,SRADA,17.5
1977,EN,April,PRCP,838.7
1978,NE,April,TMAXA,29.8
1978,NE,April,TMINA,18.9
1978,NE,April,SRADA,16.7
1978,NE,April,PRCP,956.1
1979,NE,April,TMAXA,29.1
1979,NE,April,TMINA,18.4
1979,NE,April,SRADA,15.5
1979,NE,April,PRCP,1382.6
1980,NE,April,TMAXA,29.4
1980,NE,April,TMINA,17.6
1980,NE,April,SRADA,16.6
1980,NE,April,PRCP,898.1
1981,NE,April,TMAXA,29.7
1981,NE,April,TMINA,18.2
1981,NE,April,SRADA,16.2
1981,NE,April,PRCP,898.6
1982,NE,April,TMAXA,29.5
1982,NE,April,TMINA,17.6
1982,NE,April,SRADA,15.7
1982,NE,April,PRCP,749.2
1983,EN,April,TMAXA,29.1
1983,EN,April,TMINA,18.8
1983,EN,April,SRADA,16.1
1983,EN,April,PRCP,965
1984,LA,April,TMAXA,31.2
1984,LA,April,TMINA,18.8
1984,LA,April,SRADA,16.8
1984,LA,April,PRCP,818.9
1985,LA,April,TMAXA,31
1985,LA,April,TMINA,18.7
1985,LA,April,SRADA,16.7
1985,LA,April,PRCP,980.3
1986,NE,April,TMAXA,30.3
1986,NE,April,TMINA,17.8
1986,NE,April,SRADA,17.3
1986,NE,April,PRCP,802.2
1987,EN,April,TMAXA,30.5
1987,EN,April,TMINA,17.6
1987,EN,April,SRADA,17.7
1987,EN,April,PRCP,768.3
1988,EN,April,TMAXA,32.1
1988,EN,April,TMINA,19.6
1988,EN,April,SRADA,17.7
1988,EN,April,PRCP,764.4
1989,LA,April,TMAXA,31.8
1989,LA,April,TMINA,19.3
1989,LA,April,SRADA,18.4
1989,LA,April,PRCP,495.2
1990,NE,April,TMAXA,31
1990,NE,April,TMINA,18.9
1990,NE,April,SRADA,17.7
1990,NE,April,PRCP,899.3
1991,NE,April,TMAXA,30.7
1991,NE,April,TMINA,19.1
1991,NE,April,SRADA,17.2
1991,NE,April,PRCP,836.9
1992,EN,April,TMAXA,30
1992,EN,April,TMINA,18.6
1992,EN,April,SRADA,15.9
1992,EN,April,PRCP,924.1
1993,NE,April,TMAXA,30.5
1993,NE,April,TMINA,18.7
1993,NE,April,SRADA,16.4
1993,NE,April,PRCP,903.8
1994,NE,April,TMAXA,31.8
1994,NE,April,TMINA,19.1
1994,NE,April,SRADA,17.6
1994,NE,April,PRCP,688.3
1995,EN,April,TMAXA,32
1995,EN,April,TMINA,19.3
1995,EN,April,SRADA,18.3
1995,EN,April,PRCP,502.5
1996,LA,April,TMAXA,32.1
1996,LA,April,TMINA,19.7
1996,LA,April,SRADA,17.9
1996,LA,April,PRCP,700.9
1997,NE,April,TMAXA,31
1997,NE,April,TMINA,19.2
1997,NE,April,SRADA,17.1
1997,NE,April,PRCP,815.9
1998,EN,April,TMAXA,32.6
1998,EN,April,TMINA,19.6
1998,EN,April,SRADA,18.5
1998,EN,April,PRCP,481.6
1999,LA,April,TMAXA,32.4
1999,LA,April,TMINA,20.1
1999,LA,April,SRADA,18.4
1999,LA,April,PRCP,753.9
2000,LA,April,TMAXA,30.8
2000,LA,April,TMINA,19.1
2000,LA,April,SRADA,17.3
2000,LA,April,PRCP,865.7
2001,LA,April,TMAXA,31.6
2001,LA,April,TMINA,19.2
2001,LA,April,SRADA,18.4
2001,LA,April,PRCP,894.1
2002,NE,April,TMAXA,30.9
2002,NE,April,TMINA,19.6
2002,NE,April,SRADA,17.4
2002,NE,April,PRCP,925.1
2003,EN,April,TMAXA,32
2003,EN,April,TMINA,19.8
2003,EN,April,SRADA,18
2003,EN,April,PRCP,589
2004,NE,April,TMAXA,31.2
2004,NE,April,TMINA,19.5
2004,NE,April,SRADA,17.4
2004,NE,April,PRCP,746.9
2005,EN,April,TMAXA,30.8
2005,EN,April,TMINA,19.2
2005,EN,April,SRADA,17.4
2005,EN,April,PRCP,736.4
2006,NE,April,TMAXA,31.9
2006,NE,April,TMINA,19.8
2006,NE,April,SRADA,17.7
2006,NE,April,PRCP,619.6
2007,NE,April,TMAXA,30.6
2007,NE,April,TMINA,18.8
2007,NE,April,SRADA,17.1
2007,NE,April,PRCP,1047
2008,LA,April,TMAXA,32
2008,LA,April,TMINA,18.9
2008,LA,April,SRADA,18.4
2008,LA,April,PRCP,529.8
2009,LA,April,TMAXA,32.1
2009,LA,April,TMINA,19.2
2009,LA,April,SRADA,18.4
2009,LA,April,PRCP,769.7
2010,EN,April,TMAXA,32.4
2010,EN,April,TMINA,19.6
2010,EN,April,SRADA,18.4
2010,EN,April,PRCP,856.4
2011,LA,April,TMAXA,31.4
2011,LA,April,TMINA,19.3
2011,LA,April,SRADA,18.1
2011,LA,April,PRCP,736.1
2012,LA,April,TMAXA,31.9
2012,LA,April,TMINA,18.8
2012,LA,April,SRADA,18.1
2012,LA,April,PRCP,455.3
2013,NE,April,TMAXA,32.6
2013,NE,April,TMINA,19.6
2013,NE,April,SRADA,18.9
2013,NE,April,PRCP,725.5
2014,NE,April,TMAXA,32.3
2014,NE,April,TMINA,19.5
2014,NE,April,SRADA,18.1
2014,NE,April,PRCP,568.7
2015,NE,April,TMAXA,32.6
2015,NE,April,TMINA,19.1
2015,NE,April,SRADA,18.8
2015,NE,April,PRCP,636.2
2016,EN,April,TMAXA,33.4
2016,EN,April,TMINA,20.1
2016,EN,April,SRADA,19.2
2016,EN,April,PRCP,611.2
2017,NE,April,TMAXA,32.7
2017,NE,April,TMINA,19.3
2017,NE,April,SRADA,18.8
2017,NE,April,PRCP,575.9
2018,NE,April,TMAXA,31.7
2018,NE,April,TMINA,19.1
2018,NE,April,SRADA,18.6
2018,NE,April,PRCP,726.6
2019,EN,April,TMAXA,32.9
2019,EN,April,TMINA,19.7
2019,EN,April,SRADA,19.2
2019,EN,April,PRCP,544.1
1963,NE,May,TMAXA,31.7
1963,NE,May,TMINA,17.9
1963,NE,May,SRADA,18.2
1963,NE,May,PRCP,1899.6
1964,EN,May,TMAXA,32.6
1964,EN,May,TMINA,17.7
1964,EN,May,SRADA,18.7
1964,EN,May,PRCP,1376.5
1965,LA,May,TMAXA,31.8
1965,LA,May,TMINA,17.6
1965,LA,May,SRADA,18.3
1965,LA,May,PRCP,1872.2
1966,EN,May,TMAXA,32.9
1966,EN,May,TMINA,17.9
1966,EN,May,SRADA,18.7
1966,EN,May,PRCP,1831.4
1967,NE,May,TMAXA,32
1967,NE,May,TMINA,18.8
1967,NE,May,SRADA,19.1
1967,NE,May,PRCP,1444.2
1968,NE,May,TMAXA,31.8
1968,NE,May,TMINA,18.8
1968,NE,May,SRADA,19.2
1968,NE,May,PRCP,1631.8
1969,EN,May,TMAXA,31.7
1969,EN,May,TMINA,19
1969,EN,May,SRADA,19.4
1969,EN,May,PRCP,1537.1
1970,EN,May,TMAXA,32
1970,EN,May,TMINA,19.6
1970,EN,May,SRADA,18.9
1970,EN,May,PRCP,1686.7
1971,LA,May,TMAXA,32
1971,LA,May,TMINA,18.6
1971,LA,May,SRADA,18.9
1971,LA,May,PRCP,1562.2
1972,LA,May,TMAXA,31.3
1972,LA,May,TMINA,18.5
1972,LA,May,SRADA,17.9
1972,LA,May,PRCP,1698.2
1973,EN,May,TMAXA,32
1973,EN,May,TMINA,19.1
1973,EN,May,SRADA,18.2
1973,EN,May,PRCP,2142.5
1974,LA,May,TMAXA,30.7
1974,LA,May,TMINA,19.1
1974,LA,May,SRADA,17.7
1974,LA,May,PRCP,1882.6
1975,LA,May,TMAXA,29.8
1975,LA,May,TMINA,19.6
1975,LA,May,SRADA,18
1975,LA,May,PRCP,1721.1
1976,LA,May,TMAXA,31.7
1976,LA,May,TMINA,17.6
1976,LA,May,SRADA,17.3
1976,LA,May,PRCP,2186.1
1977,NE,May,TMAXA,31.3
1977,NE,May,TMINA,14.6
1977,NE,May,SRADA,17.6
1977,NE,May,PRCP,1649.6
1978,NE,May,TMAXA,31.2
1978,NE,May,TMINA,18.2
1978,NE,May,SRADA,16.9
1978,NE,May,PRCP,2174.4
1979,NE,May,TMAXA,31
1979,NE,May,TMINA,18.8
1979,NE,May,SRADA,16.8
1979,NE,May,PRCP,2041.6
1980,NE,May,TMAXA,31.7
1980,NE,May,TMINA,18.6
1980,NE,May,SRADA,16.2
1980,NE,May,PRCP,2086.6
1981,NE,May,TMAXA,31.6
1981,NE,May,TMINA,18.2
1981,NE,May,SRADA,15.5
1981,NE,May,PRCP,1841.6
1982,NE,May,TMAXA,31
1982,NE,May,TMINA,20.1
1982,NE,May,SRADA,15.4
1982,NE,May,PRCP,1914
1983,EN,May,TMAXA,31.9
1983,EN,May,TMINA,19.1
1983,EN,May,SRADA,16.9
1983,EN,May,PRCP,1673.5
1984,NE,May,TMAXA,31.6
1984,NE,May,TMINA,18.8
1984,NE,May,SRADA,16.4
1984,NE,May,PRCP,1791.4
1985,LA,May,TMAXA,31.6
1985,LA,May,TMINA,18.7
1985,LA,May,SRADA,16.8
1985,LA,May,PRCP,1685.4
1986,NE,May,TMAXA,32
1986,NE,May,TMINA,19.1
1986,NE,May,SRADA,17.3
1986,NE,May,PRCP,1445.8
1987,EN,May,TMAXA,32
1987,EN,May,TMINA,19.5
1987,EN,May,SRADA,17.6
1987,EN,May,PRCP,1635.5
1988,EN,May,TMAXA,32.7
1988,EN,May,TMINA,20.2
1988,EN,May,SRADA,16.9
1988,EN,May,PRCP,1842.4
1989,LA,May,TMAXA,32
1989,LA,May,TMINA,19.2
1989,LA,May,SRADA,17.1
1989,LA,May,PRCP,1714.7
1990,NE,May,TMAXA,31.1
1990,NE,May,TMINA,19.6
1990,NE,May,SRADA,16.5
1990,NE,May,PRCP,1787.3
1991,NE,May,TMAXA,31.2
1991,NE,May,TMINA,19.6
1991,NE,May,SRADA,16.2
1991,NE,May,PRCP,2082
1992,EN,May,TMAXA,30.5
1992,EN,May,TMINA,18.6
1992,EN,May,SRADA,16
1992,EN,May,PRCP,2011
1993,NE,May,TMAXA,31.1
1993,NE,May,TMINA,18.7
1993,NE,May,SRADA,16.6
1993,NE,May,PRCP,1860.7
1994,NE,May,TMAXA,31.4
1994,NE,May,TMINA,19.7
1994,NE,May,SRADA,16.5
1994,NE,May,PRCP,2422.9
1995,EN,May,TMAXA,31.4
1995,EN,May,TMINA,19.9
1995,EN,May,SRADA,15.8
1995,EN,May,PRCP,2291.9
1996,LA,May,TMAXA,31.8
1996,LA,May,TMINA,19.4
1996,LA,May,SRADA,17.3
1996,LA,May,PRCP,1632.1
1997,NE,May,TMAXA,31.5
1997,NE,May,TMINA,19.7
1997,NE,May,SRADA,17.2
1997,NE,May,PRCP,1618.6
1998,EN,May,TMAXA,33.1
1998,EN,May,TMINA,20
1998,EN,May,SRADA,18.2
1998,EN,May,PRCP,1418.9
1999,LA,May,TMAXA,32.6
1999,LA,May,TMINA,19.6
1999,LA,May,SRADA,17.2
1999,LA,May,PRCP,1582.9
2000,LA,May,TMAXA,32.8
2000,LA,May,TMINA,19.6
2000,LA,May,SRADA,17.3
2000,LA,May,PRCP,1733.8
2001,LA,May,TMAXA,32.5
2001,LA,May,TMINA,19.6
2001,LA,May,SRADA,18
2001,LA,May,PRCP,1353.5
2002,NE,May,TMAXA,32.7
2002,NE,May,TMINA,19.8
2002,NE,May,SRADA,17.9
2002,NE,May,PRCP,1767
2003,EN,May,TMAXA,32.6
2003,EN,May,TMINA,20.1
2003,EN,May,SRADA,17.6
2003,EN,May,PRCP,1952.7
2004,NE,May,TMAXA,32.1
2004,NE,May,TMINA,20.3
2004,NE,May,SRADA,17.2
2004,NE,May,PRCP,2509.6
2005,EN,May,TMAXA,32.3
2005,EN,May,TMINA,20.2
2005,EN,May,SRADA,17.3
2005,EN,May,PRCP,1528.5
2006,NE,May,TMAXA,32.6
2006,NE,May,TMINA,20.2
2006,NE,May,SRADA,17.5
2006,NE,May,PRCP,1891.9
2007,NE,May,TMAXA,32.7
2007,NE,May,TMINA,20.3
2007,NE,May,SRADA,18.1
2007,NE,May,PRCP,1782.3
2008,LA,May,TMAXA,32.6
2008,LA,May,TMINA,19.7
2008,LA,May,SRADA,17.5
2008,LA,May,PRCP,1915.6
2009,LA,May,TMAXA,32.9
2009,LA,May,TMINA,20.2
2009,LA,May,SRADA,17.9
2009,LA,May,PRCP,1563.3
2010,EN,May,TMAXA,33
2010,EN,May,TMINA,20.3
2010,EN,May,SRADA,17.5
2010,EN,May,PRCP,1698.5
2011,LA,May,TMAXA,32.9
2011,LA,May,TMINA,19.6
2011,LA,May,SRADA,17.6
2011,LA,May,PRCP,1709
2012,LA,May,TMAXA,32.6
2012,LA,May,TMINA,20
2012,LA,May,SRADA,18.3
2012,LA,May,PRCP,1602.4
2013,NE,May,TMAXA,32.7
2013,NE,May,TMINA,20.5
2013,NE,May,SRADA,18
2013,NE,May,PRCP,1692.7
2014,NE,May,TMAXA,32.4
2014,NE,May,TMINA,20.3
2014,NE,May,SRADA,18
2014,NE,May,PRCP,1198.7
2015,EN,May,TMAXA,32.7
2015,EN,May,TMINA,20.8
2015,EN,May,SRADA,17.7
2015,EN,May,PRCP,1466
2016,EN,May,TMAXA,33.6
2016,EN,May,TMINA,21.2
2016,EN,May,SRADA,17.9
2016,EN,May,PRCP,1362
2017,NE,May,TMAXA,32.6
2017,NE,May,TMINA,20.6
2017,NE,May,SRADA,17.4
2017,NE,May,PRCP,2054.2
2018,LA,May,TMAXA,32.7
2018,LA,May,TMINA,20.6
2018,LA,May,SRADA,17.2
2018,LA,May,PRCP,2162.8
2019,EN,May,TMAXA,32.6
2019,EN,May,TMINA,20.6
2019,EN,May,SRADA,17.5
2019,EN,May,PRCP,2100.7
1963,NE,May,TMAXA,32.3
1963,NE,May,TMINA,18
1963,NE,May,SRADA,18.7
1963,NE,May,PRCP,1713
1964,EN,May,TMAXA,33
1964,EN,May,TMINA,17.6
1964,EN,May,SRADA,19.1
1964,EN,May,PRCP,1443.3
1965,LA,May,TMAXA,31.9
1965,LA,May,TMINA,17.6
1965,LA,May,SRADA,18.5
1965,LA,May,PRCP,1781.5
1966,EN,May,TMAXA,32.8
1966,EN,May,TMINA,18
1966,EN,May,SRADA,18.7
1966,EN,May,PRCP,1919.6
1967,NE,May,TMAXA,32.4
1967,NE,May,TMINA,18.4
1967,NE,May,SRADA,19.2
1967,NE,May,PRCP,1493.9
1968,NE,May,TMAXA,32.4
1968,NE,May,TMINA,19.1
1968,NE,May,SRADA,19.1
1968,NE,May,PRCP,1495.8
1969,EN,May,TMAXA,31.9
1969,EN,May,TMINA,19.3
1969,EN,May,SRADA,19.5
1969,EN,May,PRCP,1099.5
1970,EN,May,TMAXA,32.2
1970,EN,May,TMINA,19.6
1970,EN,May,SRADA,19.1
1970,EN,May,PRCP,1437.5
1971,LA,May,TMAXA,32.1
1971,LA,May,TMINA,19.4
1971,LA,May,SRADA,19.4
1971,LA,May,PRCP,1201.8
1972,LA,May,TMAXA,31.6
1972,LA,May,TMINA,19
1972,LA,May,SRADA,18.1
1972,LA,May,PRCP,1598.8
1973,EN,May,TMAXA,32.2
1973,EN,May,TMINA,19.6
1973,EN,May,SRADA,18.5
1973,EN,May,PRCP,1718.3
1974,LA,May,TMAXA,31.2
1974,LA,May,TMINA,19.6
1974,LA,May,SRADA,17.6
1974,LA,May,PRCP,1784.8
1975,LA,May,TMAXA,31.4
1975,LA,May,TMINA,19.2
1975,LA,May,SRADA,18.5
1975,LA,May,PRCP,1321.5
1976,LA,May,TMAXA,32
1976,LA,May,TMINA,18.3
1976,LA,May,SRADA,18.2
1976,LA,May,PRCP,1277.1
1977,NE,May,TMAXA,31.5
1977,NE,May,TMINA,17.9
1977,NE,May,SRADA,17.9
1977,NE,May,PRCP,1900.3
1978,NE,May,TMAXA,31.3
1978,NE,May,TMINA,19.3
1978,NE,May,SRADA,17.2
1978,NE,May,PRCP,2130.9
1979,NE,May,TMAXA,30.8
1979,NE,May,TMINA,18.7
1979,NE,May,SRADA,16.8
1979,NE,May,PRCP,1753.8
1980,NE,May,TMAXA,31.7
1980,NE,May,TMINA,18.3
1980,NE,May,SRADA,16.9
1980,NE,May,PRCP,1650.4
1981,NE,May,TMAXA,31.9
1981,NE,May,TMINA,19
1981,NE,May,SRADA,16.5
1981,NE,May,PRCP,1711.6
1982,NE,May,TMAXA,31.3
1982,NE,May,TMINA,19
1982,NE,May,SRADA,16.5
1982,NE,May,PRCP,1539
1983,EN,May,TMAXA,31.8
1983,EN,May,TMINA,19.4
1983,EN,May,SRADA,17.1
1983,EN,May,PRCP,1645.3
1984,NE,May,TMAXA,31.7
1984,NE,May,TMINA,19.2
1984,NE,May,SRADA,16.8
1984,NE,May,PRCP,1711.2
1985,LA,May,TMAXA,31.7
1985,LA,May,TMINA,18.9
1985,LA,May,SRADA,17.2
1985,LA,May,PRCP,1629.4
1986,NE,May,TMAXA,32
1986,NE,May,TMINA,18.7
1986,NE,May,SRADA,17.6
1986,NE,May,PRCP,1664
1987,EN,May,TMAXA,31.9
1987,EN,May,TMINA,19.1
1987,EN,May,SRADA,17.7
1987,EN,May,PRCP,1630
1988,EN,May,TMAXA,32.5
1988,EN,May,TMINA,19
1988,EN,May,SRADA,17.5
1988,EN,May,PRCP,1953.7
1989,LA,May,TMAXA,31.8
1989,LA,May,TMINA,15.7
1989,LA,May,SRADA,18.4
1989,LA,May,PRCP,1702.7
1990,NE,May,TMAXA,31.7
1990,NE,May,TMINA,19.5
1990,NE,May,SRADA,18.4
1990,NE,May,PRCP,2306.1
1991,NE,May,TMAXA,31.8
1991,NE,May,TMINA,19.8
1991,NE,May,SRADA,18.2
1991,NE,May,PRCP,1940.7
1992,EN,May,TMAXA,32.1
1992,EN,May,TMINA,19.6
1992,EN,May,SRADA,17.3
1992,EN,May,PRCP,1551.1
1993,NE,May,TMAXA,31.6
1993,NE,May,TMINA,19.4
1993,NE,May,SRADA,17.5
1993,NE,May,PRCP,1800.4
1994,NE,May,TMAXA,31.9
1994,NE,May,TMINA,19.5
1994,NE,May,SRADA,17.3
1994,NE,May,PRCP,1775.5
1995,EN,May,TMAXA,32.3
1995,EN,May,TMINA,19.3
1995,EN,May,SRADA,17.3
1995,EN,May,PRCP,1790.4
1996,LA,May,TMAXA,32.7
1996,LA,May,TMINA,19.3
1996,LA,May,SRADA,18.3
1996,LA,May,PRCP,1299.7
1997,NE,May,TMAXA,32.3
1997,NE,May,TMINA,19.6
1997,NE,May,SRADA,17.2
1997,NE,May,PRCP,1596.4
1998,EN,May,TMAXA,33.3
1998,EN,May,TMINA,20.5
1998,EN,May,SRADA,19.3
1998,EN,May,PRCP,1343.9
1999,LA,May,TMAXA,32.9
1999,LA,May,TMINA,20.1
1999,LA,May,SRADA,18.5
1999,LA,May,PRCP,1602.3
2000,LA,May,TMAXA,32.2
2000,LA,May,TMINA,19.2
2000,LA,May,SRADA,18.3
2000,LA,May,PRCP,1778.4
2001,LA,May,TMAXA,32.3
2001,LA,May,TMINA,19.6
2001,LA,May,SRADA,18.9
2001,LA,May,PRCP,1464.2
2002,NE,May,TMAXA,32.4
2002,NE,May,TMINA,20
2002,NE,May,SRADA,18.5
2002,NE,May,PRCP,2012.4
2003,EN,May,TMAXA,32.9
2003,EN,May,TMINA,20.1
2003,EN,May,SRADA,18.8
2003,EN,May,PRCP,1915.3
2004,NE,May,TMAXA,32.7
2004,NE,May,TMINA,20.2
2004,NE,May,SRADA,18.1
2004,NE,May,PRCP,2245.6
2005,EN,May,TMAXA,33.3
2005,EN,May,TMINA,20
2005,EN,May,SRADA,18.7
2005,EN,May,PRCP,1654.5
2006,NE,May,TMAXA,33.3
2006,NE,May,TMINA,20.1
2006,NE,May,SRADA,18.6
2006,NE,May,PRCP,1604.4
2007,NE,May,TMAXA,33.4
2007,NE,May,TMINA,20
2007,NE,May,SRADA,19.1
2007,NE,May,PRCP,1993.2
2008,LA,May,TMAXA,33
2008,LA,May,TMINA,19.6
2008,LA,May,SRADA,18.9
2008,LA,May,PRCP,1855.6
2009,LA,May,TMAXA,32.8
2009,LA,May,TMINA,19.6
2009,LA,May,SRADA,19.3
2009,LA,May,PRCP,2068.9
2010,EN,May,TMAXA,32.6
2010,EN,May,TMINA,20.2
2010,EN,May,SRADA,18.7
2010,EN,May,PRCP,1861.9
2011,LA,May,TMAXA,33.2
2011,LA,May,TMINA,20.1
2011,LA,May,SRADA,18.5
2011,LA,May,PRCP,1999.3
2012,LA,May,TMAXA,32.6
2012,LA,May,TMINA,19.8
2012,LA,May,SRADA,18.9
2012,LA,May,PRCP,1571
2013,NE,May,TMAXA,32.8
2013,NE,May,TMINA,20.1
2013,NE,May,SRADA,18.7
2013,NE,May,PRCP,1925.9
2014,NE,May,TMAXA,32.6
2014,NE,May,TMINA,20
2014,NE,May,SRADA,18.7
2014,NE,May,PRCP,1988.7
2015,EN,May,TMAXA,33
2015,EN,May,TMINA,20.4
2015,EN,May,SRADA,17.9
2015,EN,May,PRCP,2069.2
2016,EN,May,TMAXA,33.9
2016,EN,May,TMINA,20.8
2016,EN,May,SRADA,19.8
2016,EN,May,PRCP,1533.7
2017,NE,May,TMAXA,33.5
2017,NE,May,TMINA,20.4
2017,NE,May,SRADA,19.4
2017,NE,May,PRCP,2338.8
2018,LA,May,TMAXA,33
2018,LA,May,TMINA,20.3
2018,LA,May,SRADA,18.5
2018,LA,May,PRCP,1893.4
2019,EN,May,TMAXA,33.1
2019,EN,May,TMINA,20.5
2019,EN,May,SRADA,18.6
2019,EN,May,PRCP,1357.7
1963,NE,May,TMAXA,32.2
1963,NE,May,TMINA,20
1963,NE,May,SRADA,18
1963,NE,May,PRCP,1490.5
1964,EN,May,TMAXA,33.1
1964,EN,May,TMINA,20.5
1964,EN,May,SRADA,18.6
1964,EN,May,PRCP,1082.9
1965,LA,May,TMAXA,32.1
1965,LA,May,TMINA,20.1
1965,LA,May,SRADA,18.2
1965,LA,May,PRCP,1388.9
1966,EN,May,TMAXA,33
1966,EN,May,TMINA,20.6
1966,EN,May,SRADA,18.5
1966,EN,May,PRCP,1372.3
1967,NE,May,TMAXA,32.9
1967,NE,May,TMINA,20.4
1967,NE,May,SRADA,19.3
1967,NE,May,PRCP,1289.3
1968,NE,May,TMAXA,32.7
1968,NE,May,TMINA,19.8
1968,NE,May,SRADA,18.7
1968,NE,May,PRCP,1283.1
1969,EN,May,TMAXA,32.7
1969,EN,May,TMINA,19.9
1969,EN,May,SRADA,19.6
1969,EN,May,PRCP,1430.1
1970,EN,May,TMAXA,33.1
1970,EN,May,TMINA,20.6
1970,EN,May,SRADA,19
1970,EN,May,PRCP,1457.3
1971,LA,May,TMAXA,33
1971,LA,May,TMINA,18.3
1971,LA,May,SRADA,18.9
1971,LA,May,PRCP,1215.7
1972,LA,May,TMAXA,32.2
1972,LA,May,TMINA,18.6
1972,LA,May,SRADA,18
1972,LA,May,PRCP,1575.6
1973,EN,May,TMAXA,33.1
1973,EN,May,TMINA,20.8
1973,EN,May,SRADA,18.5
1973,EN,May,PRCP,1565.8
1974,LA,May,TMAXA,32.1
1974,LA,May,TMINA,20.4
1974,LA,May,SRADA,17.7
1974,LA,May,PRCP,1892.1
1975,LA,May,TMAXA,31.5
1975,LA,May,TMINA,20.6
1975,LA,May,SRADA,17.9
1975,LA,May,PRCP,1565.4
1976,LA,May,TMAXA,32.3
1976,LA,May,TMINA,19.8
1976,LA,May,SRADA,17.7
1976,LA,May,PRCP,1759.2
1977,NE,May,TMAXA,31.9
1977,NE,May,TMINA,19.8
1977,NE,May,SRADA,17.5
1977,NE,May,PRCP,1706.9
1978,NE,May,TMAXA,32.2
1978,NE,May,TMINA,20.7
1978,NE,May,SRADA,17.4
1978,NE,May,PRCP,1588.7
1979,NE,May,TMAXA,32
1979,NE,May,TMINA,20.5
1979,NE,May,SRADA,16.1
1979,NE,May,PRCP,1880.3
1980,NE,May,TMAXA,32.3
1980,NE,May,TMINA,20.5
1980,NE,May,SRADA,16.3
1980,NE,May,PRCP,1520.2
1981,NE,May,TMAXA,32.3
1981,NE,May,TMINA,20.4
1981,NE,May,SRADA,15.7
1981,NE,May,PRCP,1598.6
1982,NE,May,TMAXA,32
1982,NE,May,TMINA,20.2
1982,NE,May,SRADA,15.4
1982,NE,May,PRCP,1670.9
1983,EN,May,TMAXA,32.7
1983,EN,May,TMINA,21.2
1983,EN,May,SRADA,15.8
1983,EN,May,PRCP,1754.1
1984,NE,May,TMAXA,31.9
1984,NE,May,TMINA,20.4
1984,NE,May,SRADA,15.1
1984,NE,May,PRCP,1737.8
1985,LA,May,TMAXA,32.3
1985,LA,May,TMINA,20.7
1985,LA,May,SRADA,15.7
1985,LA,May,PRCP,1935.7
1986,NE,May,TMAXA,32.8
1986,NE,May,TMINA,20.8
1986,NE,May,SRADA,16.9
1986,NE,May,PRCP,1386.3
1987,EN,May,TMAXA,32.5
1987,EN,May,TMINA,20.9
1987,EN,May,SRADA,17.5
1987,EN,May,PRCP,1452.8
1988,EN,May,TMAXA,32.4
1988,EN,May,TMINA,21.3
1988,EN,May,SRADA,16.5
1988,EN,May,PRCP,1737.9
1989,LA,May,TMAXA,32.2
1989,LA,May,TMINA,20.4
1989,LA,May,SRADA,16.9
1989,LA,May,PRCP,1749.3
1990,NE,May,TMAXA,32.3
1990,NE,May,TMINA,21
1990,NE,May,SRADA,16.5
1990,NE,May,PRCP,1394.2
1991,NE,May,TMAXA,32
1991,NE,May,TMINA,20.6
1991,NE,May,SRADA,16
1991,NE,May,PRCP,2098.5
1992,EN,May,TMAXA,32
1992,EN,May,TMINA,19.8
1992,EN,May,SRADA,15.8
1992,EN,May,PRCP,1549.4
1993,NE,May,TMAXA,32.1
1993,NE,May,TMINA,20.2
1993,NE,May,SRADA,16.2
1993,NE,May,PRCP,1403.3
1994,NE,May,TMAXA,32.4
1994,NE,May,TMINA,20.8
1994,NE,May,SRADA,16.3
1994,NE,May,PRCP,1384.2
1995,EN,May,TMAXA,32.1
1995,EN,May,TMINA,20.8
1995,EN,May,SRADA,15.8
1995,EN,May,PRCP,1640.4
1996,LA,May,TMAXA,32.4
1996,LA,May,TMINA,20.2
1996,LA,May,SRADA,16.7
1996,LA,May,PRCP,1798
1997,NE,May,TMAXA,31.7
1997,NE,May,TMINA,19.7
1997,NE,May,SRADA,17.2
1997,NE,May,PRCP,1674.1
1998,EN,May,TMAXA,33.1
1998,EN,May,TMINA,20.7
1998,EN,May,SRADA,17.9
1998,EN,May,PRCP,1686
1999,LA,May,TMAXA,32.9
1999,LA,May,TMINA,20.4
1999,LA,May,SRADA,17.2
1999,LA,May,PRCP,1671
2000,LA,May,TMAXA,32.8
2000,LA,May,TMINA,20.6
2000,LA,May,SRADA,17.3
2000,LA,May,PRCP,1372.3
2001,LA,May,TMAXA,32.7
2001,LA,May,TMINA,20.7
2001,LA,May,SRADA,17.6
2001,LA,May,PRCP,1235.2
2002,NE,May,TMAXA,33.2
2002,NE,May,TMINA,21.2
2002,NE,May,SRADA,17.9
2002,NE,May,PRCP,1597.7
2003,EN,May,TMAXA,32.9
2003,EN,May,TMINA,20.8
2003,EN,May,SRADA,17.4
2003,EN,May,PRCP,1401.3
2004,NE,May,TMAXA,32.3
2004,NE,May,TMINA,21.2
2004,NE,May,SRADA,17.3
2004,NE,May,PRCP,1413
2005,EN,May,TMAXA,32.4
2005,EN,May,TMINA,21.2
2005,EN,May,SRADA,17
2005,EN,May,PRCP,1229.6
2006,NE,May,TMAXA,32.3
2006,NE,May,TMINA,21.3
2006,NE,May,SRADA,16.9
2006,NE,May,PRCP,1603.4
2007,NE,May,TMAXA,32.7
2007,NE,May,TMINA,21.4
2007,NE,May,SRADA,17.4
2007,NE,May,PRCP,1615.5
2008,LA,May,TMAXA,32.3
2008,LA,May,TMINA,20.9
2008,LA,May,SRADA,16.6
2008,LA,May,PRCP,1669.5
2009,LA,May,TMAXA,33.1
2009,LA,May,TMINA,20.7
2009,LA,May,SRADA,17.8
2009,LA,May,PRCP,1272.5
2010,EN,May,TMAXA,32.6
2010,EN,May,TMINA,20.5
2010,EN,May,SRADA,17
2010,EN,May,PRCP,1448.8
2011,LA,May,TMAXA,33
2011,LA,May,TMINA,20.5
2011,LA,May,SRADA,16.8
2011,LA,May,PRCP,558
2012,LA,May,TMAXA,33.1
2012,LA,May,TMINA,20.6
2012,LA,May,SRADA,17.8
2012,LA,May,PRCP,1450.2
2013,NE,May,TMAXA,32.8
2013,NE,May,TMINA,21.2
2013,NE,May,SRADA,17.2
2013,NE,May,PRCP,1776.8
2014,NE,May,TMAXA,32.4
2014,NE,May,TMINA,21
2014,NE,May,SRADA,16.7
2014,NE,May,PRCP,1914.9
2015,EN,May,TMAXA,32.4
2015,EN,May,TMINA,21.4
2015,EN,May,SRADA,16.8
2015,EN,May,PRCP,1566.9
2016,EN,May,TMAXA,33.7
2016,EN,May,TMINA,21.9
2016,EN,May,SRADA,17.3
2016,EN,May,PRCP,1334.9
2017,NE,May,TMAXA,32.2
2017,NE,May,TMINA,20.9
2017,NE,May,SRADA,17.1
2017,NE,May,PRCP,1517.6
2018,LA,May,TMAXA,33.1
2018,LA,May,TMINA,21.3
2018,LA,May,SRADA,17.4
2018,LA,May,PRCP,1553.8
2019,EN,May,TMAXA,32.4
2019,EN,May,TMINA,20.9
2019,EN,May,SRADA,16.9
2019,EN,May,PRCP,1243.8
1963,NE,May,TMAXA,28.8
1963,NE,May,TMINA,15
1963,NE,May,SRADA,18.9
1963,NE,May,PRCP,1581.1
1964,EN,May,TMAXA,29.4
1964,EN,May,TMINA,16.8
1964,EN,May,SRADA,18.8
1964,EN,May,PRCP,1161.1
1965,LA,May,TMAXA,27.5
1965,LA,May,TMINA,16.4
1965,LA,May,SRADA,17.6
1965,LA,May,PRCP,1667.4
1966,EN,May,TMAXA,28.1
1966,EN,May,TMINA,16.7
1966,EN,May,SRADA,18.1
1966,EN,May,PRCP,1532.3
1967,NE,May,TMAXA,27.8
1967,NE,May,TMINA,17
1967,NE,May,SRADA,18.5
1967,NE,May,PRCP,1223.1
1968,NE,May,TMAXA,27.8
1968,NE,May,TMINA,16.9
1968,NE,May,SRADA,18.4
1968,NE,May,PRCP,1230.3
1969,EN,May,TMAXA,28.2
1969,EN,May,TMINA,16.8
1969,EN,May,SRADA,18.9
1969,EN,May,PRCP,1158.8
1970,EN,May,TMAXA,28.6
1970,EN,May,TMINA,17.4
1970,EN,May,SRADA,18.3
1970,EN,May,PRCP,1539.4
1971,LA,May,TMAXA,29.2
1971,LA,May,TMINA,17.2
1971,LA,May,SRADA,19.1
1971,LA,May,PRCP,1052.2
1972,LA,May,TMAXA,28.2
1972,LA,May,TMINA,17.1
1972,LA,May,SRADA,17.8
1972,LA,May,PRCP,1555
1973,EN,May,TMAXA,28.9
1973,EN,May,TMINA,18.4
1973,EN,May,SRADA,18.6
1973,EN,May,PRCP,1389.5
1974,LA,May,TMAXA,26.6
1974,LA,May,TMINA,18.5
1974,LA,May,SRADA,18
1974,LA,May,PRCP,1400.9
1975,LA,May,TMAXA,27.7
1975,LA,May,TMINA,17.5
1975,LA,May,SRADA,19.2
1975,LA,May,PRCP,990.6
1976,LA,May,TMAXA,28.3
1976,LA,May,TMINA,16.5
1976,LA,May,SRADA,19.1
1976,LA,May,PRCP,900.5
1977,NE,May,TMAXA,28.2
1977,NE,May,TMINA,17
1977,NE,May,SRADA,17.8
1977,NE,May,PRCP,1388.1
1978,NE,May,TMAXA,28
1978,NE,May,TMINA,17.4
1978,NE,May,SRADA,17.6
1978,NE,May,PRCP,1295.8
1979,NE,May,TMAXA,27.9
1979,NE,May,TMINA,15.9
1979,NE,May,SRADA,17.3
1979,NE,May,PRCP,1671.3
1980,NE,May,TMAXA,28
1980,NE,May,TMINA,16.6
1980,NE,May,SRADA,16.8
1980,NE,May,PRCP,2014.2
1981,NE,May,TMAXA,28.5
1981,NE,May,TMINA,16.8
1981,NE,May,SRADA,17.4
1981,NE,May,PRCP,1314.8
1982,NE,May,TMAXA,27.6
1982,NE,May,TMINA,16.2
1982,NE,May,SRADA,17.3
1982,NE,May,PRCP,1977.4
1983,EN,May,TMAXA,28.4
1983,EN,May,TMINA,17.4
1983,EN,May,SRADA,17.3
1983,EN,May,PRCP,1593.1
1984,NE,May,TMAXA,28.9
1984,NE,May,TMINA,17.5
1984,NE,May,SRADA,17.8
1984,NE,May,PRCP,1433.1
1985,LA,May,TMAXA,28.3
1985,LA,May,TMINA,17.2
1985,LA,May,SRADA,17.1
1985,LA,May,PRCP,1350.7
1986,NE,May,TMAXA,28.3
1986,NE,May,TMINA,17.2
1986,NE,May,SRADA,18.1
1986,NE,May,PRCP,1610.3
1987,EN,May,TMAXA,28.7
1987,EN,May,TMINA,17.2
1987,EN,May,SRADA,18.2
1987,EN,May,PRCP,1335.6
1988,EN,May,TMAXA,29.4
1988,EN,May,TMINA,17.8
1988,EN,May,SRADA,18.1
1988,EN,May,PRCP,1625.7
1989,LA,May,TMAXA,29
1989,LA,May,TMINA,16.9
1989,LA,May,SRADA,18.5
1989,LA,May,PRCP,1271.5
1990,NE,May,TMAXA,29
1990,NE,May,TMINA,17.3
1990,NE,May,SRADA,17.6
1990,NE,May,PRCP,1585.5
1991,NE,May,TMAXA,28.2
1991,NE,May,TMINA,17.1
1991,NE,May,SRADA,17.7
1991,NE,May,PRCP,1430.8
1992,EN,May,TMAXA,27.8
1992,EN,May,TMINA,17.1
1992,EN,May,SRADA,17.1
1992,EN,May,PRCP,1702.5
1993,NE,May,TMAXA,28.3
1993,NE,May,TMINA,17.2
1993,NE,May,SRADA,17.8
1993,NE,May,PRCP,1292.3
1994,NE,May,TMAXA,28.3
1994,NE,May,TMINA,17.4
1994,NE,May,SRADA,17.8
1994,NE,May,PRCP,1609.2
1995,EN,May,TMAXA,29.1
1995,EN,May,TMINA,17.5
1995,EN,May,SRADA,18.4
1995,EN,May,PRCP,1387.3
1996,LA,May,TMAXA,29.2
1996,LA,May,TMINA,17.2
1996,LA,May,SRADA,19
1996,LA,May,PRCP,1180.8
1997,NE,May,TMAXA,28.4
1997,NE,May,TMINA,17.3
1997,NE,May,SRADA,17.9
1997,NE,May,PRCP,1492.1
1998,EN,May,TMAXA,29.8
1998,EN,May,TMINA,17.9
1998,EN,May,SRADA,19.1
1998,EN,May,PRCP,1228.7
1999,LA,May,TMAXA,29.7
1999,LA,May,TMINA,17.7
1999,LA,May,SRADA,18.7
1999,LA,May,PRCP,1164.9
2000,LA,May,TMAXA,28.9
2000,LA,May,TMINA,17.1
2000,LA,May,SRADA,18.4
2000,LA,May,PRCP,1588.8
2001,LA,May,TMAXA,29.3
2001,LA,May,TMINA,17.3
2001,LA,May,SRADA,18.9
2001,LA,May,PRCP,1125.5
2002,NE,May,TMAXA,28.5
2002,NE,May,TMINA,17.6
2002,NE,May,SRADA,18.2
2002,NE,May,PRCP,1211.7
2003,EN,May,TMAXA,29.4
2003,EN,May,TMINA,17.9
2003,EN,May,SRADA,18.6
2003,EN,May,PRCP,1272.5
2004,NE,May,TMAXA,28.8
2004,NE,May,TMINA,17.6
2004,NE,May,SRADA,17.5
2004,NE,May,PRCP,1849.2
2005,EN,May,TMAXA,29.1
2005,EN,May,TMINA,17.6
2005,EN,May,SRADA,18.9
2005,EN,May,PRCP,1188.2
2006,NE,May,TMAXA,29.1
2006,NE,May,TMINA,17.9
2006,NE,May,SRADA,18.1
2006,NE,May,PRCP,1366.2
2007,NE,May,TMAXA,28.8
2007,NE,May,TMINA,17.4
2007,NE,May,SRADA,18.3
2007,NE,May,PRCP,1648.7
2008,LA,May,TMAXA,29.4
2008,LA,May,TMINA,17.4
2008,LA,May,SRADA,19.1
2008,LA,May,PRCP,1141.7
2009,LA,May,TMAXA,29.3
2009,LA,May,TMINA,17.3
2009,LA,May,SRADA,18.8
2009,LA,May,PRCP,1382.8
2010,EN,May,TMAXA,29.3
2010,EN,May,TMINA,17.5
2010,EN,May,SRADA,18.6
2010,EN,May,PRCP,1424.2
2011,LA,May,TMAXA,29.3
2011,LA,May,TMINA,17.1
2011,LA,May,SRADA,19.1
2011,LA,May,PRCP,1298.2
2012,LA,May,TMAXA,29.1
2012,LA,May,TMINA,17.1
2012,LA,May,SRADA,18.7
2012,LA,May,PRCP,1258.7
2013,NE,May,TMAXA,29.5
2013,NE,May,TMINA,17.8
2013,NE,May,SRADA,19.1
2013,NE,May,PRCP,1359
2014,NE,May,TMAXA,29.2
2014,NE,May,TMINA,17.6
2014,NE,May,SRADA,19
2014,NE,May,PRCP,1431.2
2015,EN,May,TMAXA,29.5
2015,EN,May,TMINA,17.7
2015,EN,May,SRADA,18.9
2015,EN,May,PRCP,1220.6
2016,EN,May,TMAXA,30.9
2016,EN,May,TMINA,18
2016,EN,May,SRADA,19.8
2016,EN,May,PRCP,933.5
2017,NE,May,TMAXA,30.4
2017,NE,May,TMINA,17.9
2017,NE,May,SRADA,19.2
2017,NE,May,PRCP,1094.9
2018,LA,May,TMAXA,29
2018,LA,May,TMINA,17.5
2018,LA,May,SRADA,19.1
2018,LA,May,PRCP,1318.1
2019,EN,May,TMAXA,29.6
2019,EN,May,TMINA,17.7
2019,EN,May,SRADA,19.1
2019,EN,May,PRCP,1201.3
1963,NE,May,TMAXA,32.1
1963,NE,May,TMINA,18.2
1963,NE,May,SRADA,18.8
1963,NE,May,PRCP,1454.5
1964,EN,May,TMAXA,32.9
1964,EN,May,TMINA,17.9
1964,EN,May,SRADA,19.1
1964,EN,May,PRCP,1258.5
1965,LA,May,TMAXA,31.5
1965,LA,May,TMINA,17.9
1965,LA,May,SRADA,18.5
1965,LA,May,PRCP,1702.1
1966,EN,May,TMAXA,32.2
1966,EN,May,TMINA,18.7
1966,EN,May,SRADA,18.6
1966,EN,May,PRCP,1856.9
1967,NE,May,TMAXA,32.2
1967,NE,May,TMINA,18.5
1967,NE,May,SRADA,19.2
1967,NE,May,PRCP,1526.8
1968,NE,May,TMAXA,32.2
1968,NE,May,TMINA,19.3
1968,NE,May,SRADA,19
1968,NE,May,PRCP,1474
1969,EN,May,TMAXA,31.7
1969,EN,May,TMINA,19.4
1969,EN,May,SRADA,19.4
1969,EN,May,PRCP,1418.2
1970,EN,May,TMAXA,32.4
1970,EN,May,TMINA,19.9
1970,EN,May,SRADA,19
1970,EN,May,PRCP,1482.3
1971,LA,May,TMAXA,31.6
1971,LA,May,TMINA,19.3
1971,LA,May,SRADA,19.4
1971,LA,May,PRCP,1013.7
1972,LA,May,TMAXA,31.1
1972,LA,May,TMINA,18.9
1972,LA,May,SRADA,18.2
1972,LA,May,PRCP,1228.3
1973,EN,May,TMAXA,30.8
1973,EN,May,TMINA,20.2
1973,EN,May,SRADA,18.8
1973,EN,May,PRCP,1680.3
1974,LA,May,TMAXA,29.4
1974,LA,May,TMINA,20.4
1974,LA,May,SRADA,17.6
1974,LA,May,PRCP,2041.5
1975,LA,May,TMAXA,31.2
1975,LA,May,TMINA,19.2
1975,LA,May,SRADA,18.7
1975,LA,May,PRCP,1329.5
1976,LA,May,TMAXA,31.5
1976,LA,May,TMINA,18.7
1976,LA,May,SRADA,18.5
1976,LA,May,PRCP,1220.4
1977,NE,May,TMAXA,31.2
1977,NE,May,TMINA,18.9
1977,NE,May,SRADA,17.9
1977,NE,May,PRCP,2031.3
1978,NE,May,TMAXA,30.5
1978,NE,May,TMINA,19.8
1978,NE,May,SRADA,17.5
1978,NE,May,PRCP,1364.2
1979,NE,May,TMAXA,29.7
1979,NE,May,TMINA,19.7
1979,NE,May,SRADA,16.7
1979,NE,May,PRCP,1618.2
1980,NE,May,TMAXA,31.4
1980,NE,May,TMINA,19
1980,NE,May,SRADA,16.7
1980,NE,May,PRCP,1756.2
1981,NE,May,TMAXA,32
1981,NE,May,TMINA,20.7
1981,NE,May,SRADA,16.7
1981,NE,May,PRCP,1676.8
1982,NE,May,TMAXA,31.5
1982,NE,May,TMINA,19.1
1982,NE,May,SRADA,16.6
1982,NE,May,PRCP,2066.6
1983,EN,May,TMAXA,31.9
1983,EN,May,TMINA,20.2
1983,EN,May,SRADA,16.7
1983,EN,May,PRCP,1986.5
1984,NE,May,TMAXA,32.2
1984,NE,May,TMINA,20.1
1984,NE,May,SRADA,16.6
1984,NE,May,PRCP,1713.5
1985,LA,May,TMAXA,31.7
1985,LA,May,TMINA,19.6
1985,LA,May,SRADA,17.2
1985,LA,May,PRCP,1657.9
1986,NE,May,TMAXA,32
1986,NE,May,TMINA,19.3
1986,NE,May,SRADA,17.6
1986,NE,May,PRCP,1021.5
1987,EN,May,TMAXA,31.7
1987,EN,May,TMINA,19.7
1987,EN,May,SRADA,17.4
1987,EN,May,PRCP,1534.8
1988,EN,May,TMAXA,32.6
1988,EN,May,TMINA,20.2
1988,EN,May,SRADA,17.4
1988,EN,May,PRCP,1576
1989,LA,May,TMAXA,32
1989,LA,May,TMINA,19.6
1989,LA,May,SRADA,18.4
1989,LA,May,PRCP,1342.5
1990,NE,May,TMAXA,31.9
1990,NE,May,TMINA,19
1990,NE,May,SRADA,18.3
1990,NE,May,PRCP,1734.4
1991,NE,May,TMAXA,31.9
1991,NE,May,TMINA,19.3
1991,NE,May,SRADA,18.1
1991,NE,May,PRCP,1575.4
1992,EN,May,TMAXA,32.4
1992,EN,May,TMINA,20
1992,EN,May,SRADA,17.5
1992,EN,May,PRCP,1257.6
1993,NE,May,TMAXA,32
1993,NE,May,TMINA,19.8
1993,NE,May,SRADA,17.4
1993,NE,May,PRCP,1369.7
1994,NE,May,TMAXA,32.4
1994,NE,May,TMINA,19.5
1994,NE,May,SRADA,17.5
1994,NE,May,PRCP,1495.4
1995,EN,May,TMAXA,32.7
1995,EN,May,TMINA,19.8
1995,EN,May,SRADA,17.9
1995,EN,May,PRCP,1577.2
1996,LA,May,TMAXA,32.9
1996,LA,May,TMINA,20.3
1996,LA,May,SRADA,18.4
1996,LA,May,PRCP,1197.7
1997,NE,May,TMAXA,32.2
1997,NE,May,TMINA,20.1
1997,NE,May,SRADA,17.1
1997,NE,May,PRCP,1772.9
1998,EN,May,TMAXA,33.6
1998,EN,May,TMINA,20.7
1998,EN,May,SRADA,18.2
1998,EN,May,PRCP,1734.6
1999,LA,May,TMAXA,33.7
1999,LA,May,TMINA,20.5
1999,LA,May,SRADA,17.9
1999,LA,May,PRCP,1151.5
2000,LA,May,TMAXA,33.1
2000,LA,May,TMINA,20.2
2000,LA,May,SRADA,18.3
2000,LA,May,PRCP,1232.5
2001,LA,May,TMAXA,33.1
2001,LA,May,TMINA,19.6
2001,LA,May,SRADA,18.4
2001,LA,May,PRCP,1186.3
2002,NE,May,TMAXA,32.4
2002,NE,May,TMINA,19.7
2002,NE,May,SRADA,18.2
2002,NE,May,PRCP,1831.3
2003,EN,May,TMAXA,33
2003,EN,May,TMINA,20.1
2003,EN,May,SRADA,18.1
2003,EN,May,PRCP,1446.6
2004,NE,May,TMAXA,32.5
2004,NE,May,TMINA,19.8
2004,NE,May,SRADA,18
2004,NE,May,PRCP,1615.5
2005,EN,May,TMAXA,32.8
2005,EN,May,TMINA,19.9
2005,EN,May,SRADA,18.6
2005,EN,May,PRCP,1202.8
2006,NE,May,TMAXA,32.7
2006,NE,May,TMINA,20.4
2006,NE,May,SRADA,18.1
2006,NE,May,PRCP,1337.4
2007,NE,May,TMAXA,32.8
2007,NE,May,TMINA,20.2
2007,NE,May,SRADA,18.4
2007,NE,May,PRCP,1675
2008,LA,May,TMAXA,33
2008,LA,May,TMINA,20
2008,LA,May,SRADA,18.6
2008,LA,May,PRCP,1520.9
2009,LA,May,TMAXA,33.2
2009,LA,May,TMINA,20
2009,LA,May,SRADA,19.4
2009,LA,May,PRCP,1427.9
2010,EN,May,TMAXA,33
2010,EN,May,TMINA,20.5
2010,EN,May,SRADA,18.7
2010,EN,May,PRCP,1639.4
2011,LA,May,TMAXA,33.5
2011,LA,May,TMINA,20
2011,LA,May,SRADA,18.9
2011,LA,May,PRCP,1575.2
2012,LA,May,TMAXA,32.9
2012,LA,May,TMINA,20
2012,LA,May,SRADA,19.1
2012,LA,May,PRCP,1318.3
2013,NE,May,TMAXA,33.2
2013,NE,May,TMINA,20.3
2013,NE,May,SRADA,18.6
2013,NE,May,PRCP,1530.1
2014,NE,May,TMAXA,33.1
2014,NE,May,TMINA,20.3
2014,NE,May,SRADA,19.1
2014,NE,May,PRCP,1474.8
2015,EN,May,TMAXA,33.4
2015,EN,May,TMINA,20
2015,EN,May,SRADA,18.6
2015,EN,May,PRCP,1443.6
2016,EN,May,TMAXA,34.3
2016,EN,May,TMINA,20.9
2016,EN,May,SRADA,19.3
2016,EN,May,PRCP,1265.4
2017,NE,May,TMAXA,33.8
2017,NE,May,TMINA,20.5
2017,NE,May,SRADA,18.8
2017,NE,May,PRCP,1153.4
2018,LA,May,TMAXA,33.3
2018,LA,May,TMINA,20.3
2018,LA,May,SRADA,18.9
2018,LA,May,PRCP,1436.3
2019,EN,May,TMAXA,33.4
2019,EN,May,TMINA,19.5
2019,EN,May,SRADA,18.8
2019,EN,May,PRCP,1887.1
1963,NE,May,TMAXA,29.7
1963,NE,May,TMINA,15.3
1963,NE,May,SRADA,19.2
1963,NE,May,PRCP,1394.3
1964,EN,May,TMAXA,30.2
1964,EN,May,TMINA,16.7
1964,EN,May,SRADA,19
1964,EN,May,PRCP,1076.4
1965,LA,May,TMAXA,28.3
1965,LA,May,TMINA,16.6
1965,LA,May,SRADA,17.7
1965,LA,May,PRCP,1492.5
1966,EN,May,TMAXA,28.9
1966,EN,May,TMINA,16.9
1966,EN,May,SRADA,18.1
1966,EN,May,PRCP,1486.1
1967,NE,May,TMAXA,28.6
1967,NE,May,TMINA,17.3
1967,NE,May,SRADA,18.7
1967,NE,May,PRCP,1199
1968,NE,May,TMAXA,28.6
1968,NE,May,TMINA,17
1968,NE,May,SRADA,18.5
1968,NE,May,PRCP,1237.7
1969,EN,May,TMAXA,28.9
1969,EN,May,TMINA,16.9
1969,EN,May,SRADA,18.9
1969,EN,May,PRCP,1145.7
1970,EN,May,TMAXA,29.6
1970,EN,May,TMINA,17.3
1970,EN,May,SRADA,18.5
1970,EN,May,PRCP,1578.5
1971,LA,May,TMAXA,30.2
1971,LA,May,TMINA,17.3
1971,LA,May,SRADA,19.2
1971,LA,May,PRCP,1001.4
1972,LA,May,TMAXA,29.2
1972,LA,May,TMINA,17.1
1972,LA,May,SRADA,17.8
1972,LA,May,PRCP,1401.1
1973,EN,May,TMAXA,29.8
1973,EN,May,TMINA,18.6
1973,EN,May,SRADA,18.7
1973,EN,May,PRCP,1274.9
1974,LA,May,TMAXA,27.4
1974,LA,May,TMINA,18.6
1974,LA,May,SRADA,18.1
1974,LA,May,PRCP,1595.8
1975,LA,May,TMAXA,28.3
1975,LA,May,TMINA,17.9
1975,LA,May,SRADA,19.2
1975,LA,May,PRCP,1024.9
1976,LA,May,TMAXA,29.1
1976,LA,May,TMINA,16.7
1976,LA,May,SRADA,19.2
1976,LA,May,PRCP,877.3
1977,NE,May,TMAXA,29
1977,NE,May,TMINA,17.3
1977,NE,May,SRADA,17.9
1977,NE,May,PRCP,1261.5
1978,NE,May,TMAXA,28.2
1978,NE,May,TMINA,17.9
1978,NE,May,SRADA,17.6
1978,NE,May,PRCP,1762.6
1979,NE,May,TMAXA,28.6
1979,NE,May,TMINA,15.6
1979,NE,May,SRADA,17.4
1979,NE,May,PRCP,1534.5
1980,NE,May,TMAXA,29
1980,NE,May,TMINA,16.8
1980,NE,May,SRADA,17.1
1980,NE,May,PRCP,1407.9
1981,NE,May,TMAXA,29.5
1981,NE,May,TMINA,16.6
1981,NE,May,SRADA,17.5
1981,NE,May,PRCP,983
1982,NE,May,TMAXA,28.6
1982,NE,May,TMINA,16
1982,NE,May,SRADA,17.5
1982,NE,May,PRCP,1731.2
1983,EN,May,TMAXA,29.6
1983,EN,May,TMINA,17.3
1983,EN,May,SRADA,17.6
1983,EN,May,PRCP,1649.4
1984,NE,May,TMAXA,30
1984,NE,May,TMINA,17
1984,NE,May,SRADA,18.3
1984,NE,May,PRCP,1514.5
1985,LA,May,TMAXA,29.4
1985,LA,May,TMINA,16.9
1985,LA,May,SRADA,17.3
1985,LA,May,PRCP,1432.8
1986,NE,May,TMAXA,29.4
1986,NE,May,TMINA,17.5
1986,NE,May,SRADA,18.2
1986,NE,May,PRCP,1261.9
1987,EN,May,TMAXA,29.9
1987,EN,May,TMINA,17.1
1987,EN,May,SRADA,18.6
1987,EN,May,PRCP,1135.9
1988,EN,May,TMAXA,30.7
1988,EN,May,TMINA,17.8
1988,EN,May,SRADA,18.3
1988,EN,May,PRCP,1866.9
1989,LA,May,TMAXA,30.2
1989,LA,May,TMINA,17
1989,LA,May,SRADA,18.4
1989,LA,May,PRCP,942.6
1990,NE,May,TMAXA,30.3
1990,NE,May,TMINA,17.7
1990,NE,May,SRADA,17.8
1990,NE,May,PRCP,1751.1
1991,NE,May,TMAXA,29.8
1991,NE,May,TMINA,17.6
1991,NE,May,SRADA,17.8
1991,NE,May,PRCP,1734.4
1992,EN,May,TMAXA,29.1
1992,EN,May,TMINA,17.4
1992,EN,May,SRADA,17.3
1992,EN,May,PRCP,1884.6
1993,NE,May,TMAXA,29.5
1993,NE,May,TMINA,17.4
1993,NE,May,SRADA,18
1993,NE,May,PRCP,1260.3
1994,NE,May,TMAXA,30.1
1994,NE,May,TMINA,17.7
1994,NE,May,SRADA,18.1
1994,NE,May,PRCP,1467.8
1995,EN,May,TMAXA,30.4
1995,EN,May,TMINA,17.8
1995,EN,May,SRADA,18.5
1995,EN,May,PRCP,1162.7
1996,LA,May,TMAXA,30.5
1996,LA,May,TMINA,17.6
1996,LA,May,SRADA,19.2
1996,LA,May,PRCP,1350.3
1997,NE,May,TMAXA,29.6
1997,NE,May,TMINA,17.6
1997,NE,May,SRADA,18.1
1997,NE,May,PRCP,1482.9
1998,EN,May,TMAXA,31
1998,EN,May,TMINA,18.1
1998,EN,May,SRADA,19.2
1998,EN,May,PRCP,928.8
1999,LA,May,TMAXA,30.8
1999,LA,May,TMINA,18
1999,LA,May,SRADA,18.9
1999,LA,May,PRCP,1096.2
2000,LA,May,TMAXA,30.1
2000,LA,May,TMINA,17.5
2000,LA,May,SRADA,18.5
2000,LA,May,PRCP,1409.7
2001,LA,May,TMAXA,30.8
2001,LA,May,TMINA,17.4
2001,LA,May,SRADA,19.1
2001,LA,May,PRCP,919.7
2002,NE,May,TMAXA,30.2
2002,NE,May,TMINA,17.7
2002,NE,May,SRADA,18.3
2002,NE,May,PRCP,1428.6
2003,EN,May,TMAXA,30.7
2003,EN,May,TMINA,18
2003,EN,May,SRADA,18.9
2003,EN,May,PRCP,1303.1
2004,NE,May,TMAXA,30.2
2004,NE,May,TMINA,17.6
2004,NE,May,SRADA,17.7
2004,NE,May,PRCP,1485.8
2005,EN,May,TMAXA,30.5
2005,EN,May,TMINA,17.9
2005,EN,May,SRADA,18.9
2005,EN,May,PRCP,1423.1
2006,NE,May,TMAXA,30.5
2006,NE,May,TMINA,18.3
2006,NE,May,SRADA,18.4
2006,NE,May,PRCP,1544.6
2007,NE,May,TMAXA,30.1
2007,NE,May,TMINA,17.6
2007,NE,May,SRADA,18.2
2007,NE,May,PRCP,1536.7
2008,LA,May,TMAXA,30.7
2008,LA,May,TMINA,17.9
2008,LA,May,SRADA,20
2008,LA,May,PRCP,1089.3
2009,LA,May,TMAXA,30.4
2009,LA,May,TMINA,17.7
2009,LA,May,SRADA,19.6
2009,LA,May,PRCP,1196.7
2010,EN,May,TMAXA,30.5
2010,EN,May,TMINA,18.1
2010,EN,May,SRADA,19.7
2010,EN,May,PRCP,1302
2011,LA,May,TMAXA,30.3
2011,LA,May,TMINA,17.6
2011,LA,May,SRADA,19.8
2011,LA,May,PRCP,1450.8
2012,LA,May,TMAXA,30.2
2012,LA,May,TMINA,17.6
2012,LA,May,SRADA,19.5
2012,LA,May,PRCP,1144.2
2013,NE,May,TMAXA,30.7
2013,NE,May,TMINA,18.3
2013,NE,May,SRADA,19.9
2013,NE,May,PRCP,1171.7
2014,NE,May,TMAXA,30.3
2014,NE,May,TMINA,18.1
2014,NE,May,SRADA,19.6
2014,NE,May,PRCP,1200.8
2015,EN,May,TMAXA,30.9
2015,EN,May,TMINA,18.3
2015,EN,May,SRADA,19.9
2015,EN,May,PRCP,1188.1
2016,EN,May,TMAXA,32.1
2016,EN,May,TMINA,18.7
2016,EN,May,SRADA,20.7
2016,EN,May,PRCP,1104.5
2017,NE,May,TMAXA,31.6
2017,NE,May,TMINA,18.8
2017,NE,May,SRADA,20.2
2017,NE,May,PRCP,976.3
2018,LA,May,TMAXA,30.4
2018,LA,May,TMINA,18.1
2018,LA,May,SRADA,19.4
2018,LA,May,PRCP,1196.3
2019,EN,May,TMAXA,30.9
2019,EN,May,TMINA,17.2
2019,EN,May,SRADA,20
2019,EN,May,PRCP,1457
1963,NE,May,TMAXA,31.6
1963,NE,May,TMINA,17.9
1963,NE,May,SRADA,18.5
1963,NE,May,PRCP,1507
1964,EN,May,TMAXA,32.6
1964,EN,May,TMINA,17.4
1964,EN,May,SRADA,19
1964,EN,May,PRCP,1297.7
1965,LA,May,TMAXA,31.4
1965,LA,May,TMINA,17.5
1965,LA,May,SRADA,18.6
1965,LA,May,PRCP,1510.6
1966,EN,May,TMAXA,32.1
1966,EN,May,TMINA,18.6
1966,EN,May,SRADA,18.7
1966,EN,May,PRCP,1497.2
1967,NE,May,TMAXA,31.8
1967,NE,May,TMINA,18.3
1967,NE,May,SRADA,19.4
1967,NE,May,PRCP,1079.5
1968,NE,May,TMAXA,31.4
1968,NE,May,TMINA,18.5
1968,NE,May,SRADA,18.8
1968,NE,May,PRCP,1315.3
1969,EN,May,TMAXA,31.3
1969,EN,May,TMINA,18.4
1969,EN,May,SRADA,19.8
1969,EN,May,PRCP,1526.5
1970,EN,May,TMAXA,31.8
1970,EN,May,TMINA,18.9
1970,EN,May,SRADA,19.5
1970,EN,May,PRCP,1311.7
1971,LA,May,TMAXA,31.6
1971,LA,May,TMINA,18.2
1971,LA,May,SRADA,19.3
1971,LA,May,PRCP,1222.9
1972,LA,May,TMAXA,31.2
1972,LA,May,TMINA,18.2
1972,LA,May,SRADA,18.1
1972,LA,May,PRCP,1329.7
1973,EN,May,TMAXA,32.3
1973,EN,May,TMINA,19.5
1973,EN,May,SRADA,18.6
1973,EN,May,PRCP,1551.9
1974,LA,May,TMAXA,31.5
1974,LA,May,TMINA,19.2
1974,LA,May,SRADA,17.7
1974,LA,May,PRCP,1726.4
1975,LA,May,TMAXA,31.8
1975,LA,May,TMINA,18.6
1975,LA,May,SRADA,18.5
1975,LA,May,PRCP,1581.4
1976,LA,May,TMAXA,31.8
1976,LA,May,TMINA,18.3
1976,LA,May,SRADA,17.9
1976,LA,May,PRCP,1397.5
1977,NE,May,TMAXA,31.1
1977,NE,May,TMINA,18.1
1977,NE,May,SRADA,18
1977,NE,May,PRCP,1547.3
1978,NE,May,TMAXA,31.2
1978,NE,May,TMINA,18.8
1978,NE,May,SRADA,17.6
1978,NE,May,PRCP,1527.8
1979,NE,May,TMAXA,30.3
1979,NE,May,TMINA,15.2
1979,NE,May,SRADA,16.8
1979,NE,May,PRCP,1989.2
1980,NE,May,TMAXA,30.8
1980,NE,May,TMINA,16
1980,NE,May,SRADA,17.1
1980,NE,May,PRCP,1506.1
1981,NE,May,TMAXA,31
1981,NE,May,TMINA,17
1981,NE,May,SRADA,17.2
1981,NE,May,PRCP,1656.7
1982,NE,May,TMAXA,30.4
1982,NE,May,TMINA,16.9
1982,NE,May,SRADA,16.9
1982,NE,May,PRCP,1561.1
1983,EN,May,TMAXA,31.2
1983,EN,May,TMINA,18.3
1983,EN,May,SRADA,17.4
1983,EN,May,PRCP,1433
1984,NE,May,TMAXA,30.5
1984,NE,May,TMINA,17.6
1984,NE,May,SRADA,17
1984,NE,May,PRCP,1622.1
1985,LA,May,TMAXA,31.1
1985,LA,May,TMINA,17.7
1985,LA,May,SRADA,17.6
1985,LA,May,PRCP,1548.9
1986,NE,May,TMAXA,31.2
1986,NE,May,TMINA,17.5
1986,NE,May,SRADA,18.2
1986,NE,May,PRCP,1544.3
1987,EN,May,TMAXA,30.7
1987,EN,May,TMINA,17.6
1987,EN,May,SRADA,18.2
1987,EN,May,PRCP,1942.8
1988,EN,May,TMAXA,31.2
1988,EN,May,TMINA,18.9
1988,EN,May,SRADA,17.5
1988,EN,May,PRCP,1873.3
1989,LA,May,TMAXA,30.8
1989,LA,May,TMINA,19.5
1989,LA,May,SRADA,18.4
1989,LA,May,PRCP,1632.5
1990,NE,May,TMAXA,31.2
1990,NE,May,TMINA,19.4
1990,NE,May,SRADA,18.5
1990,NE,May,PRCP,1663
1991,NE,May,TMAXA,31
1991,NE,May,TMINA,18.2
1991,NE,May,SRADA,17.9
1991,NE,May,PRCP,1745.3
1992,EN,May,TMAXA,31.6
1992,EN,May,TMINA,18
1992,EN,May,SRADA,17.4
1992,EN,May,PRCP,1390.6
1993,NE,May,TMAXA,31.1
1993,NE,May,TMINA,17.7
1993,NE,May,SRADA,17.6
1993,NE,May,PRCP,1654.9
1994,NE,May,TMAXA,31.3
1994,NE,May,TMINA,18.1
1994,NE,May,SRADA,17.9
1994,NE,May,PRCP,1327.2
1995,EN,May,TMAXA,31.9
1995,EN,May,TMINA,19.2
1995,EN,May,SRADA,17.7
1995,EN,May,PRCP,1807.6
1996,LA,May,TMAXA,31.9
1996,LA,May,TMINA,18.2
1996,LA,May,SRADA,18.4
1996,LA,May,PRCP,1489.5
1997,NE,May,TMAXA,31.4
1997,NE,May,TMINA,18.5
1997,NE,May,SRADA,17.5
1997,NE,May,PRCP,1591.1
1998,EN,May,TMAXA,32.4
1998,EN,May,TMINA,19.1
1998,EN,May,SRADA,18.4
1998,EN,May,PRCP,1669.4
1999,LA,May,TMAXA,32.2
1999,LA,May,TMINA,18.7
1999,LA,May,SRADA,17.9
1999,LA,May,PRCP,1354.4
2000,LA,May,TMAXA,31.9
2000,LA,May,TMINA,18.4
2000,LA,May,SRADA,18.2
2000,LA,May,PRCP,1334.8
2001,LA,May,TMAXA,31.6
2001,LA,May,TMINA,18.7
2001,LA,May,SRADA,18.3
2001,LA,May,PRCP,1260.6
2002,NE,May,TMAXA,31.7
2002,NE,May,TMINA,19.2
2002,NE,May,SRADA,17.9
2002,NE,May,PRCP,1817.7
2003,EN,May,TMAXA,32
2003,EN,May,TMINA,19.1
2003,EN,May,SRADA,17.3
2003,EN,May,PRCP,1683.4
2004,NE,May,TMAXA,32
2004,NE,May,TMINA,19.4
2004,NE,May,SRADA,17.4
2004,NE,May,PRCP,1355
2005,EN,May,TMAXA,32.1
2005,EN,May,TMINA,18.9
2005,EN,May,SRADA,18
2005,EN,May,PRCP,1148.2
2006,NE,May,TMAXA,32
2006,NE,May,TMINA,18.9
2006,NE,May,SRADA,17.4
2006,NE,May,PRCP,1393.8
2007,NE,May,TMAXA,32.3
2007,NE,May,TMINA,18.8
2007,NE,May,SRADA,17.6
2007,NE,May,PRCP,1305.7
2008,LA,May,TMAXA,32
2008,LA,May,TMINA,18.4
2008,LA,May,SRADA,17.2
2008,LA,May,PRCP,760.4
2009,LA,May,TMAXA,32.7
2009,LA,May,TMINA,18.5
2009,LA,May,SRADA,18.2
2009,LA,May,PRCP,904
2010,EN,May,TMAXA,32.1
2010,EN,May,TMINA,19.3
2010,EN,May,SRADA,17.2
2010,EN,May,PRCP,1468.9
2011,LA,May,TMAXA,32.6
2011,LA,May,TMINA,18.6
2011,LA,May,SRADA,17.5
2011,LA,May,PRCP,1318.5
2012,LA,May,TMAXA,32.5
2012,LA,May,TMINA,18.8
2012,LA,May,SRADA,18.8
2012,LA,May,PRCP,1257.2
2013,NE,May,TMAXA,32.3
2013,NE,May,TMINA,19
2013,NE,May,SRADA,17.5
2013,NE,May,PRCP,1212.6
2014,NE,May,TMAXA,32.2
2014,NE,May,TMINA,19.1
2014,NE,May,SRADA,16.7
2014,NE,May,PRCP,1316.8
2015,EN,May,TMAXA,32.5
2015,EN,May,TMINA,19.5
2015,EN,May,SRADA,16.3
2015,EN,May,PRCP,1418.8
2016,EN,May,TMAXA,33.4
2016,EN,May,TMINA,19.9
2016,EN,May,SRADA,16.8
2016,EN,May,PRCP,830.8
2017,NE,May,TMAXA,32.6
2017,NE,May,TMINA,19.9
2017,NE,May,SRADA,17.3
2017,NE,May,PRCP,1302.9
2018,LA,May,TMAXA,33.1
2018,LA,May,TMINA,20.2
2018,LA,May,SRADA,17
2018,LA,May,PRCP,1494
2019,EN,May,TMAXA,33
2019,EN,May,TMINA,20.2
2019,EN,May,SRADA,16.9
2019,EN,May,PRCP,1583
1963,NE,May,TMAXA,30.9
1963,NE,May,TMINA,17
1963,NE,May,SRADA,17.4
1963,NE,May,PRCP,597.7
1964,EN,May,TMAXA,30.9
1964,EN,May,TMINA,17.3
1964,EN,May,SRADA,16.9
1964,EN,May,PRCP,1005.3
1965,LA,May,TMAXA,29.8
1965,LA,May,TMINA,17.1
1965,LA,May,SRADA,16.4
1965,LA,May,PRCP,651.5
1966,EN,May,TMAXA,31.2
1966,EN,May,TMINA,17.9
1966,EN,May,SRADA,17.4
1966,EN,May,PRCP,683
1967,NE,May,TMAXA,32
1967,NE,May,TMINA,18.3
1967,NE,May,SRADA,18.1
1967,NE,May,PRCP,562.1
1968,NE,May,TMAXA,30.7
1968,NE,May,TMINA,17.6
1968,NE,May,SRADA,17.3
1968,NE,May,PRCP,999.6
1969,EN,May,TMAXA,29.7
1969,EN,May,TMINA,17.3
1969,EN,May,SRADA,17.8
1969,EN,May,PRCP,802
1970,EN,May,TMAXA,30.1
1970,EN,May,TMINA,18.2
1970,EN,May,SRADA,17.8
1970,EN,May,PRCP,854.4
1971,LA,May,TMAXA,30.7
1971,LA,May,TMINA,18.6
1971,LA,May,SRADA,18.4
1971,LA,May,PRCP,768
1972,LA,May,TMAXA,30.2
1972,LA,May,TMINA,18.2
1972,LA,May,SRADA,17.7
1972,LA,May,PRCP,902.6
1973,EN,May,TMAXA,31.7
1973,EN,May,TMINA,19.3
1973,EN,May,SRADA,18.5
1973,EN,May,PRCP,746.7
1974,LA,May,TMAXA,30.8
1974,LA,May,TMINA,19
1974,LA,May,SRADA,17.9
1974,LA,May,PRCP,809.7
1975,LA,May,TMAXA,30.5
1975,LA,May,TMINA,18.5
1975,LA,May,SRADA,18.1
1975,LA,May,PRCP,798.5
1976,LA,May,TMAXA,30.8
1976,LA,May,TMINA,18.9
1976,LA,May,SRADA,18.3
1976,LA,May,PRCP,513.4
1977,NE,May,TMAXA,30.5
1977,NE,May,TMINA,19.4
1977,NE,May,SRADA,17.3
1977,NE,May,PRCP,890.8
1978,NE,May,TMAXA,29.7
1978,NE,May,TMINA,18.8
1978,NE,May,SRADA,16.7
1978,NE,May,PRCP,929.1
1979,NE,May,TMAXA,29.2
1979,NE,May,TMINA,18.2
1979,NE,May,SRADA,15.6
1979,NE,May,PRCP,1370.6
1980,NE,May,TMAXA,29.4
1980,NE,May,TMINA,17.8
1980,NE,May,SRADA,16.4
1980,NE,May,PRCP,893.7
1981,NE,May,TMAXA,29.6
1981,NE,May,TMINA,18.1
1981,NE,May,SRADA,16.1
1981,NE,May,PRCP,887.2
1982,NE,May,TMAXA,29.3
1982,NE,May,TMINA,17.5
1982,NE,May,SRADA,15.6
1982,NE,May,PRCP,769
1983,EN,May,TMAXA,29.4
1983,EN,May,TMINA,19.1
1983,EN,May,SRADA,16.4
1983,EN,May,PRCP,947.9
1984,NE,May,TMAXA,31.2
1984,NE,May,TMINA,18.8
1984,NE,May,SRADA,16.8
1984,NE,May,PRCP,811.6
1985,LA,May,TMAXA,30.9
1985,LA,May,TMINA,18.6
1985,LA,May,SRADA,16.6
1985,LA,May,PRCP,988.5
1986,NE,May,TMAXA,30.3
1986,NE,May,TMINA,17.8
1986,NE,May,SRADA,17.4
1986,NE,May,PRCP,806
1987,EN,May,TMAXA,30.6
1987,EN,May,TMINA,17.7
1987,EN,May,SRADA,17.6
1987,EN,May,PRCP,790.8
1988,EN,May,TMAXA,32.1
1988,EN,May,TMINA,19.7
1988,EN,May,SRADA,17.7
1988,EN,May,PRCP,756.4
1989,LA,May,TMAXA,31.8
1989,LA,May,TMINA,19.2
1989,LA,May,SRADA,18.4
1989,LA,May,PRCP,478.8
1990,NE,May,TMAXA,30.9
1990,NE,May,TMINA,18.9
1990,NE,May,SRADA,17.7
1990,NE,May,PRCP,944.2
1991,NE,May,TMAXA,30.7
1991,NE,May,TMINA,19.1
1991,NE,May,SRADA,17.1
1991,NE,May,PRCP,795.5
1992,EN,May,TMAXA,30.1
1992,EN,May,TMINA,18.7
1992,EN,May,SRADA,15.9
1992,EN,May,PRCP,938.5
1993,NE,May,TMAXA,30.6
1993,NE,May,TMINA,18.7
1993,NE,May,SRADA,16.5
1993,NE,May,PRCP,907.1
1994,NE,May,TMAXA,31.7
1994,NE,May,TMINA,19.2
1994,NE,May,SRADA,17.6
1994,NE,May,PRCP,615.6
1995,EN,May,TMAXA,32.1
1995,EN,May,TMINA,19.4
1995,EN,May,SRADA,18.2
1995,EN,May,PRCP,489.5
1996,LA,May,TMAXA,32
1996,LA,May,TMINA,19.5
1996,LA,May,SRADA,18
1996,LA,May,PRCP,725.7
1997,NE,May,TMAXA,30.9
1997,NE,May,TMINA,19.2
1997,NE,May,SRADA,16.9
1997,NE,May,PRCP,802.9
1998,EN,May,TMAXA,33
1998,EN,May,TMINA,19.9
1998,EN,May,SRADA,18.7
1998,EN,May,PRCP,465.8
1999,LA,May,TMAXA,32.1
1999,LA,May,TMINA,19.9
1999,LA,May,SRADA,18.2
1999,LA,May,PRCP,791.8
2000,LA,May,TMAXA,30.8
2000,LA,May,TMINA,19.1
2000,LA,May,SRADA,17.4
2000,LA,May,PRCP,862.7
2001,LA,May,TMAXA,31.7
2001,LA,May,TMINA,19.3
2001,LA,May,SRADA,18.4
2001,LA,May,PRCP,870.6
2002,NE,May,TMAXA,30.9
2002,NE,May,TMINA,19.5
2002,NE,May,SRADA,17.5
2002,NE,May,PRCP,915.8
2003,EN,May,TMAXA,31.9
2003,EN,May,TMINA,19.9
2003,EN,May,SRADA,17.9
2003,EN,May,PRCP,588.4
2004,NE,May,TMAXA,31.1
2004,NE,May,TMINA,19.4
2004,NE,May,SRADA,17.3
2004,NE,May,PRCP,770
2005,EN,May,TMAXA,31
2005,EN,May,TMINA,19.2
2005,EN,May,SRADA,17.4
2005,EN,May,PRCP,723.5
2006,NE,May,TMAXA,31.7
2006,NE,May,TMINA,19.8
2006,NE,May,SRADA,17.7
2006,NE,May,PRCP,617.2
2007,NE,May,TMAXA,30.6
2007,NE,May,TMINA,18.7
2007,NE,May,SRADA,17.1
2007,NE,May,PRCP,1051
2008,LA,May,TMAXA,32.1
2008,LA,May,TMINA,19
2008,LA,May,SRADA,18.5
2008,LA,May,PRCP,525
2009,LA,May,TMAXA,31.8
2009,LA,May,TMINA,19.2
2009,LA,May,SRADA,18.2
2009,LA,May,PRCP,786.2
2010,EN,May,TMAXA,32.5
2010,EN,May,TMINA,19.7
2010,EN,May,SRADA,18.6
2010,EN,May,PRCP,868.6
2011,LA,May,TMAXA,31.4
2011,LA,May,TMINA,19.2
2011,LA,May,SRADA,18.1
2011,LA,May,PRCP,707.7
2012,LA,May,TMAXA,32
2012,LA,May,TMINA,18.9
2012,LA,May,SRADA,18.1
2012,LA,May,PRCP,479
2013,NE,May,TMAXA,32.4
2013,NE,May,TMINA,19.5
2013,NE,May,SRADA,18.7
2013,NE,May,PRCP,712
2014,NE,May,TMAXA,32.4
2014,NE,May,TMINA,19.4
2014,NE,May,SRADA,18.3
2014,NE,May,PRCP,563.3
2015,EN,May,TMAXA,32.5
2015,EN,May,TMINA,19.2
2015,EN,May,SRADA,18.6
2015,EN,May,PRCP,651.8
2016,EN,May,TMAXA,33.6
2016,EN,May,TMINA,20
2016,EN,May,SRADA,19.6
2016,EN,May,PRCP,587.9
2017,NE,May,TMAXA,32.6
2017,NE,May,TMINA,19.4
2017,NE,May,SRADA,18.7
2017,NE,May,PRCP,579.5
2018,LA,May,TMAXA,31.6
2018,LA,May,TMINA,19
2018,LA,May,SRADA,18.6
2018,LA,May,PRCP,730.5
2019,EN,May,TMAXA,33.1
2019,EN,May,TMINA,20
2019,EN,May,SRADA,19.3
2019,EN,May,PRCP,540.8
1963,NE,June,TMAXA,31.8
1963,NE,June,TMINA,17.9
1963,NE,June,SRADA,18.2
1963,NE,June,PRCP,1892.4
1964,EN,June,TMAXA,32.6
1964,EN,June,TMINA,17.8
1964,EN,June,SRADA,18.8
1964,EN,June,PRCP,1378.3
1965,LA,June,TMAXA,31.9
1965,LA,June,TMINA,17.7
1965,LA,June,SRADA,18.2
1965,LA,June,PRCP,1881.1
1966,EN,June,TMAXA,32.8
1966,EN,June,TMINA,17.9
1966,EN,June,SRADA,18.8
1966,EN,June,PRCP,1942.5
1967,NE,June,TMAXA,32
1967,NE,June,TMINA,18.9
1967,NE,June,SRADA,19
1967,NE,June,PRCP,1367.9
1968,NE,June,TMAXA,31.7
1968,NE,June,TMINA,18.6
1968,NE,June,SRADA,19.3
1968,NE,June,PRCP,1595.8
1969,EN,June,TMAXA,31.9
1969,EN,June,TMINA,19.4
1969,EN,June,SRADA,19.4
1969,EN,June,PRCP,1538.3
1970,NE,June,TMAXA,32
1970,NE,June,TMINA,19.5
1970,NE,June,SRADA,18.9
1970,NE,June,PRCP,1691
1971,LA,June,TMAXA,31.7
1971,LA,June,TMINA,18.4
1971,LA,June,SRADA,18.6
1971,LA,June,PRCP,1591.5
1972,LA,June,TMAXA,31.6
1972,LA,June,TMINA,18.7
1972,LA,June,SRADA,18.1
1972,LA,June,PRCP,1694.2
1973,EN,June,TMAXA,32
1973,EN,June,TMINA,19
1973,EN,June,SRADA,18.2
1973,EN,June,PRCP,2126.9
1974,LA,June,TMAXA,30.3
1974,LA,June,TMINA,19.2
1974,LA,June,SRADA,17.6
1974,LA,June,PRCP,1885.8
1975,LA,June,TMAXA,30
1975,LA,June,TMINA,19.4
1975,LA,June,SRADA,17.9
1975,LA,June,PRCP,1704.1
1976,LA,June,TMAXA,31.6
1976,LA,June,TMINA,17.6
1976,LA,June,SRADA,17.1
1976,LA,June,PRCP,2227.8
1977,NE,June,TMAXA,31.3
1977,NE,June,TMINA,14.6
1977,NE,June,SRADA,17.6
1977,NE,June,PRCP,1659.9
1978,NE,June,TMAXA,31.2
1978,NE,June,TMINA,18.3
1978,NE,June,SRADA,17
1978,NE,June,PRCP,2197.8
1979,NE,June,TMAXA,31
1979,NE,June,TMINA,18.6
1979,NE,June,SRADA,16.8
1979,NE,June,PRCP,2003.9
1980,NE,June,TMAXA,31.8
1980,NE,June,TMINA,18.8
1980,NE,June,SRADA,16.2
1980,NE,June,PRCP,2112.6
1981,NE,June,TMAXA,31.6
1981,NE,June,TMINA,18.1
1981,NE,June,SRADA,15.5
1981,NE,June,PRCP,1800.2
1982,NE,June,TMAXA,31
1982,NE,June,TMINA,20.2
1982,NE,June,SRADA,15.4
1982,NE,June,PRCP,1929.1
1983,EN,June,TMAXA,31.9
1983,EN,June,TMINA,19.1
1983,EN,June,SRADA,16.8
1983,EN,June,PRCP,1686.8
1984,NE,June,TMAXA,31.7
1984,NE,June,TMINA,18.7
1984,NE,June,SRADA,16.6
1984,NE,June,PRCP,1769.1
1985,LA,June,TMAXA,31.6
1985,LA,June,TMINA,18.7
1985,LA,June,SRADA,16.8
1985,LA,June,PRCP,1674.9
1986,NE,June,TMAXA,32
1986,NE,June,TMINA,19.2
1986,NE,June,SRADA,17.3
1986,NE,June,PRCP,1462.1
1987,EN,June,TMAXA,32.1
1987,EN,June,TMINA,19.7
1987,EN,June,SRADA,17.5
1987,EN,June,PRCP,1631.1
1988,EN,June,TMAXA,32.6
1988,EN,June,TMINA,20.1
1988,EN,June,SRADA,16.9
1988,EN,June,PRCP,1833.8
1989,LA,June,TMAXA,31.9
1989,LA,June,TMINA,19.1
1989,LA,June,SRADA,17.1
1989,LA,June,PRCP,1717.1
1990,NE,June,TMAXA,31.1
1990,NE,June,TMINA,19.6
1990,NE,June,SRADA,16.7
1990,NE,June,PRCP,1789.1
1991,NE,June,TMAXA,31.2
1991,NE,June,TMINA,19.7
1991,NE,June,SRADA,16.2
1991,NE,June,PRCP,2096.1
1992,EN,June,TMAXA,30.3
1992,EN,June,TMINA,18.5
1992,EN,June,SRADA,16.1
1992,EN,June,PRCP,2004.1
1993,NE,June,TMAXA,31.1
1993,NE,June,TMINA,18.9
1993,NE,June,SRADA,16.5
1993,NE,June,PRCP,1885.6
1994,NE,June,TMAXA,31.5
1994,NE,June,TMINA,19.9
1994,NE,June,SRADA,16.5
1994,NE,June,PRCP,2432.1
1995,EN,June,TMAXA,31.2
1995,EN,June,TMINA,19.7
1995,EN,June,SRADA,15.8
1995,EN,June,PRCP,2274.7
1996,LA,June,TMAXA,31.9
1996,LA,June,TMINA,19.5
1996,LA,June,SRADA,17.4
1996,LA,June,PRCP,1630.4
1997,NE,June,TMAXA,31.4
1997,NE,June,TMINA,19.8
1997,NE,June,SRADA,17.2
1997,NE,June,PRCP,1635.7
1998,EN,June,TMAXA,33.2
1998,EN,June,TMINA,19.9
1998,EN,June,SRADA,18.2
1998,EN,June,PRCP,1372.7
1999,LA,June,TMAXA,32.6
1999,LA,June,TMINA,19.6
1999,LA,June,SRADA,17.3
1999,LA,June,PRCP,1582.1
2000,LA,June,TMAXA,32.9
2000,LA,June,TMINA,19.6
2000,LA,June,SRADA,17.3
2000,LA,June,PRCP,1733.8
2001,LA,June,TMAXA,32.4
2001,LA,June,TMINA,19.8
2001,LA,June,SRADA,17.9
2001,LA,June,PRCP,1426.4
2002,NE,June,TMAXA,32.7
2002,NE,June,TMINA,19.7
2002,NE,June,SRADA,17.9
2002,NE,June,PRCP,1709.8
2003,EN,June,TMAXA,32.6
2003,EN,June,TMINA,20.3
2003,EN,June,SRADA,17.5
2003,EN,June,PRCP,1943.6
2004,NE,June,TMAXA,32
2004,NE,June,TMINA,20.2
2004,NE,June,SRADA,17.2
2004,NE,June,PRCP,2507.4
2005,EN,June,TMAXA,32.4
2005,EN,June,TMINA,20.3
2005,EN,June,SRADA,17.4
2005,EN,June,PRCP,1530.6
2006,NE,June,TMAXA,32.5
2006,NE,June,TMINA,20.1
2006,NE,June,SRADA,17.5
2006,NE,June,PRCP,1906.1
2007,NE,June,TMAXA,32.8
2007,NE,June,TMINA,20.3
2007,NE,June,SRADA,18.1
2007,NE,June,PRCP,1789.8
2008,LA,June,TMAXA,32.5
2008,LA,June,TMINA,19.7
2008,LA,June,SRADA,17.4
2008,LA,June,PRCP,1894.2
2009,NE,June,TMAXA,32.8
2009,NE,June,TMINA,20.3
2009,NE,June,SRADA,17.6
2009,NE,June,PRCP,1623.5
2010,EN,June,TMAXA,33.3
2010,EN,June,TMINA,20.2
2010,EN,June,SRADA,17.7
2010,EN,June,PRCP,1706.9
2011,LA,June,TMAXA,32.8
2011,LA,June,TMINA,19.7
2011,LA,June,SRADA,17.7
2011,LA,June,PRCP,1692.7
2012,LA,June,TMAXA,32.5
2012,LA,June,TMINA,20.1
2012,LA,June,SRADA,18.2
2012,LA,June,PRCP,1673.8
2013,NE,June,TMAXA,32.8
2013,NE,June,TMINA,20.6
2013,NE,June,SRADA,18
2013,NE,June,PRCP,1711.1
2014,NE,June,TMAXA,32.4
2014,NE,June,TMINA,20.3
2014,NE,June,SRADA,17.9
2014,NE,June,PRCP,1148.5
2015,EN,June,TMAXA,32.7
2015,EN,June,TMINA,20.8
2015,EN,June,SRADA,17.7
2015,EN,June,PRCP,1457.7
2016,EN,June,TMAXA,33.7
2016,EN,June,TMINA,21.2
2016,EN,June,SRADA,17.8
2016,EN,June,PRCP,1363.8
2017,NE,June,TMAXA,32.6
2017,NE,June,TMINA,20.7
2017,NE,June,SRADA,17.4
2017,NE,June,PRCP,2064
2018,LA,June,TMAXA,32.6
2018,LA,June,TMINA,20.5
2018,LA,June,SRADA,17.3
2018,LA,June,PRCP,2245.8
2019,EN,June,TMAXA,32.7
2019,EN,June,TMINA,20.5
2019,EN,June,SRADA,17.5
2019,EN,June,PRCP,1998.4
1963,NE,June,TMAXA,32.3
1963,NE,June,TMINA,17.9
1963,NE,June,SRADA,18.7
1963,NE,June,PRCP,1699.7
1964,EN,June,TMAXA,32.9
1964,EN,June,TMINA,17.7
1964,EN,June,SRADA,19.1
1964,EN,June,PRCP,1445.3
1965,LA,June,TMAXA,32
1965,LA,June,TMINA,17.8
1965,LA,June,SRADA,18.4
1965,LA,June,PRCP,1786.3
1966,EN,June,TMAXA,32.7
1966,EN,June,TMINA,17.9
1966,EN,June,SRADA,18.7
1966,EN,June,PRCP,1990
1967,NE,June,TMAXA,32.5
1967,NE,June,TMINA,18.6
1967,NE,June,SRADA,19.2
1967,NE,June,PRCP,1428
1968,NE,June,TMAXA,32.2
1968,NE,June,TMINA,19
1968,NE,June,SRADA,19.1
1968,NE,June,PRCP,1487.5
1969,EN,June,TMAXA,32.1
1969,EN,June,TMINA,19.6
1969,EN,June,SRADA,19.5
1969,EN,June,PRCP,1098.4
1970,NE,June,TMAXA,32.2
1970,NE,June,TMINA,19.6
1970,NE,June,SRADA,19.1
1970,NE,June,PRCP,1438.6
1971,LA,June,TMAXA,31.9
1971,LA,June,TMINA,19.3
1971,LA,June,SRADA,19.2
1971,LA,June,PRCP,1211.7
1972,LA,June,TMAXA,31.7
1972,LA,June,TMINA,19
1972,LA,June,SRADA,18.3
1972,LA,June,PRCP,1608.7
1973,EN,June,TMAXA,32.2
1973,EN,June,TMINA,19.6
1973,EN,June,SRADA,18.6
1973,EN,June,PRCP,1705.9
1974,LA,June,TMAXA,31.1
1974,LA,June,TMINA,19.5
1974,LA,June,SRADA,17.6
1974,LA,June,PRCP,1778.1
1975,LA,June,TMAXA,31.6
1975,LA,June,TMINA,19
1975,LA,June,SRADA,18.5
1975,LA,June,PRCP,1324.3
1976,LA,June,TMAXA,32
1976,LA,June,TMINA,18.5
1976,LA,June,SRADA,18
1976,LA,June,PRCP,1310.4
1977,NE,June,TMAXA,31.4
1977,NE,June,TMINA,17.9
1977,NE,June,SRADA,17.8
1977,NE,June,PRCP,1903.3
1978,NE,June,TMAXA,31.3
1978,NE,June,TMINA,19.3
1978,NE,June,SRADA,17.3
1978,NE,June,PRCP,2132.5
1979,NE,June,TMAXA,30.8
1979,NE,June,TMINA,18.3
1979,NE,June,SRADA,16.9
1979,NE,June,PRCP,1734.2
1980,NE,June,TMAXA,31.8
1980,NE,June,TMINA,18.6
1980,NE,June,SRADA,16.9
1980,NE,June,PRCP,1650
1981,NE,June,TMAXA,31.9
1981,NE,June,TMINA,18.8
1981,NE,June,SRADA,16.5
1981,NE,June,PRCP,1702.3
1982,NE,June,TMAXA,31.3
1982,NE,June,TMINA,19.1
1982,NE,June,SRADA,16.5
1982,NE,June,PRCP,1571.3
1983,EN,June,TMAXA,31.9
1983,EN,June,TMINA,19.5
1983,EN,June,SRADA,17.1
1983,EN,June,PRCP,1638.9
1984,NE,June,TMAXA,31.8
1984,NE,June,TMINA,19.1
1984,NE,June,SRADA,17
1984,NE,June,PRCP,1695
1985,LA,June,TMAXA,31.6
1985,LA,June,TMINA,18.8
1985,LA,June,SRADA,17.2
1985,LA,June,PRCP,1619.7
1986,NE,June,TMAXA,32.1
1986,NE,June,TMINA,18.8
1986,NE,June,SRADA,17.6
1986,NE,June,PRCP,1666.3
1987,EN,June,TMAXA,32
1987,EN,June,TMINA,19.3
1987,EN,June,SRADA,17.6
1987,EN,June,PRCP,1627.7
1988,EN,June,TMAXA,32.4
1988,EN,June,TMINA,18.6
1988,EN,June,SRADA,17.6
1988,EN,June,PRCP,2026.4
1989,LA,June,TMAXA,31.8
1989,LA,June,TMINA,15.9
1989,LA,June,SRADA,18.4
1989,LA,June,PRCP,1627.9
1990,NE,June,TMAXA,31.7
1990,NE,June,TMINA,19.5
1990,NE,June,SRADA,18.6
1990,NE,June,PRCP,2308.7
1991,NE,June,TMAXA,31.9
1991,NE,June,TMINA,20
1991,NE,June,SRADA,18.1
1991,NE,June,PRCP,1938.7
1992,EN,June,TMAXA,32.1
1992,EN,June,TMINA,19.6
1992,EN,June,SRADA,17.3
1992,EN,June,PRCP,1566.7
1993,NE,June,TMAXA,31.5
1993,NE,June,TMINA,19.4
1993,NE,June,SRADA,17.4
1993,NE,June,PRCP,1789.3
1994,NE,June,TMAXA,32
1994,NE,June,TMINA,19.5
1994,NE,June,SRADA,17.3
1994,NE,June,PRCP,1796.3
1995,EN,June,TMAXA,32.1
1995,EN,June,TMINA,19.1
1995,EN,June,SRADA,17.4
1995,EN,June,PRCP,1769.4
1996,LA,June,TMAXA,32.8
1996,LA,June,TMINA,19.5
1996,LA,June,SRADA,18.2
1996,LA,June,PRCP,1354.8
1997,NE,June,TMAXA,32.2
1997,NE,June,TMINA,19.6
1997,NE,June,SRADA,17.3
1997,NE,June,PRCP,1557.9
1998,EN,June,TMAXA,33.5
1998,EN,June,TMINA,20.5
1998,EN,June,SRADA,19.3
1998,EN,June,PRCP,1325.5
1999,LA,June,TMAXA,32.9
1999,LA,June,TMINA,19.9
1999,LA,June,SRADA,18.5
1999,LA,June,PRCP,1603.7
2000,LA,June,TMAXA,32.2
2000,LA,June,TMINA,19.4
2000,LA,June,SRADA,18.4
2000,LA,June,PRCP,1777
2001,LA,June,TMAXA,32.3
2001,LA,June,TMINA,19.8
2001,LA,June,SRADA,18.7
2001,LA,June,PRCP,1477.5
2002,NE,June,TMAXA,32.4
2002,NE,June,TMINA,19.9
2002,NE,June,SRADA,18.6
2002,NE,June,PRCP,2015.7
2003,EN,June,TMAXA,32.9
2003,EN,June,TMINA,20.3
2003,EN,June,SRADA,18.7
2003,EN,June,PRCP,1901
2004,NE,June,TMAXA,32.7
2004,NE,June,TMINA,20.1
2004,NE,June,SRADA,18.2
2004,NE,June,PRCP,2246.5
2005,EN,June,TMAXA,33.4
2005,EN,June,TMINA,20
2005,EN,June,SRADA,18.7
2005,EN,June,PRCP,1657
2006,NE,June,TMAXA,33.3
2006,NE,June,TMINA,20
2006,NE,June,SRADA,18.6
2006,NE,June,PRCP,1598.7
2007,NE,June,TMAXA,33.4
2007,NE,June,TMINA,20.1
2007,NE,June,SRADA,19.2
2007,NE,June,PRCP,1993.9
2008,LA,June,TMAXA,32.9
2008,LA,June,TMINA,19.6
2008,LA,June,SRADA,18.9
2008,LA,June,PRCP,1854.9
2009,NE,June,TMAXA,32.7
2009,NE,June,TMINA,19.7
2009,NE,June,SRADA,19.1
2009,NE,June,PRCP,2073.7
2010,EN,June,TMAXA,32.9
2010,EN,June,TMINA,20.2
2010,EN,June,SRADA,18.7
2010,EN,June,PRCP,1865.3
2011,LA,June,TMAXA,33
2011,LA,June,TMINA,20
2011,LA,June,SRADA,18.6
2011,LA,June,PRCP,2000.2
2012,LA,June,TMAXA,32.5
2012,LA,June,TMINA,19.9
2012,LA,June,SRADA,18.7
2012,LA,June,PRCP,1660.6
2013,NE,June,TMAXA,32.9
2013,NE,June,TMINA,20.1
2013,NE,June,SRADA,18.7
2013,NE,June,PRCP,1861.1
2014,NE,June,TMAXA,32.7
2014,NE,June,TMINA,20
2014,NE,June,SRADA,18.7
2014,NE,June,PRCP,1957
2015,EN,June,TMAXA,32.9
2015,EN,June,TMINA,20.4
2015,EN,June,SRADA,18
2015,EN,June,PRCP,2073.1
2016,EN,June,TMAXA,34.1
2016,EN,June,TMINA,20.8
2016,EN,June,SRADA,19.8
2016,EN,June,PRCP,1574.6
2017,NE,June,TMAXA,33.4
2017,NE,June,TMINA,20.5
2017,NE,June,SRADA,19.3
2017,NE,June,PRCP,2309
2018,LA,June,TMAXA,32.9
2018,LA,June,TMINA,20.1
2018,LA,June,SRADA,18.6
2018,LA,June,PRCP,1901.9
2019,EN,June,TMAXA,33.3
2019,EN,June,TMINA,20.6
2019,EN,June,SRADA,18.4
2019,EN,June,PRCP,1333.4
1963,NE,June,TMAXA,32.3
1963,NE,June,TMINA,20.1
1963,NE,June,SRADA,18.1
1963,NE,June,PRCP,1479.4
1964,EN,June,TMAXA,33.1
1964,EN,June,TMINA,20.5
1964,EN,June,SRADA,18.6
1964,EN,June,PRCP,1063.5
1965,LA,June,TMAXA,32.1
1965,LA,June,TMINA,20.2
1965,LA,June,SRADA,18.1
1965,LA,June,PRCP,1400.3
1966,EN,June,TMAXA,33
1966,EN,June,TMINA,20.5
1966,EN,June,SRADA,18.7
1966,EN,June,PRCP,1369.1
1967,NE,June,TMAXA,32.8
1967,NE,June,TMINA,20.4
1967,NE,June,SRADA,19.1
1967,NE,June,PRCP,1300.6
1968,NE,June,TMAXA,32.7
1968,NE,June,TMINA,19.6
1968,NE,June,SRADA,18.9
1968,NE,June,PRCP,1261.6
1969,EN,June,TMAXA,32.9
1969,EN,June,TMINA,20.2
1969,EN,June,SRADA,19.5
1969,EN,June,PRCP,1432
1970,NE,June,TMAXA,33
1970,NE,June,TMINA,20.5
1970,NE,June,SRADA,19.1
1970,NE,June,PRCP,1469.4
1971,LA,June,TMAXA,32.7
1971,LA,June,TMINA,17.9
1971,LA,June,SRADA,18.5
1971,LA,June,PRCP,1221.8
1972,LA,June,TMAXA,32.6
1972,LA,June,TMINA,19.1
1972,LA,June,SRADA,18.2
1972,LA,June,PRCP,1597.1
1973,EN,June,TMAXA,33.1
1973,EN,June,TMINA,20.8
1973,EN,June,SRADA,18.6
1973,EN,June,PRCP,1541.2
1974,LA,June,TMAXA,31.7
1974,LA,June,TMINA,20.4
1974,LA,June,SRADA,17.5
1974,LA,June,PRCP,1929
1975,LA,June,TMAXA,31.6
1975,LA,June,TMINA,20.4
1975,LA,June,SRADA,17.9
1975,LA,June,PRCP,1515.5
1976,LA,June,TMAXA,32.1
1976,LA,June,TMINA,20
1976,LA,June,SRADA,17.4
1976,LA,June,PRCP,1820.8
1977,NE,June,TMAXA,32
1977,NE,June,TMINA,19.6
1977,NE,June,SRADA,17.6
1977,NE,June,PRCP,1660.5
1978,NE,June,TMAXA,32.2
1978,NE,June,TMINA,20.7
1978,NE,June,SRADA,17.3
1978,NE,June,PRCP,1651.2
1979,NE,June,TMAXA,32
1979,NE,June,TMINA,20.3
1979,NE,June,SRADA,16.2
1979,NE,June,PRCP,1810
1980,NE,June,TMAXA,32.5
1980,NE,June,TMINA,20.7
1980,NE,June,SRADA,16.4
1980,NE,June,PRCP,1587.7
1981,NE,June,TMAXA,32.3
1981,NE,June,TMINA,20.2
1981,NE,June,SRADA,15.7
1981,NE,June,PRCP,1544.4
1982,NE,June,TMAXA,32.1
1982,NE,June,TMINA,20.3
1982,NE,June,SRADA,15.4
1982,NE,June,PRCP,1682.9
1983,EN,June,TMAXA,32.4
1983,EN,June,TMINA,21.2
1983,EN,June,SRADA,15.5
1983,EN,June,PRCP,1836.3
1984,NE,June,TMAXA,32.1
1984,NE,June,TMINA,20.4
1984,NE,June,SRADA,15.4
1984,NE,June,PRCP,1639.5
1985,LA,June,TMAXA,32.3
1985,LA,June,TMINA,20.6
1985,LA,June,SRADA,15.7
1985,LA,June,PRCP,1947.9
1986,NE,June,TMAXA,32.8
1986,NE,June,TMINA,20.9
1986,NE,June,SRADA,17
1986,NE,June,PRCP,1418.5
1987,EN,June,TMAXA,32.4
1987,EN,June,TMINA,21
1987,EN,June,SRADA,17.4
1987,EN,June,PRCP,1422.2
1988,EN,June,TMAXA,32.3
1988,EN,June,TMINA,21.3
1988,EN,June,SRADA,16.5
1988,EN,June,PRCP,1748.7
1989,LA,June,TMAXA,32.4
1989,LA,June,TMINA,20.4
1989,LA,June,SRADA,16.9
1989,LA,June,PRCP,1722.3
1990,NE,June,TMAXA,32.2
1990,NE,June,TMINA,20.9
1990,NE,June,SRADA,16.5
1990,NE,June,PRCP,1426.7
1991,NE,June,TMAXA,32.1
1991,NE,June,TMINA,20.7
1991,NE,June,SRADA,16.1
1991,NE,June,PRCP,2086.9
1992,EN,June,TMAXA,32
1992,EN,June,TMINA,19.8
1992,EN,June,SRADA,15.8
1992,EN,June,PRCP,1550.6
1993,NE,June,TMAXA,31.9
1993,NE,June,TMINA,20
1993,NE,June,SRADA,16.1
1993,NE,June,PRCP,1417.9
1994,NE,June,TMAXA,32.6
1994,NE,June,TMINA,21
1994,NE,June,SRADA,16.4
1994,NE,June,PRCP,1370.3
1995,EN,June,TMAXA,32
1995,EN,June,TMINA,20.6
1995,EN,June,SRADA,15.8
1995,EN,June,PRCP,1635
1996,LA,June,TMAXA,32.3
1996,LA,June,TMINA,20.1
1996,LA,June,SRADA,16.7
1996,LA,June,PRCP,1818.9
1997,NE,June,TMAXA,31.7
1997,NE,June,TMINA,19.9
1997,NE,June,SRADA,17.1
1997,NE,June,PRCP,1707.7
1998,EN,June,TMAXA,33.2
1998,EN,June,TMINA,20.6
1998,EN,June,SRADA,17.9
1998,EN,June,PRCP,1648.3
1999,LA,June,TMAXA,32.9
1999,LA,June,TMINA,20.3
1999,LA,June,SRADA,17.3
1999,LA,June,PRCP,1651.4
2000,LA,June,TMAXA,32.9
2000,LA,June,TMINA,20.8
2000,LA,June,SRADA,17.3
2000,LA,June,PRCP,1372.5
2001,LA,June,TMAXA,32.7
2001,LA,June,TMINA,20.9
2001,LA,June,SRADA,17.6
2001,LA,June,PRCP,1269.3
2002,NE,June,TMAXA,33.1
2002,NE,June,TMINA,21
2002,NE,June,SRADA,17.7
2002,NE,June,PRCP,1603.4
2003,EN,June,TMAXA,33
2003,EN,June,TMINA,21
2003,EN,June,SRADA,17.4
2003,EN,June,PRCP,1424.2
2004,NE,June,TMAXA,32
2004,NE,June,TMINA,21
2004,NE,June,SRADA,17.1
2004,NE,June,PRCP,1354.2
2005,EN,June,TMAXA,32.7
2005,EN,June,TMINA,21.4
2005,EN,June,SRADA,17.3
2005,EN,June,PRCP,1231.6
2006,NE,June,TMAXA,32.1
2006,NE,June,TMINA,21.2
2006,NE,June,SRADA,16.8
2006,NE,June,PRCP,1636.8
2007,NE,June,TMAXA,32.7
2007,NE,June,TMINA,21.3
2007,NE,June,SRADA,17.4
2007,NE,June,PRCP,1582.3
2008,LA,June,TMAXA,32.3
2008,LA,June,TMINA,20.9
2008,LA,June,SRADA,16.6
2008,LA,June,PRCP,1667.7
2009,NE,June,TMAXA,33
2009,NE,June,TMINA,20.6
2009,NE,June,SRADA,17.6
2009,NE,June,PRCP,1326
2010,EN,June,TMAXA,32.7
2010,EN,June,TMINA,20.6
2010,EN,June,SRADA,17.1
2010,EN,June,PRCP,1428.6
2011,LA,June,TMAXA,33
2011,LA,June,TMINA,20.4
2011,LA,June,SRADA,16.9
2011,LA,June,PRCP,544.1
2012,LA,June,TMAXA,33
2012,LA,June,TMINA,20.7
2012,LA,June,SRADA,17.8
2012,LA,June,PRCP,1635.1
2013,NE,June,TMAXA,32.8
2013,NE,June,TMINA,21.2
2013,NE,June,SRADA,17.1
2013,NE,June,PRCP,1631.7
2014,NE,June,TMAXA,32.3
2014,NE,June,TMINA,21
2014,NE,June,SRADA,16.7
2014,NE,June,PRCP,1939.5
2015,EN,June,TMAXA,32.6
2015,EN,June,TMINA,21.5
2015,EN,June,SRADA,16.8
2015,EN,June,PRCP,1521.4
2016,EN,June,TMAXA,33.4
2016,EN,June,TMINA,21.7
2016,EN,June,SRADA,17.2
2016,EN,June,PRCP,1345
2017,NE,June,TMAXA,32.4
2017,NE,June,TMINA,21.1
2017,NE,June,SRADA,17.1
2017,NE,June,PRCP,1552.2
2018,LA,June,TMAXA,32.9
2018,LA,June,TMINA,21.1
2018,LA,June,SRADA,17.4
2018,LA,June,PRCP,1530.2
2019,EN,June,TMAXA,32.7
2019,EN,June,TMINA,21.1
2019,EN,June,SRADA,17.1
2019,EN,June,PRCP,1213
1963,NE,June,TMAXA,28.9
1963,NE,June,TMINA,15
1963,NE,June,SRADA,18.9
1963,NE,June,PRCP,1581.1
1964,EN,June,TMAXA,29.2
1964,EN,June,TMINA,16.8
1964,EN,June,SRADA,18.7
1964,EN,June,PRCP,1176.1
1965,LA,June,TMAXA,27.7
1965,LA,June,TMINA,16.5
1965,LA,June,SRADA,17.5
1965,LA,June,PRCP,1656.4
1966,EN,June,TMAXA,27.9
1966,EN,June,TMINA,16.6
1966,EN,June,SRADA,18
1966,EN,June,PRCP,1546.8
1967,NE,June,TMAXA,28
1967,NE,June,TMINA,17.1
1967,NE,June,SRADA,18.6
1967,NE,June,PRCP,1211.6
1968,NE,June,TMAXA,27.6
1968,NE,June,TMINA,16.7
1968,NE,June,SRADA,18.4
1968,NE,June,PRCP,1232.8
1969,EN,June,TMAXA,28.4
1969,EN,June,TMINA,17.1
1969,EN,June,SRADA,18.9
1969,EN,June,PRCP,1159
1970,NE,June,TMAXA,28.7
1970,NE,June,TMINA,17.4
1970,NE,June,SRADA,18.3
1970,NE,June,PRCP,1539.2
1971,LA,June,TMAXA,29.1
1971,LA,June,TMINA,17.3
1971,LA,June,SRADA,18.9
1971,LA,June,PRCP,1074.6
1972,LA,June,TMAXA,28.3
1972,LA,June,TMINA,17.1
1972,LA,June,SRADA,18
1972,LA,June,PRCP,1556.7
1973,EN,June,TMAXA,28.6
1973,EN,June,TMINA,18.5
1973,EN,June,SRADA,18.6
1973,EN,June,PRCP,1370.2
1974,LA,June,TMAXA,26.5
1974,LA,June,TMINA,18.3
1974,LA,June,SRADA,18
1974,LA,June,PRCP,1396
1975,LA,June,TMAXA,27.8
1975,LA,June,TMINA,17.4
1975,LA,June,SRADA,19.3
1975,LA,June,PRCP,1005.6
1976,LA,June,TMAXA,28.5
1976,LA,June,TMINA,16.7
1976,LA,June,SRADA,19
1976,LA,June,PRCP,966.8
1977,NE,June,TMAXA,28
1977,NE,June,TMINA,17
1977,NE,June,SRADA,17.6
1977,NE,June,PRCP,1425.7
1978,NE,June,TMAXA,28
1978,NE,June,TMINA,17.4
1978,NE,June,SRADA,17.5
1978,NE,June,PRCP,1318.4
1979,NE,June,TMAXA,28
1979,NE,June,TMINA,15.7
1979,NE,June,SRADA,17.3
1979,NE,June,PRCP,1651.1
1980,NE,June,TMAXA,28.1
1980,NE,June,TMINA,16.9
1980,NE,June,SRADA,16.8
1980,NE,June,PRCP,1988.7
1981,NE,June,TMAXA,28.4
1981,NE,June,TMINA,16.7
1981,NE,June,SRADA,17.4
1981,NE,June,PRCP,1366.9
1982,NE,June,TMAXA,27.7
1982,NE,June,TMINA,16.4
1982,NE,June,SRADA,17.3
1982,NE,June,PRCP,2036.9
1983,EN,June,TMAXA,28.6
1983,EN,June,TMINA,17.5
1983,EN,June,SRADA,17.3
1983,EN,June,PRCP,1493.1
1984,NE,June,TMAXA,28.9
1984,NE,June,TMINA,17.5
1984,NE,June,SRADA,18
1984,NE,June,PRCP,1421.5
1985,LA,June,TMAXA,28.1
1985,LA,June,TMINA,17.1
1985,LA,June,SRADA,17.1
1985,LA,June,PRCP,1352.9
1986,NE,June,TMAXA,28.4
1986,NE,June,TMINA,17.3
1986,NE,June,SRADA,18.1
1986,NE,June,PRCP,1613.1
1987,EN,June,TMAXA,28.8
1987,EN,June,TMINA,17.3
1987,EN,June,SRADA,18.1
1987,EN,June,PRCP,1333
1988,EN,June,TMAXA,29.4
1988,EN,June,TMINA,17.8
1988,EN,June,SRADA,18.1
1988,EN,June,PRCP,1635.9
1989,LA,June,TMAXA,29
1989,LA,June,TMINA,16.7
1989,LA,June,SRADA,18.5
1989,LA,June,PRCP,1278.5
1990,NE,June,TMAXA,29
1990,NE,June,TMINA,17.3
1990,NE,June,SRADA,17.8
1990,NE,June,PRCP,1570.1
1991,NE,June,TMAXA,28.1
1991,NE,June,TMINA,17.2
1991,NE,June,SRADA,17.6
1991,NE,June,PRCP,1430.4
1992,EN,June,TMAXA,27.9
1992,EN,June,TMINA,17.1
1992,EN,June,SRADA,17.2
1992,EN,June,PRCP,1701.1
1993,NE,June,TMAXA,28.2
1993,NE,June,TMINA,17.3
1993,NE,June,SRADA,17.7
1993,NE,June,PRCP,1295.3
1994,NE,June,TMAXA,28.5
1994,NE,June,TMINA,17.5
1994,NE,June,SRADA,17.8
1994,NE,June,PRCP,1622.2
1995,EN,June,TMAXA,29
1995,EN,June,TMINA,17.4
1995,EN,June,SRADA,18.5
1995,EN,June,PRCP,1397.9
1996,LA,June,TMAXA,29.2
1996,LA,June,TMINA,17.3
1996,LA,June,SRADA,18.9
1996,LA,June,PRCP,1168.2
1997,NE,June,TMAXA,28.3
1997,NE,June,TMINA,17.2
1997,NE,June,SRADA,17.8
1997,NE,June,PRCP,1547.6
1998,EN,June,TMAXA,30
1998,EN,June,TMINA,17.9
1998,EN,June,SRADA,19.1
1998,EN,June,PRCP,1232.3
1999,LA,June,TMAXA,29.7
1999,LA,June,TMINA,17.6
1999,LA,June,SRADA,18.8
1999,LA,June,PRCP,1127.7
2000,LA,June,TMAXA,28.8
2000,LA,June,TMINA,17.1
2000,LA,June,SRADA,18.4
2000,LA,June,PRCP,1588.8
2001,LA,June,TMAXA,29.2
2001,LA,June,TMINA,17.4
2001,LA,June,SRADA,18.8
2001,LA,June,PRCP,1126.7
2002,NE,June,TMAXA,28.5
2002,NE,June,TMINA,17.6
2002,NE,June,SRADA,18.2
2002,NE,June,PRCP,1233.4
2003,EN,June,TMAXA,29.4
2003,EN,June,TMINA,18
2003,EN,June,SRADA,18.6
2003,EN,June,PRCP,1263.2
2004,NE,June,TMAXA,28.8
2004,NE,June,TMINA,17.6
2004,NE,June,SRADA,17.5
2004,NE,June,PRCP,1835.6
2005,EN,June,TMAXA,29.1
2005,EN,June,TMINA,17.6
2005,EN,June,SRADA,18.8
2005,EN,June,PRCP,1203.1
2006,NE,June,TMAXA,29.1
2006,NE,June,TMINA,17.8
2006,NE,June,SRADA,18.2
2006,NE,June,PRCP,1351.3
2007,NE,June,TMAXA,28.9
2007,NE,June,TMINA,17.5
2007,NE,June,SRADA,18.2
2007,NE,June,PRCP,1649.7
2008,LA,June,TMAXA,29.3
2008,LA,June,TMINA,17.3
2008,LA,June,SRADA,19.2
2008,LA,June,PRCP,1140.7
2009,NE,June,TMAXA,29.2
2009,NE,June,TMINA,17.3
2009,NE,June,SRADA,18.7
2009,NE,June,PRCP,1399.2
2010,EN,June,TMAXA,29.4
2010,EN,June,TMINA,17.6
2010,EN,June,SRADA,18.7
2010,EN,June,PRCP,1414.7
2011,LA,June,TMAXA,29.2
2011,LA,June,TMINA,17.1
2011,LA,June,SRADA,19
2011,LA,June,PRCP,1298.9
2012,LA,June,TMAXA,29.1
2012,LA,June,TMINA,17.3
2012,LA,June,SRADA,18.6
2012,LA,June,PRCP,1272.8
2013,NE,June,TMAXA,29.4
2013,NE,June,TMINA,17.8
2013,NE,June,SRADA,19.2
2013,NE,June,PRCP,1378.1
2014,NE,June,TMAXA,29.3
2014,NE,June,TMINA,17.6
2014,NE,June,SRADA,19.1
2014,NE,June,PRCP,1402.5
2015,EN,June,TMAXA,29.5
2015,EN,June,TMINA,17.7
2015,EN,June,SRADA,18.9
2015,EN,June,PRCP,1208.7
2016,EN,June,TMAXA,31.1
2016,EN,June,TMINA,18.1
2016,EN,June,SRADA,19.7
2016,EN,June,PRCP,934.7
2017,NE,June,TMAXA,30.3
2017,NE,June,TMINA,18
2017,NE,June,SRADA,19.2
2017,NE,June,PRCP,1127.9
2018,LA,June,TMAXA,29
2018,LA,June,TMINA,17.4
2018,LA,June,SRADA,19.1
2018,LA,June,PRCP,1290.3
2019,EN,June,TMAXA,29.6
2019,EN,June,TMINA,17.8
2019,EN,June,SRADA,19.2
2019,EN,June,PRCP,1216.6
1963,NE,June,TMAXA,32.2
1963,NE,June,TMINA,18.1
1963,NE,June,SRADA,18.9
1963,NE,June,PRCP,1435
1964,EN,June,TMAXA,32.8
1964,EN,June,TMINA,18
1964,EN,June,SRADA,19.1
1964,EN,June,PRCP,1259.7
1965,LA,June,TMAXA,31.6
1965,LA,June,TMINA,18.2
1965,LA,June,SRADA,18.4
1965,LA,June,PRCP,1723.1
1966,EN,June,TMAXA,32.1
1966,EN,June,TMINA,18.6
1966,EN,June,SRADA,18.7
1966,EN,June,PRCP,1880.7
1967,NE,June,TMAXA,32.3
1967,NE,June,TMINA,18.6
1967,NE,June,SRADA,19.2
1967,NE,June,PRCP,1506.6
1968,NE,June,TMAXA,32.1
1968,NE,June,TMINA,19.1
1968,NE,June,SRADA,19.1
1968,NE,June,PRCP,1464.2
1969,EN,June,TMAXA,31.8
1969,EN,June,TMINA,19.7
1969,EN,June,SRADA,19.5
1969,EN,June,PRCP,1414.9
1970,NE,June,TMAXA,32.3
1970,NE,June,TMINA,19.7
1970,NE,June,SRADA,19
1970,NE,June,PRCP,1491
1971,LA,June,TMAXA,31.5
1971,LA,June,TMINA,19.3
1971,LA,June,SRADA,19.3
1971,LA,June,PRCP,1006.2
1972,LA,June,TMAXA,31.2
1972,LA,June,TMINA,18.9
1972,LA,June,SRADA,18.3
1972,LA,June,PRCP,1260.1
1973,EN,June,TMAXA,30.5
1973,EN,June,TMINA,20.4
1973,EN,June,SRADA,18.8
1973,EN,June,PRCP,1647.3
1974,LA,June,TMAXA,29.5
1974,LA,June,TMINA,20.1
1974,LA,June,SRADA,17.6
1974,LA,June,PRCP,2076.2
1975,LA,June,TMAXA,31.3
1975,LA,June,TMINA,19.1
1975,LA,June,SRADA,18.8
1975,LA,June,PRCP,1294.8
1976,LA,June,TMAXA,31.5
1976,LA,June,TMINA,19
1976,LA,June,SRADA,18.3
1976,LA,June,PRCP,1270.7
1977,NE,June,TMAXA,31.1
1977,NE,June,TMINA,18.7
1977,NE,June,SRADA,17.7
1977,NE,June,PRCP,2001.3
1978,NE,June,TMAXA,30.4
1978,NE,June,TMINA,19.9
1978,NE,June,SRADA,17.4
1978,NE,June,PRCP,1392.3
1979,NE,June,TMAXA,29.8
1979,NE,June,TMINA,19.3
1979,NE,June,SRADA,16.8
1979,NE,June,PRCP,1597
1980,NE,June,TMAXA,31.5
1980,NE,June,TMINA,19.4
1980,NE,June,SRADA,16.8
1980,NE,June,PRCP,1778.6
1981,NE,June,TMAXA,32
1981,NE,June,TMINA,20.5
1981,NE,June,SRADA,16.7
1981,NE,June,PRCP,1665.8
1982,NE,June,TMAXA,31.4
1982,NE,June,TMINA,19.3
1982,NE,June,SRADA,16.5
1982,NE,June,PRCP,2086.9
1983,EN,June,TMAXA,32
1983,EN,June,TMINA,20.3
1983,EN,June,SRADA,16.6
1983,EN,June,PRCP,1992.5
1984,NE,June,TMAXA,32.3
1984,NE,June,TMINA,20
1984,NE,June,SRADA,16.8
1984,NE,June,PRCP,1663.4
1985,LA,June,TMAXA,31.6
1985,LA,June,TMINA,19.4
1985,LA,June,SRADA,17.2
1985,LA,June,PRCP,1656.8
1986,NE,June,TMAXA,32.1
1986,NE,June,TMINA,19.5
1986,NE,June,SRADA,17.6
1986,NE,June,PRCP,1054.7
1987,EN,June,TMAXA,31.8
1987,EN,June,TMINA,19.8
1987,EN,June,SRADA,17.2
1987,EN,June,PRCP,1498.9
1988,EN,June,TMAXA,32.5
1988,EN,June,TMINA,20.3
1988,EN,June,SRADA,17.5
1988,EN,June,PRCP,1576
1989,LA,June,TMAXA,32
1989,LA,June,TMINA,19.3
1989,LA,June,SRADA,18.5
1989,LA,June,PRCP,1342.5
1990,NE,June,TMAXA,32
1990,NE,June,TMINA,19
1990,NE,June,SRADA,18.4
1990,NE,June,PRCP,1748.8
1991,NE,June,TMAXA,31.9
1991,NE,June,TMINA,19.4
1991,NE,June,SRADA,18.1
1991,NE,June,PRCP,1603.6
1992,EN,June,TMAXA,32.5
1992,EN,June,TMINA,20.1
1992,EN,June,SRADA,17.4
1992,EN,June,PRCP,1217.6
1993,NE,June,TMAXA,31.8
1993,NE,June,TMINA,19.8
1993,NE,June,SRADA,17.3
1993,NE,June,PRCP,1416.4
1994,NE,June,TMAXA,32.5
1994,NE,June,TMINA,19.5
1994,NE,June,SRADA,17.6
1994,NE,June,PRCP,1472.7
1995,EN,June,TMAXA,32.5
1995,EN,June,TMINA,19.8
1995,EN,June,SRADA,18
1995,EN,June,PRCP,1577.9
1996,LA,June,TMAXA,32.9
1996,LA,June,TMINA,20.4
1996,LA,June,SRADA,18.2
1996,LA,June,PRCP,1251.8
1997,NE,June,TMAXA,32.1
1997,NE,June,TMINA,20.1
1997,NE,June,SRADA,17.1
1997,NE,June,PRCP,1798.3
1998,EN,June,TMAXA,33.8
1998,EN,June,TMINA,20.7
1998,EN,June,SRADA,18.2
1998,EN,June,PRCP,1588.4
1999,LA,June,TMAXA,33.6
1999,LA,June,TMINA,20.3
1999,LA,June,SRADA,17.9
1999,LA,June,PRCP,1144
2000,LA,June,TMAXA,33.1
2000,LA,June,TMINA,20.3
2000,LA,June,SRADA,18.4
2000,LA,June,PRCP,1232.2
2001,LA,June,TMAXA,33
2001,LA,June,TMINA,19.8
2001,LA,June,SRADA,18.3
2001,LA,June,PRCP,1244.5
2002,NE,June,TMAXA,32.5
2002,NE,June,TMINA,19.6
2002,NE,June,SRADA,18.3
2002,NE,June,PRCP,1773.1
2003,EN,June,TMAXA,32.9
2003,EN,June,TMINA,20.2
2003,EN,June,SRADA,18
2003,EN,June,PRCP,1471.8
2004,NE,June,TMAXA,32.5
2004,NE,June,TMINA,19.8
2004,NE,June,SRADA,18
2004,NE,June,PRCP,1590.3
2005,EN,June,TMAXA,32.9
2005,EN,June,TMINA,20
2005,EN,June,SRADA,18.6
2005,EN,June,PRCP,1210.6
2006,NE,June,TMAXA,32.7
2006,NE,June,TMINA,20.3
2006,NE,June,SRADA,18.1
2006,NE,June,PRCP,1333.8
2007,NE,June,TMAXA,32.9
2007,NE,June,TMINA,20.2
2007,NE,June,SRADA,18.4
2007,NE,June,PRCP,1672.6
2008,LA,June,TMAXA,33
2008,LA,June,TMINA,20.1
2008,LA,June,SRADA,18.7
2008,LA,June,PRCP,1522.9
2009,NE,June,TMAXA,33.2
2009,NE,June,TMINA,20.1
2009,NE,June,SRADA,19.3
2009,NE,June,PRCP,1424.6
2010,EN,June,TMAXA,33.2
2010,EN,June,TMINA,20.5
2010,EN,June,SRADA,18.7
2010,EN,June,PRCP,1644.1
2011,LA,June,TMAXA,33.4
2011,LA,June,TMINA,19.9
2011,LA,June,SRADA,18.8
2011,LA,June,PRCP,1597
2012,LA,June,TMAXA,32.9
2012,LA,June,TMINA,20.1
2012,LA,June,SRADA,19
2012,LA,June,PRCP,1291.5
2013,NE,June,TMAXA,33.1
2013,NE,June,TMINA,20.3
2013,NE,June,SRADA,18.6
2013,NE,June,PRCP,1582.8
2014,NE,June,TMAXA,33.2
2014,NE,June,TMINA,20.2
2014,NE,June,SRADA,19.2
2014,NE,June,PRCP,1427.9
2015,EN,June,TMAXA,33.3
2015,EN,June,TMINA,20.1
2015,EN,June,SRADA,18.5
2015,EN,June,PRCP,1486.8
2016,EN,June,TMAXA,34.4
2016,EN,June,TMINA,20.9
2016,EN,June,SRADA,19.2
2016,EN,June,PRCP,1215.4
2017,NE,June,TMAXA,33.7
2017,NE,June,TMINA,20.5
2017,NE,June,SRADA,18.8
2017,NE,June,PRCP,1231
2018,LA,June,TMAXA,33.2
2018,LA,June,TMINA,20
2018,LA,June,SRADA,18.9
2018,LA,June,PRCP,1402.9
2019,EN,June,TMAXA,33.4
2019,EN,June,TMINA,19.6
2019,EN,June,SRADA,18.9
2019,EN,June,PRCP,1858.7
1963,NE,June,TMAXA,29.8
1963,NE,June,TMINA,15.3
1963,NE,June,SRADA,19.2
1963,NE,June,PRCP,1394.2
1964,EN,June,TMAXA,30
1964,EN,June,TMINA,16.7
1964,EN,June,SRADA,18.9
1964,EN,June,PRCP,1085.3
1965,LA,June,TMAXA,28.4
1965,LA,June,TMINA,16.8
1965,LA,June,SRADA,17.7
1965,LA,June,PRCP,1485.6
1966,EN,June,TMAXA,28.7
1966,EN,June,TMINA,16.8
1966,EN,June,SRADA,18.1
1966,EN,June,PRCP,1500.8
1967,NE,June,TMAXA,28.8
1967,NE,June,TMINA,17.3
1967,NE,June,SRADA,18.8
1967,NE,June,PRCP,1189.9
1968,NE,June,TMAXA,28.4
1968,NE,June,TMINA,16.8
1968,NE,June,SRADA,18.5
1968,NE,June,PRCP,1232.8
1969,EN,June,TMAXA,29.2
1969,EN,June,TMINA,17.1
1969,EN,June,SRADA,19
1969,EN,June,PRCP,1145.7
1970,NE,June,TMAXA,29.7
1970,NE,June,TMINA,17.3
1970,NE,June,SRADA,18.5
1970,NE,June,PRCP,1578.5
1971,LA,June,TMAXA,30.1
1971,LA,June,TMINA,17.3
1971,LA,June,SRADA,19.1
1971,LA,June,PRCP,1021.4
1972,LA,June,TMAXA,29.3
1972,LA,June,TMINA,17.1
1972,LA,June,SRADA,18
1972,LA,June,PRCP,1406.6
1973,EN,June,TMAXA,29.7
1973,EN,June,TMINA,18.7
1973,EN,June,SRADA,18.7
1973,EN,June,PRCP,1253.4
1974,LA,June,TMAXA,27.3
1974,LA,June,TMINA,18.5
1974,LA,June,SRADA,18.1
1974,LA,June,PRCP,1596.1
1975,LA,June,TMAXA,28.4
1975,LA,June,TMINA,17.8
1975,LA,June,SRADA,19.3
1975,LA,June,PRCP,1030.5
1976,LA,June,TMAXA,29.2
1976,LA,June,TMINA,16.8
1976,LA,June,SRADA,19.1
1976,LA,June,PRCP,886.4
1977,NE,June,TMAXA,28.7
1977,NE,June,TMINA,17.3
1977,NE,June,SRADA,17.8
1977,NE,June,PRCP,1267
1978,NE,June,TMAXA,28.3
1978,NE,June,TMINA,17.9
1978,NE,June,SRADA,17.6
1978,NE,June,PRCP,1786.5
1979,NE,June,TMAXA,28.6
1979,NE,June,TMINA,15.3
1979,NE,June,SRADA,17.4
1979,NE,June,PRCP,1519.7
1980,NE,June,TMAXA,29.1
1980,NE,June,TMINA,17.1
1980,NE,June,SRADA,17.1
1980,NE,June,PRCP,1390.5
1981,NE,June,TMAXA,29.4
1981,NE,June,TMINA,16.5
1981,NE,June,SRADA,17.5
1981,NE,June,PRCP,1015
1982,NE,June,TMAXA,28.7
1982,NE,June,TMINA,16.2
1982,NE,June,SRADA,17.6
1982,NE,June,PRCP,1759.2
1983,EN,June,TMAXA,29.7
1983,EN,June,TMINA,17.4
1983,EN,June,SRADA,17.7
1983,EN,June,PRCP,1620.4
1984,NE,June,TMAXA,30.1
1984,NE,June,TMINA,16.8
1984,NE,June,SRADA,18.4
1984,NE,June,PRCP,1483.5
1985,LA,June,TMAXA,29.2
1985,LA,June,TMINA,17
1985,LA,June,SRADA,17.3
1985,LA,June,PRCP,1434.4
1986,NE,June,TMAXA,29.4
1986,NE,June,TMINA,17.4
1986,NE,June,SRADA,18.2
1986,NE,June,PRCP,1272.5
1987,EN,June,TMAXA,30
1987,EN,June,TMINA,17.2
1987,EN,June,SRADA,18.4
1987,EN,June,PRCP,1135.7
1988,EN,June,TMAXA,30.7
1988,EN,June,TMINA,17.8
1988,EN,June,SRADA,18.2
1988,EN,June,PRCP,1869.4
1989,LA,June,TMAXA,30.2
1989,LA,June,TMINA,16.9
1989,LA,June,SRADA,18.5
1989,LA,June,PRCP,945.1
1990,NE,June,TMAXA,30.3
1990,NE,June,TMINA,17.7
1990,NE,June,SRADA,18
1990,NE,June,PRCP,1754.5
1991,NE,June,TMAXA,29.7
1991,NE,June,TMINA,17.7
1991,NE,June,SRADA,17.7
1991,NE,June,PRCP,1731.2
1992,EN,June,TMAXA,29.2
1992,EN,June,TMINA,17.5
1992,EN,June,SRADA,17.4
1992,EN,June,PRCP,1876.4
1993,NE,June,TMAXA,29.4
1993,NE,June,TMINA,17.5
1993,NE,June,SRADA,17.8
1993,NE,June,PRCP,1292.9
1994,NE,June,TMAXA,30.2
1994,NE,June,TMINA,17.8
1994,NE,June,SRADA,18.1
1994,NE,June,PRCP,1438.4
1995,EN,June,TMAXA,30.3
1995,EN,June,TMINA,17.7
1995,EN,June,SRADA,18.6
1995,EN,June,PRCP,1172.9
1996,LA,June,TMAXA,30.5
1996,LA,June,TMINA,17.7
1996,LA,June,SRADA,19.1
1996,LA,June,PRCP,1419.8
1997,NE,June,TMAXA,29.5
1997,NE,June,TMINA,17.6
1997,NE,June,SRADA,18
1997,NE,June,PRCP,1505.7
1998,EN,June,TMAXA,31.2
1998,EN,June,TMINA,18.2
1998,EN,June,SRADA,19.2
1998,EN,June,PRCP,875.5
1999,LA,June,TMAXA,30.9
1999,LA,June,TMINA,17.9
1999,LA,June,SRADA,19
1999,LA,June,PRCP,1084
2000,LA,June,TMAXA,30.1
2000,LA,June,TMINA,17.5
2000,LA,June,SRADA,18.5
2000,LA,June,PRCP,1409.7
2001,LA,June,TMAXA,30.7
2001,LA,June,TMINA,17.5
2001,LA,June,SRADA,19
2001,LA,June,PRCP,934.4
2002,NE,June,TMAXA,30.2
2002,NE,June,TMINA,17.6
2002,NE,June,SRADA,18.4
2002,NE,June,PRCP,1422.9
2003,EN,June,TMAXA,30.7
2003,EN,June,TMINA,18.1
2003,EN,June,SRADA,18.9
2003,EN,June,PRCP,1300.8
2004,NE,June,TMAXA,30.1
2004,NE,June,TMINA,17.6
2004,NE,June,SRADA,17.7
2004,NE,June,PRCP,1479.4
2005,EN,June,TMAXA,30.5
2005,EN,June,TMINA,18
2005,EN,June,SRADA,18.9
2005,EN,June,PRCP,1424
2006,NE,June,TMAXA,30.4
2006,NE,June,TMINA,18.1
2006,NE,June,SRADA,18.5
2006,NE,June,PRCP,1543.4
2007,NE,June,TMAXA,30.3
2007,NE,June,TMINA,17.7
2007,NE,June,SRADA,18.2
2007,NE,June,PRCP,1541.6
2008,LA,June,TMAXA,30.6
2008,LA,June,TMINA,17.8
2008,LA,June,SRADA,20.1
2008,LA,June,PRCP,1084.4
2009,NE,June,TMAXA,30.3
2009,NE,June,TMINA,17.8
2009,NE,June,SRADA,19.4
2009,NE,June,PRCP,1205.5
2010,EN,June,TMAXA,30.6
2010,EN,June,TMINA,18.2
2010,EN,June,SRADA,19.9
2010,EN,June,PRCP,1304
2011,LA,June,TMAXA,30.2
2011,LA,June,TMINA,17.6
2011,LA,June,SRADA,19.7
2011,LA,June,PRCP,1449.8
2012,LA,June,TMAXA,30.2
2012,LA,June,TMINA,17.7
2012,LA,June,SRADA,19.4
2012,LA,June,PRCP,1154.2
2013,NE,June,TMAXA,30.7
2013,NE,June,TMINA,18.3
2013,NE,June,SRADA,19.9
2013,NE,June,PRCP,1232.2
2014,NE,June,TMAXA,30.4
2014,NE,June,TMINA,18
2014,NE,June,SRADA,19.7
2014,NE,June,PRCP,1133.8
2015,EN,June,TMAXA,30.8
2015,EN,June,TMINA,18.3
2015,EN,June,SRADA,19.9
2015,EN,June,PRCP,1189.9
2016,EN,June,TMAXA,32.3
2016,EN,June,TMINA,18.8
2016,EN,June,SRADA,20.7
2016,EN,June,PRCP,1097.5
2017,NE,June,TMAXA,31.5
2017,NE,June,TMINA,18.9
2017,NE,June,SRADA,20.2
2017,NE,June,PRCP,1007.5
2018,LA,June,TMAXA,30.3
2018,LA,June,TMINA,17.9
2018,LA,June,SRADA,19.5
2018,LA,June,PRCP,1177.5
2019,EN,June,TMAXA,30.9
2019,EN,June,TMINA,17.2
2019,EN,June,SRADA,20
2019,EN,June,PRCP,1464.7
1963,NE,June,TMAXA,31.7
1963,NE,June,TMINA,17.8
1963,NE,June,SRADA,18.5
1963,NE,June,PRCP,1472.6
1964,EN,June,TMAXA,32.6
1964,EN,June,TMINA,17.5
1964,EN,June,SRADA,19.1
1964,EN,June,PRCP,1297.1
1965,LA,June,TMAXA,31.5
1965,LA,June,TMINA,17.8
1965,LA,June,SRADA,18.5
1965,LA,June,PRCP,1518
1966,EN,June,TMAXA,32
1966,EN,June,TMINA,18.5
1966,EN,June,SRADA,18.8
1966,EN,June,PRCP,1506.8
1967,NE,June,TMAXA,31.8
1967,NE,June,TMINA,18.4
1967,NE,June,SRADA,19.2
1967,NE,June,PRCP,1067.3
1968,NE,June,TMAXA,31.4
1968,NE,June,TMINA,18.3
1968,NE,June,SRADA,19
1968,NE,June,PRCP,1313.9
1969,EN,June,TMAXA,31.5
1969,EN,June,TMINA,18.7
1969,EN,June,SRADA,19.7
1969,EN,June,PRCP,1531.4
1970,NE,June,TMAXA,31.7
1970,NE,June,TMINA,18.8
1970,NE,June,SRADA,19.5
1970,NE,June,PRCP,1316.1
1971,LA,June,TMAXA,31.4
1971,LA,June,TMINA,18.1
1971,LA,June,SRADA,19
1971,LA,June,PRCP,1279.4
1972,LA,June,TMAXA,31.5
1972,LA,June,TMINA,18.3
1972,LA,June,SRADA,18.3
1972,LA,June,PRCP,1318.6
1973,EN,June,TMAXA,32.3
1973,EN,June,TMINA,19.5
1973,EN,June,SRADA,18.6
1973,EN,June,PRCP,1521.5
1974,LA,June,TMAXA,31.3
1974,LA,June,TMINA,19.2
1974,LA,June,SRADA,17.6
1974,LA,June,PRCP,1720.7
1975,LA,June,TMAXA,31.9
1975,LA,June,TMINA,18.5
1975,LA,June,SRADA,18.5
1975,LA,June,PRCP,1562.7
1976,LA,June,TMAXA,31.7
1976,LA,June,TMINA,18.6
1976,LA,June,SRADA,17.7
1976,LA,June,PRCP,1507.9
1977,NE,June,TMAXA,30.9
1977,NE,June,TMINA,17.9
1977,NE,June,SRADA,18
1977,NE,June,PRCP,1492.3
1978,NE,June,TMAXA,31.2
1978,NE,June,TMINA,18.8
1978,NE,June,SRADA,17.5
1978,NE,June,PRCP,1576.1
1979,NE,June,TMAXA,30.3
1979,NE,June,TMINA,14.5
1979,NE,June,SRADA,17
1979,NE,June,PRCP,1924.1
1980,NE,June,TMAXA,31
1980,NE,June,TMINA,16.6
1980,NE,June,SRADA,17.1
1980,NE,June,PRCP,1552.3
1981,NE,June,TMAXA,31
1981,NE,June,TMINA,16.9
1981,NE,June,SRADA,17.3
1981,NE,June,PRCP,1630.8
1982,NE,June,TMAXA,30.6
1982,NE,June,TMINA,17.1
1982,NE,June,SRADA,16.9
1982,NE,June,PRCP,1546.8
1983,EN,June,TMAXA,31.1
1983,EN,June,TMINA,18.5
1983,EN,June,SRADA,17.2
1983,EN,June,PRCP,1515.7
1984,NE,June,TMAXA,30.7
1984,NE,June,TMINA,17.5
1984,NE,June,SRADA,17.2
1984,NE,June,PRCP,1532.7
1985,LA,June,TMAXA,31
1985,LA,June,TMINA,17.6
1985,LA,June,SRADA,17.7
1985,LA,June,PRCP,1545.9
1986,NE,June,TMAXA,31.2
1986,NE,June,TMINA,17.7
1986,NE,June,SRADA,18.2
1986,NE,June,PRCP,1558.1
1987,EN,June,TMAXA,30.8
1987,EN,June,TMINA,17.8
1987,EN,June,SRADA,18
1987,EN,June,PRCP,1954.7
1988,EN,June,TMAXA,31.1
1988,EN,June,TMINA,19
1988,EN,June,SRADA,17.5
1988,EN,June,PRCP,1864.2
1989,LA,June,TMAXA,30.9
1989,LA,June,TMINA,19.5
1989,LA,June,SRADA,18.5
1989,LA,June,PRCP,1630.1
1990,NE,June,TMAXA,31.2
1990,NE,June,TMINA,19.3
1990,NE,June,SRADA,18.5
1990,NE,June,PRCP,1692.5
1991,NE,June,TMAXA,31.1
1991,NE,June,TMINA,18.3
1991,NE,June,SRADA,17.9
1991,NE,June,PRCP,1759.7
1992,EN,June,TMAXA,31.6
1992,EN,June,TMINA,18
1992,EN,June,SRADA,17.4
1992,EN,June,PRCP,1409.5
1993,NE,June,TMAXA,31
1993,NE,June,TMINA,17.5
1993,NE,June,SRADA,17.4
1993,NE,June,PRCP,1679.6
1994,NE,June,TMAXA,31.4
1994,NE,June,TMINA,18.3
1994,NE,June,SRADA,18
1994,NE,June,PRCP,1307
1995,EN,June,TMAXA,31.7
1995,EN,June,TMINA,18.9
1995,EN,June,SRADA,17.7
1995,EN,June,PRCP,1784.2
1996,LA,June,TMAXA,31.9
1996,LA,June,TMINA,18.4
1996,LA,June,SRADA,18.3
1996,LA,June,PRCP,1514.7
1997,NE,June,TMAXA,31.3
1997,NE,June,TMINA,18.5
1997,NE,June,SRADA,17.5
1997,NE,June,PRCP,1619.3
1998,EN,June,TMAXA,32.4
1998,EN,June,TMINA,19
1998,EN,June,SRADA,18.5
1998,EN,June,PRCP,1592.1
1999,LA,June,TMAXA,32.3
1999,LA,June,TMINA,18.5
1999,LA,June,SRADA,18
1999,LA,June,PRCP,1346.5
2000,LA,June,TMAXA,31.9
2000,LA,June,TMINA,18.5
2000,LA,June,SRADA,18.2
2000,LA,June,PRCP,1337.1
2001,LA,June,TMAXA,31.5
2001,LA,June,TMINA,18.9
2001,LA,June,SRADA,18.2
2001,LA,June,PRCP,1321
2002,NE,June,TMAXA,31.7
2002,NE,June,TMINA,19
2002,NE,June,SRADA,17.8
2002,NE,June,PRCP,1766
2003,EN,June,TMAXA,32.1
2003,EN,June,TMINA,19.4
2003,EN,June,SRADA,17.2
2003,EN,June,PRCP,1699.1
2004,NE,June,TMAXA,31.9
2004,NE,June,TMINA,19.2
2004,NE,June,SRADA,17.3
2004,NE,June,PRCP,1329.7
2005,EN,June,TMAXA,32.3
2005,EN,June,TMINA,19
2005,EN,June,SRADA,18.2
2005,EN,June,PRCP,1163.7
2006,NE,June,TMAXA,31.9
2006,NE,June,TMINA,18.8
2006,NE,June,SRADA,17.3
2006,NE,June,PRCP,1389.1
2007,NE,June,TMAXA,32.2
2007,NE,June,TMINA,18.7
2007,NE,June,SRADA,17.7
2007,NE,June,PRCP,1317.7
2008,LA,June,TMAXA,32
2008,LA,June,TMINA,18.5
2008,LA,June,SRADA,17.2
2008,LA,June,PRCP,736.2
2009,NE,June,TMAXA,32.6
2009,NE,June,TMINA,18.5
2009,NE,June,SRADA,18.2
2009,NE,June,PRCP,926.8
2010,EN,June,TMAXA,32.2
2010,EN,June,TMINA,19.2
2010,EN,June,SRADA,17.2
2010,EN,June,PRCP,1423.5
2011,LA,June,TMAXA,32.5
2011,LA,June,TMINA,18.6
2011,LA,June,SRADA,17.7
2011,LA,June,PRCP,1336.7
2012,LA,June,TMAXA,32.4
2012,LA,June,TMINA,18.9
2012,LA,June,SRADA,18.5
2012,LA,June,PRCP,1339
2013,NE,June,TMAXA,32.5
2013,NE,June,TMINA,19
2013,NE,June,SRADA,17.4
2013,NE,June,PRCP,1179.8
2014,NE,June,TMAXA,32.1
2014,NE,June,TMINA,19.1
2014,NE,June,SRADA,16.7
2014,NE,June,PRCP,1280.2
2015,EN,June,TMAXA,32.6
2015,EN,June,TMINA,19.6
2015,EN,June,SRADA,16.3
2015,EN,June,PRCP,1403
2016,EN,June,TMAXA,33.2
2016,EN,June,TMINA,19.8
2016,EN,June,SRADA,16.7
2016,EN,June,PRCP,830.4
2017,NE,June,TMAXA,32.8
2017,NE,June,TMINA,20.1
2017,NE,June,SRADA,17.3
2017,NE,June,PRCP,1344.5
2018,LA,June,TMAXA,32.8
2018,LA,June,TMINA,20
2018,LA,June,SRADA,16.9
2018,LA,June,PRCP,1473.6
2019,EN,June,TMAXA,33.2
2019,EN,June,TMINA,20.3
2019,EN,June,SRADA,17.1
2019,EN,June,PRCP,1560.8
1963,NE,June,TMAXA,30.9
1963,NE,June,TMINA,16.8
1963,NE,June,SRADA,17.4
1963,NE,June,PRCP,596.1
1964,EN,June,TMAXA,30.8
1964,EN,June,TMINA,17.4
1964,EN,June,SRADA,17.1
1964,EN,June,PRCP,1005.3
1965,LA,June,TMAXA,30
1965,LA,June,TMINA,17.3
1965,LA,June,SRADA,16.4
1965,LA,June,PRCP,655.5
1966,EN,June,TMAXA,31.1
1966,EN,June,TMINA,17.9
1966,EN,June,SRADA,17.5
1966,EN,June,PRCP,679
1967,NE,June,TMAXA,32.3
1967,NE,June,TMINA,18.5
1967,NE,June,SRADA,18.2
1967,NE,June,PRCP,562.1
1968,NE,June,TMAXA,30.4
1968,NE,June,TMINA,17.3
1968,NE,June,SRADA,17.1
1968,NE,June,PRCP,999.6
1969,EN,June,TMAXA,29.9
1969,EN,June,TMINA,17.5
1969,EN,June,SRADA,18
1969,EN,June,PRCP,805.3
1970,NE,June,TMAXA,30.1
1970,NE,June,TMINA,18.3
1970,NE,June,SRADA,17.9
1970,NE,June,PRCP,856
1971,LA,June,TMAXA,30.7
1971,LA,June,TMINA,18.7
1971,LA,June,SRADA,18.3
1971,LA,June,PRCP,762.8
1972,LA,June,TMAXA,30.2
1972,LA,June,TMINA,18.2
1972,LA,June,SRADA,17.8
1972,LA,June,PRCP,904.6
1973,EN,June,TMAXA,31.7
1973,EN,June,TMINA,19.4
1973,EN,June,SRADA,18.6
1973,EN,June,PRCP,743.9
1974,LA,June,TMAXA,30.7
1974,LA,June,TMINA,19
1974,LA,June,SRADA,17.8
1974,LA,June,PRCP,813.4
1975,LA,June,TMAXA,30.4
1975,LA,June,TMINA,18.3
1975,LA,June,SRADA,18.1
1975,LA,June,PRCP,793.8
1976,LA,June,TMAXA,31.1
1976,LA,June,TMINA,19.2
1976,LA,June,SRADA,18.4
1976,LA,June,PRCP,513.8
1977,NE,June,TMAXA,30.1
1977,NE,June,TMINA,19.3
1977,NE,June,SRADA,17.2
1977,NE,June,PRCP,925.7
1978,NE,June,TMAXA,29.7
1978,NE,June,TMINA,18.9
1978,NE,June,SRADA,16.6
1978,NE,June,PRCP,907.5
1979,NE,June,TMAXA,29.2
1979,NE,June,TMINA,18
1979,NE,June,SRADA,15.8
1979,NE,June,PRCP,1358.5
1980,NE,June,TMAXA,29.6
1980,NE,June,TMINA,18.1
1980,NE,June,SRADA,16.4
1980,NE,June,PRCP,893
1981,NE,June,TMAXA,29.4
1981,NE,June,TMINA,18
1981,NE,June,SRADA,16.1
1981,NE,June,PRCP,902.5
1982,NE,June,TMAXA,29.4
1982,NE,June,TMINA,17.6
1982,NE,June,SRADA,15.7
1982,NE,June,PRCP,780.9
1983,EN,June,TMAXA,29.6
1983,EN,June,TMINA,19.1
1983,EN,June,SRADA,16.5
1983,EN,June,PRCP,941.4
1984,NE,June,TMAXA,31.3
1984,NE,June,TMINA,18.8
1984,NE,June,SRADA,17
1984,NE,June,PRCP,811.2
1985,LA,June,TMAXA,30.9
1985,LA,June,TMINA,18.6
1985,LA,June,SRADA,16.6
1985,LA,June,PRCP,990.1
1986,NE,June,TMAXA,30.2
1986,NE,June,TMINA,18
1986,NE,June,SRADA,17.3
1986,NE,June,PRCP,808.9
1987,EN,June,TMAXA,30.8
1987,EN,June,TMINA,17.8
1987,EN,June,SRADA,17.7
1987,EN,June,PRCP,787.9
1988,EN,June,TMAXA,32.2
1988,EN,June,TMINA,19.8
1988,EN,June,SRADA,17.8
1988,EN,June,PRCP,766.7
1989,LA,June,TMAXA,31.6
1989,LA,June,TMINA,19.2
1989,LA,June,SRADA,18.4
1989,LA,June,PRCP,468.5
1990,NE,June,TMAXA,31
1990,NE,June,TMINA,18.8
1990,NE,June,SRADA,17.8
1990,NE,June,PRCP,946
1991,NE,June,TMAXA,30.6
1991,NE,June,TMINA,19.2
1991,NE,June,SRADA,16.9
1991,NE,June,PRCP,830.3
1992,EN,June,TMAXA,30.3
1992,EN,June,TMINA,18.7
1992,EN,June,SRADA,16.1
1992,EN,June,PRCP,906.6
1993,NE,June,TMAXA,30.4
1993,NE,June,TMINA,18.7
1993,NE,June,SRADA,16.3
1993,NE,June,PRCP,973
1994,NE,June,TMAXA,32
1994,NE,June,TMINA,19.2
1994,NE,June,SRADA,17.7
1994,NE,June,PRCP,617.2
1995,EN,June,TMAXA,32
1995,EN,June,TMINA,19.3
1995,EN,June,SRADA,18.1
1995,EN,June,PRCP,497.7
1996,LA,June,TMAXA,32
1996,LA,June,TMINA,19.5
1996,LA,June,SRADA,18
1996,LA,June,PRCP,717.1
1997,NE,June,TMAXA,30.8
1997,NE,June,TMINA,19.1
1997,NE,June,SRADA,16.9
1997,NE,June,PRCP,807
1998,EN,June,TMAXA,33.3
1998,EN,June,TMINA,20
1998,EN,June,SRADA,18.8
1998,EN,June,PRCP,460.1
1999,LA,June,TMAXA,32.1
1999,LA,June,TMINA,19.8
1999,LA,June,SRADA,18.3
1999,LA,June,PRCP,791.8
2000,LA,June,TMAXA,30.8
2000,LA,June,TMINA,19.1
2000,LA,June,SRADA,17.3
2000,LA,June,PRCP,862.7
2001,LA,June,TMAXA,31.6
2001,LA,June,TMINA,19.3
2001,LA,June,SRADA,18.3
2001,LA,June,PRCP,888
2002,NE,June,TMAXA,31
2002,NE,June,TMINA,19.4
2002,NE,June,SRADA,17.6
2002,NE,June,PRCP,900.7
2003,EN,June,TMAXA,32
2003,EN,June,TMINA,20
2003,EN,June,SRADA,17.9
2003,EN,June,PRCP,590.9
2004,NE,June,TMAXA,30.8
2004,NE,June,TMINA,19.5
2004,NE,June,SRADA,17.1
2004,NE,June,PRCP,787.2
2005,EN,June,TMAXA,31.2
2005,EN,June,TMINA,19.3
2005,EN,June,SRADA,17.6
2005,EN,June,PRCP,708.7
2006,NE,June,TMAXA,31.6
2006,NE,June,TMINA,19.5
2006,NE,June,SRADA,17.8
2006,NE,June,PRCP,610
2007,NE,June,TMAXA,30.7
2007,NE,June,TMINA,18.8
2007,NE,June,SRADA,17.1
2007,NE,June,PRCP,1063.4
2008,LA,June,TMAXA,32.3
2008,LA,June,TMINA,19.1
2008,LA,June,SRADA,18.6
2008,LA,June,PRCP,512.6
2009,NE,June,TMAXA,31.7
2009,NE,June,TMINA,19.3
2009,NE,June,SRADA,18
2009,NE,June,PRCP,794.4
2010,EN,June,TMAXA,32.6
2010,EN,June,TMINA,19.7
2010,EN,June,SRADA,18.8
2010,EN,June,PRCP,860.4
2011,LA,June,TMAXA,31.5
2011,LA,June,TMINA,19.2
2011,LA,June,SRADA,18.1
2011,LA,June,PRCP,707.9
2012,LA,June,TMAXA,32
2012,LA,June,TMINA,19
2012,LA,June,SRADA,18.1
2012,LA,June,PRCP,550.1
2013,NE,June,TMAXA,32.5
2013,NE,June,TMINA,19.6
2013,NE,June,SRADA,18.7
2013,NE,June,PRCP,653.9
2014,NE,June,TMAXA,32.4
2014,NE,June,TMINA,19.4
2014,NE,June,SRADA,18.4
2014,NE,June,PRCP,554.3
2015,EN,June,TMAXA,32.4
2015,EN,June,TMINA,19.2
2015,EN,June,SRADA,18.5
2015,EN,June,PRCP,649.5
2016,EN,June,TMAXA,33.7
2016,EN,June,TMINA,20
2016,EN,June,SRADA,19.6
2016,EN,June,PRCP,601.6
2017,NE,June,TMAXA,32.5
2017,NE,June,TMINA,19.5
2017,NE,June,SRADA,18.6
2017,NE,June,PRCP,566.7
2018,LA,June,TMAXA,31.5
2018,LA,June,TMINA,19
2018,LA,June,SRADA,18.6
2018,LA,June,PRCP,733.8
2019,EN,June,TMAXA,33.3
2019,EN,June,TMINA,20.1
2019,EN,June,SRADA,19.5
2019,EN,June,PRCP,542
1963,NE,July,TMAXA,31.8
1963,NE,July,TMINA,17.9
1963,NE,July,SRADA,18.3
1963,NE,July,PRCP,1893
1964,EN,July,TMAXA,32.6
1964,EN,July,TMINA,17.9
1964,EN,July,SRADA,18.8
1964,EN,July,PRCP,1378
1965,LA,July,TMAXA,32
1965,LA,July,TMINA,17.8
1965,LA,July,SRADA,18.2
1965,LA,July,PRCP,1890.5
1966,EN,July,TMAXA,32.8
1966,EN,July,TMINA,17.8
1966,EN,July,SRADA,18.8
1966,EN,July,PRCP,1932.4
1967,NE,July,TMAXA,32
1967,NE,July,TMINA,19
1967,NE,July,SRADA,19.1
1967,NE,July,PRCP,1367.9
1968,NE,July,TMAXA,31.7
1968,NE,July,TMINA,18.6
1968,NE,July,SRADA,19.3
1968,NE,July,PRCP,1595.8
1969,EN,July,TMAXA,31.7
1969,EN,July,TMINA,19.5
1969,EN,July,SRADA,19.3
1969,EN,July,PRCP,1538.3
1970,NE,July,TMAXA,32
1970,NE,July,TMINA,19.6
1970,NE,July,SRADA,18.9
1970,NE,July,PRCP,1691
1971,LA,July,TMAXA,31.8
1971,LA,July,TMINA,18.4
1971,LA,July,SRADA,18.7
1971,LA,July,PRCP,1611.4
1972,LA,July,TMAXA,31.6
1972,LA,July,TMINA,18.8
1972,LA,July,SRADA,18
1972,LA,July,PRCP,1700.6
1973,EN,July,TMAXA,32.1
1973,EN,July,TMINA,19
1973,EN,July,SRADA,18.4
1973,EN,July,PRCP,2164.7
1974,LA,July,TMAXA,30
1974,LA,July,TMINA,19.3
1974,LA,July,SRADA,17.8
1974,LA,July,PRCP,1821.7
1975,LA,July,TMAXA,30.4
1975,LA,July,TMINA,19.5
1975,LA,July,SRADA,17.8
1975,LA,July,PRCP,1716.5
1976,LA,July,TMAXA,31.5
1976,LA,July,TMINA,16.9
1976,LA,July,SRADA,17.2
1976,LA,July,PRCP,2215.4
1977,NE,July,TMAXA,31.3
1977,NE,July,TMINA,15.1
1977,NE,July,SRADA,17.6
1977,NE,July,PRCP,1664.9
1978,NE,July,TMAXA,31.2
1978,NE,July,TMINA,18.3
1978,NE,July,SRADA,17
1978,NE,July,PRCP,2196.9
1979,NE,July,TMAXA,31
1979,NE,July,TMINA,18.5
1979,NE,July,SRADA,16.7
1979,NE,July,PRCP,2002.6
1980,NE,July,TMAXA,31.8
1980,NE,July,TMINA,19
1980,NE,July,SRADA,16.2
1980,NE,July,PRCP,2139.1
1981,NE,July,TMAXA,31.6
1981,NE,July,TMINA,18
1981,NE,July,SRADA,15.6
1981,NE,July,PRCP,1775.4
1982,NE,July,TMAXA,31.1
1982,NE,July,TMINA,20.3
1982,NE,July,SRADA,15.4
1982,NE,July,PRCP,1927.4
1983,EN,July,TMAXA,32
1983,EN,July,TMINA,19.1
1983,EN,July,SRADA,16.9
1983,EN,July,PRCP,1686.7
1984,NE,July,TMAXA,31.7
1984,NE,July,TMINA,18.5
1984,NE,July,SRADA,16.6
1984,NE,July,PRCP,1769.1
1985,LA,July,TMAXA,31.6
1985,LA,July,TMINA,18.7
1985,LA,July,SRADA,16.8
1985,LA,July,PRCP,1677.8
1986,NE,July,TMAXA,32
1986,NE,July,TMINA,19.2
1986,NE,July,SRADA,17.2
1986,NE,July,PRCP,1459.3
1987,EN,July,TMAXA,32.3
1987,EN,July,TMINA,19.9
1987,EN,July,SRADA,17.5
1987,EN,July,PRCP,1631.2
1988,EN,July,TMAXA,32.5
1988,EN,July,TMINA,20
1988,EN,July,SRADA,16.9
1988,EN,July,PRCP,1833.6
1989,LA,July,TMAXA,31.7
1989,LA,July,TMINA,19.2
1989,LA,July,SRADA,16.8
1989,LA,July,PRCP,1747.2
1990,NE,July,TMAXA,31.2
1990,NE,July,TMINA,19.7
1990,NE,July,SRADA,16.6
1990,NE,July,PRCP,1762.1
1991,NE,July,TMAXA,31.3
1991,NE,July,TMINA,19.6
1991,NE,July,SRADA,16.4
1991,NE,July,PRCP,2095.4
1992,EN,July,TMAXA,30.3
1992,EN,July,TMINA,18.3
1992,EN,July,SRADA,16
1992,EN,July,PRCP,2002.2
1993,NE,July,TMAXA,31.1
1993,NE,July,TMINA,19
1993,NE,July,SRADA,16.5
1993,NE,July,PRCP,1885.6
1994,NE,July,TMAXA,31.4
1994,NE,July,TMINA,19.9
1994,NE,July,SRADA,16.5
1994,NE,July,PRCP,2482.3
1995,EN,July,TMAXA,31.5
1995,EN,July,TMINA,19.8
1995,EN,July,SRADA,15.9
1995,EN,July,PRCP,2229.7
1996,LA,July,TMAXA,31.9
1996,LA,July,TMINA,19.3
1996,LA,July,SRADA,17.4
1996,LA,July,PRCP,1625.3
1997,NE,July,TMAXA,31.5
1997,NE,July,TMINA,19.8
1997,NE,July,SRADA,17.3
1997,NE,July,PRCP,1656
1998,EN,July,TMAXA,33.3
1998,EN,July,TMINA,20.1
1998,EN,July,SRADA,18.1
1998,EN,July,PRCP,1372.7
1999,LA,July,TMAXA,32.6
1999,LA,July,TMINA,19.6
1999,LA,July,SRADA,17.3
1999,LA,July,PRCP,1583.2
2000,LA,July,TMAXA,32.8
2000,LA,July,TMINA,19.6
2000,LA,July,SRADA,17.3
2000,LA,July,PRCP,1732.9
2001,LA,July,TMAXA,32.3
2001,LA,July,TMINA,19.8
2001,LA,July,SRADA,17.8
2001,LA,July,PRCP,1426.2
2002,NE,July,TMAXA,32.9
2002,NE,July,TMINA,19.8
2002,NE,July,SRADA,18
2002,NE,July,PRCP,1709.8
2003,EN,July,TMAXA,32.6
2003,EN,July,TMINA,20.3
2003,EN,July,SRADA,17.5
2003,EN,July,PRCP,1943.6
2004,NE,July,TMAXA,32
2004,NE,July,TMINA,20.3
2004,NE,July,SRADA,17.2
2004,NE,July,PRCP,2537.4
2005,EN,July,TMAXA,32.5
2005,EN,July,TMINA,20.3
2005,EN,July,SRADA,17.5
2005,EN,July,PRCP,1504.7
2006,NE,July,TMAXA,32.5
2006,NE,July,TMINA,20.1
2006,NE,July,SRADA,17.6
2006,NE,July,PRCP,1902
2007,NE,July,TMAXA,32.8
2007,NE,July,TMINA,20.2
2007,NE,July,SRADA,18.2
2007,NE,July,PRCP,1789.8
2008,LA,July,TMAXA,32.5
2008,LA,July,TMINA,19.7
2008,LA,July,SRADA,17.4
2008,LA,July,PRCP,1894.2
2009,NE,July,TMAXA,32.7
2009,NE,July,TMINA,20.4
2009,NE,July,SRADA,17.5
2009,NE,July,PRCP,1637.5
2010,EN,July,TMAXA,33.3
2010,EN,July,TMINA,20
2010,EN,July,SRADA,17.8
2010,EN,July,PRCP,1700.1
2011,LA,July,TMAXA,32.8
2011,LA,July,TMINA,19.8
2011,LA,July,SRADA,17.7
2011,LA,July,PRCP,1692.7
2012,LA,July,TMAXA,32.5
2012,LA,July,TMINA,20.2
2012,LA,July,SRADA,18.1
2012,LA,July,PRCP,1678.4
2013,NE,July,TMAXA,32.8
2013,NE,July,TMINA,20.7
2013,NE,July,SRADA,18
2013,NE,July,PRCP,1706.5
2014,NE,July,TMAXA,32.4
2014,NE,July,TMINA,20.2
2014,NE,July,SRADA,17.9
2014,NE,July,PRCP,1148.5
2015,EN,July,TMAXA,32.7
2015,EN,July,TMINA,20.9
2015,EN,July,SRADA,17.6
2015,EN,July,PRCP,1478.1
2016,EN,July,TMAXA,33.8
2016,EN,July,TMINA,21.1
2016,EN,July,SRADA,17.9
2016,EN,July,PRCP,1343.4
2017,NE,July,TMAXA,32.5
2017,NE,July,TMINA,20.7
2017,NE,July,SRADA,17.3
2017,NE,July,PRCP,2064
2018,LA,July,TMAXA,32.6
2018,LA,July,TMINA,20.4
2018,LA,July,SRADA,17.4
2018,LA,July,PRCP,2245.8
2019,EN,July,TMAXA,32.7
2019,EN,July,TMINA,20.5
2019,EN,July,SRADA,17.3
2019,EN,July,PRCP,1998.9
1963,NE,July,TMAXA,32.4
1963,NE,July,TMINA,17.8
1963,NE,July,SRADA,18.8
1963,NE,July,PRCP,1699.7
1964,EN,July,TMAXA,32.9
1964,EN,July,TMINA,17.8
1964,EN,July,SRADA,19.1
1964,EN,July,PRCP,1445.3
1965,LA,July,TMAXA,32.1
1965,LA,July,TMINA,17.9
1965,LA,July,SRADA,18.4
1965,LA,July,PRCP,1796.2
1966,EN,July,TMAXA,32.7
1966,EN,July,TMINA,17.9
1966,EN,July,SRADA,18.8
1966,EN,July,PRCP,1979.8
1967,NE,July,TMAXA,32.5
1967,NE,July,TMINA,18.8
1967,NE,July,SRADA,19.1
1967,NE,July,PRCP,1434.1
1968,NE,July,TMAXA,32.2
1968,NE,July,TMINA,18.9
1968,NE,July,SRADA,19.1
1968,NE,July,PRCP,1481.4
1969,EN,July,TMAXA,32.1
1969,EN,July,TMINA,19.7
1969,EN,July,SRADA,19.4
1969,EN,July,PRCP,1098.4
1970,NE,July,TMAXA,32.2
1970,NE,July,TMINA,19.6
1970,NE,July,SRADA,19.2
1970,NE,July,PRCP,1438.6
1971,LA,July,TMAXA,32
1971,LA,July,TMINA,19.3
1971,LA,July,SRADA,19.2
1971,LA,July,PRCP,1213.5
1972,LA,July,TMAXA,31.7
1972,LA,July,TMINA,18.9
1972,LA,July,SRADA,18.2
1972,LA,July,PRCP,1619.8
1973,EN,July,TMAXA,32.2
1973,EN,July,TMINA,19.7
1973,EN,July,SRADA,18.6
1973,EN,July,PRCP,1715.7
1974,LA,July,TMAXA,31
1974,LA,July,TMINA,19.4
1974,LA,July,SRADA,17.7
1974,LA,July,PRCP,1756.6
1975,LA,July,TMAXA,31.7
1975,LA,July,TMINA,19.1
1975,LA,July,SRADA,18.5
1975,LA,July,PRCP,1337.4
1976,LA,July,TMAXA,31.9
1976,LA,July,TMINA,18.3
1976,LA,July,SRADA,18.1
1976,LA,July,PRCP,1297.3
1977,NE,July,TMAXA,31.4
1977,NE,July,TMINA,18.2
1977,NE,July,SRADA,17.7
1977,NE,July,PRCP,1903.9
1978,NE,July,TMAXA,31.2
1978,NE,July,TMINA,19.2
1978,NE,July,SRADA,17.3
1978,NE,July,PRCP,2131.9
1979,NE,July,TMAXA,30.9
1979,NE,July,TMINA,18.2
1979,NE,July,SRADA,16.9
1979,NE,July,PRCP,1727.7
1980,NE,July,TMAXA,31.8
1980,NE,July,TMINA,18.8
1980,NE,July,SRADA,16.8
1980,NE,July,PRCP,1656
1981,NE,July,TMAXA,31.9
1981,NE,July,TMINA,18.7
1981,NE,July,SRADA,16.5
1981,NE,July,PRCP,1701.6
1982,NE,July,TMAXA,31.4
1982,NE,July,TMINA,19.3
1982,NE,July,SRADA,16.5
1982,NE,July,PRCP,1570.3
1983,EN,July,TMAXA,32
1983,EN,July,TMINA,19.5
1983,EN,July,SRADA,17.2
1983,EN,July,PRCP,1634.6
1984,NE,July,TMAXA,31.7
1984,NE,July,TMINA,18.9
1984,NE,July,SRADA,17
1984,NE,July,PRCP,1695
1985,LA,July,TMAXA,31.5
1985,LA,July,TMINA,18.8
1985,LA,July,SRADA,17.2
1985,LA,July,PRCP,1623.9
1986,NE,July,TMAXA,32.1
1986,NE,July,TMINA,18.8
1986,NE,July,SRADA,17.6
1986,NE,July,PRCP,1662.1
1987,EN,July,TMAXA,32.2
1987,EN,July,TMINA,19.5
1987,EN,July,SRADA,17.6
1987,EN,July,PRCP,1627.7
1988,EN,July,TMAXA,32.3
1988,EN,July,TMINA,18.2
1988,EN,July,SRADA,17.6
1988,EN,July,PRCP,2026.4
1989,LA,July,TMAXA,31.8
1989,LA,July,TMINA,16.3
1989,LA,July,SRADA,18.3
1989,LA,July,PRCP,1694
1990,NE,July,TMAXA,31.7
1990,NE,July,TMINA,19.6
1990,NE,July,SRADA,18.5
1990,NE,July,PRCP,2259.4
1991,NE,July,TMAXA,32
1991,NE,July,TMINA,19.9
1991,NE,July,SRADA,18.2
1991,NE,July,PRCP,1924
1992,EN,July,TMAXA,32
1992,EN,July,TMINA,19.5
1992,EN,July,SRADA,17.2
1992,EN,July,PRCP,1566.7
1993,NE,July,TMAXA,31.5
1993,NE,July,TMINA,19.3
1993,NE,July,SRADA,17.4
1993,NE,July,PRCP,1789.3
1994,NE,July,TMAXA,31.8
1994,NE,July,TMINA,19.6
1994,NE,July,SRADA,17.2
1994,NE,July,PRCP,1808.6
1995,EN,July,TMAXA,32.3
1995,EN,July,TMINA,19.2
1995,EN,July,SRADA,17.4
1995,EN,July,PRCP,1758.2
1996,LA,July,TMAXA,32.8
1996,LA,July,TMINA,19.4
1996,LA,July,SRADA,18.2
1996,LA,July,PRCP,1353.7
1997,NE,July,TMAXA,32.3
1997,NE,July,TMINA,19.7
1997,NE,July,SRADA,17.4
1997,NE,July,PRCP,1559.7
1998,EN,July,TMAXA,33.5
1998,EN,July,TMINA,20.6
1998,EN,July,SRADA,19.3
1998,EN,July,PRCP,1325.5
1999,LA,July,TMAXA,32.8
1999,LA,July,TMINA,19.8
1999,LA,July,SRADA,18.5
1999,LA,July,PRCP,1603.7
2000,LA,July,TMAXA,32.1
2000,LA,July,TMINA,19.5
2000,LA,July,SRADA,18.5
2000,LA,July,PRCP,1777
2001,LA,July,TMAXA,32.3
2001,LA,July,TMINA,19.8
2001,LA,July,SRADA,18.7
2001,LA,July,PRCP,1477.5
2002,NE,July,TMAXA,32.5
2002,NE,July,TMINA,20
2002,NE,July,SRADA,18.6
2002,NE,July,PRCP,2015.7
2003,EN,July,TMAXA,32.8
2003,EN,July,TMINA,20.1
2003,EN,July,SRADA,18.7
2003,EN,July,PRCP,1901
2004,NE,July,TMAXA,32.7
2004,NE,July,TMINA,20.3
2004,NE,July,SRADA,18.1
2004,NE,July,PRCP,2246.8
2005,EN,July,TMAXA,33.4
2005,EN,July,TMINA,20.1
2005,EN,July,SRADA,18.8
2005,EN,July,PRCP,1656.7
2006,NE,July,TMAXA,33.2
2006,NE,July,TMINA,19.9
2006,NE,July,SRADA,18.7
2006,NE,July,PRCP,1598.7
2007,NE,July,TMAXA,33.5
2007,NE,July,TMINA,20
2007,NE,July,SRADA,19.2
2007,NE,July,PRCP,1993.9
2008,LA,July,TMAXA,32.8
2008,LA,July,TMINA,19.5
2008,LA,July,SRADA,18.9
2008,LA,July,PRCP,1854.9
2009,NE,July,TMAXA,32.7
2009,NE,July,TMINA,19.8
2009,NE,July,SRADA,19
2009,NE,July,PRCP,2117.4
2010,EN,July,TMAXA,32.9
2010,EN,July,TMINA,20.2
2010,EN,July,SRADA,18.7
2010,EN,July,PRCP,1821.6
2011,LA,July,TMAXA,33
2011,LA,July,TMINA,20
2011,LA,July,SRADA,18.6
2011,LA,July,PRCP,2000.2
2012,LA,July,TMAXA,32.5
2012,LA,July,TMINA,20
2012,LA,July,SRADA,18.7
2012,LA,July,PRCP,1660.6
2013,NE,July,TMAXA,32.9
2013,NE,July,TMINA,20.1
2013,NE,July,SRADA,18.8
2013,NE,July,PRCP,1868.7
2014,NE,July,TMAXA,32.7
2014,NE,July,TMINA,20
2014,NE,July,SRADA,18.5
2014,NE,July,PRCP,1949.4
2015,EN,July,TMAXA,32.8
2015,EN,July,TMINA,20.5
2015,EN,July,SRADA,18.1
2015,EN,July,PRCP,2075.3
2016,EN,July,TMAXA,34.2
2016,EN,July,TMINA,20.7
2016,EN,July,SRADA,20
2016,EN,July,PRCP,1572.4
2017,NE,July,TMAXA,33.3
2017,NE,July,TMINA,20.5
2017,NE,July,SRADA,19.3
2017,NE,July,PRCP,2309
2018,LA,July,TMAXA,33
2018,LA,July,TMINA,20.2
2018,LA,July,SRADA,18.6
2018,LA,July,PRCP,1901.9
2019,EN,July,TMAXA,33.4
2019,EN,July,TMINA,20.5
2019,EN,July,SRADA,18.2
2019,EN,July,PRCP,1333.4
1963,NE,July,TMAXA,32.4
1963,NE,July,TMINA,20.2
1963,NE,July,SRADA,18.2
1963,NE,July,PRCP,1503.2
1964,EN,July,TMAXA,33.1
1964,EN,July,TMINA,20.6
1964,EN,July,SRADA,18.6
1964,EN,July,PRCP,1063.5
1965,LA,July,TMAXA,32.1
1965,LA,July,TMINA,20.3
1965,LA,July,SRADA,18.1
1965,LA,July,PRCP,1419.7
1966,EN,July,TMAXA,33
1966,EN,July,TMINA,20.5
1966,EN,July,SRADA,18.8
1966,EN,July,PRCP,1356.5
1967,NE,July,TMAXA,32.9
1967,NE,July,TMINA,20.3
1967,NE,July,SRADA,18.9
1967,NE,July,PRCP,1293
1968,NE,July,TMAXA,32.6
1968,NE,July,TMINA,19.5
1968,NE,July,SRADA,19.2
1968,NE,July,PRCP,1262.6
1969,EN,July,TMAXA,32.7
1969,EN,July,TMINA,20.3
1969,EN,July,SRADA,19.4
1969,EN,July,PRCP,1435.1
1970,NE,July,TMAXA,33.1
1970,NE,July,TMINA,20.5
1970,NE,July,SRADA,19
1970,NE,July,PRCP,1477.9
1971,LA,July,TMAXA,32.7
1971,LA,July,TMINA,17.7
1971,LA,July,SRADA,18.6
1971,LA,July,PRCP,1228.2
1972,LA,July,TMAXA,32.5
1972,LA,July,TMINA,19.4
1972,LA,July,SRADA,18.1
1972,LA,July,PRCP,1620.2
1973,EN,July,TMAXA,33.2
1973,EN,July,TMINA,20.9
1973,EN,July,SRADA,18.7
1973,EN,July,PRCP,1519.5
1974,LA,July,TMAXA,31.5
1974,LA,July,TMINA,20.3
1974,LA,July,SRADA,17.6
1974,LA,July,PRCP,1915.4
1975,LA,July,TMAXA,31.7
1975,LA,July,TMINA,20.4
1975,LA,July,SRADA,17.8
1975,LA,July,PRCP,1539.2
1976,LA,July,TMAXA,32.1
1976,LA,July,TMINA,19.9
1976,LA,July,SRADA,17.4
1976,LA,July,PRCP,1791
1977,NE,July,TMAXA,32.1
1977,NE,July,TMINA,19.9
1977,NE,July,SRADA,17.7
1977,NE,July,PRCP,1679.2
1978,NE,July,TMAXA,32.3
1978,NE,July,TMINA,20.6
1978,NE,July,SRADA,17.3
1978,NE,July,PRCP,1636.4
1979,NE,July,TMAXA,32
1979,NE,July,TMINA,20.3
1979,NE,July,SRADA,16.1
1979,NE,July,PRCP,1811.5
1980,NE,July,TMAXA,32.3
1980,NE,July,TMINA,20.7
1980,NE,July,SRADA,16.3
1980,NE,July,PRCP,1582.8
1981,NE,July,TMAXA,32.4
1981,NE,July,TMINA,20.2
1981,NE,July,SRADA,15.8
1981,NE,July,PRCP,1543.9
1982,NE,July,TMAXA,32.1
1982,NE,July,TMINA,20.5
1982,NE,July,SRADA,15.2
1982,NE,July,PRCP,1698.7
1983,EN,July,TMAXA,32.6
1983,EN,July,TMINA,21.2
1983,EN,July,SRADA,15.8
1983,EN,July,PRCP,1818.9
1984,NE,July,TMAXA,32.1
1984,NE,July,TMINA,20.3
1984,NE,July,SRADA,15.3
1984,NE,July,PRCP,1634.7
1985,LA,July,TMAXA,32.2
1985,LA,July,TMINA,20.6
1985,LA,July,SRADA,15.6
1985,LA,July,PRCP,1951.8
1986,NE,July,TMAXA,32.8
1986,NE,July,TMINA,20.9
1986,NE,July,SRADA,17.2
1986,NE,July,PRCP,1409.3
1987,EN,July,TMAXA,32.4
1987,EN,July,TMINA,21.1
1987,EN,July,SRADA,17.4
1987,EN,July,PRCP,1443.8
1988,EN,July,TMAXA,32.1
1988,EN,July,TMINA,21.1
1988,EN,July,SRADA,16.5
1988,EN,July,PRCP,1727
1989,LA,July,TMAXA,32.3
1989,LA,July,TMINA,20.5
1989,LA,July,SRADA,16.7
1989,LA,July,PRCP,1747.6
1990,NE,July,TMAXA,32.2
1990,NE,July,TMINA,21
1990,NE,July,SRADA,16.5
1990,NE,July,PRCP,1438.9
1991,NE,July,TMAXA,32.2
1991,NE,July,TMINA,20.7
1991,NE,July,SRADA,16.1
1991,NE,July,PRCP,2103.7
1992,EN,July,TMAXA,32
1992,EN,July,TMINA,19.8
1992,EN,July,SRADA,15.9
1992,EN,July,PRCP,1509.9
1993,NE,July,TMAXA,31.9
1993,NE,July,TMINA,20.1
1993,NE,July,SRADA,16.2
1993,NE,July,PRCP,1424.3
1994,NE,July,TMAXA,32.4
1994,NE,July,TMINA,21
1994,NE,July,SRADA,16.3
1994,NE,July,PRCP,1401.3
1995,EN,July,TMAXA,32.2
1995,EN,July,TMINA,20.8
1995,EN,July,SRADA,15.8
1995,EN,July,PRCP,1650.7
1996,LA,July,TMAXA,32.1
1996,LA,July,TMINA,19.7
1996,LA,July,SRADA,16.9
1996,LA,July,PRCP,1767.5
1997,NE,July,TMAXA,31.9
1997,NE,July,TMINA,20.1
1997,NE,July,SRADA,17.2
1997,NE,July,PRCP,1723.1
1998,EN,July,TMAXA,33.3
1998,EN,July,TMINA,20.7
1998,EN,July,SRADA,17.9
1998,EN,July,PRCP,1637.1
1999,LA,July,TMAXA,32.8
1999,LA,July,TMINA,20.3
1999,LA,July,SRADA,17.3
1999,LA,July,PRCP,1653.6
2000,LA,July,TMAXA,32.8
2000,LA,July,TMINA,20.7
2000,LA,July,SRADA,17.2
2000,LA,July,PRCP,1368.7
2001,LA,July,TMAXA,32.8
2001,LA,July,TMINA,21
2001,LA,July,SRADA,17.6
2001,LA,July,PRCP,1276.2
2002,NE,July,TMAXA,33.1
2002,NE,July,TMINA,20.9
2002,NE,July,SRADA,17.8
2002,NE,July,PRCP,1597
2003,EN,July,TMAXA,33
2003,EN,July,TMINA,21.1
2003,EN,July,SRADA,17.4
2003,EN,July,PRCP,1424.2
2004,NE,July,TMAXA,32
2004,NE,July,TMINA,21.2
2004,NE,July,SRADA,17
2004,NE,July,PRCP,1379.2
2005,EN,July,TMAXA,32.7
2005,EN,July,TMINA,21.3
2005,EN,July,SRADA,17.3
2005,EN,July,PRCP,1209.9
2006,NE,July,TMAXA,32.1
2006,NE,July,TMINA,21.2
2006,NE,July,SRADA,16.9
2006,NE,July,PRCP,1642.9
2007,NE,July,TMAXA,32.7
2007,NE,July,TMINA,21.3
2007,NE,July,SRADA,17.2
2007,NE,July,PRCP,1573.3
2008,LA,July,TMAXA,32.2
2008,LA,July,TMINA,20.8
2008,LA,July,SRADA,16.7
2008,LA,July,PRCP,1689.5
2009,NE,July,TMAXA,33
2009,NE,July,TMINA,20.7
2009,NE,July,SRADA,17.5
2009,NE,July,PRCP,1346.2
2010,EN,July,TMAXA,32.9
2010,EN,July,TMINA,20.6
2010,EN,July,SRADA,17.3
2010,EN,July,PRCP,1432
2011,LA,July,TMAXA,33
2011,LA,July,TMINA,20.5
2011,LA,July,SRADA,16.9
2011,LA,July,PRCP,532.8
2012,LA,July,TMAXA,33
2012,LA,July,TMINA,20.9
2012,LA,July,SRADA,17.8
2012,LA,July,PRCP,1642.6
2013,NE,July,TMAXA,32.9
2013,NE,July,TMINA,21.4
2013,NE,July,SRADA,16.9
2013,NE,July,PRCP,1675.4
2014,NE,July,TMAXA,32.2
2014,NE,July,TMINA,20.9
2014,NE,July,SRADA,16.8
2014,NE,July,PRCP,1889.3
2015,EN,July,TMAXA,32.6
2015,EN,July,TMINA,21.6
2015,EN,July,SRADA,16.7
2015,EN,July,PRCP,1539.4
2016,EN,July,TMAXA,33.5
2016,EN,July,TMINA,21.6
2016,EN,July,SRADA,17.3
2016,EN,July,PRCP,1326.6
2017,NE,July,TMAXA,32.4
2017,NE,July,TMINA,21.1
2017,NE,July,SRADA,17.1
2017,NE,July,PRCP,1552
2018,LA,July,TMAXA,32.8
2018,LA,July,TMINA,21
2018,LA,July,SRADA,17.5
2018,LA,July,PRCP,1530.4
2019,EN,July,TMAXA,32.8
2019,EN,July,TMINA,21.2
2019,EN,July,SRADA,17.1
2019,EN,July,PRCP,1217
1963,NE,July,TMAXA,29
1963,NE,July,TMINA,15
1963,NE,July,SRADA,18.9
1963,NE,July,PRCP,1581.1
1964,EN,July,TMAXA,29.1
1964,EN,July,TMINA,16.9
1964,EN,July,SRADA,18.7
1964,EN,July,PRCP,1176.1
1965,LA,July,TMAXA,27.7
1965,LA,July,TMINA,16.6
1965,LA,July,SRADA,17.4
1965,LA,July,PRCP,1656.4
1966,EN,July,TMAXA,27.9
1966,EN,July,TMINA,16.6
1966,EN,July,SRADA,18.1
1966,EN,July,PRCP,1546.8
1967,NE,July,TMAXA,27.9
1967,NE,July,TMINA,17.1
1967,NE,July,SRADA,18.6
1967,NE,July,PRCP,1211.6
1968,NE,July,TMAXA,27.6
1968,NE,July,TMINA,16.6
1968,NE,July,SRADA,18.5
1968,NE,July,PRCP,1232.8
1969,EN,July,TMAXA,28.6
1969,EN,July,TMINA,17.2
1969,EN,July,SRADA,18.9
1969,EN,July,PRCP,1159
1970,NE,July,TMAXA,28.7
1970,NE,July,TMINA,17.4
1970,NE,July,SRADA,18.3
1970,NE,July,PRCP,1539.2
1971,LA,July,TMAXA,29.1
1971,LA,July,TMINA,17.4
1971,LA,July,SRADA,18.9
1971,LA,July,PRCP,1076.8
1972,LA,July,TMAXA,28.3
1972,LA,July,TMINA,17
1972,LA,July,SRADA,17.9
1972,LA,July,PRCP,1570
1973,EN,July,TMAXA,28.4
1973,EN,July,TMINA,18.7
1973,EN,July,SRADA,18.6
1973,EN,July,PRCP,1372.2
1974,LA,July,TMAXA,26.4
1974,LA,July,TMINA,18.1
1974,LA,July,SRADA,18.1
1974,LA,July,PRCP,1378.6
1975,LA,July,TMAXA,28
1975,LA,July,TMINA,17.3
1975,LA,July,SRADA,19.3
1975,LA,July,PRCP,1008.6
1976,LA,July,TMAXA,28.6
1976,LA,July,TMINA,16.6
1976,LA,July,SRADA,19
1976,LA,July,PRCP,964.7
1977,NE,July,TMAXA,27.9
1977,NE,July,TMINA,17.1
1977,NE,July,SRADA,17.6
1977,NE,July,PRCP,1424.8
1978,NE,July,TMAXA,27.9
1978,NE,July,TMINA,17.2
1978,NE,July,SRADA,17.5
1978,NE,July,PRCP,1322.8
1979,NE,July,TMAXA,27.9
1979,NE,July,TMINA,15.6
1979,NE,July,SRADA,17.2
1979,NE,July,PRCP,1646.7
1980,NE,July,TMAXA,28.1
1980,NE,July,TMINA,17.1
1980,NE,July,SRADA,16.8
1980,NE,July,PRCP,2002.3
1981,NE,July,TMAXA,28.3
1981,NE,July,TMINA,16.6
1981,NE,July,SRADA,17.4
1981,NE,July,PRCP,1356.1
1982,NE,July,TMAXA,27.9
1982,NE,July,TMINA,16.5
1982,NE,July,SRADA,17.4
1982,NE,July,PRCP,2034.1
1983,EN,July,TMAXA,28.6
1983,EN,July,TMINA,17.6
1983,EN,July,SRADA,17.4
1983,EN,July,PRCP,1493.1
1984,NE,July,TMAXA,28.9
1984,NE,July,TMINA,17.3
1984,NE,July,SRADA,17.8
1984,NE,July,PRCP,1421.5
1985,LA,July,TMAXA,28.1
1985,LA,July,TMINA,17.2
1985,LA,July,SRADA,17.2
1985,LA,July,PRCP,1352.9
1986,NE,July,TMAXA,28.4
1986,NE,July,TMINA,17.2
1986,NE,July,SRADA,18.1
1986,NE,July,PRCP,1613.1
1987,EN,July,TMAXA,29
1987,EN,July,TMINA,17.4
1987,EN,July,SRADA,18.1
1987,EN,July,PRCP,1333
1988,EN,July,TMAXA,29.3
1988,EN,July,TMINA,17.7
1988,EN,July,SRADA,18.1
1988,EN,July,PRCP,1635.9
1989,LA,July,TMAXA,29
1989,LA,July,TMINA,16.9
1989,LA,July,SRADA,18.4
1989,LA,July,PRCP,1284.3
1990,NE,July,TMAXA,29
1990,NE,July,TMINA,17.4
1990,NE,July,SRADA,17.7
1990,NE,July,PRCP,1621.5
1991,NE,July,TMAXA,28.1
1991,NE,July,TMINA,17.2
1991,NE,July,SRADA,17.8
1991,NE,July,PRCP,1373.2
1992,EN,July,TMAXA,27.9
1992,EN,July,TMINA,17.2
1992,EN,July,SRADA,17.1
1992,EN,July,PRCP,1701.1
1993,NE,July,TMAXA,28.3
1993,NE,July,TMINA,17.3
1993,NE,July,SRADA,17.8
1993,NE,July,PRCP,1295.3
1994,NE,July,TMAXA,28.3
1994,NE,July,TMINA,17.5
1994,NE,July,SRADA,17.6
1994,NE,July,PRCP,1642.4
1995,EN,July,TMAXA,29.2
1995,EN,July,TMINA,17.5
1995,EN,July,SRADA,18.6
1995,EN,July,PRCP,1377.7
1996,LA,July,TMAXA,29.2
1996,LA,July,TMINA,17.2
1996,LA,July,SRADA,19
1996,LA,July,PRCP,1168.2
1997,NE,July,TMAXA,28.2
1997,NE,July,TMINA,17.3
1997,NE,July,SRADA,17.8
1997,NE,July,PRCP,1548.4
1998,EN,July,TMAXA,30
1998,EN,July,TMINA,17.9
1998,EN,July,SRADA,19
1998,EN,July,PRCP,1232.7
1999,LA,July,TMAXA,29.7
1999,LA,July,TMINA,17.6
1999,LA,July,SRADA,18.8
1999,LA,July,PRCP,1127.3
2000,LA,July,TMAXA,28.7
2000,LA,July,TMINA,17.1
2000,LA,July,SRADA,18.5
2000,LA,July,PRCP,1588.8
2001,LA,July,TMAXA,29.3
2001,LA,July,TMINA,17.4
2001,LA,July,SRADA,18.9
2001,LA,July,PRCP,1126.7
2002,NE,July,TMAXA,28.5
2002,NE,July,TMINA,17.7
2002,NE,July,SRADA,18.1
2002,NE,July,PRCP,1234.3
2003,EN,July,TMAXA,29.5
2003,EN,July,TMINA,17.8
2003,EN,July,SRADA,18.8
2003,EN,July,PRCP,1262.3
2004,NE,July,TMAXA,28.7
2004,NE,July,TMINA,17.7
2004,NE,July,SRADA,17.4
2004,NE,July,PRCP,1835.6
2005,EN,July,TMAXA,29.1
2005,EN,July,TMINA,17.6
2005,EN,July,SRADA,18.8
2005,EN,July,PRCP,1203.7
2006,NE,July,TMAXA,29
2006,NE,July,TMINA,17.8
2006,NE,July,SRADA,18.2
2006,NE,July,PRCP,1353
2007,NE,July,TMAXA,29.1
2007,NE,July,TMINA,17.5
2007,NE,July,SRADA,18.4
2007,NE,July,PRCP,1647.4
2008,LA,July,TMAXA,29.2
2008,LA,July,TMINA,17.3
2008,LA,July,SRADA,19.2
2008,LA,July,PRCP,1140.7
2009,NE,July,TMAXA,29.3
2009,NE,July,TMINA,17.4
2009,NE,July,SRADA,18.6
2009,NE,July,PRCP,1399.6
2010,EN,July,TMAXA,29.5
2010,EN,July,TMINA,17.5
2010,EN,July,SRADA,18.8
2010,EN,July,PRCP,1414.7
2011,LA,July,TMAXA,29.2
2011,LA,July,TMINA,17
2011,LA,July,SRADA,19
2011,LA,July,PRCP,1298.9
2012,LA,July,TMAXA,29
2012,LA,July,TMINA,17.4
2012,LA,July,SRADA,18.5
2012,LA,July,PRCP,1281.4
2013,NE,July,TMAXA,29.4
2013,NE,July,TMINA,17.8
2013,NE,July,SRADA,19.1
2013,NE,July,PRCP,1374.6
2014,NE,July,TMAXA,29.2
2014,NE,July,TMINA,17.6
2014,NE,July,SRADA,19
2014,NE,July,PRCP,1402.5
2015,EN,July,TMAXA,29.5
2015,EN,July,TMINA,17.7
2015,EN,July,SRADA,18.9
2015,EN,July,PRCP,1208.7
2016,EN,July,TMAXA,31.2
2016,EN,July,TMINA,18.1
2016,EN,July,SRADA,19.9
2016,EN,July,PRCP,934.7
2017,NE,July,TMAXA,30
2017,NE,July,TMINA,17.9
2017,NE,July,SRADA,19.2
2017,NE,July,PRCP,1127.9
2018,LA,July,TMAXA,29.2
2018,LA,July,TMINA,17.4
2018,LA,July,SRADA,19
2018,LA,July,PRCP,1290.3
2019,EN,July,TMAXA,29.6
2019,EN,July,TMINA,17.8
2019,EN,July,SRADA,19.2
2019,EN,July,PRCP,1216.6
1963,NE,July,TMAXA,32.2
1963,NE,July,TMINA,18
1963,NE,July,SRADA,18.9
1963,NE,July,PRCP,1435
1964,EN,July,TMAXA,32.8
1964,EN,July,TMINA,18.2
1964,EN,July,SRADA,19.1
1964,EN,July,PRCP,1264.6
1965,LA,July,TMAXA,31.7
1965,LA,July,TMINA,18.3
1965,LA,July,SRADA,18.3
1965,LA,July,PRCP,1728.8
1966,EN,July,TMAXA,32
1966,EN,July,TMINA,18.6
1966,EN,July,SRADA,18.8
1966,EN,July,PRCP,1872.9
1967,NE,July,TMAXA,32.3
1967,NE,July,TMINA,18.9
1967,NE,July,SRADA,19.2
1967,NE,July,PRCP,1505.5
1968,NE,July,TMAXA,32
1968,NE,July,TMINA,18.9
1968,NE,July,SRADA,19.1
1968,NE,July,PRCP,1474.1
1969,EN,July,TMAXA,31.9
1969,EN,July,TMINA,19.9
1969,EN,July,SRADA,19.4
1969,EN,July,PRCP,1401.3
1970,NE,July,TMAXA,32.3
1970,NE,July,TMINA,19.7
1970,NE,July,SRADA,19.1
1970,NE,July,PRCP,1491
1971,LA,July,TMAXA,31.6
1971,LA,July,TMINA,19.3
1971,LA,July,SRADA,19.3
1971,LA,July,PRCP,1006.2
1972,LA,July,TMAXA,31
1972,LA,July,TMINA,18.8
1972,LA,July,SRADA,18.2
1972,LA,July,PRCP,1267.6
1973,EN,July,TMAXA,30.3
1973,EN,July,TMINA,20.7
1973,EN,July,SRADA,18.8
1973,EN,July,PRCP,1645.6
1974,LA,July,TMAXA,29.7
1974,LA,July,TMINA,19.8
1974,LA,July,SRADA,17.7
1974,LA,July,PRCP,2070.4
1975,LA,July,TMAXA,31.3
1975,LA,July,TMINA,19.1
1975,LA,July,SRADA,18.8
1975,LA,July,PRCP,1324.2
1976,LA,July,TMAXA,31.5
1976,LA,July,TMINA,19
1976,LA,July,SRADA,18.3
1976,LA,July,PRCP,1241.3
1977,NE,July,TMAXA,31.1
1977,NE,July,TMINA,18.9
1977,NE,July,SRADA,17.7
1977,NE,July,PRCP,2003.5
1978,NE,July,TMAXA,30
1978,NE,July,TMINA,19.9
1978,NE,July,SRADA,17.3
1978,NE,July,PRCP,1391.3
1979,NE,July,TMAXA,30.2
1979,NE,July,TMINA,19.1
1979,NE,July,SRADA,16.7
1979,NE,July,PRCP,1584.6
1980,NE,July,TMAXA,31.5
1980,NE,July,TMINA,19.8
1980,NE,July,SRADA,16.8
1980,NE,July,PRCP,1795.8
1981,NE,July,TMAXA,32
1981,NE,July,TMINA,20.3
1981,NE,July,SRADA,16.7
1981,NE,July,PRCP,1664.4
1982,NE,July,TMAXA,31.6
1982,NE,July,TMINA,19.5
1982,NE,July,SRADA,16.5
1982,NE,July,PRCP,2071.1
1983,EN,July,TMAXA,32.1
1983,EN,July,TMINA,20.3
1983,EN,July,SRADA,16.8
1983,EN,July,PRCP,1992.5
1984,NE,July,TMAXA,32.3
1984,NE,July,TMINA,20
1984,NE,July,SRADA,16.7
1984,NE,July,PRCP,1663.4
1985,LA,July,TMAXA,31.5
1985,LA,July,TMINA,19.3
1985,LA,July,SRADA,17.2
1985,LA,July,PRCP,1657.7
1986,NE,July,TMAXA,32
1986,NE,July,TMINA,19.6
1986,NE,July,SRADA,17.6
1986,NE,July,PRCP,1053.8
1987,EN,July,TMAXA,32
1987,EN,July,TMINA,19.9
1987,EN,July,SRADA,17.2
1987,EN,July,PRCP,1498.9
1988,EN,July,TMAXA,32.4
1988,EN,July,TMINA,20.2
1988,EN,July,SRADA,17.5
1988,EN,July,PRCP,1576
1989,LA,July,TMAXA,32
1989,LA,July,TMINA,19.3
1989,LA,July,SRADA,18.4
1989,LA,July,PRCP,1359.4
1990,NE,July,TMAXA,32
1990,NE,July,TMINA,19.1
1990,NE,July,SRADA,18.4
1990,NE,July,PRCP,1748.4
1991,NE,July,TMAXA,32.1
1991,NE,July,TMINA,19.4
1991,NE,July,SRADA,18.2
1991,NE,July,PRCP,1587.1
1992,EN,July,TMAXA,32.4
1992,EN,July,TMINA,20.1
1992,EN,July,SRADA,17.4
1992,EN,July,PRCP,1217.6
1993,NE,July,TMAXA,31.8
1993,NE,July,TMINA,19.6
1993,NE,July,SRADA,17.2
1993,NE,July,PRCP,1416.4
1994,NE,July,TMAXA,32.4
1994,NE,July,TMINA,19.6
1994,NE,July,SRADA,17.6
1994,NE,July,PRCP,1492.4
1995,EN,July,TMAXA,32.6
1995,EN,July,TMINA,20
1995,EN,July,SRADA,17.9
1995,EN,July,PRCP,1558.2
1996,LA,July,TMAXA,32.9
1996,LA,July,TMINA,20.2
1996,LA,July,SRADA,18.3
1996,LA,July,PRCP,1253.1
1997,NE,July,TMAXA,32.1
1997,NE,July,TMINA,20.2
1997,NE,July,SRADA,17.1
1997,NE,July,PRCP,1911.6
1998,EN,July,TMAXA,34
1998,EN,July,TMINA,20.8
1998,EN,July,SRADA,18.2
1998,EN,July,PRCP,1594.1
1999,LA,July,TMAXA,33.6
1999,LA,July,TMINA,20.3
1999,LA,July,SRADA,17.9
1999,LA,July,PRCP,1138.3
2000,LA,July,TMAXA,33
2000,LA,July,TMINA,20.2
2000,LA,July,SRADA,18.4
2000,LA,July,PRCP,1232.2
2001,LA,July,TMAXA,32.9
2001,LA,July,TMINA,19.7
2001,LA,July,SRADA,18.3
2001,LA,July,PRCP,1244.5
2002,NE,July,TMAXA,32.6
2002,NE,July,TMINA,19.7
2002,NE,July,SRADA,18.3
2002,NE,July,PRCP,1773.1
2003,EN,July,TMAXA,32.9
2003,EN,July,TMINA,20
2003,EN,July,SRADA,18.1
2003,EN,July,PRCP,1471.8
2004,NE,July,TMAXA,32.5
2004,NE,July,TMINA,20
2004,NE,July,SRADA,18
2004,NE,July,PRCP,1602.1
2005,EN,July,TMAXA,32.9
2005,EN,July,TMINA,20
2005,EN,July,SRADA,18.6
2005,EN,July,PRCP,1209.4
2006,NE,July,TMAXA,32.7
2006,NE,July,TMINA,20.2
2006,NE,July,SRADA,18.2
2006,NE,July,PRCP,1324.8
2007,NE,July,TMAXA,33
2007,NE,July,TMINA,20.1
2007,NE,July,SRADA,18.4
2007,NE,July,PRCP,1671
2008,LA,July,TMAXA,32.9
2008,LA,July,TMINA,20.2
2008,LA,July,SRADA,18.6
2008,LA,July,PRCP,1522.9
2009,NE,July,TMAXA,33.2
2009,NE,July,TMINA,20.1
2009,NE,July,SRADA,19.2
2009,NE,July,PRCP,1434.5
2010,EN,July,TMAXA,33.3
2010,EN,July,TMINA,20.4
2010,EN,July,SRADA,18.8
2010,EN,July,PRCP,1636.3
2011,LA,July,TMAXA,33.3
2011,LA,July,TMINA,19.9
2011,LA,July,SRADA,18.9
2011,LA,July,PRCP,1597
2012,LA,July,TMAXA,32.9
2012,LA,July,TMINA,20.3
2012,LA,July,SRADA,18.9
2012,LA,July,PRCP,1302.7
2013,NE,July,TMAXA,33.1
2013,NE,July,TMINA,20.4
2013,NE,July,SRADA,18.6
2013,NE,July,PRCP,1572.2
2014,NE,July,TMAXA,33.2
2014,NE,July,TMINA,20
2014,NE,July,SRADA,19.2
2014,NE,July,PRCP,1427.3
2015,EN,July,TMAXA,33.2
2015,EN,July,TMINA,20.4
2015,EN,July,SRADA,18.4
2015,EN,July,PRCP,1506.6
2016,EN,July,TMAXA,34.6
2016,EN,July,TMINA,20.8
2016,EN,July,SRADA,19.3
2016,EN,July,PRCP,1195.6
2017,NE,July,TMAXA,33.6
2017,NE,July,TMINA,20.6
2017,NE,July,SRADA,18.8
2017,NE,July,PRCP,1231
2018,LA,July,TMAXA,33.3
2018,LA,July,TMINA,19.9
2018,LA,July,SRADA,18.9
2018,LA,July,PRCP,1402.9
2019,EN,July,TMAXA,33.4
2019,EN,July,TMINA,19.6
2019,EN,July,SRADA,18.9
2019,EN,July,PRCP,1859.3
1963,NE,July,TMAXA,29.8
1963,NE,July,TMINA,15.3
1963,NE,July,SRADA,19.2
1963,NE,July,PRCP,1394.2
1964,EN,July,TMAXA,29.9
1964,EN,July,TMINA,16.8
1964,EN,July,SRADA,18.9
1964,EN,July,PRCP,1085.3
1965,LA,July,TMAXA,28.4
1965,LA,July,TMINA,16.9
1965,LA,July,SRADA,17.6
1965,LA,July,PRCP,1490.3
1966,EN,July,TMAXA,28.7
1966,EN,July,TMINA,16.8
1966,EN,July,SRADA,18.2
1966,EN,July,PRCP,1493.8
1967,NE,July,TMAXA,28.8
1967,NE,July,TMINA,17.3
1967,NE,July,SRADA,18.7
1967,NE,July,PRCP,1193.5
1968,NE,July,TMAXA,28.4
1968,NE,July,TMINA,16.7
1968,NE,July,SRADA,18.5
1968,NE,July,PRCP,1232.8
1969,EN,July,TMAXA,29.3
1969,EN,July,TMINA,17.2
1969,EN,July,SRADA,19
1969,EN,July,PRCP,1145.7
1970,NE,July,TMAXA,29.7
1970,NE,July,TMINA,17.4
1970,NE,July,SRADA,18.5
1970,NE,July,PRCP,1578.7
1971,LA,July,TMAXA,30.2
1971,LA,July,TMINA,17.5
1971,LA,July,SRADA,19
1971,LA,July,PRCP,1023.9
1972,LA,July,TMAXA,29.3
1972,LA,July,TMINA,17
1972,LA,July,SRADA,17.9
1972,LA,July,PRCP,1418.2
1973,EN,July,TMAXA,29.5
1973,EN,July,TMINA,19
1973,EN,July,SRADA,18.7
1973,EN,July,PRCP,1265.2
1974,LA,July,TMAXA,27.2
1974,LA,July,TMINA,18.3
1974,LA,July,SRADA,18.2
1974,LA,July,PRCP,1571
1975,LA,July,TMAXA,28.6
1975,LA,July,TMINA,17.7
1975,LA,July,SRADA,19.3
1975,LA,July,PRCP,1042.4
1976,LA,July,TMAXA,29.3
1976,LA,July,TMINA,16.6
1976,LA,July,SRADA,19.2
1976,LA,July,PRCP,873.5
1977,NE,July,TMAXA,28.6
1977,NE,July,TMINA,17.5
1977,NE,July,SRADA,17.7
1977,NE,July,PRCP,1267
1978,NE,July,TMAXA,28.2
1978,NE,July,TMINA,17.6
1978,NE,July,SRADA,17.6
1978,NE,July,PRCP,1786.5
1979,NE,July,TMAXA,28.6
1979,NE,July,TMINA,15.3
1979,NE,July,SRADA,17.2
1979,NE,July,PRCP,1519.7
1980,NE,July,TMAXA,29.1
1980,NE,July,TMINA,17.2
1980,NE,July,SRADA,17.1
1980,NE,July,PRCP,1403.3
1981,NE,July,TMAXA,29.3
1981,NE,July,TMINA,16.4
1981,NE,July,SRADA,17.5
1981,NE,July,PRCP,1022.2
1982,NE,July,TMAXA,28.9
1982,NE,July,TMINA,16.3
1982,NE,July,SRADA,17.7
1982,NE,July,PRCP,1739.2
1983,EN,July,TMAXA,29.7
1983,EN,July,TMINA,17.4
1983,EN,July,SRADA,17.7
1983,EN,July,PRCP,1620.4
1984,NE,July,TMAXA,30
1984,NE,July,TMINA,16.7
1984,NE,July,SRADA,18.2
1984,NE,July,PRCP,1483.5
1985,LA,July,TMAXA,29.2
1985,LA,July,TMINA,17.3
1985,LA,July,SRADA,17.3
1985,LA,July,PRCP,1434.4
1986,NE,July,TMAXA,29.4
1986,NE,July,TMINA,17.2
1986,NE,July,SRADA,18.3
1986,NE,July,PRCP,1272.5
1987,EN,July,TMAXA,30.1
1987,EN,July,TMINA,17.3
1987,EN,July,SRADA,18.4
1987,EN,July,PRCP,1135.7
1988,EN,July,TMAXA,30.6
1988,EN,July,TMINA,17.7
1988,EN,July,SRADA,18.2
1988,EN,July,PRCP,1869.4
1989,LA,July,TMAXA,30.3
1989,LA,July,TMINA,17.1
1989,LA,July,SRADA,18.5
1989,LA,July,PRCP,971.1
1990,NE,July,TMAXA,30.3
1990,NE,July,TMINA,17.8
1990,NE,July,SRADA,17.8
1990,NE,July,PRCP,1776.8
1991,NE,July,TMAXA,29.8
1991,NE,July,TMINA,17.6
1991,NE,July,SRADA,17.9
1991,NE,July,PRCP,1682.9
1992,EN,July,TMAXA,29.1
1992,EN,July,TMINA,17.5
1992,EN,July,SRADA,17.3
1992,EN,July,PRCP,1876.4
1993,NE,July,TMAXA,29.5
1993,NE,July,TMINA,17.4
1993,NE,July,SRADA,17.9
1993,NE,July,PRCP,1292.9
1994,NE,July,TMAXA,30
1994,NE,July,TMINA,17.9
1994,NE,July,SRADA,17.9
1994,NE,July,PRCP,1478.8
1995,EN,July,TMAXA,30.4
1995,EN,July,TMINA,17.7
1995,EN,July,SRADA,18.7
1995,EN,July,PRCP,1132.5
1996,LA,July,TMAXA,30.5
1996,LA,July,TMINA,17.5
1996,LA,July,SRADA,19.1
1996,LA,July,PRCP,1419.8
1997,NE,July,TMAXA,29.4
1997,NE,July,TMINA,17.7
1997,NE,July,SRADA,18
1997,NE,July,PRCP,1506.7
1998,EN,July,TMAXA,31.3
1998,EN,July,TMINA,18.2
1998,EN,July,SRADA,19.2
1998,EN,July,PRCP,875.5
1999,LA,July,TMAXA,30.9
1999,LA,July,TMINA,18
1999,LA,July,SRADA,19
1999,LA,July,PRCP,1084
2000,LA,July,TMAXA,30
2000,LA,July,TMINA,17.4
2000,LA,July,SRADA,18.5
2000,LA,July,PRCP,1407
2001,LA,July,TMAXA,30.8
2001,LA,July,TMINA,17.6
2001,LA,July,SRADA,19
2001,LA,July,PRCP,934.4
2002,NE,July,TMAXA,30.2
2002,NE,July,TMINA,17.7
2002,NE,July,SRADA,18.4
2002,NE,July,PRCP,1423.9
2003,EN,July,TMAXA,30.7
2003,EN,July,TMINA,17.8
2003,EN,July,SRADA,19
2003,EN,July,PRCP,1299.8
2004,NE,July,TMAXA,30.1
2004,NE,July,TMINA,17.9
2004,NE,July,SRADA,17.6
2004,NE,July,PRCP,1479.4
2005,EN,July,TMAXA,30.5
2005,EN,July,TMINA,17.9
2005,EN,July,SRADA,18.8
2005,EN,July,PRCP,1424
2006,NE,July,TMAXA,30.4
2006,NE,July,TMINA,18.1
2006,NE,July,SRADA,18.5
2006,NE,July,PRCP,1543.4
2007,NE,July,TMAXA,30.5
2007,NE,July,TMINA,17.7
2007,NE,July,SRADA,18.4
2007,NE,July,PRCP,1541.6
2008,LA,July,TMAXA,30.5
2008,LA,July,TMINA,17.8
2008,LA,July,SRADA,20
2008,LA,July,PRCP,1084.4
2009,NE,July,TMAXA,30.4
2009,NE,July,TMINA,17.9
2009,NE,July,SRADA,19.4
2009,NE,July,PRCP,1207.9
2010,EN,July,TMAXA,30.6
2010,EN,July,TMINA,18
2010,EN,July,SRADA,20
2010,EN,July,PRCP,1301.8
2011,LA,July,TMAXA,30.2
2011,LA,July,TMINA,17.6
2011,LA,July,SRADA,19.7
2011,LA,July,PRCP,1449.8
2012,LA,July,TMAXA,30.3
2012,LA,July,TMINA,17.9
2012,LA,July,SRADA,19.3
2012,LA,July,PRCP,1154.4
2013,NE,July,TMAXA,30.7
2013,NE,July,TMINA,18.2
2013,NE,July,SRADA,20
2013,NE,July,PRCP,1232
2014,NE,July,TMAXA,30.4
2014,NE,July,TMINA,18
2014,NE,July,SRADA,19.6
2014,NE,July,PRCP,1133.8
2015,EN,July,TMAXA,30.8
2015,EN,July,TMINA,18.4
2015,EN,July,SRADA,19.9
2015,EN,July,PRCP,1191.2
2016,EN,July,TMAXA,32.4
2016,EN,July,TMINA,18.8
2016,EN,July,SRADA,20.8
2016,EN,July,PRCP,1096.2
2017,NE,July,TMAXA,31.3
2017,NE,July,TMINA,18.9
2017,NE,July,SRADA,20.1
2017,NE,July,PRCP,1007.5
2018,LA,July,TMAXA,30.5
2018,LA,July,TMINA,17.8
2018,LA,July,SRADA,19.6
2018,LA,July,PRCP,1177.5
2019,EN,July,TMAXA,30.9
2019,EN,July,TMINA,17.1
2019,EN,July,SRADA,20
2019,EN,July,PRCP,1464.7
1963,NE,July,TMAXA,31.8
1963,NE,July,TMINA,17.7
1963,NE,July,SRADA,18.6
1963,NE,July,PRCP,1474.6
1964,EN,July,TMAXA,32.6
1964,EN,July,TMINA,17.7
1964,EN,July,SRADA,19.1
1964,EN,July,PRCP,1296.6
1965,LA,July,TMAXA,31.5
1965,LA,July,TMINA,17.9
1965,LA,July,SRADA,18.4
1965,LA,July,PRCP,1528.6
1966,EN,July,TMAXA,32
1966,EN,July,TMINA,18.5
1966,EN,July,SRADA,18.9
1966,EN,July,PRCP,1496.6
1967,NE,July,TMAXA,31.8
1967,NE,July,TMINA,18.5
1967,NE,July,SRADA,19
1967,NE,July,PRCP,1069
1968,NE,July,TMAXA,31.3
1968,NE,July,TMINA,18.2
1968,NE,July,SRADA,19.2
1968,NE,July,PRCP,1325.8
1969,EN,July,TMAXA,31.4
1969,EN,July,TMINA,18.8
1969,EN,July,SRADA,19.5
1969,EN,July,PRCP,1517.8
1970,NE,July,TMAXA,31.8
1970,NE,July,TMINA,18.9
1970,NE,July,SRADA,19.5
1970,NE,July,PRCP,1315.7
1971,LA,July,TMAXA,31.5
1971,LA,July,TMINA,18
1971,LA,July,SRADA,19.1
1971,LA,July,PRCP,1287.2
1972,LA,July,TMAXA,31.5
1972,LA,July,TMINA,18.4
1972,LA,July,SRADA,18.2
1972,LA,July,PRCP,1370.4
1973,EN,July,TMAXA,32.4
1973,EN,July,TMINA,19.6
1973,EN,July,SRADA,18.7
1973,EN,July,PRCP,1467.4
1974,LA,July,TMAXA,31.3
1974,LA,July,TMINA,19
1974,LA,July,SRADA,17.7
1974,LA,July,PRCP,1722.4
1975,LA,July,TMAXA,31.9
1975,LA,July,TMINA,18.5
1975,LA,July,SRADA,18.4
1975,LA,July,PRCP,1558.7
1976,LA,July,TMAXA,31.7
1976,LA,July,TMINA,18.5
1976,LA,July,SRADA,17.7
1976,LA,July,PRCP,1501.3
1977,NE,July,TMAXA,31
1977,NE,July,TMINA,18.1
1977,NE,July,SRADA,18
1977,NE,July,PRCP,1504.1
1978,NE,July,TMAXA,31.2
1978,NE,July,TMINA,18.7
1978,NE,July,SRADA,17.5
1978,NE,July,PRCP,1571.2
1979,NE,July,TMAXA,30.3
1979,NE,July,TMINA,13.9
1979,NE,July,SRADA,16.9
1979,NE,July,PRCP,1921.6
1980,NE,July,TMAXA,30.9
1980,NE,July,TMINA,17
1980,NE,July,SRADA,17.1
1980,NE,July,PRCP,1560.2
1981,NE,July,TMAXA,30.9
1981,NE,July,TMINA,16.7
1981,NE,July,SRADA,17.4
1981,NE,July,PRCP,1620.8
1982,NE,July,TMAXA,30.8
1982,NE,July,TMINA,17.5
1982,NE,July,SRADA,16.8
1982,NE,July,PRCP,1550.1
1983,EN,July,TMAXA,31.2
1983,EN,July,TMINA,18.4
1983,EN,July,SRADA,17.4
1983,EN,July,PRCP,1508.7
1984,NE,July,TMAXA,30.7
1984,NE,July,TMINA,17.4
1984,NE,July,SRADA,17.3
1984,NE,July,PRCP,1532.7
1985,LA,July,TMAXA,30.9
1985,LA,July,TMINA,17.6
1985,LA,July,SRADA,17.7
1985,LA,July,PRCP,1558.3
1986,NE,July,TMAXA,31.2
1986,NE,July,TMINA,17.6
1986,NE,July,SRADA,18.3
1986,NE,July,PRCP,1545.7
1987,EN,July,TMAXA,30.8
1987,EN,July,TMINA,17.9
1987,EN,July,SRADA,18
1987,EN,July,PRCP,1981.5
1988,EN,July,TMAXA,30.9
1988,EN,July,TMINA,19.2
1988,EN,July,SRADA,17.5
1988,EN,July,PRCP,1837.4
1989,LA,July,TMAXA,30.9
1989,LA,July,TMINA,19.5
1989,LA,July,SRADA,18.4
1989,LA,July,PRCP,1664.5
1990,NE,July,TMAXA,31.2
1990,NE,July,TMINA,19.2
1990,NE,July,SRADA,18.5
1990,NE,July,PRCP,1685.9
1991,NE,July,TMAXA,31.2
1991,NE,July,TMINA,18.4
1991,NE,July,SRADA,17.9
1991,NE,July,PRCP,1757.2
1992,EN,July,TMAXA,31.5
1992,EN,July,TMINA,17.9
1992,EN,July,SRADA,17.4
1992,EN,July,PRCP,1385.9
1993,NE,July,TMAXA,30.9
1993,NE,July,TMINA,17.4
1993,NE,July,SRADA,17.4
1993,NE,July,PRCP,1679.6
1994,NE,July,TMAXA,31.5
1994,NE,July,TMINA,18.6
1994,NE,July,SRADA,18
1994,NE,July,PRCP,1328
1995,EN,July,TMAXA,31.9
1995,EN,July,TMINA,19.1
1995,EN,July,SRADA,17.7
1995,EN,July,PRCP,1794.6
1996,LA,July,TMAXA,31.7
1996,LA,July,TMINA,18.2
1996,LA,July,SRADA,18.4
1996,LA,July,PRCP,1493.8
1997,NE,July,TMAXA,31.5
1997,NE,July,TMINA,18.5
1997,NE,July,SRADA,17.6
1997,NE,July,PRCP,1657.5
1998,EN,July,TMAXA,32.4
1998,EN,July,TMINA,19.1
1998,EN,July,SRADA,18.4
1998,EN,July,PRCP,1583.2
1999,LA,July,TMAXA,32.2
1999,LA,July,TMINA,18.5
1999,LA,July,SRADA,18
1999,LA,July,PRCP,1347.9
2000,LA,July,TMAXA,31.9
2000,LA,July,TMINA,18.5
2000,LA,July,SRADA,18.2
2000,LA,July,PRCP,1335.7
2001,LA,July,TMAXA,31.5
2001,LA,July,TMINA,18.9
2001,LA,July,SRADA,18.3
2001,LA,July,PRCP,1322.3
2002,NE,July,TMAXA,31.8
2002,NE,July,TMINA,19.1
2002,NE,July,SRADA,17.9
2002,NE,July,PRCP,1764.7
2003,EN,July,TMAXA,32.1
2003,EN,July,TMINA,19.3
2003,EN,July,SRADA,17.2
2003,EN,July,PRCP,1699.1
2004,NE,July,TMAXA,31.9
2004,NE,July,TMINA,19.3
2004,NE,July,SRADA,17.3
2004,NE,July,PRCP,1368.1
2005,EN,July,TMAXA,32.2
2005,EN,July,TMINA,18.9
2005,EN,July,SRADA,18.2
2005,EN,July,PRCP,1149.7
2006,NE,July,TMAXA,32
2006,NE,July,TMINA,18.7
2006,NE,July,SRADA,17.4
2006,NE,July,PRCP,1370.6
2007,NE,July,TMAXA,32.2
2007,NE,July,TMINA,18.7
2007,NE,July,SRADA,17.6
2007,NE,July,PRCP,1323.4
2008,LA,July,TMAXA,31.9
2008,LA,July,TMINA,18.6
2008,LA,July,SRADA,17.1
2008,LA,July,PRCP,724.6
2009,NE,July,TMAXA,32.6
2009,NE,July,TMINA,18.7
2009,NE,July,SRADA,18.2
2009,NE,July,PRCP,993.2
2010,EN,July,TMAXA,32.4
2010,EN,July,TMINA,19.1
2010,EN,July,SRADA,17.3
2010,EN,July,PRCP,1394.1
2011,LA,July,TMAXA,32.5
2011,LA,July,TMINA,18.7
2011,LA,July,SRADA,17.8
2011,LA,July,PRCP,1335.9
2012,LA,July,TMAXA,32.3
2012,LA,July,TMINA,19
2012,LA,July,SRADA,18.5
2012,LA,July,PRCP,1342.2
2013,NE,July,TMAXA,32.6
2013,NE,July,TMINA,19.2
2013,NE,July,SRADA,17.3
2013,NE,July,PRCP,1180.4
2014,NE,July,TMAXA,32
2014,NE,July,TMINA,18.9
2014,NE,July,SRADA,16.6
2014,NE,July,PRCP,1276.4
2015,EN,July,TMAXA,32.6
2015,EN,July,TMINA,19.6
2015,EN,July,SRADA,16.2
2015,EN,July,PRCP,1423.8
2016,EN,July,TMAXA,33.4
2016,EN,July,TMINA,19.7
2016,EN,July,SRADA,17
2016,EN,July,PRCP,810
2017,NE,July,TMAXA,32.7
2017,NE,July,TMINA,20.1
2017,NE,July,SRADA,17.3
2017,NE,July,PRCP,1344.5
2018,LA,July,TMAXA,32.9
2018,LA,July,TMINA,20.1
2018,LA,July,SRADA,17
2018,LA,July,PRCP,1473.8
2019,EN,July,TMAXA,33.2
2019,EN,July,TMINA,20.3
2019,EN,July,SRADA,17.1
2019,EN,July,PRCP,1566
1963,NE,July,TMAXA,30.9
1963,NE,July,TMINA,16.7
1963,NE,July,SRADA,17.4
1963,NE,July,PRCP,604.7
1964,EN,July,TMAXA,30.8
1964,EN,July,TMINA,17.5
1964,EN,July,SRADA,16.9
1964,EN,July,PRCP,1000.9
1965,LA,July,TMAXA,30
1965,LA,July,TMINA,17.5
1965,LA,July,SRADA,16.4
1965,LA,July,PRCP,654
1966,EN,July,TMAXA,31.2
1966,EN,July,TMINA,17.8
1966,EN,July,SRADA,17.7
1966,EN,July,PRCP,675.5
1967,NE,July,TMAXA,32.3
1967,NE,July,TMINA,18.5
1967,NE,July,SRADA,18.1
1967,NE,July,PRCP,563.1
1968,NE,July,TMAXA,30.2
1968,NE,July,TMINA,17.1
1968,NE,July,SRADA,17.1
1968,NE,July,PRCP,998.6
1969,EN,July,TMAXA,29.9
1969,EN,July,TMINA,17.8
1969,EN,July,SRADA,17.9
1969,EN,July,PRCP,846.5
1970,NE,July,TMAXA,30.2
1970,NE,July,TMINA,18.3
1970,NE,July,SRADA,17.8
1970,NE,July,PRCP,817.4
1971,LA,July,TMAXA,30.9
1971,LA,July,TMINA,18.9
1971,LA,July,SRADA,18.4
1971,LA,July,PRCP,769.1
1972,LA,July,TMAXA,30.4
1972,LA,July,TMINA,18.2
1972,LA,July,SRADA,17.9
1972,LA,July,PRCP,903.6
1973,EN,July,TMAXA,31.7
1973,EN,July,TMINA,19.3
1973,EN,July,SRADA,18.6
1973,EN,July,PRCP,742.5
1974,LA,July,TMAXA,30.4
1974,LA,July,TMINA,18.8
1974,LA,July,SRADA,17.7
1974,LA,July,PRCP,811.2
1975,LA,July,TMAXA,30.5
1975,LA,July,TMINA,18.4
1975,LA,July,SRADA,18.1
1975,LA,July,PRCP,793.1
1976,LA,July,TMAXA,31.2
1976,LA,July,TMINA,19.3
1976,LA,July,SRADA,18.4
1976,LA,July,PRCP,512.7
1977,NE,July,TMAXA,30
1977,NE,July,TMINA,19.2
1977,NE,July,SRADA,17
1977,NE,July,PRCP,928.3
1978,NE,July,TMAXA,29.7
1978,NE,July,TMINA,18.8
1978,NE,July,SRADA,16.6
1978,NE,July,PRCP,921.6
1979,NE,July,TMAXA,29.1
1979,NE,July,TMINA,17.8
1979,NE,July,SRADA,15.7
1979,NE,July,PRCP,1343.3
1980,NE,July,TMAXA,29.6
1980,NE,July,TMINA,18.4
1980,NE,July,SRADA,16.3
1980,NE,July,PRCP,892.9
1981,NE,July,TMAXA,29.3
1981,NE,July,TMINA,17.7
1981,NE,July,SRADA,16.2
1981,NE,July,PRCP,905.7
1982,NE,July,TMAXA,29.4
1982,NE,July,TMINA,17.6
1982,NE,July,SRADA,15.8
1982,NE,July,PRCP,776.7
1983,EN,July,TMAXA,29.8
1983,EN,July,TMINA,19.1
1983,EN,July,SRADA,16.4
1983,EN,July,PRCP,941
1984,NE,July,TMAXA,31.4
1984,NE,July,TMINA,18.8
1984,NE,July,SRADA,17.1
1984,NE,July,PRCP,811.4
1985,LA,July,TMAXA,30.8
1985,LA,July,TMINA,18.5
1985,LA,July,SRADA,16.6
1985,LA,July,PRCP,989.9
1986,NE,July,TMAXA,30.1
1986,NE,July,TMINA,18.1
1986,NE,July,SRADA,17.3
1986,NE,July,PRCP,799.6
1987,EN,July,TMAXA,31
1987,EN,July,TMINA,18
1987,EN,July,SRADA,17.7
1987,EN,July,PRCP,786.7
1988,EN,July,TMAXA,32.1
1988,EN,July,TMINA,19.6
1988,EN,July,SRADA,17.9
1988,EN,July,PRCP,770.2
1989,LA,July,TMAXA,31.6
1989,LA,July,TMINA,19.3
1989,LA,July,SRADA,18.4
1989,LA,July,PRCP,484.6
1990,NE,July,TMAXA,31
1990,NE,July,TMINA,18.8
1990,NE,July,SRADA,17.8
1990,NE,July,PRCP,934.4
1991,NE,July,TMAXA,30.7
1991,NE,July,TMINA,19.1
1991,NE,July,SRADA,17
1991,NE,July,PRCP,823.7
1992,EN,July,TMAXA,30.1
1992,EN,July,TMINA,18.9
1992,EN,July,SRADA,15.9
1992,EN,July,PRCP,907.3
1993,NE,July,TMAXA,30.5
1993,NE,July,TMINA,18.5
1993,NE,July,SRADA,16.5
1993,NE,July,PRCP,970.8
1994,NE,July,TMAXA,31.8
1994,NE,July,TMINA,19.5
1994,NE,July,SRADA,17.5
1994,NE,July,PRCP,628.7
1995,EN,July,TMAXA,32.1
1995,EN,July,TMINA,19.3
1995,EN,July,SRADA,18.1
1995,EN,July,PRCP,491.8
1996,LA,July,TMAXA,32.1
1996,LA,July,TMINA,19.4
1996,LA,July,SRADA,18.1
1996,LA,July,PRCP,711.5
1997,NE,July,TMAXA,30.7
1997,NE,July,TMINA,19
1997,NE,July,SRADA,17
1997,NE,July,PRCP,807.1
1998,EN,July,TMAXA,33.3
1998,EN,July,TMINA,20.3
1998,EN,July,SRADA,18.6
1998,EN,July,PRCP,469
1999,LA,July,TMAXA,32.1
1999,LA,July,TMINA,19.8
1999,LA,July,SRADA,18.3
1999,LA,July,PRCP,782.8
2000,LA,July,TMAXA,30.7
2000,LA,July,TMINA,18.9
2000,LA,July,SRADA,17.4
2000,LA,July,PRCP,857.1
2001,LA,July,TMAXA,31.6
2001,LA,July,TMINA,19.4
2001,LA,July,SRADA,18.3
2001,LA,July,PRCP,887.1
2002,NE,July,TMAXA,31
2002,NE,July,TMINA,19.5
2002,NE,July,SRADA,17.5
2002,NE,July,PRCP,905
2003,EN,July,TMAXA,32
2003,EN,July,TMINA,19.7
2003,EN,July,SRADA,18.1
2003,EN,July,PRCP,587.8
2004,NE,July,TMAXA,30.6
2004,NE,July,TMINA,19.8
2004,NE,July,SRADA,16.8
2004,NE,July,PRCP,793.9
2005,EN,July,TMAXA,31.3
2005,EN,July,TMINA,19.2
2005,EN,July,SRADA,17.7
2005,EN,July,PRCP,702.8
2006,NE,July,TMAXA,31.4
2006,NE,July,TMINA,19.5
2006,NE,July,SRADA,17.7
2006,NE,July,PRCP,611.4
2007,NE,July,TMAXA,30.9
2007,NE,July,TMINA,18.8
2007,NE,July,SRADA,17.3
2007,NE,July,PRCP,1058.2
2008,LA,July,TMAXA,32.2
2008,LA,July,TMINA,19.2
2008,LA,July,SRADA,18.4
2008,LA,July,PRCP,512.7
2009,NE,July,TMAXA,31.8
2009,NE,July,TMINA,19.3
2009,NE,July,SRADA,18.1
2009,NE,July,PRCP,794.5
2010,EN,July,TMAXA,32.5
2010,EN,July,TMINA,19.7
2010,EN,July,SRADA,18.8
2010,EN,July,PRCP,867
2011,LA,July,TMAXA,31.6
2011,LA,July,TMINA,19.1
2011,LA,July,SRADA,18.1
2011,LA,July,PRCP,701.1
2012,LA,July,TMAXA,32
2012,LA,July,TMINA,19.1
2012,LA,July,SRADA,18
2012,LA,July,PRCP,550.1
2013,NE,July,TMAXA,32.5
2013,NE,July,TMINA,19.7
2013,NE,July,SRADA,18.6
2013,NE,July,PRCP,653.9
2014,NE,July,TMAXA,32.4
2014,NE,July,TMINA,19.4
2014,NE,July,SRADA,18.4
2014,NE,July,PRCP,555.9
2015,EN,July,TMAXA,32.4
2015,EN,July,TMINA,19.3
2015,EN,July,SRADA,18.4
2015,EN,July,PRCP,650.7
2016,EN,July,TMAXA,33.7
2016,EN,July,TMINA,19.8
2016,EN,July,SRADA,19.8
2016,EN,July,PRCP,600.7
2017,NE,July,TMAXA,32.4
2017,NE,July,TMINA,19.6
2017,NE,July,SRADA,18.4
2017,NE,July,PRCP,568.9
2018,LA,July,TMAXA,31.7
2018,LA,July,TMINA,19
2018,LA,July,SRADA,18.8
2018,LA,July,PRCP,729.1
2019,EN,July,TMAXA,33.3
2019,EN,July,TMINA,20.2
2019,EN,July,SRADA,19.5
2019,EN,July,PRCP,544
1963,NE,August,TMAXA,31.8
1963,NE,August,TMINA,17.8
1963,NE,August,SRADA,18.3
1963,NE,August,PRCP,1893.3
1964,EN,August,TMAXA,32.5
1964,EN,August,TMINA,17.9
1964,EN,August,SRADA,18.7
1964,EN,August,PRCP,1381.7
1965,LA,August,TMAXA,32.1
1965,LA,August,TMINA,17.9
1965,LA,August,SRADA,18.2
1965,LA,August,PRCP,1887.3
1966,EN,August,TMAXA,32.7
1966,EN,August,TMINA,17.9
1966,EN,August,SRADA,18.8
1966,EN,August,PRCP,1932.5
1967,NE,August,TMAXA,32.1
1967,NE,August,TMINA,19.1
1967,NE,August,SRADA,19.1
1967,NE,August,PRCP,1367.8
1968,NE,August,TMAXA,31.7
1968,NE,August,TMINA,18.6
1968,NE,August,SRADA,19.2
1968,NE,August,PRCP,1596
1969,EN,August,TMAXA,31.7
1969,EN,August,TMINA,19.5
1969,EN,August,SRADA,19.3
1969,EN,August,PRCP,1538
1970,EN,August,TMAXA,32
1970,EN,August,TMINA,19.5
1970,EN,August,SRADA,18.9
1970,EN,August,PRCP,1691
1971,LA,August,TMAXA,31.8
1971,LA,August,TMINA,18.3
1971,LA,August,SRADA,18.5
1971,LA,August,PRCP,1635.7
1972,LA,August,TMAXA,31.6
1972,LA,August,TMINA,18.9
1972,LA,August,SRADA,18.1
1972,LA,August,PRCP,1682.6
1973,EN,August,TMAXA,32
1973,EN,August,TMINA,18.8
1973,EN,August,SRADA,18.3
1973,EN,August,PRCP,2161
1974,LA,August,TMAXA,29.7
1974,LA,August,TMINA,19.7
1974,LA,August,SRADA,17.8
1974,LA,August,PRCP,1819.8
1975,LA,August,TMAXA,30.7
1975,LA,August,TMINA,19.4
1975,LA,August,SRADA,17.8
1975,LA,August,PRCP,1714.6
1976,LA,August,TMAXA,31.6
1976,LA,August,TMINA,16.5
1976,LA,August,SRADA,17.3
1976,LA,August,PRCP,2214.9
1977,EN,August,TMAXA,31.3
1977,EN,August,TMINA,15.3
1977,EN,August,SRADA,17.4
1977,EN,August,PRCP,1664.7
1978,NE,August,TMAXA,31
1978,NE,August,TMINA,18.5
1978,NE,August,SRADA,16.9
1978,NE,August,PRCP,2212.4
1979,NE,August,TMAXA,31.2
1979,NE,August,TMINA,18.5
1979,NE,August,SRADA,16.4
1979,NE,August,PRCP,1987.2
1980,NE,August,TMAXA,31.8
1980,NE,August,TMINA,19
1980,NE,August,SRADA,16.4
1980,NE,August,PRCP,2139.2
1981,NE,August,TMAXA,31.4
1981,NE,August,TMINA,18
1981,NE,August,SRADA,15.4
1981,NE,August,PRCP,1775.4
1982,NE,August,TMAXA,31.3
1982,NE,August,TMINA,20.3
1982,NE,August,SRADA,15.8
1982,NE,August,PRCP,1931.5
1983,EN,August,TMAXA,31.9
1983,EN,August,TMINA,19
1983,EN,August,SRADA,16.7
1983,EN,August,PRCP,1684.1
1984,NE,August,TMAXA,31.8
1984,NE,August,TMINA,18.5
1984,NE,August,SRADA,16.6
1984,NE,August,PRCP,1772.2
1985,LA,August,TMAXA,31.4
1985,LA,August,TMINA,18.6
1985,LA,August,SRADA,16.8
1985,LA,August,PRCP,1673.2
1986,NE,August,TMAXA,32
1986,NE,August,TMINA,19.4
1986,NE,August,SRADA,17.2
1986,NE,August,PRCP,1468.9
1987,EN,August,TMAXA,32.4
1987,EN,August,TMINA,19.8
1987,EN,August,SRADA,17.5
1987,EN,August,PRCP,1617.4
1988,EN,August,TMAXA,32.4
1988,EN,August,TMINA,19.8
1988,EN,August,SRADA,17.1
1988,EN,August,PRCP,1833.4
1989,LA,August,TMAXA,31.6
1989,LA,August,TMINA,19.3
1989,LA,August,SRADA,16.6
1989,LA,August,PRCP,1772.4
1990,NE,August,TMAXA,31.2
1990,NE,August,TMINA,19.6
1990,NE,August,SRADA,16.7
1990,NE,August,PRCP,1736.9
1991,NE,August,TMAXA,31.3
1991,NE,August,TMINA,19.5
1991,NE,August,SRADA,16.3
1991,NE,August,PRCP,2095.4
1992,EN,August,TMAXA,30.2
1992,EN,August,TMINA,18.3
1992,EN,August,SRADA,16.1
1992,EN,August,PRCP,2002.2
1993,NE,August,TMAXA,31.2
1993,NE,August,TMINA,19.1
1993,NE,August,SRADA,16.4
1993,NE,August,PRCP,1885.6
1994,NE,August,TMAXA,31.4
1994,NE,August,TMINA,20
1994,NE,August,SRADA,16.5
1994,NE,August,PRCP,2484.8
1995,EN,August,TMAXA,31.5
1995,EN,August,TMINA,19.7
1995,EN,August,SRADA,16
1995,EN,August,PRCP,2212.4
1996,LA,August,TMAXA,32
1996,LA,August,TMINA,19.4
1996,LA,August,SRADA,17.6
1996,LA,August,PRCP,1626.1
1997,NE,August,TMAXA,31.3
1997,NE,August,TMINA,19.7
1997,NE,August,SRADA,17.2
1997,NE,August,PRCP,1655.2
1998,EN,August,TMAXA,33.5
1998,EN,August,TMINA,20.2
1998,EN,August,SRADA,18.2
1998,EN,August,PRCP,1379.8
1999,LA,August,TMAXA,32.5
1999,LA,August,TMINA,19.5
1999,LA,August,SRADA,17.3
1999,LA,August,PRCP,1576.1
2000,LA,August,TMAXA,32.8
2000,LA,August,TMINA,19.6
2000,LA,August,SRADA,17.3
2000,LA,August,PRCP,1733.9
2001,LA,August,TMAXA,32.3
2001,LA,August,TMINA,19.7
2001,LA,August,SRADA,17.9
2001,LA,August,PRCP,1429.6
2002,NE,August,TMAXA,33
2002,NE,August,TMINA,20
2002,NE,August,SRADA,17.9
2002,NE,August,PRCP,1716.6
2003,EN,August,TMAXA,32.5
2003,EN,August,TMINA,20.3
2003,EN,August,SRADA,17.6
2003,EN,August,PRCP,1932.4
2004,NE,August,TMAXA,31.9
2004,NE,August,TMINA,20.2
2004,NE,August,SRADA,17.1
2004,NE,August,PRCP,2537.4
2005,EN,August,TMAXA,32.6
2005,EN,August,TMINA,20.3
2005,EN,August,SRADA,17.6
2005,EN,August,PRCP,1505.6
2006,NE,August,TMAXA,32.6
2006,NE,August,TMINA,20.2
2006,NE,August,SRADA,17.6
2006,NE,August,PRCP,1901.1
2007,NE,August,TMAXA,32.8
2007,NE,August,TMINA,20.1
2007,NE,August,SRADA,18.1
2007,NE,August,PRCP,1799.4
2008,LA,August,TMAXA,32.6
2008,LA,August,TMINA,19.7
2008,LA,August,SRADA,17.4
2008,LA,August,PRCP,1884.6
2009,NE,August,TMAXA,32.6
2009,NE,August,TMINA,20.5
2009,NE,August,SRADA,17.4
2009,NE,August,PRCP,1637.5
2010,EN,August,TMAXA,33.3
2010,EN,August,TMINA,19.7
2010,EN,August,SRADA,17.7
2010,EN,August,PRCP,1700.1
2011,LA,August,TMAXA,32.8
2011,LA,August,TMINA,20.1
2011,LA,August,SRADA,17.8
2011,LA,August,PRCP,1692.7
2012,LA,August,TMAXA,32.5
2012,LA,August,TMINA,20.1
2012,LA,August,SRADA,18.1
2012,LA,August,PRCP,1678.4
2013,NE,August,TMAXA,32.7
2013,NE,August,TMINA,20.6
2013,NE,August,SRADA,18
2013,NE,August,PRCP,1712.5
2014,NE,August,TMAXA,32.4
2014,NE,August,TMINA,20.4
2014,NE,August,SRADA,17.8
2014,NE,August,PRCP,1144.5
2015,EN,August,TMAXA,32.7
2015,EN,August,TMINA,20.8
2015,EN,August,SRADA,17.6
2015,EN,August,PRCP,1476.1
2016,EN,August,TMAXA,33.8
2016,EN,August,TMINA,21.1
2016,EN,August,SRADA,17.9
2016,EN,August,PRCP,1343.4
2017,NE,August,TMAXA,32.4
2017,NE,August,TMINA,20.6
2017,NE,August,SRADA,17.2
2017,NE,August,PRCP,2074.2
2018,LA,August,TMAXA,32.7
2018,LA,August,TMINA,20.5
2018,LA,August,SRADA,17.4
2018,LA,August,PRCP,2235.6
2019,EN,August,TMAXA,32.6
2019,EN,August,TMINA,20.3
2019,EN,August,SRADA,17.2
2019,EN,August,PRCP,1999.1
1963,NE,August,TMAXA,32.3
1963,NE,August,TMINA,17.7
1963,NE,August,SRADA,18.8
1963,NE,August,PRCP,1699.7
1964,EN,August,TMAXA,32.9
1964,EN,August,TMINA,17.9
1964,EN,August,SRADA,19
1964,EN,August,PRCP,1450.8
1965,LA,August,TMAXA,32.2
1965,LA,August,TMINA,18
1965,LA,August,SRADA,18.4
1965,LA,August,PRCP,1792
1966,EN,August,TMAXA,32.7
1966,EN,August,TMINA,17.9
1966,EN,August,SRADA,18.8
1966,EN,August,PRCP,1978.7
1967,NE,August,TMAXA,32.5
1967,NE,August,TMINA,18.9
1967,NE,August,SRADA,19.2
1967,NE,August,PRCP,1434.8
1968,NE,August,TMAXA,32.2
1968,NE,August,TMINA,18.9
1968,NE,August,SRADA,19.1
1968,NE,August,PRCP,1481.2
1969,EN,August,TMAXA,32.1
1969,EN,August,TMINA,19.7
1969,EN,August,SRADA,19.4
1969,EN,August,PRCP,1097.8
1970,EN,August,TMAXA,32.1
1970,EN,August,TMINA,19.5
1970,EN,August,SRADA,19.3
1970,EN,August,PRCP,1438.6
1971,LA,August,TMAXA,32.1
1971,LA,August,TMINA,19.3
1971,LA,August,SRADA,19
1971,LA,August,PRCP,1225.4
1972,LA,August,TMAXA,31.6
1972,LA,August,TMINA,19
1972,LA,August,SRADA,18.2
1972,LA,August,PRCP,1623.3
1973,EN,August,TMAXA,32
1973,EN,August,TMINA,19.5
1973,EN,August,SRADA,18.5
1973,EN,August,PRCP,1700.8
1974,LA,August,TMAXA,30.9
1974,LA,August,TMINA,19.4
1974,LA,August,SRADA,17.7
1974,LA,August,PRCP,1754.6
1975,LA,August,TMAXA,31.8
1975,LA,August,TMINA,19
1975,LA,August,SRADA,18.5
1975,LA,August,PRCP,1338
1976,LA,August,TMAXA,32.1
1976,LA,August,TMINA,18.2
1976,LA,August,SRADA,18.1
1976,LA,August,PRCP,1296.2
1977,EN,August,TMAXA,31.4
1977,EN,August,TMINA,18.3
1977,EN,August,SRADA,17.6
1977,EN,August,PRCP,1903.9
1978,NE,August,TMAXA,30.9
1978,NE,August,TMINA,19.4
1978,NE,August,SRADA,17.1
1978,NE,August,PRCP,2167.8
1979,NE,August,TMAXA,31.1
1979,NE,August,TMINA,18
1979,NE,August,SRADA,16.7
1979,NE,August,PRCP,1698.7
1980,NE,August,TMAXA,31.8
1980,NE,August,TMINA,18.8
1980,NE,August,SRADA,16.9
1980,NE,August,PRCP,1655.6
1981,NE,August,TMAXA,31.7
1981,NE,August,TMINA,18.5
1981,NE,August,SRADA,16.5
1981,NE,August,PRCP,1701.6
1982,NE,August,TMAXA,31.5
1982,NE,August,TMINA,19.5
1982,NE,August,SRADA,16.6
1982,NE,August,PRCP,1571.6
1983,EN,August,TMAXA,32
1983,EN,August,TMINA,19.3
1983,EN,August,SRADA,17.2
1983,EN,August,PRCP,1637
1984,NE,August,TMAXA,31.8
1984,NE,August,TMINA,19
1984,NE,August,SRADA,16.9
1984,NE,August,PRCP,1691.3
1985,LA,August,TMAXA,31.4
1985,LA,August,TMINA,18.6
1985,LA,August,SRADA,17.3
1985,LA,August,PRCP,1623.9
1986,NE,August,TMAXA,32.1
1986,NE,August,TMINA,19
1986,NE,August,SRADA,17.5
1986,NE,August,PRCP,1671.4
1987,EN,August,TMAXA,32.2
1987,EN,August,TMINA,19.5
1987,EN,August,SRADA,17.7
1987,EN,August,PRCP,1616.8
1988,EN,August,TMAXA,32.2
1988,EN,August,TMINA,17.9
1988,EN,August,SRADA,17.8
1988,EN,August,PRCP,2026.4
1989,LA,August,TMAXA,31.8
1989,LA,August,TMINA,16.7
1989,LA,August,SRADA,18.2
1989,LA,August,PRCP,1699.8
1990,NE,August,TMAXA,31.7
1990,NE,August,TMINA,19.6
1990,NE,August,SRADA,18.6
1990,NE,August,PRCP,2253.6
1991,NE,August,TMAXA,32
1991,NE,August,TMINA,19.9
1991,NE,August,SRADA,18
1991,NE,August,PRCP,1924
1992,EN,August,TMAXA,32
1992,EN,August,TMINA,19.5
1992,EN,August,SRADA,17.3
1992,EN,August,PRCP,1566.7
1993,NE,August,TMAXA,31.5
1993,NE,August,TMINA,19.2
1993,NE,August,SRADA,17.3
1993,NE,August,PRCP,1789.3
1994,NE,August,TMAXA,31.8
1994,NE,August,TMINA,19.6
1994,NE,August,SRADA,17.3
1994,NE,August,PRCP,1814.6
1995,EN,August,TMAXA,32.4
1995,EN,August,TMINA,19.2
1995,EN,August,SRADA,17.4
1995,EN,August,PRCP,1751.9
1996,LA,August,TMAXA,32.8
1996,LA,August,TMINA,19.4
1996,LA,August,SRADA,18.3
1996,LA,August,PRCP,1359.9
1997,NE,August,TMAXA,32.2
1997,NE,August,TMINA,19.8
1997,NE,August,SRADA,17.3
1997,NE,August,PRCP,1551.1
1998,EN,August,TMAXA,33.7
1998,EN,August,TMINA,20.8
1998,EN,August,SRADA,19.3
1998,EN,August,PRCP,1325.5
1999,LA,August,TMAXA,32.7
1999,LA,August,TMINA,19.5
1999,LA,August,SRADA,18.5
1999,LA,August,PRCP,1603.7
2000,LA,August,TMAXA,32.1
2000,LA,August,TMINA,19.7
2000,LA,August,SRADA,18.5
2000,LA,August,PRCP,1841
2001,LA,August,TMAXA,32.4
2001,LA,August,TMINA,19.8
2001,LA,August,SRADA,18.7
2001,LA,August,PRCP,1413.5
2002,NE,August,TMAXA,32.6
2002,NE,August,TMINA,20.1
2002,NE,August,SRADA,18.5
2002,NE,August,PRCP,2021.7
2003,EN,August,TMAXA,32.7
2003,EN,August,TMINA,20
2003,EN,August,SRADA,18.8
2003,EN,August,PRCP,1895
2004,NE,August,TMAXA,32.6
2004,NE,August,TMINA,20.1
2004,NE,August,SRADA,18.1
2004,NE,August,PRCP,2246.8
2005,EN,August,TMAXA,33.5
2005,EN,August,TMINA,20.2
2005,EN,August,SRADA,18.7
2005,EN,August,PRCP,1656.7
2006,NE,August,TMAXA,33.3
2006,NE,August,TMINA,20
2006,NE,August,SRADA,18.7
2006,NE,August,PRCP,1598.7
2007,NE,August,TMAXA,33.4
2007,NE,August,TMINA,20
2007,NE,August,SRADA,19.1
2007,NE,August,PRCP,1996.1
2008,LA,August,TMAXA,32.8
2008,LA,August,TMINA,19.4
2008,LA,August,SRADA,18.9
2008,LA,August,PRCP,1852.7
2009,NE,August,TMAXA,32.7
2009,NE,August,TMINA,19.9
2009,NE,August,SRADA,18.9
2009,NE,August,PRCP,2117.4
2010,EN,August,TMAXA,32.9
2010,EN,August,TMINA,20.2
2010,EN,August,SRADA,18.7
2010,EN,August,PRCP,1821.6
2011,LA,August,TMAXA,33
2011,LA,August,TMINA,20.1
2011,LA,August,SRADA,18.6
2011,LA,August,PRCP,2000.2
2012,LA,August,TMAXA,32.5
2012,LA,August,TMINA,19.9
2012,LA,August,SRADA,18.7
2012,LA,August,PRCP,1660.6
2013,NE,August,TMAXA,32.9
2013,NE,August,TMINA,20.1
2013,NE,August,SRADA,18.7
2013,NE,August,PRCP,1868.7
2014,NE,August,TMAXA,32.7
2014,NE,August,TMINA,20.1
2014,NE,August,SRADA,18.1
2014,NE,August,PRCP,1959
2015,EN,August,TMAXA,32.8
2015,EN,August,TMINA,20.4
2015,EN,August,SRADA,18.6
2015,EN,August,PRCP,2065.7
2016,EN,August,TMAXA,34.4
2016,EN,August,TMINA,20.7
2016,EN,August,SRADA,19.9
2016,EN,August,PRCP,1572.4
2017,NE,August,TMAXA,33.1
2017,NE,August,TMINA,20.4
2017,NE,August,SRADA,19
2017,NE,August,PRCP,2309
2018,LA,August,TMAXA,33.1
2018,LA,August,TMINA,20.3
2018,LA,August,SRADA,18.9
2018,LA,August,PRCP,1901.9
2019,EN,August,TMAXA,33.3
2019,EN,August,TMINA,20.3
2019,EN,August,SRADA,18
2019,EN,August,PRCP,1333.4
1963,NE,August,TMAXA,32.4
1963,NE,August,TMINA,20.1
1963,NE,August,SRADA,18.2
1963,NE,August,PRCP,1503.5
1964,EN,August,TMAXA,33.1
1964,EN,August,TMINA,20.6
1964,EN,August,SRADA,18.6
1964,EN,August,PRCP,1067
1965,LA,August,TMAXA,32.3
1965,LA,August,TMINA,20.5
1965,LA,August,SRADA,18.2
1965,LA,August,PRCP,1417.2
1966,EN,August,TMAXA,32.9
1966,EN,August,TMINA,20.3
1966,EN,August,SRADA,18.7
1966,EN,August,PRCP,1355.4
1967,NE,August,TMAXA,33
1967,NE,August,TMINA,20.3
1967,NE,August,SRADA,18.8
1967,NE,August,PRCP,1293.6
1968,NE,August,TMAXA,32.6
1968,NE,August,TMINA,19.5
1968,NE,August,SRADA,19.3
1968,NE,August,PRCP,1273.9
1969,EN,August,TMAXA,32.8
1969,EN,August,TMINA,20.4
1969,EN,August,SRADA,19.4
1969,EN,August,PRCP,1429.3
1970,EN,August,TMAXA,33.1
1970,EN,August,TMINA,20.4
1970,EN,August,SRADA,19
1970,EN,August,PRCP,1512.1
1971,LA,August,TMAXA,32.6
1971,LA,August,TMINA,17.6
1971,LA,August,SRADA,18.5
1971,LA,August,PRCP,1207.2
1972,LA,August,TMAXA,32.5
1972,LA,August,TMINA,19.6
1972,LA,August,SRADA,18.1
1972,LA,August,PRCP,1645.7
1973,EN,August,TMAXA,33
1973,EN,August,TMINA,20.7
1973,EN,August,SRADA,18.5
1973,EN,August,PRCP,1476
1974,LA,August,TMAXA,31.5
1974,LA,August,TMINA,20.5
1974,LA,August,SRADA,17.6
1974,LA,August,PRCP,1917.5
1975,LA,August,TMAXA,31.9
1975,LA,August,TMINA,20.2
1975,LA,August,SRADA,17.9
1975,LA,August,PRCP,1538
1976,LA,August,TMAXA,32.2
1976,LA,August,TMINA,20
1976,LA,August,SRADA,17.5
1976,LA,August,PRCP,1789.8
1977,EN,August,TMAXA,32.1
1977,EN,August,TMINA,20.1
1977,EN,August,SRADA,17.6
1977,EN,August,PRCP,1691.6
1978,NE,August,TMAXA,32.1
1978,NE,August,TMINA,20.6
1978,NE,August,SRADA,17.2
1978,NE,August,PRCP,1634
1979,NE,August,TMAXA,32.1
1979,NE,August,TMINA,20.3
1979,NE,August,SRADA,16.1
1979,NE,August,PRCP,1817.1
1980,NE,August,TMAXA,32.3
1980,NE,August,TMINA,20.7
1980,NE,August,SRADA,16.3
1980,NE,August,PRCP,1569.7
1981,NE,August,TMAXA,32.1
1981,NE,August,TMINA,19.9
1981,NE,August,SRADA,15.8
1981,NE,August,PRCP,1543.9
1982,NE,August,TMAXA,32.3
1982,NE,August,TMINA,20.8
1982,NE,August,SRADA,15.2
1982,NE,August,PRCP,1733
1983,EN,August,TMAXA,32.3
1983,EN,August,TMINA,21
1983,EN,August,SRADA,15.5
1983,EN,August,PRCP,1800.4
1984,NE,August,TMAXA,32.3
1984,NE,August,TMINA,20.4
1984,NE,August,SRADA,15.4
1984,NE,August,PRCP,1636.7
1985,LA,August,TMAXA,32
1985,LA,August,TMINA,20.4
1985,LA,August,SRADA,15.7
1985,LA,August,PRCP,1945.7
1986,NE,August,TMAXA,32.9
1986,NE,August,TMINA,21.1
1986,NE,August,SRADA,17.2
1986,NE,August,PRCP,1443.6
1987,EN,August,TMAXA,32.4
1987,EN,August,TMINA,21
1987,EN,August,SRADA,17.4
1987,EN,August,PRCP,1403.8
1988,EN,August,TMAXA,32.1
1988,EN,August,TMINA,20.8
1988,EN,August,SRADA,16.7
1988,EN,August,PRCP,1722.4
1989,LA,August,TMAXA,32.4
1989,LA,August,TMINA,20.8
1989,LA,August,SRADA,16.5
1989,LA,August,PRCP,1785.5
1990,NE,August,TMAXA,32.1
1990,NE,August,TMINA,20.7
1990,NE,August,SRADA,16.5
1990,NE,August,PRCP,1443
1991,NE,August,TMAXA,32.2
1991,NE,August,TMINA,20.6
1991,NE,August,SRADA,16
1991,NE,August,PRCP,2062.2
1992,EN,August,TMAXA,31.9
1992,EN,August,TMINA,19.7
1992,EN,August,SRADA,15.9
1992,EN,August,PRCP,1510.9
1993,NE,August,TMAXA,32
1993,NE,August,TMINA,20.1
1993,NE,August,SRADA,16.1
1993,NE,August,PRCP,1420.3
1994,NE,August,TMAXA,32.4
1994,NE,August,TMINA,21.1
1994,NE,August,SRADA,16.4
1994,NE,August,PRCP,1464.6
1995,EN,August,TMAXA,32.2
1995,EN,August,TMINA,20.8
1995,EN,August,SRADA,15.8
1995,EN,August,PRCP,1605.5
1996,LA,August,TMAXA,32.2
1996,LA,August,TMINA,19.7
1996,LA,August,SRADA,17.1
1996,LA,August,PRCP,1752
1997,NE,August,TMAXA,31.6
1997,NE,August,TMINA,20.1
1997,NE,August,SRADA,17.1
1997,NE,August,PRCP,1731.4
1998,EN,August,TMAXA,33.7
1998,EN,August,TMINA,21
1998,EN,August,SRADA,18
1998,EN,August,PRCP,1683.6
1999,LA,August,TMAXA,32.6
1999,LA,August,TMINA,20.1
1999,LA,August,SRADA,17.3
1999,LA,August,PRCP,1598
2000,LA,August,TMAXA,32.8
2000,LA,August,TMINA,20.7
2000,LA,August,SRADA,17.2
2000,LA,August,PRCP,1371.8
2001,LA,August,TMAXA,32.9
2001,LA,August,TMINA,21.1
2001,LA,August,SRADA,17.7
2001,LA,August,PRCP,1281.2
2002,NE,August,TMAXA,33.1
2002,NE,August,TMINA,21
2002,NE,August,SRADA,17.7
2002,NE,August,PRCP,1602.8
2003,EN,August,TMAXA,33
2003,EN,August,TMINA,21.1
2003,EN,August,SRADA,17.5
2003,EN,August,PRCP,1408.6
2004,NE,August,TMAXA,31.8
2004,NE,August,TMINA,21
2004,NE,August,SRADA,17
2004,NE,August,PRCP,1377.6
2005,EN,August,TMAXA,32.7
2005,EN,August,TMINA,21.4
2005,EN,August,SRADA,17.4
2005,EN,August,PRCP,1209.7
2006,NE,August,TMAXA,32.4
2006,NE,August,TMINA,21.3
2006,NE,August,SRADA,17
2006,NE,August,PRCP,1642.7
2007,NE,August,TMAXA,32.5
2007,NE,August,TMINA,21.3
2007,NE,August,SRADA,17.2
2007,NE,August,PRCP,1598.9
2008,LA,August,TMAXA,32.4
2008,LA,August,TMINA,20.8
2008,LA,August,SRADA,16.7
2008,LA,August,PRCP,1685.3
2009,NE,August,TMAXA,32.8
2009,NE,August,TMINA,20.5
2009,NE,August,SRADA,17.4
2009,NE,August,PRCP,1348.2
2010,EN,August,TMAXA,32.8
2010,EN,August,TMINA,20.4
2010,EN,August,SRADA,17.1
2010,EN,August,PRCP,1408.7
2011,LA,August,TMAXA,33.1
2011,LA,August,TMINA,20.6
2011,LA,August,SRADA,16.8
2011,LA,August,PRCP,532.8
2012,LA,August,TMAXA,32.9
2012,LA,August,TMINA,20.9
2012,LA,August,SRADA,17.9
2012,LA,August,PRCP,1644
2013,NE,August,TMAXA,32.8
2013,NE,August,TMINA,21.2
2013,NE,August,SRADA,16.9
2013,NE,August,PRCP,1684.2
2014,NE,August,TMAXA,32.1
2014,NE,August,TMINA,21.1
2014,NE,August,SRADA,16.6
2014,NE,August,PRCP,1890.5
2015,EN,August,TMAXA,32.8
2015,EN,August,TMINA,21.6
2015,EN,August,SRADA,16.8
2015,EN,August,PRCP,1528.6
2016,EN,August,TMAXA,33.5
2016,EN,August,TMINA,21.4
2016,EN,August,SRADA,17.4
2016,EN,August,PRCP,1326
2017,NE,August,TMAXA,32.3
2017,NE,August,TMINA,21
2017,NE,August,SRADA,17
2017,NE,August,PRCP,1555.4
2018,LA,August,TMAXA,32.8
2018,LA,August,TMINA,21
2018,LA,August,SRADA,17.5
2018,LA,August,PRCP,1525.8
2019,EN,August,TMAXA,32.8
2019,EN,August,TMINA,21.1
2019,EN,August,SRADA,17.2
2019,EN,August,PRCP,1216.8
1963,NE,August,TMAXA,29
1963,NE,August,TMINA,15.2
1963,NE,August,SRADA,18.9
1963,NE,August,PRCP,1581.1
1964,EN,August,TMAXA,28.9
1964,EN,August,TMINA,16.9
1964,EN,August,SRADA,18.5
1964,EN,August,PRCP,1197.3
1965,LA,August,TMAXA,27.7
1965,LA,August,TMINA,16.7
1965,LA,August,SRADA,17.5
1965,LA,August,PRCP,1636.8
1966,EN,August,TMAXA,27.9
1966,EN,August,TMINA,16.7
1966,EN,August,SRADA,18.2
1966,EN,August,PRCP,1545.2
1967,NE,August,TMAXA,27.8
1967,NE,August,TMINA,17
1967,NE,August,SRADA,18.6
1967,NE,August,PRCP,1211.6
1968,NE,August,TMAXA,27.6
1968,NE,August,TMINA,16.6
1968,NE,August,SRADA,18.3
1968,NE,August,PRCP,1234.1
1969,EN,August,TMAXA,28.6
1969,EN,August,TMINA,17.2
1969,EN,August,SRADA,19
1969,EN,August,PRCP,1157.2
1970,EN,August,TMAXA,28.6
1970,EN,August,TMINA,17.3
1970,EN,August,SRADA,18.3
1970,EN,August,PRCP,1539.2
1971,LA,August,TMAXA,29.2
1971,LA,August,TMINA,17.4
1971,LA,August,SRADA,18.8
1971,LA,August,PRCP,1090.5
1972,LA,August,TMAXA,28.4
1972,LA,August,TMINA,17.1
1972,LA,August,SRADA,17.9
1972,LA,August,PRCP,1556.7
1973,EN,August,TMAXA,28.1
1973,EN,August,TMINA,18.7
1973,EN,August,SRADA,18.6
1973,EN,August,PRCP,1371.8
1974,LA,August,TMAXA,26.5
1974,LA,August,TMINA,18
1974,LA,August,SRADA,18.1
1974,LA,August,PRCP,1399.1
1975,LA,August,TMAXA,28.1
1975,LA,August,TMINA,17.1
1975,LA,August,SRADA,19.3
1975,LA,August,PRCP,962.3
1976,LA,August,TMAXA,28.7
1976,LA,August,TMINA,16.7
1976,LA,August,SRADA,19
1976,LA,August,PRCP,966.8
1977,EN,August,TMAXA,27.9
1977,EN,August,TMINA,17.2
1977,EN,August,SRADA,17.6
1977,EN,August,PRCP,1422.5
1978,NE,August,TMAXA,27.7
1978,NE,August,TMINA,17.1
1978,NE,August,SRADA,17.3
1978,NE,August,PRCP,1335
1979,NE,August,TMAXA,28
1979,NE,August,TMINA,15.6
1979,NE,August,SRADA,17.2
1979,NE,August,PRCP,1634.5
1980,NE,August,TMAXA,28.1
1980,NE,August,TMINA,17
1980,NE,August,SRADA,16.8
1980,NE,August,PRCP,2002.3
1981,NE,August,TMAXA,28.2
1981,NE,August,TMINA,16.4
1981,NE,August,SRADA,17.5
1981,NE,August,PRCP,1356.1
1982,NE,August,TMAXA,27.9
1982,NE,August,TMINA,16.8
1982,NE,August,SRADA,17.3
1982,NE,August,PRCP,2035.5
1983,EN,August,TMAXA,28.6
1983,EN,August,TMINA,17.6
1983,EN,August,SRADA,17.4
1983,EN,August,PRCP,1506.7
1984,NE,August,TMAXA,28.9
1984,NE,August,TMINA,17.2
1984,NE,August,SRADA,17.6
1984,NE,August,PRCP,1406.5
1985,LA,August,TMAXA,27.9
1985,LA,August,TMINA,17.1
1985,LA,August,SRADA,17.4
1985,LA,August,PRCP,1352.9
1986,NE,August,TMAXA,28.5
1986,NE,August,TMINA,17.2
1986,NE,August,SRADA,18
1986,NE,August,PRCP,1632
1987,EN,August,TMAXA,29
1987,EN,August,TMINA,17.4
1987,EN,August,SRADA,18.2
1987,EN,August,PRCP,1314.1
1988,EN,August,TMAXA,29
1988,EN,August,TMINA,17.6
1988,EN,August,SRADA,18.1
1988,EN,August,PRCP,1635.9
1989,LA,August,TMAXA,29.1
1989,LA,August,TMINA,16.9
1989,LA,August,SRADA,18.3
1989,LA,August,PRCP,1287.9
1990,NE,August,TMAXA,28.9
1990,NE,August,TMINA,17.4
1990,NE,August,SRADA,17.7
1990,NE,August,PRCP,1617.9
1991,NE,August,TMAXA,28
1991,NE,August,TMINA,17.1
1991,NE,August,SRADA,17.7
1991,NE,August,PRCP,1373.2
1992,EN,August,TMAXA,27.9
1992,EN,August,TMINA,17.2
1992,EN,August,SRADA,17.2
1992,EN,August,PRCP,1701.1
1993,NE,August,TMAXA,28.4
1993,NE,August,TMINA,17.3
1993,NE,August,SRADA,17.8
1993,NE,August,PRCP,1295.3
1994,NE,August,TMAXA,28.3
1994,NE,August,TMINA,17.4
1994,NE,August,SRADA,17.7
1994,NE,August,PRCP,1638.8
1995,EN,August,TMAXA,29.3
1995,EN,August,TMINA,17.6
1995,EN,August,SRADA,18.5
1995,EN,August,PRCP,1377.7
1996,LA,August,TMAXA,29.2
1996,LA,August,TMINA,17.1
1996,LA,August,SRADA,19
1996,LA,August,PRCP,1175.5
1997,NE,August,TMAXA,28.1
1997,NE,August,TMINA,17.3
1997,NE,August,SRADA,17.8
1997,NE,August,PRCP,1541.1
1998,EN,August,TMAXA,30.2
1998,EN,August,TMINA,18.1
1998,EN,August,SRADA,19
1998,EN,August,PRCP,1232.7
1999,LA,August,TMAXA,29.6
1999,LA,August,TMINA,17.5
1999,LA,August,SRADA,18.9
1999,LA,August,PRCP,1127.3
2000,LA,August,TMAXA,28.8
2000,LA,August,TMINA,17.2
2000,LA,August,SRADA,18.4
2000,LA,August,PRCP,1589.9
2001,LA,August,TMAXA,29.2
2001,LA,August,TMINA,17.5
2001,LA,August,SRADA,18.9
2001,LA,August,PRCP,1130.2
2002,NE,August,TMAXA,28.7
2002,NE,August,TMINA,17.7
2002,NE,August,SRADA,18.1
2002,NE,August,PRCP,1230
2003,EN,August,TMAXA,29.3
2003,EN,August,TMINA,17.8
2003,EN,August,SRADA,18.7
2003,EN,August,PRCP,1263.2
2004,NE,August,TMAXA,28.5
2004,NE,August,TMINA,17.5
2004,NE,August,SRADA,17.4
2004,NE,August,PRCP,1829.5
2005,EN,August,TMAXA,29.3
2005,EN,August,TMINA,17.8
2005,EN,August,SRADA,18.7
2005,EN,August,PRCP,1203.7
2006,NE,August,TMAXA,29.1
2006,NE,August,TMINA,17.7
2006,NE,August,SRADA,18.2
2006,NE,August,PRCP,1352.7
2007,NE,August,TMAXA,29
2007,NE,August,TMINA,17.5
2007,NE,August,SRADA,18.4
2007,NE,August,PRCP,1647.4
2008,LA,August,TMAXA,29.3
2008,LA,August,TMINA,17.1
2008,LA,August,SRADA,19.2
2008,LA,August,PRCP,1140.7
2009,NE,August,TMAXA,29.3
2009,NE,August,TMINA,17.4
2009,NE,August,SRADA,18.6
2009,NE,August,PRCP,1399.6
2010,EN,August,TMAXA,29.4
2010,EN,August,TMINA,17.4
2010,EN,August,SRADA,18.8
2010,EN,August,PRCP,1414.7
2011,LA,August,TMAXA,29.4
2011,LA,August,TMINA,17.1
2011,LA,August,SRADA,19
2011,LA,August,PRCP,1298.9
2012,LA,August,TMAXA,28.9
2012,LA,August,TMINA,17.4
2012,LA,August,SRADA,18.5
2012,LA,August,PRCP,1281.4
2013,NE,August,TMAXA,29.5
2013,NE,August,TMINA,17.8
2013,NE,August,SRADA,19.1
2013,NE,August,PRCP,1374.6
2014,NE,August,TMAXA,29.1
2014,NE,August,TMINA,17.6
2014,NE,August,SRADA,19
2014,NE,August,PRCP,1402.5
2015,EN,August,TMAXA,29.5
2015,EN,August,TMINA,17.7
2015,EN,August,SRADA,19
2015,EN,August,PRCP,1208.7
2016,EN,August,TMAXA,31.3
2016,EN,August,TMINA,18.1
2016,EN,August,SRADA,19.8
2016,EN,August,PRCP,934.7
2017,NE,August,TMAXA,29.8
2017,NE,August,TMINA,17.8
2017,NE,August,SRADA,19.2
2017,NE,August,PRCP,1127.5
2018,LA,August,TMAXA,29.3
2018,LA,August,TMINA,17.5
2018,LA,August,SRADA,18.9
2018,LA,August,PRCP,1292.7
2019,EN,August,TMAXA,29.5
2019,EN,August,TMINA,17.7
2019,EN,August,SRADA,19.3
2019,EN,August,PRCP,1214.2
1963,NE,August,TMAXA,32.2
1963,NE,August,TMINA,17.9
1963,NE,August,SRADA,18.9
1963,NE,August,PRCP,1435
1964,EN,August,TMAXA,32.6
1964,EN,August,TMINA,18.3
1964,EN,August,SRADA,19
1964,EN,August,PRCP,1276.4
1965,LA,August,TMAXA,31.8
1965,LA,August,TMINA,18.5
1965,LA,August,SRADA,18.3
1965,LA,August,PRCP,1721.5
1966,EN,August,TMAXA,32
1966,EN,August,TMINA,18.5
1966,EN,August,SRADA,18.8
1966,EN,August,PRCP,1871.8
1967,NE,August,TMAXA,32.3
1967,NE,August,TMINA,19.1
1967,NE,August,SRADA,19.2
1967,NE,August,PRCP,1504.4
1968,NE,August,TMAXA,31.9
1968,NE,August,TMINA,18.8
1968,NE,August,SRADA,19.1
1968,NE,August,PRCP,1474
1969,EN,August,TMAXA,32.1
1969,EN,August,TMINA,20
1969,EN,August,SRADA,19.4
1969,EN,August,PRCP,1401.1
1970,EN,August,TMAXA,32.2
1970,EN,August,TMINA,19.5
1970,EN,August,SRADA,19.1
1970,EN,August,PRCP,1490
1971,LA,August,TMAXA,31.7
1971,LA,August,TMINA,19.4
1971,LA,August,SRADA,19.2
1971,LA,August,PRCP,1019.8
1972,LA,August,TMAXA,31.1
1972,LA,August,TMINA,19
1972,LA,August,SRADA,18.3
1972,LA,August,PRCP,1323.6
1973,EN,August,TMAXA,29.8
1973,EN,August,TMINA,20.7
1973,EN,August,SRADA,18.7
1973,EN,August,PRCP,1576
1974,LA,August,TMAXA,30.1
1974,LA,August,TMINA,19.7
1974,LA,August,SRADA,17.7
1974,LA,August,PRCP,2091.7
1975,LA,August,TMAXA,31.3
1975,LA,August,TMINA,18.9
1975,LA,August,SRADA,18.9
1975,LA,August,PRCP,1300.8
1976,LA,August,TMAXA,31.6
1976,LA,August,TMINA,18.9
1976,LA,August,SRADA,18.3
1976,LA,August,PRCP,1241.3
1977,EN,August,TMAXA,31.2
1977,EN,August,TMINA,19.1
1977,EN,August,SRADA,17.6
1977,EN,August,PRCP,2004.5
1978,NE,August,TMAXA,29.4
1978,NE,August,TMINA,20.1
1978,NE,August,SRADA,17.1
1978,NE,August,PRCP,1408.7
1979,NE,August,TMAXA,30.7
1979,NE,August,TMINA,19
1979,NE,August,SRADA,16.7
1979,NE,August,PRCP,1590.6
1980,NE,August,TMAXA,31.6
1980,NE,August,TMINA,19.9
1980,NE,August,SRADA,16.7
1980,NE,August,PRCP,1784.8
1981,NE,August,TMAXA,31.8
1981,NE,August,TMINA,19.8
1981,NE,August,SRADA,16.8
1981,NE,August,PRCP,1664.4
1982,NE,August,TMAXA,31.7
1982,NE,August,TMINA,19.8
1982,NE,August,SRADA,16.4
1982,NE,August,PRCP,2073.9
1983,EN,August,TMAXA,32
1983,EN,August,TMINA,20.1
1983,EN,August,SRADA,16.9
1983,EN,August,PRCP,2007.8
1984,NE,August,TMAXA,32.4
1984,NE,August,TMINA,20.1
1984,NE,August,SRADA,16.6
1984,NE,August,PRCP,1645.3
1985,LA,August,TMAXA,31.3
1985,LA,August,TMINA,19
1985,LA,August,SRADA,17.3
1985,LA,August,PRCP,1657.7
1986,NE,August,TMAXA,32
1986,NE,August,TMINA,19.8
1986,NE,August,SRADA,17.5
1986,NE,August,PRCP,1058
1987,EN,August,TMAXA,32.1
1987,EN,August,TMINA,19.8
1987,EN,August,SRADA,17.4
1987,EN,August,PRCP,1505.7
1988,EN,August,TMAXA,32.2
1988,EN,August,TMINA,20.1
1988,EN,August,SRADA,17.6
1988,EN,August,PRCP,1560.8
1989,LA,August,TMAXA,31.9
1989,LA,August,TMINA,19.3
1989,LA,August,SRADA,18.3
1989,LA,August,PRCP,1416.4
1990,NE,August,TMAXA,32.1
1990,NE,August,TMINA,19
1990,NE,August,SRADA,18.4
1990,NE,August,PRCP,1691.4
1991,NE,August,TMAXA,32
1991,NE,August,TMINA,19.5
1991,NE,August,SRADA,18.1
1991,NE,August,PRCP,1587.1
1992,EN,August,TMAXA,32.3
1992,EN,August,TMINA,20.1
1992,EN,August,SRADA,17.4
1992,EN,August,PRCP,1217.6
1993,NE,August,TMAXA,31.9
1993,NE,August,TMINA,19.5
1993,NE,August,SRADA,17.2
1993,NE,August,PRCP,1416.4
1994,NE,August,TMAXA,32.4
1994,NE,August,TMINA,19.7
1994,NE,August,SRADA,17.8
1994,NE,August,PRCP,1537
1995,EN,August,TMAXA,32.7
1995,EN,August,TMINA,20
1995,EN,August,SRADA,17.9
1995,EN,August,PRCP,1508.9
1996,LA,August,TMAXA,33
1996,LA,August,TMINA,20.2
1996,LA,August,SRADA,18.3
1996,LA,August,PRCP,1253.1
1997,NE,August,TMAXA,31.9
1997,NE,August,TMINA,20.1
1997,NE,August,SRADA,17
1997,NE,August,PRCP,1879.6
1998,EN,August,TMAXA,34.3
1998,EN,August,TMINA,20.9
1998,EN,August,SRADA,18.2
1998,EN,August,PRCP,1594.1
1999,LA,August,TMAXA,33.4
1999,LA,August,TMINA,20.2
1999,LA,August,SRADA,18
1999,LA,August,PRCP,1147.5
2000,LA,August,TMAXA,33
2000,LA,August,TMINA,20.2
2000,LA,August,SRADA,18.4
2000,LA,August,PRCP,1233.1
2001,LA,August,TMAXA,32.8
2001,LA,August,TMINA,19.6
2001,LA,August,SRADA,18.3
2001,LA,August,PRCP,1234.4
2002,NE,August,TMAXA,32.7
2002,NE,August,TMINA,19.8
2002,NE,August,SRADA,18.2
2002,NE,August,PRCP,1799.1
2003,EN,August,TMAXA,32.8
2003,EN,August,TMINA,19.9
2003,EN,August,SRADA,18.2
2003,EN,August,PRCP,1445.8
2004,NE,August,TMAXA,32.4
2004,NE,August,TMINA,19.9
2004,NE,August,SRADA,18
2004,NE,August,PRCP,1591.3
2005,EN,August,TMAXA,33
2005,EN,August,TMINA,20.1
2005,EN,August,SRADA,18.6
2005,EN,August,PRCP,1209.4
2006,NE,August,TMAXA,32.8
2006,NE,August,TMINA,20.2
2006,NE,August,SRADA,18.2
2006,NE,August,PRCP,1324.8
2007,NE,August,TMAXA,32.8
2007,NE,August,TMINA,20.1
2007,NE,August,SRADA,18.3
2007,NE,August,PRCP,1673.6
2008,LA,August,TMAXA,32.9
2008,LA,August,TMINA,20.1
2008,LA,August,SRADA,18.7
2008,LA,August,PRCP,1520.3
2009,NE,August,TMAXA,33.2
2009,NE,August,TMINA,20.2
2009,NE,August,SRADA,19.2
2009,NE,August,PRCP,1434.5
2010,EN,August,TMAXA,33.2
2010,EN,August,TMINA,20.3
2010,EN,August,SRADA,18.7
2010,EN,August,PRCP,1636.3
2011,LA,August,TMAXA,33.3
2011,LA,August,TMINA,20
2011,LA,August,SRADA,18.8
2011,LA,August,PRCP,1600.6
2012,LA,August,TMAXA,32.9
2012,LA,August,TMINA,20.1
2012,LA,August,SRADA,19
2012,LA,August,PRCP,1299.1
2013,NE,August,TMAXA,33.1
2013,NE,August,TMINA,20.4
2013,NE,August,SRADA,18.5
2013,NE,August,PRCP,1572.2
2014,NE,August,TMAXA,33.2
2014,NE,August,TMINA,20
2014,NE,August,SRADA,19.1
2014,NE,August,PRCP,1454.5
2015,EN,August,TMAXA,33.2
2015,EN,August,TMINA,20.3
2015,EN,August,SRADA,18.6
2015,EN,August,PRCP,1479.4
2016,EN,August,TMAXA,34.7
2016,EN,August,TMINA,20.8
2016,EN,August,SRADA,19.3
2016,EN,August,PRCP,1195.6
2017,NE,August,TMAXA,33.4
2017,NE,August,TMINA,20.6
2017,NE,August,SRADA,18.8
2017,NE,August,PRCP,1231
2018,LA,August,TMAXA,33.4
2018,LA,August,TMINA,19.9
2018,LA,August,SRADA,18.9
2018,LA,August,PRCP,1402.9
2019,EN,August,TMAXA,33.3
2019,EN,August,TMINA,19.6
2019,EN,August,SRADA,18.9
2019,EN,August,PRCP,1859.3
1963,NE,August,TMAXA,29.9
1963,NE,August,TMINA,15.5
1963,NE,August,SRADA,19.2
1963,NE,August,PRCP,1394.2
1964,EN,August,TMAXA,29.7
1964,EN,August,TMINA,16.8
1964,EN,August,SRADA,18.7
1964,EN,August,PRCP,1111.8
1965,LA,August,TMAXA,28.5
1965,LA,August,TMINA,16.9
1965,LA,August,SRADA,17.6
1965,LA,August,PRCP,1466.7
1966,EN,August,TMAXA,28.7
1966,EN,August,TMINA,16.8
1966,EN,August,SRADA,18.3
1966,EN,August,PRCP,1493.2
1967,NE,August,TMAXA,28.7
1967,NE,August,TMINA,17.3
1967,NE,August,SRADA,18.8
1967,NE,August,PRCP,1193.5
1968,NE,August,TMAXA,28.4
1968,NE,August,TMINA,16.6
1968,NE,August,SRADA,18.4
1968,NE,August,PRCP,1235.5
1969,EN,August,TMAXA,29.4
1969,EN,August,TMINA,17.2
1969,EN,August,SRADA,19.1
1969,EN,August,PRCP,1142.7
1970,EN,August,TMAXA,29.6
1970,EN,August,TMINA,17.3
1970,EN,August,SRADA,18.5
1970,EN,August,PRCP,1578.8
1971,LA,August,TMAXA,30.3
1971,LA,August,TMINA,17.6
1971,LA,August,SRADA,19
1971,LA,August,PRCP,1031.7
1972,LA,August,TMAXA,29.3
1972,LA,August,TMINA,17.1
1972,LA,August,SRADA,17.9
1972,LA,August,PRCP,1410.5
1973,EN,August,TMAXA,29.1
1973,EN,August,TMINA,19
1973,EN,August,SRADA,18.8
1973,EN,August,PRCP,1265
1974,LA,August,TMAXA,27.2
1974,LA,August,TMINA,18.2
1974,LA,August,SRADA,18.1
1974,LA,August,PRCP,1595.5
1975,LA,August,TMAXA,28.7
1975,LA,August,TMINA,17.6
1975,LA,August,SRADA,19.4
1975,LA,August,PRCP,1012.8
1976,LA,August,TMAXA,29.5
1976,LA,August,TMINA,16.6
1976,LA,August,SRADA,19.1
1976,LA,August,PRCP,877.6
1977,EN,August,TMAXA,28.6
1977,EN,August,TMINA,17.6
1977,EN,August,SRADA,17.7
1977,EN,August,PRCP,1262.9
1978,NE,August,TMAXA,28
1978,NE,August,TMINA,17.5
1978,NE,August,SRADA,17.4
1978,NE,August,PRCP,1794.5
1979,NE,August,TMAXA,28.8
1979,NE,August,TMINA,15.2
1979,NE,August,SRADA,17.3
1979,NE,August,PRCP,1514.5
1980,NE,August,TMAXA,29.1
1980,NE,August,TMINA,17.1
1980,NE,August,SRADA,17
1980,NE,August,PRCP,1400.5
1981,NE,August,TMAXA,29.2
1981,NE,August,TMINA,16.1
1981,NE,August,SRADA,17.6
1981,NE,August,PRCP,1022.2
1982,NE,August,TMAXA,28.9
1982,NE,August,TMINA,16.6
1982,NE,August,SRADA,17.6
1982,NE,August,PRCP,1739.2
1983,EN,August,TMAXA,29.7
1983,EN,August,TMINA,17.2
1983,EN,August,SRADA,17.8
1983,EN,August,PRCP,1635.4
1984,NE,August,TMAXA,30.1
1984,NE,August,TMINA,16.7
1984,NE,August,SRADA,18
1984,NE,August,PRCP,1468.5
1985,LA,August,TMAXA,28.9
1985,LA,August,TMINA,17.4
1985,LA,August,SRADA,17.5
1985,LA,August,PRCP,1434.4
1986,NE,August,TMAXA,29.6
1986,NE,August,TMINA,17.1
1986,NE,August,SRADA,18.2
1986,NE,August,PRCP,1318.9
1987,EN,August,TMAXA,30.2
1987,EN,August,TMINA,17.2
1987,EN,August,SRADA,18.5
1987,EN,August,PRCP,1089.3
1988,EN,August,TMAXA,30.3
1988,EN,August,TMINA,17.6
1988,EN,August,SRADA,18.1
1988,EN,August,PRCP,1869.4
1989,LA,August,TMAXA,30.4
1989,LA,August,TMINA,17.1
1989,LA,August,SRADA,18.4
1989,LA,August,PRCP,987.7
1990,NE,August,TMAXA,30.3
1990,NE,August,TMINA,17.8
1990,NE,August,SRADA,17.9
1990,NE,August,PRCP,1760.8
1991,NE,August,TMAXA,29.7
1991,NE,August,TMINA,17.5
1991,NE,August,SRADA,17.8
1991,NE,August,PRCP,1682.3
1992,EN,August,TMAXA,29.1
1992,EN,August,TMINA,17.5
1992,EN,August,SRADA,17.4
1992,EN,August,PRCP,1876.4
1993,NE,August,TMAXA,29.7
1993,NE,August,TMINA,17.5
1993,NE,August,SRADA,18
1993,NE,August,PRCP,1292.9
1994,NE,August,TMAXA,30
1994,NE,August,TMINA,17.8
1994,NE,August,SRADA,18
1994,NE,August,PRCP,1456
1995,EN,August,TMAXA,30.5
1995,EN,August,TMINA,17.9
1995,EN,August,SRADA,18.7
1995,EN,August,PRCP,1132.5
1996,LA,August,TMAXA,30.5
1996,LA,August,TMINA,17.4
1996,LA,August,SRADA,19.1
1996,LA,August,PRCP,1419.8
1997,NE,August,TMAXA,29.3
1997,NE,August,TMINA,17.6
1997,NE,August,SRADA,18
1997,NE,August,PRCP,1504.7
1998,EN,August,TMAXA,31.6
1998,EN,August,TMINA,18.4
1998,EN,August,SRADA,19.1
1998,EN,August,PRCP,879.5
1999,LA,August,TMAXA,30.8
1999,LA,August,TMINA,17.8
1999,LA,August,SRADA,19
1999,LA,August,PRCP,1082.7
2000,LA,August,TMAXA,30
2000,LA,August,TMINA,17.4
2000,LA,August,SRADA,18.5
2000,LA,August,PRCP,1412.1
2001,LA,August,TMAXA,30.7
2001,LA,August,TMINA,17.7
2001,LA,August,SRADA,19
2001,LA,August,PRCP,934.5
2002,NE,August,TMAXA,30.3
2002,NE,August,TMINA,17.7
2002,NE,August,SRADA,18.3
2002,NE,August,PRCP,1418.9
2003,EN,August,TMAXA,30.6
2003,EN,August,TMINA,17.8
2003,EN,August,SRADA,18.9
2003,EN,August,PRCP,1306
2004,NE,August,TMAXA,29.9
2004,NE,August,TMINA,17.7
2004,NE,August,SRADA,17.6
2004,NE,August,PRCP,1470.6
2005,EN,August,TMAXA,30.7
2005,EN,August,TMINA,18.2
2005,EN,August,SRADA,18.8
2005,EN,August,PRCP,1424
2006,NE,August,TMAXA,30.5
2006,NE,August,TMINA,18
2006,NE,August,SRADA,18.5
2006,NE,August,PRCP,1505.6
2007,NE,August,TMAXA,30.4
2007,NE,August,TMINA,17.7
2007,NE,August,SRADA,18.5
2007,NE,August,PRCP,1543.4
2008,LA,August,TMAXA,30.5
2008,LA,August,TMINA,17.7
2008,LA,August,SRADA,20.1
2008,LA,August,PRCP,1080.6
2009,NE,August,TMAXA,30.4
2009,NE,August,TMINA,18
2009,NE,August,SRADA,19.4
2009,NE,August,PRCP,1207.9
2010,EN,August,TMAXA,30.5
2010,EN,August,TMINA,17.9
2010,EN,August,SRADA,20
2010,EN,August,PRCP,1301.8
2011,LA,August,TMAXA,30.4
2011,LA,August,TMINA,17.7
2011,LA,August,SRADA,19.7
2011,LA,August,PRCP,1449.8
2012,LA,August,TMAXA,30.2
2012,LA,August,TMINA,17.9
2012,LA,August,SRADA,19.3
2012,LA,August,PRCP,1154.4
2013,NE,August,TMAXA,30.8
2013,NE,August,TMINA,18.2
2013,NE,August,SRADA,19.9
2013,NE,August,PRCP,1232
2014,NE,August,TMAXA,30.3
2014,NE,August,TMINA,17.9
2014,NE,August,SRADA,19.5
2014,NE,August,PRCP,1134.2
2015,EN,August,TMAXA,30.8
2015,EN,August,TMINA,18.3
2015,EN,August,SRADA,20
2015,EN,August,PRCP,1190.8
2016,EN,August,TMAXA,32.5
2016,EN,August,TMINA,18.9
2016,EN,August,SRADA,20.7
2016,EN,August,PRCP,1096.9
2017,NE,August,TMAXA,31.2
2017,NE,August,TMINA,18.8
2017,NE,August,SRADA,20.1
2017,NE,August,PRCP,1006.8
2018,LA,August,TMAXA,30.6
2018,LA,August,TMINA,17.7
2018,LA,August,SRADA,19.5
2018,LA,August,PRCP,1178.1
2019,EN,August,TMAXA,30.8
2019,EN,August,TMINA,16.9
2019,EN,August,SRADA,20
2019,EN,August,PRCP,1464.1
1963,NE,August,TMAXA,31.8
1963,NE,August,TMINA,17.5
1963,NE,August,SRADA,18.7
1963,NE,August,PRCP,1474.3
1964,EN,August,TMAXA,32.4
1964,EN,August,TMINA,17.9
1964,EN,August,SRADA,19
1964,EN,August,PRCP,1304.7
1965,LA,August,TMAXA,31.7
1965,LA,August,TMINA,18.1
1965,LA,August,SRADA,18.5
1965,LA,August,PRCP,1520.5
1966,EN,August,TMAXA,31.9
1966,EN,August,TMINA,18.3
1966,EN,August,SRADA,18.9
1966,EN,August,PRCP,1496.4
1967,NE,August,TMAXA,31.8
1967,NE,August,TMINA,18.6
1967,NE,August,SRADA,19
1967,NE,August,PRCP,1068.9
1968,NE,August,TMAXA,31.3
1968,NE,August,TMINA,18.1
1968,NE,August,SRADA,19.3
1968,NE,August,PRCP,1328.1
1969,EN,August,TMAXA,31.4
1969,EN,August,TMINA,18.8
1969,EN,August,SRADA,19.6
1969,EN,August,PRCP,1516.5
1970,EN,August,TMAXA,31.7
1970,EN,August,TMINA,18.7
1970,EN,August,SRADA,19.6
1970,EN,August,PRCP,1314.4
1971,LA,August,TMAXA,31.5
1971,LA,August,TMINA,18
1971,LA,August,SRADA,18.9
1971,LA,August,PRCP,1317.1
1972,LA,August,TMAXA,31.5
1972,LA,August,TMINA,18.5
1972,LA,August,SRADA,18.2
1972,LA,August,PRCP,1378.1
1973,EN,August,TMAXA,32.3
1973,EN,August,TMINA,19.4
1973,EN,August,SRADA,18.6
1973,EN,August,PRCP,1431.7
1974,LA,August,TMAXA,31.3
1974,LA,August,TMINA,19
1974,LA,August,SRADA,17.7
1974,LA,August,PRCP,1727.3
1975,LA,August,TMAXA,31.9
1975,LA,August,TMINA,18.4
1975,LA,August,SRADA,18.5
1975,LA,August,PRCP,1543.2
1976,LA,August,TMAXA,31.7
1976,LA,August,TMINA,18.5
1976,LA,August,SRADA,17.7
1976,LA,August,PRCP,1502.6
1977,EN,August,TMAXA,31
1977,EN,August,TMINA,18.4
1977,EN,August,SRADA,17.9
1977,EN,August,PRCP,1504.6
1978,NE,August,TMAXA,30.9
1978,NE,August,TMINA,18.7
1978,NE,August,SRADA,17.4
1978,NE,August,PRCP,1579.9
1979,NE,August,TMAXA,30.5
1979,NE,August,TMINA,13.4
1979,NE,August,SRADA,16.9
1979,NE,August,PRCP,1923.5
1980,NE,August,TMAXA,30.9
1980,NE,August,TMINA,17.2
1980,NE,August,SRADA,17.1
1980,NE,August,PRCP,1552.9
1981,NE,August,TMAXA,30.7
1981,NE,August,TMINA,16.5
1981,NE,August,SRADA,17.4
1981,NE,August,PRCP,1620.8
1982,NE,August,TMAXA,30.8
1982,NE,August,TMINA,17.8
1982,NE,August,SRADA,16.7
1982,NE,August,PRCP,1567.1
1983,EN,August,TMAXA,31
1983,EN,August,TMINA,18.1
1983,EN,August,SRADA,17.3
1983,EN,August,PRCP,1507
1984,NE,August,TMAXA,30.9
1984,NE,August,TMINA,17.6
1984,NE,August,SRADA,17.4
1984,NE,August,PRCP,1520.8
1985,LA,August,TMAXA,30.7
1985,LA,August,TMINA,17.5
1985,LA,August,SRADA,17.7
1985,LA,August,PRCP,1558.1
1986,NE,August,TMAXA,31.3
1986,NE,August,TMINA,17.9
1986,NE,August,SRADA,18.2
1986,NE,August,PRCP,1568.3
1987,EN,August,TMAXA,30.8
1987,EN,August,TMINA,17.8
1987,EN,August,SRADA,18
1987,EN,August,PRCP,1963.7
1988,EN,August,TMAXA,30.8
1988,EN,August,TMINA,19.3
1988,EN,August,SRADA,17.7
1988,EN,August,PRCP,1829.2
1989,LA,August,TMAXA,30.9
1989,LA,August,TMINA,19.6
1989,LA,August,SRADA,18.2
1989,LA,August,PRCP,1682.9
1990,NE,August,TMAXA,31.3
1990,NE,August,TMINA,18.9
1990,NE,August,SRADA,18.5
1990,NE,August,PRCP,1667.6
1991,NE,August,TMAXA,31.2
1991,NE,August,TMINA,18.4
1991,NE,August,SRADA,17.8
1991,NE,August,PRCP,1757.1
1992,EN,August,TMAXA,31.4
1992,EN,August,TMINA,17.8
1992,EN,August,SRADA,17.4
1992,EN,August,PRCP,1387.7
1993,NE,August,TMAXA,31
1993,NE,August,TMINA,17.4
1993,NE,August,SRADA,17.4
1993,NE,August,PRCP,1674.1
1994,NE,August,TMAXA,31.6
1994,NE,August,TMINA,18.8
1994,NE,August,SRADA,18.1
1994,NE,August,PRCP,1364.5
1995,EN,August,TMAXA,32
1995,EN,August,TMINA,19
1995,EN,August,SRADA,17.6
1995,EN,August,PRCP,1761.8
1996,LA,August,TMAXA,31.8
1996,LA,August,TMINA,18.2
1996,LA,August,SRADA,18.4
1996,LA,August,PRCP,1491.6
1997,NE,August,TMAXA,31.3
1997,NE,August,TMINA,18.4
1997,NE,August,SRADA,17.4
1997,NE,August,PRCP,1656.3
1998,EN,August,TMAXA,32.7
1998,EN,August,TMINA,19.4
1998,EN,August,SRADA,18.4
1998,EN,August,PRCP,1597.6
1999,LA,August,TMAXA,32.1
1999,LA,August,TMINA,18.3
1999,LA,August,SRADA,18.1
1999,LA,August,PRCP,1333.2
2000,LA,August,TMAXA,31.8
2000,LA,August,TMINA,18.5
2000,LA,August,SRADA,18.1
2000,LA,August,PRCP,1336.2
2001,LA,August,TMAXA,31.5
2001,LA,August,TMINA,19
2001,LA,August,SRADA,18.3
2001,LA,August,PRCP,1323.6
2002,NE,August,TMAXA,31.8
2002,NE,August,TMINA,19.2
2002,NE,August,SRADA,17.7
2002,NE,August,PRCP,1783.5
2003,EN,August,TMAXA,32.1
2003,EN,August,TMINA,19.3
2003,EN,August,SRADA,17.4
2003,EN,August,PRCP,1679.1
2004,NE,August,TMAXA,31.7
2004,NE,August,TMINA,19
2004,NE,August,SRADA,17.2
2004,NE,August,PRCP,1367.2
2005,EN,August,TMAXA,32.3
2005,EN,August,TMINA,19
2005,EN,August,SRADA,18.2
2005,EN,August,PRCP,1149.7
2006,NE,August,TMAXA,32.1
2006,NE,August,TMINA,18.8
2006,NE,August,SRADA,17.4
2006,NE,August,PRCP,1370.6
2007,NE,August,TMAXA,32.1
2007,NE,August,TMINA,18.6
2007,NE,August,SRADA,17.6
2007,NE,August,PRCP,1364.6
2008,LA,August,TMAXA,32.1
2008,LA,August,TMINA,18.6
2008,LA,August,SRADA,17
2008,LA,August,PRCP,683.4
2009,NE,August,TMAXA,32.5
2009,NE,August,TMINA,18.7
2009,NE,August,SRADA,18.2
2009,NE,August,PRCP,993.8
2010,EN,August,TMAXA,32.2
2010,EN,August,TMINA,18.9
2010,EN,August,SRADA,17.3
2010,EN,August,PRCP,1393.5
2011,LA,August,TMAXA,32.6
2011,LA,August,TMINA,18.8
2011,LA,August,SRADA,17.8
2011,LA,August,PRCP,1337.1
2012,LA,August,TMAXA,32.2
2012,LA,August,TMINA,18.8
2012,LA,August,SRADA,18.6
2012,LA,August,PRCP,1341
2013,NE,August,TMAXA,32.5
2013,NE,August,TMINA,19.2
2013,NE,August,SRADA,17.1
2013,NE,August,PRCP,1180.4
2014,NE,August,TMAXA,32.1
2014,NE,August,TMINA,19.2
2014,NE,August,SRADA,16.5
2014,NE,August,PRCP,1284.2
2015,EN,August,TMAXA,32.7
2015,EN,August,TMINA,19.5
2015,EN,August,SRADA,16.3
2015,EN,August,PRCP,1416.2
2016,EN,August,TMAXA,33.4
2016,EN,August,TMINA,19.7
2016,EN,August,SRADA,17
2016,EN,August,PRCP,809.8
2017,NE,August,TMAXA,32.6
2017,NE,August,TMINA,20
2017,NE,August,SRADA,17.2
2017,NE,August,PRCP,1356.9
2018,LA,August,TMAXA,33
2018,LA,August,TMINA,20.3
2018,LA,August,SRADA,16.9
2018,LA,August,PRCP,1460.8
2019,EN,August,TMAXA,33.2
2019,EN,August,TMINA,20.2
2019,EN,August,SRADA,17.2
2019,EN,August,PRCP,1571
1963,NE,August,TMAXA,30.8
1963,NE,August,TMINA,16.8
1963,NE,August,SRADA,17.4
1963,NE,August,PRCP,606.3
1964,EN,August,TMAXA,30.6
1964,EN,August,TMINA,17.4
1964,EN,August,SRADA,16.7
1964,EN,August,PRCP,1015.1
1965,LA,August,TMAXA,30.1
1965,LA,August,TMINA,17.6
1965,LA,August,SRADA,16.4
1965,LA,August,PRCP,615.6
1966,EN,August,TMAXA,31.3
1966,EN,August,TMINA,17.9
1966,EN,August,SRADA,17.9
1966,EN,August,PRCP,675.1
1967,NE,August,TMAXA,32.2
1967,NE,August,TMINA,18.4
1967,NE,August,SRADA,18.1
1967,NE,August,PRCP,563.1
1968,NE,August,TMAXA,30.2
1968,NE,August,TMINA,17.1
1968,NE,August,SRADA,17
1968,NE,August,PRCP,1001.6
1969,EN,August,TMAXA,29.9
1969,EN,August,TMINA,17.9
1969,EN,August,SRADA,18
1969,EN,August,PRCP,846
1970,EN,August,TMAXA,30
1970,EN,August,TMINA,18.4
1970,EN,August,SRADA,17.6
1970,EN,August,PRCP,819.5
1971,LA,August,TMAXA,31.1
1971,LA,August,TMINA,18.8
1971,LA,August,SRADA,18.6
1971,LA,August,PRCP,764.5
1972,LA,August,TMAXA,30.4
1972,LA,August,TMINA,18.4
1972,LA,August,SRADA,17.9
1972,LA,August,PRCP,909.6
1973,EN,August,TMAXA,31.7
1973,EN,August,TMINA,19.2
1973,EN,August,SRADA,18.6
1973,EN,August,PRCP,736.5
1974,LA,August,TMAXA,30.4
1974,LA,August,TMINA,18.8
1974,LA,August,SRADA,17.6
1974,LA,August,PRCP,811.2
1975,LA,August,TMAXA,30.3
1975,LA,August,TMINA,18.5
1975,LA,August,SRADA,17.9
1975,LA,August,PRCP,794.8
1976,LA,August,TMAXA,31.4
1976,LA,August,TMINA,19.4
1976,LA,August,SRADA,18.6
1976,LA,August,PRCP,514.4
1977,EN,August,TMAXA,30.1
1977,EN,August,TMINA,19
1977,EN,August,SRADA,17.1
1977,EN,August,PRCP,922.1
1978,NE,August,TMAXA,29.5
1978,NE,August,TMINA,18.9
1978,NE,August,SRADA,16.3
1978,NE,August,PRCP,945.7
1979,NE,August,TMAXA,29.1
1979,NE,August,TMINA,17.7
1979,NE,August,SRADA,15.8
1979,NE,August,PRCP,1322.7
1980,NE,August,TMAXA,29.5
1980,NE,August,TMINA,18.4
1980,NE,August,SRADA,16.2
1980,NE,August,PRCP,889.6
1981,NE,August,TMAXA,29.4
1981,NE,August,TMINA,17.7
1981,NE,August,SRADA,16.1
1981,NE,August,PRCP,908.5
1982,NE,August,TMAXA,29.2
1982,NE,August,TMINA,17.6
1982,NE,August,SRADA,15.8
1982,NE,August,PRCP,775.3
1983,EN,August,TMAXA,30
1983,EN,August,TMINA,19.1
1983,EN,August,SRADA,16.4
1983,EN,August,PRCP,953.9
1984,NE,August,TMAXA,31.5
1984,NE,August,TMINA,18.8
1984,NE,August,SRADA,17.1
1984,NE,August,PRCP,800.7
1985,LA,August,TMAXA,30.6
1985,LA,August,TMINA,18.3
1985,LA,August,SRADA,16.6
1985,LA,August,PRCP,999.3
1986,NE,August,TMAXA,30.2
1986,NE,August,TMINA,18
1986,NE,August,SRADA,17.4
1986,NE,August,PRCP,800.4
1987,EN,August,TMAXA,31.1
1987,EN,August,TMINA,18.2
1987,EN,August,SRADA,17.6
1987,EN,August,PRCP,783
1988,EN,August,TMAXA,31.8
1988,EN,August,TMINA,19.5
1988,EN,August,SRADA,17.9
1988,EN,August,PRCP,770.2
1989,LA,August,TMAXA,31.7
1989,LA,August,TMINA,19.3
1989,LA,August,SRADA,18.4
1989,LA,August,PRCP,490
1990,NE,August,TMAXA,30.9
1990,NE,August,TMINA,18.8
1990,NE,August,SRADA,17.6
1990,NE,August,PRCP,948.5
1991,NE,August,TMAXA,30.7
1991,NE,August,TMINA,19
1991,NE,August,SRADA,17
1991,NE,August,PRCP,811.6
1992,EN,August,TMAXA,30.1
1992,EN,August,TMINA,18.9
1992,EN,August,SRADA,15.9
1992,EN,August,PRCP,907.8
1993,NE,August,TMAXA,30.6
1993,NE,August,TMINA,18.4
1993,NE,August,SRADA,16.7
1993,NE,August,PRCP,964.8
1994,NE,August,TMAXA,31.9
1994,NE,August,TMINA,19.5
1994,NE,August,SRADA,17.7
1994,NE,August,PRCP,629.7
1995,EN,August,TMAXA,32.2
1995,EN,August,TMINA,19.5
1995,EN,August,SRADA,18
1995,EN,August,PRCP,500.6
1996,LA,August,TMAXA,32
1996,LA,August,TMINA,19.4
1996,LA,August,SRADA,18
1996,LA,August,PRCP,699.8
1997,NE,August,TMAXA,30.6
1997,NE,August,TMINA,18.9
1997,NE,August,SRADA,17.1
1997,NE,August,PRCP,815.9
1998,EN,August,TMAXA,33.5
1998,EN,August,TMINA,20.6
1998,EN,August,SRADA,18.6
1998,EN,August,PRCP,461.5
1999,LA,August,TMAXA,32
1999,LA,August,TMINA,19.7
1999,LA,August,SRADA,18.3
1999,LA,August,PRCP,788.8
2000,LA,August,TMAXA,30.7
2000,LA,August,TMINA,18.9
2000,LA,August,SRADA,17.3
2000,LA,August,PRCP,856.3
2001,LA,August,TMAXA,31.6
2001,LA,August,TMINA,19.5
2001,LA,August,SRADA,18.4
2001,LA,August,PRCP,887.6
2002,NE,August,TMAXA,31.1
2002,NE,August,TMINA,19.6
2002,NE,August,SRADA,17.5
2002,NE,August,PRCP,904.4
2003,EN,August,TMAXA,31.9
2003,EN,August,TMINA,19.6
2003,EN,August,SRADA,18
2003,EN,August,PRCP,591.7
2004,NE,August,TMAXA,30.4
2004,NE,August,TMINA,19.5
2004,NE,August,SRADA,16.7
2004,NE,August,PRCP,794.1
2005,EN,August,TMAXA,31.6
2005,EN,August,TMINA,19.4
2005,EN,August,SRADA,17.8
2005,EN,August,PRCP,698.7
2006,NE,August,TMAXA,31.5
2006,NE,August,TMINA,19.3
2006,NE,August,SRADA,17.8
2006,NE,August,PRCP,613.2
2007,NE,August,TMAXA,30.8
2007,NE,August,TMINA,18.9
2007,NE,August,SRADA,17.2
2007,NE,August,PRCP,1062
2008,LA,August,TMAXA,32.3
2008,LA,August,TMINA,19
2008,LA,August,SRADA,18.7
2008,LA,August,PRCP,508.9
2009,NE,August,TMAXA,31.8
2009,NE,August,TMINA,19.5
2009,NE,August,SRADA,18
2009,NE,August,PRCP,794.5
2010,EN,August,TMAXA,32.2
2010,EN,August,TMINA,19.7
2010,EN,August,SRADA,18.7
2010,EN,August,PRCP,865.7
2011,LA,August,TMAXA,31.9
2011,LA,August,TMINA,19.2
2011,LA,August,SRADA,18.2
2011,LA,August,PRCP,702.5
2012,LA,August,TMAXA,31.9
2012,LA,August,TMINA,19
2012,LA,August,SRADA,18
2012,LA,August,PRCP,560.6
2013,NE,August,TMAXA,32.6
2013,NE,August,TMINA,19.8
2013,NE,August,SRADA,18.8
2013,NE,August,PRCP,642
2014,NE,August,TMAXA,32.3
2014,NE,August,TMINA,19.3
2014,NE,August,SRADA,18.2
2014,NE,August,PRCP,557.4
2015,EN,August,TMAXA,32.3
2015,EN,August,TMINA,19.3
2015,EN,August,SRADA,18.4
2015,EN,August,PRCP,659.7
2016,EN,August,TMAXA,33.8
2016,EN,August,TMINA,19.8
2016,EN,August,SRADA,19.8
2016,EN,August,PRCP,592.2
2017,NE,August,TMAXA,32.2
2017,NE,August,TMINA,19.4
2017,NE,August,SRADA,18.5
2017,NE,August,PRCP,569.2
2018,LA,August,TMAXA,32
2018,LA,August,TMINA,19.2
2018,LA,August,SRADA,18.9
2018,LA,August,PRCP,730.2
2019,EN,August,TMAXA,33.1
2019,EN,August,TMINA,20.1
2019,EN,August,SRADA,19.3
2019,EN,August,PRCP,547.4
1963,NE,September,TMAXA,32
1963,NE,September,TMINA,17.5
1963,NE,September,SRADA,18.3
1963,NE,September,PRCP,1824.5
1964,EN,September,TMAXA,32.6
1964,EN,September,TMINA,18
1964,EN,September,SRADA,18.8
1964,EN,September,PRCP,1382.7
1965,LA,September,TMAXA,32
1965,LA,September,TMINA,17.9
1965,LA,September,SRADA,18.2
1965,LA,September,PRCP,1913.4
1966,EN,September,TMAXA,32.6
1966,EN,September,TMINA,18
1966,EN,September,SRADA,18.7
1966,EN,September,PRCP,1919
1967,NE,September,TMAXA,32.2
1967,NE,September,TMINA,19.2
1967,NE,September,SRADA,19.3
1967,NE,September,PRCP,1354.8
1968,NE,September,TMAXA,31.4
1968,NE,September,TMINA,18.5
1968,NE,September,SRADA,19
1968,NE,September,PRCP,1687.8
1969,EN,September,TMAXA,32
1969,EN,September,TMINA,19.5
1969,EN,September,SRADA,19.5
1969,EN,September,PRCP,1450.2
1970,NE,September,TMAXA,31.9
1970,NE,September,TMINA,19.4
1970,NE,September,SRADA,18.8
1970,NE,September,PRCP,1697.3
1971,LA,September,TMAXA,31.7
1971,LA,September,TMINA,18.3
1971,LA,September,SRADA,18.4
1971,LA,September,PRCP,1649.4
1972,LA,September,TMAXA,31.6
1972,LA,September,TMINA,18.9
1972,LA,September,SRADA,18.3
1972,LA,September,PRCP,1675.5
1973,EN,September,TMAXA,32
1973,EN,September,TMINA,18.7
1973,EN,September,SRADA,18.2
1973,EN,September,PRCP,2146.2
1974,LA,September,TMAXA,29.4
1974,LA,September,TMINA,19.8
1974,LA,September,SRADA,17.8
1974,LA,September,PRCP,1828.4
1975,LA,September,TMAXA,31.1
1975,LA,September,TMINA,19.5
1975,LA,September,SRADA,17.7
1975,LA,September,PRCP,1703.9
1976,LA,September,TMAXA,31.4
1976,LA,September,TMINA,15.9
1976,LA,September,SRADA,17.4
1976,LA,September,PRCP,2226.8
1977,EN,September,TMAXA,31.3
1977,EN,September,TMINA,15.2
1977,EN,September,SRADA,17.2
1977,EN,September,PRCP,1661.6
1978,NE,September,TMAXA,31
1978,NE,September,TMINA,18.9
1978,NE,September,SRADA,17.1
1978,NE,September,PRCP,2232.6
1979,NE,September,TMAXA,31.1
1979,NE,September,TMINA,18.5
1979,NE,September,SRADA,16.2
1979,NE,September,PRCP,2060.8
1980,NE,September,TMAXA,31.9
1980,NE,September,TMINA,18.9
1980,NE,September,SRADA,16.1
1980,NE,September,PRCP,2037.8
1981,NE,September,TMAXA,31.3
1981,NE,September,TMINA,18.2
1981,NE,September,SRADA,15.5
1981,NE,September,PRCP,1770.7
1982,NE,September,TMAXA,31.4
1982,NE,September,TMINA,20.4
1982,NE,September,SRADA,16
1982,NE,September,PRCP,1950.9
1983,EN,September,TMAXA,31.9
1983,EN,September,TMINA,18.8
1983,EN,September,SRADA,16.7
1983,EN,September,PRCP,1667.2
1984,NE,September,TMAXA,31.7
1984,NE,September,TMINA,18.4
1984,NE,September,SRADA,16.8
1984,NE,September,PRCP,1817
1985,LA,September,TMAXA,31.6
1985,LA,September,TMINA,18.8
1985,LA,September,SRADA,16.7
1985,LA,September,PRCP,1627.3
1986,NE,September,TMAXA,31.8
1986,NE,September,TMINA,19.4
1986,NE,September,SRADA,17.3
1986,NE,September,PRCP,1517.2
1987,EN,September,TMAXA,32.6
1987,EN,September,TMINA,19.7
1987,EN,September,SRADA,17.4
1987,EN,September,PRCP,1583.2
1988,EN,September,TMAXA,32.5
1988,EN,September,TMINA,19.7
1988,EN,September,SRADA,17.3
1988,EN,September,PRCP,1816.8
1989,LA,September,TMAXA,31.3
1989,LA,September,TMINA,19.6
1989,LA,September,SRADA,16.6
1989,LA,September,PRCP,1817.5
1990,NE,September,TMAXA,31.2
1990,NE,September,TMINA,19.6
1990,NE,September,SRADA,16.4
1990,NE,September,PRCP,1759.2
1991,NE,September,TMAXA,31.5
1991,NE,September,TMINA,19.2
1991,NE,September,SRADA,16.4
1991,NE,September,PRCP,2051.5
1992,EN,September,TMAXA,30
1992,EN,September,TMINA,18.4
1992,EN,September,SRADA,16
1992,EN,September,PRCP,2087.9
1993,NE,September,TMAXA,31.2
1993,NE,September,TMINA,19.2
1993,NE,September,SRADA,16.4
1993,NE,September,PRCP,1800
1994,NE,September,TMAXA,31.5
1994,NE,September,TMINA,19.9
1994,NE,September,SRADA,16.7
1994,NE,September,PRCP,2482.5
1995,EN,September,TMAXA,31.5
1995,EN,September,TMINA,19.6
1995,EN,September,SRADA,16
1995,EN,September,PRCP,2187.8
1996,LA,September,TMAXA,32
1996,LA,September,TMINA,19.5
1996,LA,September,SRADA,17.6
1996,LA,September,PRCP,1677.9
1997,NE,September,TMAXA,31.4
1997,NE,September,TMINA,19.7
1997,NE,September,SRADA,17.3
1997,NE,September,PRCP,1621.7
1998,EN,September,TMAXA,33.4
1998,EN,September,TMINA,20.2
1998,EN,September,SRADA,17.9
1998,EN,September,PRCP,1387.6
1999,LA,September,TMAXA,32.6
1999,LA,September,TMINA,19.4
1999,LA,September,SRADA,17.3
1999,LA,September,PRCP,1561.7
2000,LA,September,TMAXA,32.7
2000,LA,September,TMINA,19.7
2000,LA,September,SRADA,17.7
2000,LA,September,PRCP,1734.5
2001,NE,September,TMAXA,32.4
2001,NE,September,TMINA,19.7
2001,NE,September,SRADA,17.9
2001,NE,September,PRCP,1438.8
2002,NE,September,TMAXA,33
2002,NE,September,TMINA,20
2002,NE,September,SRADA,17.7
2002,NE,September,PRCP,1723.2
2003,EN,September,TMAXA,32.4
2003,EN,September,TMINA,20.2
2003,EN,September,SRADA,17.9
2003,EN,September,PRCP,1892.8
2004,NE,September,TMAXA,32
2004,NE,September,TMINA,20.2
2004,NE,September,SRADA,17.1
2004,NE,September,PRCP,2526
2005,NE,September,TMAXA,32.6
2005,NE,September,TMINA,20.4
2005,NE,September,SRADA,17.5
2005,NE,September,PRCP,1513.6
2006,NE,September,TMAXA,32.6
2006,NE,September,TMINA,20.3
2006,NE,September,SRADA,17.6
2006,NE,September,PRCP,1911.1
2007,EN,September,TMAXA,32.8
2007,EN,September,TMINA,20
2007,EN,September,SRADA,18.1
2007,EN,September,PRCP,1781.2
2008,LA,September,TMAXA,32.6
2008,LA,September,TMINA,19.8
2008,LA,September,SRADA,17.6
2008,LA,September,PRCP,1897.6
2009,NE,September,TMAXA,32.5
2009,NE,September,TMINA,20.5
2009,NE,September,SRADA,17.2
2009,NE,September,PRCP,1661.8
2010,EN,September,TMAXA,33.4
2010,EN,September,TMINA,19.5
2010,EN,September,SRADA,17.6
2010,EN,September,PRCP,1662.8
2011,LA,September,TMAXA,32.8
2011,LA,September,TMINA,20.2
2011,LA,September,SRADA,18.1
2011,LA,September,PRCP,1705.1
2012,LA,September,TMAXA,32.5
2012,LA,September,TMINA,20.1
2012,LA,September,SRADA,18.1
2012,LA,September,PRCP,1666
2013,NE,September,TMAXA,32.6
2013,NE,September,TMINA,20.5
2013,NE,September,SRADA,18
2013,NE,September,PRCP,1747
2014,NE,September,TMAXA,32.5
2014,NE,September,TMINA,20.6
2014,NE,September,SRADA,17.7
2014,NE,September,PRCP,1126.8
2015,EN,September,TMAXA,32.8
2015,EN,September,TMINA,20.8
2015,EN,September,SRADA,17.6
2015,EN,September,PRCP,1470.2
2016,EN,September,TMAXA,33.6
2016,EN,September,TMINA,21
2016,EN,September,SRADA,17.8
2016,EN,September,PRCP,1379.3
2017,NE,September,TMAXA,32.6
2017,NE,September,TMINA,20.6
2017,NE,September,SRADA,17.4
2017,NE,September,PRCP,2028.4
2018,LA,September,TMAXA,32.5
2018,LA,September,TMINA,20.4
2018,LA,September,SRADA,17.4
2018,LA,September,PRCP,2247.8
2019,EN,September,TMAXA,32.8
2019,EN,September,TMINA,20.4
2019,EN,September,SRADA,17.1
2019,EN,September,PRCP,1981.7
1963,NE,September,TMAXA,32.4
1963,NE,September,TMINA,17.4
1963,NE,September,SRADA,18.9
1963,NE,September,PRCP,1632.1
1964,EN,September,TMAXA,32.9
1964,EN,September,TMINA,17.9
1964,EN,September,SRADA,19
1964,EN,September,PRCP,1450.8
1965,LA,September,TMAXA,32.1
1965,LA,September,TMINA,18
1965,LA,September,SRADA,18.3
1965,LA,September,PRCP,1799.5
1966,EN,September,TMAXA,32.7
1966,EN,September,TMINA,18
1966,EN,September,SRADA,18.8
1966,EN,September,PRCP,1987.7
1967,NE,September,TMAXA,32.6
1967,NE,September,TMINA,19.1
1967,NE,September,SRADA,19.2
1967,NE,September,PRCP,1428.3
1968,NE,September,TMAXA,31.9
1968,NE,September,TMINA,18.8
1968,NE,September,SRADA,18.9
1968,NE,September,PRCP,1516.6
1969,EN,September,TMAXA,32.3
1969,EN,September,TMINA,19.7
1969,EN,September,SRADA,19.6
1969,EN,September,PRCP,1051.1
1970,NE,September,TMAXA,32.1
1970,NE,September,TMINA,19.5
1970,NE,September,SRADA,19.2
1970,NE,September,PRCP,1440.8
1971,LA,September,TMAXA,32
1971,LA,September,TMINA,19.2
1971,LA,September,SRADA,19
1971,LA,September,PRCP,1237.3
1972,LA,September,TMAXA,31.7
1972,LA,September,TMINA,19
1972,LA,September,SRADA,18.3
1972,LA,September,PRCP,1614.1
1973,EN,September,TMAXA,32
1973,EN,September,TMINA,19.6
1973,EN,September,SRADA,18.4
1973,EN,September,PRCP,1696.4
1974,LA,September,TMAXA,30.9
1974,LA,September,TMINA,19.4
1974,LA,September,SRADA,17.8
1974,LA,September,PRCP,1765.8
1975,LA,September,TMAXA,31.9
1975,LA,September,TMINA,18.9
1975,LA,September,SRADA,18.6
1975,LA,September,PRCP,1324.1
1976,LA,September,TMAXA,31.9
1976,LA,September,TMINA,18.1
1976,LA,September,SRADA,18.1
1976,LA,September,PRCP,1335.4
1977,EN,September,TMAXA,31.5
1977,EN,September,TMINA,18.4
1977,EN,September,SRADA,17.4
1977,EN,September,PRCP,1862.8
1978,NE,September,TMAXA,30.8
1978,NE,September,TMINA,19.4
1978,NE,September,SRADA,17.2
1978,NE,September,PRCP,2159.7
1979,NE,September,TMAXA,31.1
1979,NE,September,TMINA,18
1979,NE,September,SRADA,16.7
1979,NE,September,PRCP,1743.8
1980,NE,September,TMAXA,32
1980,NE,September,TMINA,18.8
1980,NE,September,SRADA,16.7
1980,NE,September,PRCP,1611.7
1981,NE,September,TMAXA,31.6
1981,NE,September,TMINA,18.4
1981,NE,September,SRADA,16.7
1981,NE,September,PRCP,1694.8
1982,NE,September,TMAXA,31.5
1982,NE,September,TMINA,19.7
1982,NE,September,SRADA,16.6
1982,NE,September,PRCP,1598.6
1983,EN,September,TMAXA,32
1983,EN,September,TMINA,19.2
1983,EN,September,SRADA,17.1
1983,EN,September,PRCP,1628.7
1984,NE,September,TMAXA,31.6
1984,NE,September,TMINA,18.9
1984,NE,September,SRADA,17.1
1984,NE,September,PRCP,1725.8
1985,LA,September,TMAXA,31.7
1985,LA,September,TMINA,18.7
1985,LA,September,SRADA,17.1
1985,LA,September,PRCP,1577.5
1986,NE,September,TMAXA,31.9
1986,NE,September,TMINA,19.1
1986,NE,September,SRADA,17.6
1986,NE,September,PRCP,1716.1
1987,EN,September,TMAXA,32.3
1987,EN,September,TMINA,19.4
1987,EN,September,SRADA,17.7
1987,EN,September,PRCP,1559.4
1988,EN,September,TMAXA,32.3
1988,EN,September,TMINA,17.6
1988,EN,September,SRADA,18.1
1988,EN,September,PRCP,2024.2
1989,LA,September,TMAXA,31.8
1989,LA,September,TMINA,17.1
1989,LA,September,SRADA,18.1
1989,LA,September,PRCP,1787.5
1990,NE,September,TMAXA,31.7
1990,NE,September,TMINA,19.5
1990,NE,September,SRADA,18.4
1990,NE,September,PRCP,2180.7
1991,NE,September,TMAXA,32.1
1991,NE,September,TMINA,19.8
1991,NE,September,SRADA,18.2
1991,NE,September,PRCP,1905.2
1992,EN,September,TMAXA,31.8
1992,EN,September,TMINA,19.7
1992,EN,September,SRADA,17.1
1992,EN,September,PRCP,1691.7
1993,NE,September,TMAXA,31.6
1993,NE,September,TMINA,19.2
1993,NE,September,SRADA,17.2
1993,NE,September,PRCP,1696.9
1994,NE,September,TMAXA,31.9
1994,NE,September,TMINA,19.4
1994,NE,September,SRADA,17.6
1994,NE,September,PRCP,1785
1995,EN,September,TMAXA,32.4
1995,EN,September,TMINA,19.1
1995,EN,September,SRADA,17.4
1995,EN,September,PRCP,1749.2
1996,LA,September,TMAXA,32.7
1996,LA,September,TMINA,19.6
1996,LA,September,SRADA,18.1
1996,LA,September,PRCP,1380.3
1997,NE,September,TMAXA,32.3
1997,NE,September,TMINA,19.8
1997,NE,September,SRADA,17.5
1997,NE,September,PRCP,1546
1998,EN,September,TMAXA,33.8
1998,EN,September,TMINA,20.8
1998,EN,September,SRADA,19.1
1998,EN,September,PRCP,1352.7
1999,LA,September,TMAXA,32.6
1999,LA,September,TMINA,19.3
1999,LA,September,SRADA,18.7
1999,LA,September,PRCP,1618.2
2000,LA,September,TMAXA,31.9
2000,LA,September,TMINA,19.8
2000,LA,September,SRADA,18.5
2000,LA,September,PRCP,1851.2
2001,NE,September,TMAXA,32.5
2001,NE,September,TMINA,19.8
2001,NE,September,SRADA,18.8
2001,NE,September,PRCP,1349
2002,NE,September,TMAXA,32.6
2002,NE,September,TMINA,20
2002,NE,September,SRADA,18.5
2002,NE,September,PRCP,2028.1
2003,EN,September,TMAXA,32.7
2003,EN,September,TMINA,20
2003,EN,September,SRADA,18.9
2003,EN,September,PRCP,1899.3
2004,NE,September,TMAXA,32.8
2004,NE,September,TMINA,20
2004,NE,September,SRADA,18.2
2004,NE,September,PRCP,2234.5
2005,NE,September,TMAXA,33.4
2005,NE,September,TMINA,20.3
2005,NE,September,SRADA,18.7
2005,NE,September,PRCP,1661.7
2006,NE,September,TMAXA,33.3
2006,NE,September,TMINA,20
2006,NE,September,SRADA,18.7
2006,NE,September,PRCP,1606.7
2007,EN,September,TMAXA,33.3
2007,EN,September,TMINA,19.8
2007,EN,September,SRADA,19.2
2007,EN,September,PRCP,1982.4
2008,LA,September,TMAXA,32.9
2008,LA,September,TMINA,19.4
2008,LA,September,SRADA,19
2008,LA,September,PRCP,1852.7
2009,NE,September,TMAXA,32.5
2009,NE,September,TMINA,20.1
2009,NE,September,SRADA,18.7
2009,NE,September,PRCP,2148.1
2010,EN,September,TMAXA,33.2
2010,EN,September,TMINA,20
2010,EN,September,SRADA,18.9
2010,EN,September,PRCP,1790.9
2011,LA,September,TMAXA,32.9
2011,LA,September,TMINA,20.2
2011,LA,September,SRADA,18.6
2011,LA,September,PRCP,2000.2
2012,LA,September,TMAXA,32.4
2012,LA,September,TMINA,19.8
2012,LA,September,SRADA,18.7
2012,LA,September,PRCP,1660.6
2013,NE,September,TMAXA,32.8
2013,NE,September,TMINA,20.1
2013,NE,September,SRADA,18.6
2013,NE,September,PRCP,1891.9
2014,NE,September,TMAXA,32.8
2014,NE,September,TMINA,20.2
2014,NE,September,SRADA,17.9
2014,NE,September,PRCP,1936
2015,EN,September,TMAXA,32.8
2015,EN,September,TMINA,20.5
2015,EN,September,SRADA,18.9
2015,EN,September,PRCP,2079
2016,EN,September,TMAXA,34.4
2016,EN,September,TMINA,20.6
2016,EN,September,SRADA,19.8
2016,EN,September,PRCP,1559.5
2017,NE,September,TMAXA,33.2
2017,NE,September,TMINA,20.4
2017,NE,September,SRADA,19
2017,NE,September,PRCP,2308.4
2018,LA,September,TMAXA,32.9
2018,LA,September,TMINA,20.3
2018,LA,September,SRADA,19.1
2018,LA,September,PRCP,1902.6
2019,EN,September,TMAXA,33.5
2019,EN,September,TMINA,20.1
2019,EN,September,SRADA,17.8
2019,EN,September,PRCP,1332.7
1963,NE,September,TMAXA,32.5
1963,NE,September,TMINA,20.1
1963,NE,September,SRADA,18.1
1963,NE,September,PRCP,1428.9
1964,EN,September,TMAXA,33.1
1964,EN,September,TMINA,20.7
1964,EN,September,SRADA,18.7
1964,EN,September,PRCP,1071.1
1965,LA,September,TMAXA,32.2
1965,LA,September,TMINA,20.3
1965,LA,September,SRADA,18.1
1965,LA,September,PRCP,1449.3
1966,EN,September,TMAXA,32.9
1966,EN,September,TMINA,20.3
1966,EN,September,SRADA,18.8
1966,EN,September,PRCP,1336.1
1967,NE,September,TMAXA,33.1
1967,NE,September,TMINA,20.3
1967,NE,September,SRADA,19
1967,NE,September,PRCP,1284.6
1968,NE,September,TMAXA,32.3
1968,NE,September,TMINA,19.4
1968,NE,September,SRADA,19.1
1968,NE,September,PRCP,1349.2
1969,EN,September,TMAXA,33
1969,EN,September,TMINA,20.4
1969,EN,September,SRADA,19.6
1969,EN,September,PRCP,1369.3
1970,NE,September,TMAXA,33
1970,NE,September,TMINA,20.3
1970,NE,September,SRADA,18.9
1970,NE,September,PRCP,1498.3
1971,LA,September,TMAXA,32.5
1971,LA,September,TMINA,17.6
1971,LA,September,SRADA,18.3
1971,LA,September,PRCP,1227.5
1972,LA,September,TMAXA,32.4
1972,LA,September,TMINA,19.7
1972,LA,September,SRADA,18.2
1972,LA,September,PRCP,1645.9
1973,EN,September,TMAXA,33.1
1973,EN,September,TMINA,20.7
1973,EN,September,SRADA,18.5
1973,EN,September,PRCP,1457.2
1974,LA,September,TMAXA,31.3
1974,LA,September,TMINA,20.6
1974,LA,September,SRADA,17.7
1974,LA,September,PRCP,1923.7
1975,LA,September,TMAXA,32.1
1975,LA,September,TMINA,20.2
1975,LA,September,SRADA,17.9
1975,LA,September,PRCP,1533.1
1976,LA,September,TMAXA,32
1976,LA,September,TMINA,19.8
1976,LA,September,SRADA,17.5
1976,LA,September,PRCP,1811
1977,EN,September,TMAXA,32.1
1977,EN,September,TMINA,20.1
1977,EN,September,SRADA,17.5
1977,EN,September,PRCP,1710.1
1978,NE,September,TMAXA,32.1
1978,NE,September,TMINA,20.5
1978,NE,September,SRADA,17
1978,NE,September,PRCP,1621.2
1979,NE,September,TMAXA,32.1
1979,NE,September,TMINA,20.4
1979,NE,September,SRADA,16.2
1979,NE,September,PRCP,1820.9
1980,NE,September,TMAXA,32.3
1980,NE,September,TMINA,20.6
1980,NE,September,SRADA,16
1980,NE,September,PRCP,1540.3
1981,NE,September,TMAXA,32.2
1981,NE,September,TMINA,19.9
1981,NE,September,SRADA,16
1981,NE,September,PRCP,1514.1
1982,NE,September,TMAXA,32.2
1982,NE,September,TMINA,21
1982,NE,September,SRADA,15.3
1982,NE,September,PRCP,1833.1
1983,EN,September,TMAXA,32.2
1983,EN,September,TMINA,20.7
1983,EN,September,SRADA,15.3
1983,EN,September,PRCP,1702.8
1984,NE,September,TMAXA,32.3
1984,NE,September,TMINA,20.4
1984,NE,September,SRADA,15.5
1984,NE,September,PRCP,1717
1985,LA,September,TMAXA,32.2
1985,LA,September,TMINA,20.7
1985,LA,September,SRADA,15.5
1985,LA,September,PRCP,1877.4
1986,NE,September,TMAXA,32.8
1986,NE,September,TMINA,21
1986,NE,September,SRADA,17.4
1986,NE,September,PRCP,1510.3
1987,EN,September,TMAXA,32.4
1987,EN,September,TMINA,20.9
1987,EN,September,SRADA,17.3
1987,EN,September,PRCP,1325.7
1988,EN,September,TMAXA,32.3
1988,EN,September,TMINA,20.7
1988,EN,September,SRADA,16.8
1988,EN,September,PRCP,1742.9
1989,LA,September,TMAXA,32.1
1989,LA,September,TMINA,21.1
1989,LA,September,SRADA,16.4
1989,LA,September,PRCP,1812
1990,NE,September,TMAXA,32.1
1990,NE,September,TMINA,20.7
1990,NE,September,SRADA,16.3
1990,NE,September,PRCP,1481.6
1991,NE,September,TMAXA,32.5
1991,NE,September,TMINA,20.5
1991,NE,September,SRADA,16
1991,NE,September,PRCP,1966.9
1992,EN,September,TMAXA,31.7
1992,EN,September,TMINA,19.8
1992,EN,September,SRADA,15.9
1992,EN,September,PRCP,1623.5
1993,NE,September,TMAXA,32
1993,NE,September,TMINA,20.1
1993,NE,September,SRADA,16.1
1993,NE,September,PRCP,1343
1994,NE,September,TMAXA,32.6
1994,NE,September,TMINA,21
1994,NE,September,SRADA,16.6
1994,NE,September,PRCP,1365.5
1995,EN,September,TMAXA,32.2
1995,EN,September,TMINA,20.8
1995,EN,September,SRADA,15.7
1995,EN,September,PRCP,1604.8
1996,LA,September,TMAXA,32.1
1996,LA,September,TMINA,19.6
1996,LA,September,SRADA,17.3
1996,LA,September,PRCP,1803.6
1997,NE,September,TMAXA,31.8
1997,NE,September,TMINA,20.3
1997,NE,September,SRADA,17
1997,NE,September,PRCP,1695.6
1998,EN,September,TMAXA,33.5
1998,EN,September,TMINA,20.9
1998,EN,September,SRADA,17.8
1998,EN,September,PRCP,1684
1999,LA,September,TMAXA,32.8
1999,LA,September,TMINA,20.1
1999,LA,September,SRADA,17.3
1999,LA,September,PRCP,1595.3
2000,LA,September,TMAXA,32.7
2000,LA,September,TMINA,20.7
2000,LA,September,SRADA,17.5
2000,LA,September,PRCP,1402.3
2001,NE,September,TMAXA,33
2001,NE,September,TMINA,21.2
2001,NE,September,SRADA,17.8
2001,NE,September,PRCP,1260.8
2002,NE,September,TMAXA,33
2002,NE,September,TMINA,20.8
2002,NE,September,SRADA,17.5
2002,NE,September,PRCP,1573.5
2003,EN,September,TMAXA,32.8
2003,EN,September,TMINA,21
2003,EN,September,SRADA,17.7
2003,EN,September,PRCP,1427.9
2004,NE,September,TMAXA,32
2004,NE,September,TMINA,21.1
2004,NE,September,SRADA,17
2004,NE,September,PRCP,1333.4
2005,NE,September,TMAXA,32.7
2005,NE,September,TMINA,21.5
2005,NE,September,SRADA,17.1
2005,NE,September,PRCP,1241.2
2006,NE,September,TMAXA,32.3
2006,NE,September,TMINA,21.2
2006,NE,September,SRADA,17.1
2006,NE,September,PRCP,1634.9
2007,EN,September,TMAXA,32.6
2007,EN,September,TMINA,21.3
2007,EN,September,SRADA,17.2
2007,EN,September,PRCP,1564.8
2008,LA,September,TMAXA,32.5
2008,LA,September,TMINA,20.7
2008,LA,September,SRADA,16.8
2008,LA,September,PRCP,1686.9
2009,NE,September,TMAXA,32.6
2009,NE,September,TMINA,20.5
2009,NE,September,SRADA,17.3
2009,NE,September,PRCP,1405.7
2010,EN,September,TMAXA,33
2010,EN,September,TMINA,20.3
2010,EN,September,SRADA,16.9
2010,EN,September,PRCP,1346.2
2011,LA,September,TMAXA,33
2011,LA,September,TMINA,20.6
2011,LA,September,SRADA,16.9
2011,LA,September,PRCP,561.1
2012,LA,September,TMAXA,33
2012,LA,September,TMINA,21
2012,LA,September,SRADA,18
2012,LA,September,PRCP,1614.7
2013,NE,September,TMAXA,32.6
2013,NE,September,TMINA,21.1
2013,NE,September,SRADA,17
2013,NE,September,PRCP,1699.2
2014,NE,September,TMAXA,32.2
2014,NE,September,TMINA,21.2
2014,NE,September,SRADA,16.6
2014,NE,September,PRCP,1895.1
2015,EN,September,TMAXA,32.9
2015,EN,September,TMINA,21.6
2015,EN,September,SRADA,16.7
2015,EN,September,PRCP,1512
2016,EN,September,TMAXA,33.1
2016,EN,September,TMINA,21.2
2016,EN,September,SRADA,17.2
2016,EN,September,PRCP,1383.3
2017,NE,September,TMAXA,32.7
2017,NE,September,TMINA,21.2
2017,NE,September,SRADA,17.2
2017,NE,September,PRCP,1502.5
2018,LA,September,TMAXA,32.6
2018,LA,September,TMINA,20.8
2018,LA,September,SRADA,17.5
2018,LA,September,PRCP,1526.4
2019,EN,September,TMAXA,33.1
2019,EN,September,TMINA,21.4
2019,EN,September,SRADA,17.2
2019,EN,September,PRCP,1210.6
1963,NE,September,TMAXA,29
1963,NE,September,TMINA,15.4
1963,NE,September,SRADA,19.1
1963,NE,September,PRCP,1564.9
1964,EN,September,TMAXA,28.8
1964,EN,September,TMINA,16.9
1964,EN,September,SRADA,18.5
1964,EN,September,PRCP,1197.3
1965,LA,September,TMAXA,27.8
1965,LA,September,TMINA,16.6
1965,LA,September,SRADA,17.5
1965,LA,September,PRCP,1636.8
1966,EN,September,TMAXA,27.8
1966,EN,September,TMINA,16.7
1966,EN,September,SRADA,18.2
1966,EN,September,PRCP,1545.2
1967,NE,September,TMAXA,27.8
1967,NE,September,TMINA,17.1
1967,NE,September,SRADA,18.5
1967,NE,September,PRCP,1235
1968,NE,September,TMAXA,27.4
1968,NE,September,TMINA,16.4
1968,NE,September,SRADA,18.2
1968,NE,September,PRCP,1269.6
1969,EN,September,TMAXA,29.1
1969,EN,September,TMINA,17.4
1969,EN,September,SRADA,19.1
1969,EN,September,PRCP,1101.4
1970,NE,September,TMAXA,28.4
1970,NE,September,TMINA,17.3
1970,NE,September,SRADA,18.1
1970,NE,September,PRCP,1584.3
1971,LA,September,TMAXA,29
1971,LA,September,TMINA,17.3
1971,LA,September,SRADA,18.9
1971,LA,September,PRCP,1061.4
1972,LA,September,TMAXA,28.6
1972,LA,September,TMINA,17.2
1972,LA,September,SRADA,17.9
1972,LA,September,PRCP,1549.7
1973,EN,September,TMAXA,27.8
1973,EN,September,TMINA,18.9
1973,EN,September,SRADA,18.6
1973,EN,September,PRCP,1356.9
1974,LA,September,TMAXA,26.6
1974,LA,September,TMINA,17.9
1974,LA,September,SRADA,18.2
1974,LA,September,PRCP,1420.4
1975,LA,September,TMAXA,28.2
1975,LA,September,TMINA,16.9
1975,LA,September,SRADA,19.4
1975,LA,September,PRCP,962.3
1976,LA,September,TMAXA,28.6
1976,LA,September,TMINA,16.7
1976,LA,September,SRADA,18.6
1976,LA,September,PRCP,967.5
1977,EN,September,TMAXA,28
1977,EN,September,TMINA,17.2
1977,EN,September,SRADA,17.6
1977,EN,September,PRCP,1424.6
1978,NE,September,TMAXA,27.7
1978,NE,September,TMINA,16.9
1978,NE,September,SRADA,17.4
1978,NE,September,PRCP,1341.2
1979,NE,September,TMAXA,28
1979,NE,September,TMINA,15.7
1979,NE,September,SRADA,16.9
1979,NE,September,PRCP,1634.1
1980,NE,September,TMAXA,28.2
1980,NE,September,TMINA,17
1980,NE,September,SRADA,17
1980,NE,September,PRCP,1991.7
1981,NE,September,TMAXA,28.1
1981,NE,September,TMINA,16.2
1981,NE,September,SRADA,17.8
1981,NE,September,PRCP,1364.9
1982,NE,September,TMAXA,27.8
1982,NE,September,TMINA,17
1982,NE,September,SRADA,17
1982,NE,September,PRCP,2025.7
1983,EN,September,TMAXA,28.8
1983,EN,September,TMINA,17.6
1983,EN,September,SRADA,17.4
1983,EN,September,PRCP,1518.1
1984,NE,September,TMAXA,28.6
1984,NE,September,TMINA,17.1
1984,NE,September,SRADA,17.4
1984,NE,September,PRCP,1445.7
1985,LA,September,TMAXA,28.1
1985,LA,September,TMINA,17.3
1985,LA,September,SRADA,17.8
1985,LA,September,PRCP,1304.9
1986,NE,September,TMAXA,28.3
1986,NE,September,TMINA,17
1986,NE,September,SRADA,17.9
1986,NE,September,PRCP,1719.6
1987,EN,September,TMAXA,29.3
1987,EN,September,TMINA,17.4
1987,EN,September,SRADA,18.4
1987,EN,September,PRCP,1223.9
1988,EN,September,TMAXA,28.8
1988,EN,September,TMINA,17.4
1988,EN,September,SRADA,18.2
1988,EN,September,PRCP,1635.9
1989,LA,September,TMAXA,29.2
1989,LA,September,TMINA,17.1
1989,LA,September,SRADA,18.1
1989,LA,September,PRCP,1329.9
1990,NE,September,TMAXA,28.8
1990,NE,September,TMINA,17.2
1990,NE,September,SRADA,17.6
1990,NE,September,PRCP,1674.8
1991,NE,September,TMAXA,28
1991,NE,September,TMINA,17
1991,NE,September,SRADA,17.8
1991,NE,September,PRCP,1239.3
1992,EN,September,TMAXA,28
1992,EN,September,TMINA,17.4
1992,EN,September,SRADA,17.1
1992,EN,September,PRCP,1713.9
1993,NE,September,TMAXA,28.5
1993,NE,September,TMINA,17.1
1993,NE,September,SRADA,17.9
1993,NE,September,PRCP,1288.3
1994,NE,September,TMAXA,28.3
1994,NE,September,TMINA,17.4
1994,NE,September,SRADA,18
1994,NE,September,PRCP,1636.6
1995,EN,September,TMAXA,29.2
1995,EN,September,TMINA,17.6
1995,EN,September,SRADA,18.6
1995,EN,September,PRCP,1377.7
1996,LA,September,TMAXA,29.1
1996,LA,September,TMINA,17.2
1996,LA,September,SRADA,18.8
1996,LA,September,PRCP,1231.9
1997,NE,September,TMAXA,28.2
1997,NE,September,TMINA,17.2
1997,NE,September,SRADA,17.9
1997,NE,September,PRCP,1493
1998,EN,September,TMAXA,30.3
1998,EN,September,TMINA,18.2
1998,EN,September,SRADA,19.1
1998,EN,September,PRCP,1224.4
1999,LA,September,TMAXA,29.4
1999,LA,September,TMINA,17.4
1999,LA,September,SRADA,18.7
1999,LA,September,PRCP,1127.6
2000,LA,September,TMAXA,28.7
2000,LA,September,TMINA,17.2
2000,LA,September,SRADA,18.2
2000,LA,September,PRCP,1677.9
2001,NE,September,TMAXA,29.2
2001,NE,September,TMINA,17.4
2001,NE,September,SRADA,19
2001,NE,September,PRCP,1071.2
2002,NE,September,TMAXA,28.6
2002,NE,September,TMINA,17.7
2002,NE,September,SRADA,18.2
2002,NE,September,PRCP,1184.8
2003,EN,September,TMAXA,29.4
2003,EN,September,TMINA,17.7
2003,EN,September,SRADA,18.7
2003,EN,September,PRCP,1280.1
2004,NE,September,TMAXA,28.6
2004,NE,September,TMINA,17.4
2004,NE,September,SRADA,17.7
2004,NE,September,PRCP,1813.5
2005,NE,September,TMAXA,29.2
2005,NE,September,TMINA,17.9
2005,NE,September,SRADA,18.6
2005,NE,September,PRCP,1203.4
2006,NE,September,TMAXA,29
2006,NE,September,TMINA,17.6
2006,NE,September,SRADA,18.1
2006,NE,September,PRCP,1417.2
2007,EN,September,TMAXA,29
2007,EN,September,TMINA,17.4
2007,EN,September,SRADA,18.6
2007,EN,September,PRCP,1580.7
2008,LA,September,TMAXA,29.3
2008,LA,September,TMINA,17.1
2008,LA,September,SRADA,19.1
2008,LA,September,PRCP,1177.7
2009,NE,September,TMAXA,29.1
2009,NE,September,TMINA,17.5
2009,NE,September,SRADA,18.3
2009,NE,September,PRCP,1427
2010,EN,September,TMAXA,29.5
2010,EN,September,TMINA,17.2
2010,EN,September,SRADA,19.2
2010,EN,September,PRCP,1350.3
2011,LA,September,TMAXA,29.5
2011,LA,September,TMINA,17.2
2011,LA,September,SRADA,18.9
2011,LA,September,PRCP,1298.9
2012,LA,September,TMAXA,28.8
2012,LA,September,TMINA,17.5
2012,LA,September,SRADA,18.4
2012,LA,September,PRCP,1281.4
2013,NE,September,TMAXA,29.5
2013,NE,September,TMINA,17.8
2013,NE,September,SRADA,19
2013,NE,September,PRCP,1375.7
2014,NE,September,TMAXA,29.2
2014,NE,September,TMINA,17.6
2014,NE,September,SRADA,19
2014,NE,September,PRCP,1403.5
2015,EN,September,TMAXA,29.6
2015,EN,September,TMINA,17.7
2015,EN,September,SRADA,18.8
2015,EN,September,PRCP,1220.9
2016,EN,September,TMAXA,31.3
2016,EN,September,TMINA,18.1
2016,EN,September,SRADA,19.9
2016,EN,September,PRCP,923.9
2017,NE,September,TMAXA,29.7
2017,NE,September,TMINA,17.6
2017,NE,September,SRADA,19.3
2017,NE,September,PRCP,1124.4
2018,LA,September,TMAXA,29.2
2018,LA,September,TMINA,17.5
2018,LA,September,SRADA,18.9
2018,LA,September,PRCP,1311.8
2019,EN,September,TMAXA,29.6
2019,EN,September,TMINA,17.7
2019,EN,September,SRADA,19.3
2019,EN,September,PRCP,1195.1
1963,NE,September,TMAXA,32.3
1963,NE,September,TMINA,17.6
1963,NE,September,SRADA,19
1963,NE,September,PRCP,1368.1
1964,EN,September,TMAXA,32.6
1964,EN,September,TMINA,18.3
1964,EN,September,SRADA,19.1
1964,EN,September,PRCP,1276.4
1965,LA,September,TMAXA,31.7
1965,LA,September,TMINA,18.4
1965,LA,September,SRADA,18.3
1965,LA,September,PRCP,1727.6
1966,EN,September,TMAXA,32
1966,EN,September,TMINA,18.5
1966,EN,September,SRADA,18.8
1966,EN,September,PRCP,1877.4
1967,NE,September,TMAXA,32.4
1967,NE,September,TMINA,19.4
1967,NE,September,SRADA,19.2
1967,NE,September,PRCP,1507.9
1968,NE,September,TMAXA,31.5
1968,NE,September,TMINA,18.7
1968,NE,September,SRADA,18.9
1968,NE,September,PRCP,1525.7
1969,EN,September,TMAXA,32.5
1969,EN,September,TMINA,20.1
1969,EN,September,SRADA,19.6
1969,EN,September,PRCP,1335.2
1970,NE,September,TMAXA,32
1970,NE,September,TMINA,19.3
1970,NE,September,SRADA,19
1970,NE,September,PRCP,1496.4
1971,LA,September,TMAXA,31.6
1971,LA,September,TMINA,19.3
1971,LA,September,SRADA,19.2
1971,LA,September,PRCP,1042.5
1972,LA,September,TMAXA,31.1
1972,LA,September,TMINA,19
1972,LA,September,SRADA,18.3
1972,LA,September,PRCP,1294.9
1973,EN,September,TMAXA,29.6
1973,EN,September,TMINA,20.9
1973,EN,September,SRADA,18.5
1973,EN,September,PRCP,1592
1974,LA,September,TMAXA,30.4
1974,LA,September,TMINA,19.5
1974,LA,September,SRADA,17.9
1974,LA,September,PRCP,2074.8
1975,LA,September,TMAXA,31.3
1975,LA,September,TMINA,18.8
1975,LA,September,SRADA,18.9
1975,LA,September,PRCP,1300.8
1976,LA,September,TMAXA,31.4
1976,LA,September,TMINA,18.9
1976,LA,September,SRADA,18.2
1976,LA,September,PRCP,1303.5
1977,EN,September,TMAXA,31.2
1977,EN,September,TMINA,19.3
1977,EN,September,SRADA,17.5
1977,EN,September,PRCP,1931.3
1978,NE,September,TMAXA,29
1978,NE,September,TMINA,20.1
1978,NE,September,SRADA,17.1
1978,NE,September,PRCP,1453.9
1979,NE,September,TMAXA,30.9
1979,NE,September,TMINA,18.9
1979,NE,September,SRADA,16.8
1979,NE,September,PRCP,1698.2
1980,NE,September,TMAXA,31.8
1980,NE,September,TMINA,20.1
1980,NE,September,SRADA,16.5
1980,NE,September,PRCP,1635.1
1981,NE,September,TMAXA,31.8
1981,NE,September,TMINA,19.5
1981,NE,September,SRADA,17.1
1981,NE,September,PRCP,1657.7
1982,NE,September,TMAXA,31.6
1982,NE,September,TMINA,20.1
1982,NE,September,SRADA,16.4
1982,NE,September,PRCP,2216.8
1983,EN,September,TMAXA,32
1983,EN,September,TMINA,20
1983,EN,September,SRADA,16.7
1983,EN,September,PRCP,1866.7
1984,NE,September,TMAXA,32.2
1984,NE,September,TMINA,20
1984,NE,September,SRADA,16.9
1984,NE,September,PRCP,1719.8
1985,LA,September,TMAXA,31.7
1985,LA,September,TMINA,19.1
1985,LA,September,SRADA,17
1985,LA,September,PRCP,1584
1986,NE,September,TMAXA,31.7
1986,NE,September,TMINA,19.9
1986,NE,September,SRADA,17.7
1986,NE,September,PRCP,1222.5
1987,EN,September,TMAXA,32.4
1987,EN,September,TMINA,19.7
1987,EN,September,SRADA,17.6
1987,EN,September,PRCP,1342.8
1988,EN,September,TMAXA,32.2
1988,EN,September,TMINA,19.9
1988,EN,September,SRADA,18
1988,EN,September,PRCP,1560.8
1989,LA,September,TMAXA,31.8
1989,LA,September,TMINA,19.5
1989,LA,September,SRADA,18
1989,LA,September,PRCP,1440.3
1990,NE,September,TMAXA,32
1990,NE,September,TMINA,19
1990,NE,September,SRADA,18.2
1990,NE,September,PRCP,1749
1991,NE,September,TMAXA,32.2
1991,NE,September,TMINA,19.4
1991,NE,September,SRADA,18.3
1991,NE,September,PRCP,1499.6
1992,EN,September,TMAXA,32.2
1992,EN,September,TMINA,20.4
1992,EN,September,SRADA,17.1
1992,EN,September,PRCP,1264.8
1993,NE,September,TMAXA,32
1993,NE,September,TMINA,19.4
1993,NE,September,SRADA,17.3
1993,NE,September,PRCP,1405.1
1994,NE,September,TMAXA,32.6
1994,NE,September,TMINA,19.6
1994,NE,September,SRADA,18
1994,NE,September,PRCP,1492.6
1995,EN,September,TMAXA,32.7
1995,EN,September,TMINA,20
1995,EN,September,SRADA,17.9
1995,EN,September,PRCP,1508.9
1996,LA,September,TMAXA,32.8
1996,LA,September,TMINA,20.3
1996,LA,September,SRADA,18.1
1996,LA,September,PRCP,1325.4
1997,NE,September,TMAXA,32.1
1997,NE,September,TMINA,20
1997,NE,September,SRADA,17.1
1997,NE,September,PRCP,1852.6
1998,EN,September,TMAXA,34.4
1998,EN,September,TMINA,21
1998,EN,September,SRADA,18.1
1998,EN,September,PRCP,1607.2
1999,LA,September,TMAXA,33.3
1999,LA,September,TMINA,20.2
1999,LA,September,SRADA,18
1999,LA,September,PRCP,1124.6
2000,LA,September,TMAXA,32.9
2000,LA,September,TMINA,20.3
2000,LA,September,SRADA,18.3
2000,LA,September,PRCP,1277.7
2001,NE,September,TMAXA,32.9
2001,NE,September,TMINA,19.5
2001,NE,September,SRADA,18.5
2001,NE,September,PRCP,1190.4
2002,NE,September,TMAXA,32.6
2002,NE,September,TMINA,19.8
2002,NE,September,SRADA,18.1
2002,NE,September,PRCP,1795.6
2003,EN,September,TMAXA,32.7
2003,EN,September,TMINA,19.8
2003,EN,September,SRADA,18.4
2003,EN,September,PRCP,1456.9
2004,NE,September,TMAXA,32.6
2004,NE,September,TMINA,19.8
2004,NE,September,SRADA,18.1
2004,NE,September,PRCP,1590.4
2005,NE,September,TMAXA,33
2005,NE,September,TMINA,20.4
2005,NE,September,SRADA,18.4
2005,NE,September,PRCP,1220.3
2006,NE,September,TMAXA,32.7
2006,NE,September,TMINA,20.1
2006,NE,September,SRADA,18.3
2006,NE,September,PRCP,1323.9
2007,EN,September,TMAXA,32.9
2007,EN,September,TMINA,20
2007,EN,September,SRADA,18.5
2007,EN,September,PRCP,1663
2008,LA,September,TMAXA,33
2008,LA,September,TMINA,20.1
2008,LA,September,SRADA,18.8
2008,LA,September,PRCP,1520.3
2009,NE,September,TMAXA,33
2009,NE,September,TMINA,20.4
2009,NE,September,SRADA,18.8
2009,NE,September,PRCP,1474.5
2010,EN,September,TMAXA,33.4
2010,EN,September,TMINA,20
2010,EN,September,SRADA,19
2010,EN,September,PRCP,1596.3
2011,LA,September,TMAXA,33.3
2011,LA,September,TMINA,20.2
2011,LA,September,SRADA,18.8
2011,LA,September,PRCP,1600.6
2012,LA,September,TMAXA,32.8
2012,LA,September,TMINA,20.1
2012,LA,September,SRADA,18.9
2012,LA,September,PRCP,1299.1
2013,NE,September,TMAXA,32.9
2013,NE,September,TMINA,20.4
2013,NE,September,SRADA,18.6
2013,NE,September,PRCP,1582.4
2014,NE,September,TMAXA,33.2
2014,NE,September,TMINA,19.9
2014,NE,September,SRADA,19.1
2014,NE,September,PRCP,1446.3
2015,EN,September,TMAXA,33.2
2015,EN,September,TMINA,20.5
2015,EN,September,SRADA,18.5
2015,EN,September,PRCP,1488.9
2016,EN,September,TMAXA,34.6
2016,EN,September,TMINA,20.8
2016,EN,September,SRADA,19.2
2016,EN,September,PRCP,1204.6
2017,NE,September,TMAXA,33.5
2017,NE,September,TMINA,20.5
2017,NE,September,SRADA,19
2017,NE,September,PRCP,1197.8
2018,LA,September,TMAXA,33.3
2018,LA,September,TMINA,19.7
2018,LA,September,SRADA,18.8
2018,LA,September,PRCP,1461.1
2019,EN,September,TMAXA,33.5
2019,EN,September,TMINA,19.8
2019,EN,September,SRADA,18.9
2019,EN,September,PRCP,1801.1
1963,NE,September,TMAXA,29.9
1963,NE,September,TMINA,15.6
1963,NE,September,SRADA,19.3
1963,NE,September,PRCP,1385.3
1964,EN,September,TMAXA,29.6
1964,EN,September,TMINA,16.8
1964,EN,September,SRADA,18.7
1964,EN,September,PRCP,1122
1965,LA,September,TMAXA,28.6
1965,LA,September,TMINA,16.9
1965,LA,September,SRADA,17.6
1965,LA,September,PRCP,1456.5
1966,EN,September,TMAXA,28.6
1966,EN,September,TMINA,16.8
1966,EN,September,SRADA,18.3
1966,EN,September,PRCP,1493.2
1967,NE,September,TMAXA,28.7
1967,NE,September,TMINA,17.3
1967,NE,September,SRADA,18.7
1967,NE,September,PRCP,1224.7
1968,NE,September,TMAXA,28.1
1968,NE,September,TMINA,16.4
1968,NE,September,SRADA,18.3
1968,NE,September,PRCP,1259
1969,EN,September,TMAXA,29.9
1969,EN,September,TMINA,17.4
1969,EN,September,SRADA,19.2
1969,EN,September,PRCP,1090.4
1970,NE,September,TMAXA,29.4
1970,NE,September,TMINA,17.3
1970,NE,September,SRADA,18.3
1970,NE,September,PRCP,1604.4
1971,LA,September,TMAXA,30.1
1971,LA,September,TMINA,17.5
1971,LA,September,SRADA,19
1971,LA,September,PRCP,1021.2
1972,LA,September,TMAXA,29.5
1972,LA,September,TMINA,17.2
1972,LA,September,SRADA,17.9
1972,LA,September,PRCP,1401.5
1973,EN,September,TMAXA,28.8
1973,EN,September,TMINA,19.1
1973,EN,September,SRADA,18.7
1973,EN,September,PRCP,1249.7
1974,LA,September,TMAXA,27.3
1974,LA,September,TMINA,18.2
1974,LA,September,SRADA,18.3
1974,LA,September,PRCP,1598.7
1975,LA,September,TMAXA,28.8
1975,LA,September,TMINA,17.3
1975,LA,September,SRADA,19.5
1975,LA,September,PRCP,1012.8
1976,LA,September,TMAXA,29.4
1976,LA,September,TMINA,16.7
1976,LA,September,SRADA,18.8
1976,LA,September,PRCP,886.7
1977,EN,September,TMAXA,28.6
1977,EN,September,TMINA,17.7
1977,EN,September,SRADA,17.7
1977,EN,September,PRCP,1270.9
1978,NE,September,TMAXA,28
1978,NE,September,TMINA,17.2
1978,NE,September,SRADA,17.5
1978,NE,September,PRCP,1792.6
1979,NE,September,TMAXA,28.8
1979,NE,September,TMINA,15.4
1979,NE,September,SRADA,17
1979,NE,September,PRCP,1502.3
1980,NE,September,TMAXA,29.2
1980,NE,September,TMINA,17
1980,NE,September,SRADA,17.2
1980,NE,September,PRCP,1351.8
1981,NE,September,TMAXA,29
1981,NE,September,TMINA,15.9
1981,NE,September,SRADA,17.9
1981,NE,September,PRCP,1035.2
1982,NE,September,TMAXA,28.9
1982,NE,September,TMINA,16.9
1982,NE,September,SRADA,17.4
1982,NE,September,PRCP,1750.2
1983,EN,September,TMAXA,29.9
1983,EN,September,TMINA,17.1
1983,EN,September,SRADA,17.8
1983,EN,September,PRCP,1619.4
1984,NE,September,TMAXA,29.8
1984,NE,September,TMINA,16.7
1984,NE,September,SRADA,17.7
1984,NE,September,PRCP,1535.5
1985,LA,September,TMAXA,29.2
1985,LA,September,TMINA,17.6
1985,LA,September,SRADA,17.8
1985,LA,September,PRCP,1362.5
1986,NE,September,TMAXA,29.4
1986,NE,September,TMINA,16.9
1986,NE,September,SRADA,18.2
1986,NE,September,PRCP,1379.4
1987,EN,September,TMAXA,30.5
1987,EN,September,TMINA,17.3
1987,EN,September,SRADA,18.7
1987,EN,September,PRCP,1025.7
1988,EN,September,TMAXA,30.1
1988,EN,September,TMINA,17.4
1988,EN,September,SRADA,18.2
1988,EN,September,PRCP,1869.4
1989,LA,September,TMAXA,30.4
1989,LA,September,TMINA,17.4
1989,LA,September,SRADA,18.3
1989,LA,September,PRCP,1022.5
1990,NE,September,TMAXA,30.1
1990,NE,September,TMINA,17.7
1990,NE,September,SRADA,17.8
1990,NE,September,PRCP,1797.9
1991,NE,September,TMAXA,29.7
1991,NE,September,TMINA,17.3
1991,NE,September,SRADA,17.9
1991,NE,September,PRCP,1610.4
1992,EN,September,TMAXA,29.1
1992,EN,September,TMINA,17.8
1992,EN,September,SRADA,17.3
1992,EN,September,PRCP,1897.2
1993,NE,September,TMAXA,29.8
1993,NE,September,TMINA,17.3
1993,NE,September,SRADA,18.1
1993,NE,September,PRCP,1296.4
1994,NE,September,TMAXA,30
1994,NE,September,TMINA,17.7
1994,NE,September,SRADA,18.2
1994,NE,September,PRCP,1454.5
1995,EN,September,TMAXA,30.4
1995,EN,September,TMINA,17.8
1995,EN,September,SRADA,18.7
1995,EN,September,PRCP,1132.5
1996,LA,September,TMAXA,30.4
1996,LA,September,TMINA,17.6
1996,LA,September,SRADA,18.9
1996,LA,September,PRCP,1437.9
1997,NE,September,TMAXA,29.4
1997,NE,September,TMINA,17.5
1997,NE,September,SRADA,18.1
1997,NE,September,PRCP,1488.6
1998,EN,September,TMAXA,31.6
1998,EN,September,TMINA,18.5
1998,EN,September,SRADA,19.2
1998,EN,September,PRCP,879.5
1999,LA,September,TMAXA,30.6
1999,LA,September,TMINA,17.7
1999,LA,September,SRADA,18.9
1999,LA,September,PRCP,1083.6
2000,LA,September,TMAXA,29.9
2000,LA,September,TMINA,17.5
2000,LA,September,SRADA,18.3
2000,LA,September,PRCP,1467.9
2001,NE,September,TMAXA,30.8
2001,NE,September,TMINA,17.6
2001,NE,September,SRADA,19.2
2001,NE,September,PRCP,923.1
2002,NE,September,TMAXA,30.2
2002,NE,September,TMINA,17.7
2002,NE,September,SRADA,18.3
2002,NE,September,PRCP,1367.6
2003,EN,September,TMAXA,30.7
2003,EN,September,TMINA,17.8
2003,EN,September,SRADA,18.9
2003,EN,September,PRCP,1316.3
2004,NE,September,TMAXA,29.9
2004,NE,September,TMINA,17.5
2004,NE,September,SRADA,17.8
2004,NE,September,PRCP,1452.2
2005,NE,September,TMAXA,30.7
2005,NE,September,TMINA,18.3
2005,NE,September,SRADA,18.7
2005,NE,September,PRCP,1467.5
2006,NE,September,TMAXA,30.4
2006,NE,September,TMINA,17.9
2006,NE,September,SRADA,18.4
2006,NE,September,PRCP,1515.7
2007,EN,September,TMAXA,30.3
2007,EN,September,TMINA,17.6
2007,EN,September,SRADA,18.7
2007,EN,September,PRCP,1529.6
2008,LA,September,TMAXA,30.6
2008,LA,September,TMINA,17.6
2008,LA,September,SRADA,20
2008,LA,September,PRCP,1080.6
2009,NE,September,TMAXA,30.3
2009,NE,September,TMINA,18.2
2009,NE,September,SRADA,19.1
2009,NE,September,PRCP,1259.5
2010,EN,September,TMAXA,30.5
2010,EN,September,TMINA,17.6
2010,EN,September,SRADA,20.4
2010,EN,September,PRCP,1250.2
2011,LA,September,TMAXA,30.5
2011,LA,September,TMINA,17.8
2011,LA,September,SRADA,19.7
2011,LA,September,PRCP,1449.8
2012,LA,September,TMAXA,30.1
2012,LA,September,TMINA,18
2012,LA,September,SRADA,19.2
2012,LA,September,PRCP,1154.4
2013,NE,September,TMAXA,30.6
2013,NE,September,TMINA,18.2
2013,NE,September,SRADA,19.9
2013,NE,September,PRCP,1232.3
2014,NE,September,TMAXA,30.4
2014,NE,September,TMINA,17.9
2014,NE,September,SRADA,19.7
2014,NE,September,PRCP,1135.9
2015,EN,September,TMAXA,30.9
2015,EN,September,TMINA,18.4
2015,EN,September,SRADA,19.8
2015,EN,September,PRCP,1201.6
2016,EN,September,TMAXA,32.5
2016,EN,September,TMINA,18.9
2016,EN,September,SRADA,20.8
2016,EN,September,PRCP,1084.1
2017,NE,September,TMAXA,31.1
2017,NE,September,TMINA,18.6
2017,NE,September,SRADA,20.1
2017,NE,September,PRCP,1006.8
2018,LA,September,TMAXA,30.6
2018,LA,September,TMINA,17.7
2018,LA,September,SRADA,19.6
2018,LA,September,PRCP,1186.1
2019,EN,September,TMAXA,30.9
2019,EN,September,TMINA,16.8
2019,EN,September,SRADA,20
2019,EN,September,PRCP,1456.1
1963,NE,September,TMAXA,31.9
1963,NE,September,TMINA,17.3
1963,NE,September,SRADA,18.6
1963,NE,September,PRCP,1408.5
1964,EN,September,TMAXA,32.5
1964,EN,September,TMINA,17.9
1964,EN,September,SRADA,19.1
1964,EN,September,PRCP,1305.8
1965,LA,September,TMAXA,31.5
1965,LA,September,TMINA,18
1965,LA,September,SRADA,18.5
1965,LA,September,PRCP,1537.8
1966,EN,September,TMAXA,31.9
1966,EN,September,TMINA,18.3
1966,EN,September,SRADA,18.9
1966,EN,September,PRCP,1507.8
1967,NE,September,TMAXA,31.9
1967,NE,September,TMINA,18.8
1967,NE,September,SRADA,19.1
1967,NE,September,PRCP,1058.6
1968,NE,September,TMAXA,30.9
1968,NE,September,TMINA,17.9
1968,NE,September,SRADA,19.1
1968,NE,September,PRCP,1348.9
1969,EN,September,TMAXA,31.7
1969,EN,September,TMINA,18.8
1969,EN,September,SRADA,19.7
1969,EN,September,PRCP,1480.2
1970,NE,September,TMAXA,31.7
1970,NE,September,TMINA,18.7
1970,NE,September,SRADA,19.5
1970,NE,September,PRCP,1346.8
1971,LA,September,TMAXA,31.5
1971,LA,September,TMINA,17.9
1971,LA,September,SRADA,18.8
1971,LA,September,PRCP,1291.3
1972,LA,September,TMAXA,31.6
1972,LA,September,TMINA,18.5
1972,LA,September,SRADA,18.3
1972,LA,September,PRCP,1390.4
1973,EN,September,TMAXA,32.3
1973,EN,September,TMINA,19.5
1973,EN,September,SRADA,18.4
1973,EN,September,PRCP,1442.6
1974,LA,September,TMAXA,31.4
1974,LA,September,TMINA,18.9
1974,LA,September,SRADA,17.8
1974,LA,September,PRCP,1717.9
1975,LA,September,TMAXA,32
1975,LA,September,TMINA,18.3
1975,LA,September,SRADA,18.4
1975,LA,September,PRCP,1532.8
1976,LA,September,TMAXA,31.5
1976,LA,September,TMINA,18.4
1976,LA,September,SRADA,17.8
1976,LA,September,PRCP,1545.7
1977,EN,September,TMAXA,30.9
1977,EN,September,TMINA,18.6
1977,EN,September,SRADA,17.8
1977,EN,September,PRCP,1478.4
1978,NE,September,TMAXA,30.9
1978,NE,September,TMINA,18.5
1978,NE,September,SRADA,17.3
1978,NE,September,PRCP,1613.3
1979,NE,September,TMAXA,30.5
1979,NE,September,TMINA,13.4
1979,NE,September,SRADA,17
1979,NE,September,PRCP,2017.4
1980,NE,September,TMAXA,31.1
1980,NE,September,TMINA,17.1
1980,NE,September,SRADA,16.9
1980,NE,September,PRCP,1438.1
1981,NE,September,TMAXA,30.7
1981,NE,September,TMINA,16.4
1981,NE,September,SRADA,17.6
1981,NE,September,PRCP,1578.5
1982,NE,September,TMAXA,30.7
1982,NE,September,TMINA,18
1982,NE,September,SRADA,16.8
1982,NE,September,PRCP,1661.4
1983,EN,September,TMAXA,31
1983,EN,September,TMINA,17.8
1983,EN,September,SRADA,17.1
1983,EN,September,PRCP,1438.8
1984,NE,September,TMAXA,30.8
1984,NE,September,TMINA,17.6
1984,NE,September,SRADA,17.6
1984,NE,September,PRCP,1567.9
1985,LA,September,TMAXA,31
1985,LA,September,TMINA,17.7
1985,LA,September,SRADA,17.5
1985,LA,September,PRCP,1496.5
1986,NE,September,TMAXA,30.9
1986,NE,September,TMINA,17.9
1986,NE,September,SRADA,18.3
1986,NE,September,PRCP,1641.3
1987,EN,September,TMAXA,31
1987,EN,September,TMINA,17.7
1987,EN,September,SRADA,18
1987,EN,September,PRCP,1886.1
1988,EN,September,TMAXA,31
1988,EN,September,TMINA,19.5
1988,EN,September,SRADA,18
1988,EN,September,PRCP,1814.4
1989,LA,September,TMAXA,30.7
1989,LA,September,TMINA,19.8
1989,LA,September,SRADA,18.1
1989,LA,September,PRCP,1738.6
1990,NE,September,TMAXA,31.2
1990,NE,September,TMINA,18.7
1990,NE,September,SRADA,18.3
1990,NE,September,PRCP,1727.4
1991,NE,September,TMAXA,31.4
1991,NE,September,TMINA,18.2
1991,NE,September,SRADA,17.9
1991,NE,September,PRCP,1643.9
1992,EN,September,TMAXA,31.2
1992,EN,September,TMINA,17.9
1992,EN,September,SRADA,17.3
1992,EN,September,PRCP,1526.1
1993,NE,September,TMAXA,31
1993,NE,September,TMINA,17.3
1993,NE,September,SRADA,17.5
1993,NE,September,PRCP,1554.1
1994,NE,September,TMAXA,31.9
1994,NE,September,TMINA,18.8
1994,NE,September,SRADA,18.3
1994,NE,September,PRCP,1339.4
1995,EN,September,TMAXA,32
1995,EN,September,TMINA,19
1995,EN,September,SRADA,17.7
1995,EN,September,PRCP,1731.3
1996,LA,September,TMAXA,31.6
1996,LA,September,TMINA,18.4
1996,LA,September,SRADA,18.4
1996,LA,September,PRCP,1534.7
1997,NE,September,TMAXA,31.5
1997,NE,September,TMINA,18.3
1997,NE,September,SRADA,17.5
1997,NE,September,PRCP,1631.4
1998,EN,September,TMAXA,32.6
1998,EN,September,TMINA,19.4
1998,EN,September,SRADA,18.2
1998,EN,September,PRCP,1600.2
1999,LA,September,TMAXA,32.1
1999,LA,September,TMINA,18.2
1999,LA,September,SRADA,18
1999,LA,September,PRCP,1359.2
2000,LA,September,TMAXA,31.6
2000,LA,September,TMINA,18.7
2000,LA,September,SRADA,18.2
2000,LA,September,PRCP,1368.8
2001,NE,September,TMAXA,31.7
2001,NE,September,TMINA,18.9
2001,NE,September,SRADA,18.5
2001,NE,September,PRCP,1286.2
2002,NE,September,TMAXA,31.7
2002,NE,September,TMINA,19.1
2002,NE,September,SRADA,17.5
2002,NE,September,PRCP,1766
2003,EN,September,TMAXA,32.1
2003,EN,September,TMINA,19.2
2003,EN,September,SRADA,17.6
2003,EN,September,PRCP,1654.3
2004,NE,September,TMAXA,31.9
2004,NE,September,TMINA,18.9
2004,NE,September,SRADA,17.3
2004,NE,September,PRCP,1360.1
2005,NE,September,TMAXA,32.2
2005,NE,September,TMINA,19.2
2005,NE,September,SRADA,18
2005,NE,September,PRCP,1151.1
2006,NE,September,TMAXA,32.1
2006,NE,September,TMINA,18.7
2006,NE,September,SRADA,17.5
2006,NE,September,PRCP,1400
2007,EN,September,TMAXA,32.2
2007,EN,September,TMINA,18.4
2007,EN,September,SRADA,17.6
2007,EN,September,PRCP,1335.3
2008,LA,September,TMAXA,32.1
2008,LA,September,TMINA,18.7
2008,LA,September,SRADA,17.1
2008,LA,September,PRCP,681.9
2009,NE,September,TMAXA,32.4
2009,NE,September,TMINA,18.9
2009,NE,September,SRADA,17.9
2009,NE,September,PRCP,1013.6
2010,EN,September,TMAXA,32.5
2010,EN,September,TMINA,18.7
2010,EN,September,SRADA,17.4
2010,EN,September,PRCP,1373.7
2011,LA,September,TMAXA,32.5
2011,LA,September,TMINA,18.9
2011,LA,September,SRADA,17.8
2011,LA,September,PRCP,1338.9
2012,LA,September,TMAXA,32.3
2012,LA,September,TMINA,18.7
2012,LA,September,SRADA,18.6
2012,LA,September,PRCP,1339
2013,NE,September,TMAXA,32.3
2013,NE,September,TMINA,19.1
2013,NE,September,SRADA,16.9
2013,NE,September,PRCP,1188.2
2014,NE,September,TMAXA,32.2
2014,NE,September,TMINA,19.3
2014,NE,September,SRADA,16.6
2014,NE,September,PRCP,1291.4
2015,EN,September,TMAXA,32.7
2015,EN,September,TMINA,19.6
2015,EN,September,SRADA,16.2
2015,EN,September,PRCP,1474.6
2016,EN,September,TMAXA,33.1
2016,EN,September,TMINA,19.7
2016,EN,September,SRADA,17
2016,EN,September,PRCP,791.8
2017,NE,September,TMAXA,33
2017,NE,September,TMINA,20.2
2017,NE,September,SRADA,17.4
2017,NE,September,PRCP,1345.3
2018,LA,September,TMAXA,32.8
2018,LA,September,TMINA,20
2018,LA,September,SRADA,16.9
2018,LA,September,PRCP,1468
2019,EN,September,TMAXA,33.5
2019,EN,September,TMINA,20.5
2019,EN,September,SRADA,17.2
2019,EN,September,PRCP,1521.2
1963,NE,September,TMAXA,30.9
1963,NE,September,TMINA,16.6
1963,NE,September,SRADA,17.6
1963,NE,September,PRCP,606.3
1964,EN,September,TMAXA,30.5
1964,EN,September,TMINA,17.6
1964,EN,September,SRADA,16.6
1964,EN,September,PRCP,1048.7
1965,LA,September,TMAXA,30.3
1965,LA,September,TMINA,17.6
1965,LA,September,SRADA,16.5
1965,LA,September,PRCP,608
1966,EN,September,TMAXA,31.2
1966,EN,September,TMINA,17.9
1966,EN,September,SRADA,17.9
1966,EN,September,PRCP,672.1
1967,NE,September,TMAXA,32.4
1967,NE,September,TMINA,18.5
1967,NE,September,SRADA,18
1967,NE,September,PRCP,567.1
1968,NE,September,TMAXA,29.7
1968,NE,September,TMINA,16.9
1968,NE,September,SRADA,16.9
1968,NE,September,PRCP,1000.1
1969,EN,September,TMAXA,30.2
1969,EN,September,TMINA,18
1969,EN,September,SRADA,18.2
1969,EN,September,PRCP,843.5
1970,NE,September,TMAXA,29.9
1970,NE,September,TMINA,18.5
1970,NE,September,SRADA,17.4
1970,NE,September,PRCP,822.1
1971,LA,September,TMAXA,30.9
1971,LA,September,TMINA,18.7
1971,LA,September,SRADA,18.5
1971,LA,September,PRCP,799.7
1972,LA,September,TMAXA,30.7
1972,LA,September,TMINA,18.5
1972,LA,September,SRADA,18.1
1972,LA,September,PRCP,897.8
1973,EN,September,TMAXA,31.7
1973,EN,September,TMINA,19.2
1973,EN,September,SRADA,18.7
1973,EN,September,PRCP,710
1974,LA,September,TMAXA,30.4
1974,LA,September,TMINA,18.8
1974,LA,September,SRADA,17.7
1974,LA,September,PRCP,814.4
1975,LA,September,TMAXA,30.2
1975,LA,September,TMINA,18.5
1975,LA,September,SRADA,17.9
1975,LA,September,PRCP,795.2
1976,LA,September,TMAXA,31.4
1976,LA,September,TMINA,19.5
1976,LA,September,SRADA,18.4
1976,LA,September,PRCP,514.1
1977,EN,September,TMAXA,30
1977,EN,September,TMINA,18.9
1977,EN,September,SRADA,17
1977,EN,September,PRCP,921.9
1978,NE,September,TMAXA,29.6
1978,NE,September,TMINA,18.9
1978,NE,September,SRADA,16.3
1978,NE,September,PRCP,945.6
1979,NE,September,TMAXA,28.9
1979,NE,September,TMINA,17.5
1979,NE,September,SRADA,15.8
1979,NE,September,PRCP,1324.6
1980,NE,September,TMAXA,29.6
1980,NE,September,TMINA,18.4
1980,NE,September,SRADA,16.3
1980,NE,September,PRCP,887.7
1981,NE,September,TMAXA,29.4
1981,NE,September,TMINA,17.5
1981,NE,September,SRADA,16.2
1981,NE,September,PRCP,908.5
1982,NE,September,TMAXA,29
1982,NE,September,TMINA,17.9
1982,NE,September,SRADA,15.6
1982,NE,September,PRCP,775.8
1983,EN,September,TMAXA,30.3
1983,EN,September,TMINA,19
1983,EN,September,SRADA,16.5
1983,EN,September,PRCP,953.4
1984,NE,September,TMAXA,31.3
1984,NE,September,TMINA,19
1984,NE,September,SRADA,16.8
1984,NE,September,PRCP,825.2
1985,LA,September,TMAXA,30.6
1985,LA,September,TMINA,18.2
1985,LA,September,SRADA,16.8
1985,LA,September,PRCP,1037.6
1986,NE,September,TMAXA,30.1
1986,NE,September,TMINA,17.9
1986,NE,September,SRADA,17.4
1986,NE,September,PRCP,737.8
1987,EN,September,TMAXA,31.4
1987,EN,September,TMINA,18.3
1987,EN,September,SRADA,17.7
1987,EN,September,PRCP,782.8
1988,EN,September,TMAXA,31.7
1988,EN,September,TMINA,19.4
1988,EN,September,SRADA,18
1988,EN,September,PRCP,770.2
1989,LA,September,TMAXA,31.7
1989,LA,September,TMINA,19.5
1989,LA,September,SRADA,18.1
1989,LA,September,PRCP,505.3
1990,NE,September,TMAXA,30.7
1990,NE,September,TMINA,18.8
1990,NE,September,SRADA,17.4
1990,NE,September,PRCP,955.2
1991,NE,September,TMAXA,30.6
1991,NE,September,TMINA,18.8
1991,NE,September,SRADA,17
1991,NE,September,PRCP,789.6
1992,EN,September,TMAXA,30.2
1992,EN,September,TMINA,19
1992,EN,September,SRADA,15.8
1992,EN,September,PRCP,908
1993,NE,September,TMAXA,30.7
1993,NE,September,TMINA,18.3
1993,NE,September,SRADA,17
1993,NE,September,PRCP,964.6
1994,NE,September,TMAXA,31.9
1994,NE,September,TMINA,19.5
1994,NE,September,SRADA,17.8
1994,NE,September,PRCP,629.7
1995,EN,September,TMAXA,32.1
1995,EN,September,TMINA,19.6
1995,EN,September,SRADA,17.9
1995,EN,September,PRCP,500.6
1996,LA,September,TMAXA,32
1996,LA,September,TMINA,19.4
1996,LA,September,SRADA,18
1996,LA,September,PRCP,700.1
1997,NE,September,TMAXA,30.8
1997,NE,September,TMINA,18.7
1997,NE,September,SRADA,17.2
1997,NE,September,PRCP,828.6
1998,EN,September,TMAXA,33.5
1998,EN,September,TMINA,20.7
1998,EN,September,SRADA,18.6
1998,EN,September,PRCP,463.3
1999,LA,September,TMAXA,31.8
1999,LA,September,TMINA,19.6
1999,LA,September,SRADA,18.1
1999,LA,September,PRCP,774
2000,LA,September,TMAXA,30.6
2000,LA,September,TMINA,19
2000,LA,September,SRADA,17.1
2000,LA,September,PRCP,930.7
2001,NE,September,TMAXA,31.7
2001,NE,September,TMINA,19.5
2001,NE,September,SRADA,18.5
2001,NE,September,PRCP,817.5
2002,NE,September,TMAXA,31
2002,NE,September,TMINA,19.5
2002,NE,September,SRADA,17.4
2002,NE,September,PRCP,903
2003,EN,September,TMAXA,31.8
2003,EN,September,TMINA,19.6
2003,EN,September,SRADA,17.9
2003,EN,September,PRCP,588.9
2004,NE,September,TMAXA,30.5
2004,NE,September,TMINA,19.3
2004,NE,September,SRADA,17.1
2004,NE,September,PRCP,794.1
2005,NE,September,TMAXA,31.7
2005,NE,September,TMINA,19.6
2005,NE,September,SRADA,17.7
2005,NE,September,PRCP,706.5
2006,NE,September,TMAXA,31.3
2006,NE,September,TMINA,19.1
2006,NE,September,SRADA,17.7
2006,NE,September,PRCP,638.7
2007,EN,September,TMAXA,30.9
2007,EN,September,TMINA,18.8
2007,EN,September,SRADA,17.3
2007,EN,September,PRCP,1028.7
2008,LA,September,TMAXA,32.4
2008,LA,September,TMINA,19.1
2008,LA,September,SRADA,18.8
2008,LA,September,PRCP,508.9
2009,NE,September,TMAXA,31.8
2009,NE,September,TMINA,19.7
2009,NE,September,SRADA,17.7
2009,NE,September,PRCP,797.4
2010,EN,September,TMAXA,32
2010,EN,September,TMINA,19.4
2010,EN,September,SRADA,18.9
2010,EN,September,PRCP,864.1
2011,LA,September,TMAXA,32.1
2011,LA,September,TMINA,19.1
2011,LA,September,SRADA,18.3
2011,LA,September,PRCP,702.5
2012,LA,September,TMAXA,31.8
2012,LA,September,TMINA,19.1
2012,LA,September,SRADA,17.8
2012,LA,September,PRCP,562.6
2013,NE,September,TMAXA,32.5
2013,NE,September,TMINA,19.8
2013,NE,September,SRADA,18.6
2013,NE,September,PRCP,653.6
2014,NE,September,TMAXA,32.4
2014,NE,September,TMINA,19.2
2014,NE,September,SRADA,18.5
2014,NE,September,PRCP,543.8
2015,EN,September,TMAXA,32.4
2015,EN,September,TMINA,19.5
2015,EN,September,SRADA,18.3
2015,EN,September,PRCP,661.7
2016,EN,September,TMAXA,33.8
2016,EN,September,TMINA,19.7
2016,EN,September,SRADA,19.7
2016,EN,September,PRCP,594
2017,NE,September,TMAXA,32
2017,NE,September,TMINA,19.2
2017,NE,September,SRADA,18.5
2017,NE,September,PRCP,565.4
2018,LA,September,TMAXA,32.1
2018,LA,September,TMINA,19.4
2018,LA,September,SRADA,18.8
2018,LA,September,PRCP,730.2
2019,EN,September,TMAXA,33.1
2019,EN,September,TMINA,20.1
2019,EN,September,SRADA,19.3
2019,EN,September,PRCP,550.1
1963,NE,October,TMAXA,32.2
1963,NE,October,TMINA,17.4
1963,NE,October,SRADA,18.4
1963,NE,October,PRCP,1561.1
1964,NE,October,TMAXA,32.4
1964,NE,October,TMINA,18
1964,NE,October,SRADA,18.6
1964,NE,October,PRCP,1458.9
1965,EN,October,TMAXA,32
1965,EN,October,TMINA,17.9
1965,EN,October,SRADA,18.3
1965,EN,October,PRCP,2069.4
1966,EN,October,TMAXA,32.6
1966,EN,October,TMINA,18.1
1966,EN,October,SRADA,18.8
1966,EN,October,PRCP,1738.2
1967,NE,October,TMAXA,32.3
1967,NE,October,TMINA,19.2
1967,NE,October,SRADA,19.3
1967,NE,October,PRCP,1342.4
1968,NE,October,TMAXA,31.3
1968,NE,October,TMINA,18.4
1968,NE,October,SRADA,19.2
1968,NE,October,PRCP,1695.6
1969,EN,October,TMAXA,32.1
1969,EN,October,TMINA,19.6
1969,EN,October,SRADA,19.3
1969,EN,October,PRCP,1459.1
1970,NE,October,TMAXA,32
1970,NE,October,TMINA,19.4
1970,NE,October,SRADA,18.8
1970,NE,October,PRCP,1680.4
1971,LA,October,TMAXA,31.5
1971,LA,October,TMINA,18.2
1971,LA,October,SRADA,18.2
1971,LA,October,PRCP,1720.7
1972,EN,October,TMAXA,31.6
1972,EN,October,TMINA,19
1972,EN,October,SRADA,18.3
1972,EN,October,PRCP,1660
1973,EN,October,TMAXA,32
1973,EN,October,TMINA,18.7
1973,EN,October,SRADA,18.2
1973,EN,October,PRCP,2034.6
1974,LA,October,TMAXA,29.1
1974,LA,October,TMINA,19.9
1974,LA,October,SRADA,17.9
1974,LA,October,PRCP,1846.6
1975,LA,October,TMAXA,31.4
1975,LA,October,TMINA,19.5
1975,LA,October,SRADA,17.5
1975,LA,October,PRCP,1721.5
1976,LA,October,TMAXA,31.3
1976,LA,October,TMINA,15.3
1976,LA,October,SRADA,17.6
1976,LA,October,PRCP,2306.6
1977,EN,October,TMAXA,31.2
1977,EN,October,TMINA,15.4
1977,EN,October,SRADA,17
1977,EN,October,PRCP,1589.5
1978,NE,October,TMAXA,31
1978,NE,October,TMINA,19
1978,NE,October,SRADA,17.2
1978,NE,October,PRCP,2219.4
1979,NE,October,TMAXA,31.2
1979,NE,October,TMINA,18.5
1979,NE,October,SRADA,16.1
1979,NE,October,PRCP,2072.6
1980,NE,October,TMAXA,31.9
1980,NE,October,TMINA,18.7
1980,NE,October,SRADA,16.1
1980,NE,October,PRCP,2078.8
1981,NE,October,TMAXA,31.3
1981,NE,October,TMINA,18.6
1981,NE,October,SRADA,15.3
1981,NE,October,PRCP,1689.2
1982,NE,October,TMAXA,31.3
1982,NE,October,TMINA,20.3
1982,NE,October,SRADA,16.1
1982,NE,October,PRCP,2015.5
1983,EN,October,TMAXA,32.1
1983,EN,October,TMINA,18.9
1983,EN,October,SRADA,16.7
1983,EN,October,PRCP,1691.4
1984,NE,October,TMAXA,31.7
1984,NE,October,TMINA,18.3
1984,NE,October,SRADA,17
1984,NE,October,PRCP,1751.7
1985,LA,October,TMAXA,31.7
1985,LA,October,TMINA,18.9
1985,LA,October,SRADA,16.6
1985,LA,October,PRCP,1638.3
1986,NE,October,TMAXA,31.7
1986,NE,October,TMINA,19.4
1986,NE,October,SRADA,17.2
1986,NE,October,PRCP,1482.2
1987,EN,October,TMAXA,32.8
1987,EN,October,TMINA,19.8
1987,EN,October,SRADA,17.5
1987,EN,October,PRCP,1543.2
1988,NE,October,TMAXA,32.5
1988,NE,October,TMINA,19.6
1988,NE,October,SRADA,17.1
1988,NE,October,PRCP,1862
1989,LA,October,TMAXA,31.2
1989,LA,October,TMINA,19.5
1989,LA,October,SRADA,16.7
1989,LA,October,PRCP,1733.5
1990,NE,October,TMAXA,31.1
1990,NE,October,TMINA,19.6
1990,NE,October,SRADA,16.5
1990,NE,October,PRCP,1843.9
1991,NE,October,TMAXA,31.5
1991,NE,October,TMINA,19.2
1991,NE,October,SRADA,16.3
1991,NE,October,PRCP,2002.8
1992,EN,October,TMAXA,29.9
1992,EN,October,TMINA,18.3
1992,EN,October,SRADA,16
1992,EN,October,PRCP,2177.9
1993,NE,October,TMAXA,31.4
1993,NE,October,TMINA,19.3
1993,NE,October,SRADA,16.5
1993,NE,October,PRCP,1780.4
1994,NE,October,TMAXA,31.5
1994,NE,October,TMINA,19.9
1994,NE,October,SRADA,16.5
1994,NE,October,PRCP,2410.2
1995,EN,October,TMAXA,31.6
1995,EN,October,TMINA,19.6
1995,EN,October,SRADA,16.2
1995,EN,October,PRCP,2201.5
1996,LA,October,TMAXA,31.9
1996,LA,October,TMINA,19.5
1996,LA,October,SRADA,17.6
1996,LA,October,PRCP,1617.8
1997,NE,October,TMAXA,31.7
1997,NE,October,TMINA,19.8
1997,NE,October,SRADA,17.4
1997,NE,October,PRCP,1598.9
1998,EN,October,TMAXA,33.3
1998,EN,October,TMINA,20.1
1998,EN,October,SRADA,17.7
1998,EN,October,PRCP,1436.2
1999,LA,October,TMAXA,32.6
1999,LA,October,TMINA,19.4
1999,LA,October,SRADA,17.5
1999,LA,October,PRCP,1555.4
2000,LA,October,TMAXA,32.7
2000,LA,October,TMINA,19.7
2000,LA,October,SRADA,17.7
2000,LA,October,PRCP,1717.8
2001,NE,October,TMAXA,32.3
2001,NE,October,TMINA,19.7
2001,NE,October,SRADA,17.7
2001,NE,October,PRCP,1497.8
2002,NE,October,TMAXA,33.1
2002,NE,October,TMINA,20
2002,NE,October,SRADA,17.9
2002,NE,October,PRCP,1672.3
2003,NE,October,TMAXA,32.3
2003,NE,October,TMINA,20.2
2003,NE,October,SRADA,17.6
2003,NE,October,PRCP,1943.1
2004,NE,October,TMAXA,32.1
2004,NE,October,TMINA,20.2
2004,NE,October,SRADA,17.1
2004,NE,October,PRCP,2511.4
2005,NE,October,TMAXA,32.6
2005,NE,October,TMINA,20.4
2005,NE,October,SRADA,17.6
2005,NE,October,PRCP,1584.8
2006,NE,October,TMAXA,32.5
2006,NE,October,TMINA,20.3
2006,NE,October,SRADA,17.5
2006,NE,October,PRCP,1919.2
2007,NE,October,TMAXA,32.9
2007,NE,October,TMINA,19.9
2007,NE,October,SRADA,18
2007,NE,October,PRCP,1701
2008,LA,October,TMAXA,32.6
2008,LA,October,TMINA,19.9
2008,LA,October,SRADA,18
2008,LA,October,PRCP,1883.6
2009,LA,October,TMAXA,32.4
2009,LA,October,TMINA,20.5
2009,LA,October,SRADA,17.2
2009,LA,October,PRCP,1697.1
2010,EN,October,TMAXA,33.7
2010,EN,October,TMINA,19.6
2010,EN,October,SRADA,17.5
2010,EN,October,PRCP,1639.6
2011,LA,October,TMAXA,32.6
2011,LA,October,TMINA,20.1
2011,LA,October,SRADA,18.3
2011,LA,October,PRCP,1762.4
2012,LA,October,TMAXA,32.5
2012,LA,October,TMINA,20.1
2012,LA,October,SRADA,18.1
2012,LA,October,PRCP,1674.2
2013,NE,October,TMAXA,32.6
2013,NE,October,TMINA,20.5
2013,NE,October,SRADA,18
2013,NE,October,PRCP,1705.3
2014,NE,October,TMAXA,32.6
2014,NE,October,TMINA,20.6
2014,NE,October,SRADA,17.8
2014,NE,October,PRCP,1078.6
2015,EN,October,TMAXA,32.8
2015,EN,October,TMINA,20.8
2015,EN,October,SRADA,17.4
2015,EN,October,PRCP,1419.8
2016,EN,October,TMAXA,33.4
2016,EN,October,TMINA,21
2016,EN,October,SRADA,17.7
2016,EN,October,PRCP,1526.4
2017,NE,October,TMAXA,32.7
2017,NE,October,TMINA,20.6
2017,NE,October,SRADA,17.3
2017,NE,October,PRCP,1936.8
2018,LA,October,TMAXA,32.5
2018,LA,October,TMINA,20.5
2018,LA,October,SRADA,17.4
2018,LA,October,PRCP,2270.8
2019,EN,October,TMAXA,32.9
2019,EN,October,TMINA,20.4
2019,EN,October,SRADA,17.2
2019,EN,October,PRCP,2003.1
1963,NE,October,TMAXA,32.7
1963,NE,October,TMINA,17.3
1963,NE,October,SRADA,19.1
1963,NE,October,PRCP,1437.1
1964,NE,October,TMAXA,32.6
1964,NE,October,TMINA,18
1964,NE,October,SRADA,18.8
1964,NE,October,PRCP,1512.9
1965,EN,October,TMAXA,32.1
1965,EN,October,TMINA,18
1965,EN,October,SRADA,18.4
1965,EN,October,PRCP,1952.9
1966,EN,October,TMAXA,32.7
1966,EN,October,TMINA,18
1966,EN,October,SRADA,18.9
1966,EN,October,PRCP,1855.9
1967,NE,October,TMAXA,32.6
1967,NE,October,TMINA,19.1
1967,NE,October,SRADA,19.3
1967,NE,October,PRCP,1433.8
1968,NE,October,TMAXA,31.8
1968,NE,October,TMINA,18.8
1968,NE,October,SRADA,19
1968,NE,October,PRCP,1489.7
1969,EN,October,TMAXA,32.4
1969,EN,October,TMINA,19.8
1969,EN,October,SRADA,19.4
1969,EN,October,PRCP,974.7
1970,NE,October,TMAXA,32
1970,NE,October,TMINA,19.4
1970,NE,October,SRADA,19.2
1970,NE,October,PRCP,1523.7
1971,LA,October,TMAXA,32
1971,LA,October,TMINA,19.1
1971,LA,October,SRADA,18.8
1971,LA,October,PRCP,1297.5
1972,EN,October,TMAXA,31.8
1972,EN,October,TMINA,19
1972,EN,October,SRADA,18.4
1972,EN,October,PRCP,1595.1
1973,EN,October,TMAXA,32
1973,EN,October,TMINA,19.7
1973,EN,October,SRADA,18.2
1973,EN,October,PRCP,1704.3
1974,LA,October,TMAXA,30.9
1974,LA,October,TMINA,19.3
1974,LA,October,SRADA,18
1974,LA,October,PRCP,1614.6
1975,LA,October,TMAXA,32.1
1975,LA,October,TMINA,18.9
1975,LA,October,SRADA,18.4
1975,LA,October,PRCP,1300.6
1976,LA,October,TMAXA,31.6
1976,LA,October,TMINA,18
1976,LA,October,SRADA,18.2
1976,LA,October,PRCP,1446.2
1977,EN,October,TMAXA,31.5
1977,EN,October,TMINA,18.4
1977,EN,October,SRADA,17.3
1977,EN,October,PRCP,1861.2
1978,NE,October,TMAXA,30.8
1978,NE,October,TMINA,19.4
1978,NE,October,SRADA,17.2
1978,NE,October,PRCP,2067.1
1979,NE,October,TMAXA,31.2
1979,NE,October,TMINA,18
1979,NE,October,SRADA,16.7
1979,NE,October,PRCP,1722.8
1980,NE,October,TMAXA,32
1980,NE,October,TMINA,18.8
1980,NE,October,SRADA,16.7
1980,NE,October,PRCP,1656.6
1981,NE,October,TMAXA,31.7
1981,NE,October,TMINA,18.5
1981,NE,October,SRADA,16.5
1981,NE,October,PRCP,1683.8
1982,NE,October,TMAXA,31.3
1982,NE,October,TMINA,19.7
1982,NE,October,SRADA,16.8
1982,NE,October,PRCP,1638.2
1983,EN,October,TMAXA,32.2
1983,EN,October,TMINA,19.3
1983,EN,October,SRADA,17
1983,EN,October,PRCP,1634.4
1984,NE,October,TMAXA,31.6
1984,NE,October,TMINA,18.8
1984,NE,October,SRADA,17.3
1984,NE,October,PRCP,1650.1
1985,LA,October,TMAXA,31.7
1985,LA,October,TMINA,18.7
1985,LA,October,SRADA,16.9
1985,LA,October,PRCP,1632.2
1986,NE,October,TMAXA,31.8
1986,NE,October,TMINA,19.1
1986,NE,October,SRADA,17.6
1986,NE,October,PRCP,1740
1987,EN,October,TMAXA,32.5
1987,EN,October,TMINA,19.5
1987,EN,October,SRADA,17.9
1987,EN,October,PRCP,1547.4
1988,NE,October,TMAXA,32.2
1988,NE,October,TMINA,17.4
1988,NE,October,SRADA,18
1988,NE,October,PRCP,1970.7
1989,LA,October,TMAXA,31.8
1989,LA,October,TMINA,17.3
1989,LA,October,SRADA,18.3
1989,LA,October,PRCP,1760.7
1990,NE,October,TMAXA,31.5
1990,NE,October,TMINA,19.5
1990,NE,October,SRADA,18.3
1990,NE,October,PRCP,2220.7
1991,NE,October,TMAXA,32.1
1991,NE,October,TMINA,19.8
1991,NE,October,SRADA,18
1991,NE,October,PRCP,1924.3
1992,EN,October,TMAXA,31.6
1992,EN,October,TMINA,19.6
1992,EN,October,SRADA,17.2
1992,EN,October,PRCP,1755.4
1993,NE,October,TMAXA,31.8
1993,NE,October,TMINA,19.2
1993,NE,October,SRADA,17.1
1993,NE,October,PRCP,1610.6
1994,NE,October,TMAXA,32.2
1994,NE,October,TMINA,19.5
1994,NE,October,SRADA,17.7
1994,NE,October,PRCP,1733
1995,EN,October,TMAXA,32.3
1995,EN,October,TMINA,19.1
1995,EN,October,SRADA,17.3
1995,EN,October,PRCP,1841
1996,LA,October,TMAXA,32.6
1996,LA,October,TMINA,19.6
1996,LA,October,SRADA,18.2
1996,LA,October,PRCP,1343.8
1997,NE,October,TMAXA,32.5
1997,NE,October,TMINA,19.8
1997,NE,October,SRADA,17.7
1997,NE,October,PRCP,1513.6
1998,EN,October,TMAXA,33.7
1998,EN,October,TMINA,20.8
1998,EN,October,SRADA,18.8
1998,EN,October,PRCP,1329.4
1999,LA,October,TMAXA,32.5
1999,LA,October,TMINA,19.3
1999,LA,October,SRADA,18.9
1999,LA,October,PRCP,1711.8
2000,LA,October,TMAXA,31.9
2000,LA,October,TMINA,19.7
2000,LA,October,SRADA,18.4
2000,LA,October,PRCP,1758.5
2001,NE,October,TMAXA,32.5
2001,NE,October,TMINA,19.8
2001,NE,October,SRADA,18.6
2001,NE,October,PRCP,1385.7
2002,NE,October,TMAXA,32.7
2002,NE,October,TMINA,20
2002,NE,October,SRADA,18.8
2002,NE,October,PRCP,1985.9
2003,NE,October,TMAXA,32.6
2003,NE,October,TMINA,20
2003,NE,October,SRADA,18.6
2003,NE,October,PRCP,1883.1
2004,NE,October,TMAXA,33.1
2004,NE,October,TMINA,20
2004,NE,October,SRADA,18.4
2004,NE,October,PRCP,2347
2005,NE,October,TMAXA,33.4
2005,NE,October,TMINA,20.3
2005,NE,October,SRADA,18.6
2005,NE,October,PRCP,1513.5
2006,NE,October,TMAXA,33.1
2006,NE,October,TMINA,19.9
2006,NE,October,SRADA,18.5
2006,NE,October,PRCP,1737.8
2007,NE,October,TMAXA,33.5
2007,NE,October,TMINA,19.7
2007,NE,October,SRADA,19.3
2007,NE,October,PRCP,1802.5
2008,LA,October,TMAXA,32.8
2008,LA,October,TMINA,19.4
2008,LA,October,SRADA,19.2
2008,LA,October,PRCP,1891.8
2009,LA,October,TMAXA,32.3
2009,LA,October,TMINA,20.1
2009,LA,October,SRADA,18.5
2009,LA,October,PRCP,2314.7
2010,EN,October,TMAXA,33.6
2010,EN,October,TMINA,20.1
2010,EN,October,SRADA,18.9
2010,EN,October,PRCP,1610.3
2011,LA,October,TMAXA,32.6
2011,LA,October,TMINA,20.1
2011,LA,October,SRADA,18.6
2011,LA,October,PRCP,2072.1
2012,LA,October,TMAXA,32.5
2012,LA,October,TMINA,19.7
2012,LA,October,SRADA,18.8
2012,LA,October,PRCP,1590.5
2013,NE,October,TMAXA,32.8
2013,NE,October,TMINA,20.1
2013,NE,October,SRADA,18.7
2013,NE,October,PRCP,2003.5
2014,NE,October,TMAXA,32.9
2014,NE,October,TMINA,20.2
2014,NE,October,SRADA,17.8
2014,NE,October,PRCP,1885.1
2015,EN,October,TMAXA,32.9
2015,EN,October,TMINA,20.5
2015,EN,October,SRADA,19
2015,EN,October,PRCP,2075.1
2016,EN,October,TMAXA,34.1
2016,EN,October,TMINA,20.6
2016,EN,October,SRADA,19.6
2016,EN,October,PRCP,1586.7
2017,NE,October,TMAXA,33.3
2017,NE,October,TMINA,20.3
2017,NE,October,SRADA,19.1
2017,NE,October,PRCP,2203.2
2018,LA,October,TMAXA,32.8
2018,LA,October,TMINA,20.4
2018,LA,October,SRADA,18.8
2018,LA,October,PRCP,1974.3
2019,EN,October,TMAXA,33.6
2019,EN,October,TMINA,20
2019,EN,October,SRADA,17.8
2019,EN,October,PRCP,1414.2
1963,NE,October,TMAXA,32.7
1963,NE,October,TMINA,20.2
1963,NE,October,SRADA,18.1
1963,NE,October,PRCP,1372.8
1964,NE,October,TMAXA,32.8
1964,NE,October,TMINA,20.6
1964,NE,October,SRADA,18.5
1964,NE,October,PRCP,1135.5
1965,EN,October,TMAXA,32.2
1965,EN,October,TMINA,20.3
1965,EN,October,SRADA,18.2
1965,EN,October,PRCP,1502.8
1966,EN,October,TMAXA,33
1966,EN,October,TMINA,20.4
1966,EN,October,SRADA,18.9
1966,EN,October,PRCP,1240.2
1967,NE,October,TMAXA,33.2
1967,NE,October,TMINA,20.3
1967,NE,October,SRADA,19
1967,NE,October,PRCP,1238.7
1968,NE,October,TMAXA,32.2
1968,NE,October,TMINA,19.3
1968,NE,October,SRADA,19.3
1968,NE,October,PRCP,1393.6
1969,EN,October,TMAXA,33.1
1969,EN,October,TMINA,20.5
1969,EN,October,SRADA,19.4
1969,EN,October,PRCP,1464.7
1970,NE,October,TMAXA,33.1
1970,NE,October,TMINA,20.2
1970,NE,October,SRADA,19
1970,NE,October,PRCP,1363
1971,LA,October,TMAXA,32.4
1971,LA,October,TMINA,17.5
1971,LA,October,SRADA,18.1
1971,LA,October,PRCP,1336.7
1972,EN,October,TMAXA,32.5
1972,EN,October,TMINA,19.8
1972,EN,October,SRADA,18.2
1972,EN,October,PRCP,1551.4
1973,EN,October,TMAXA,33.1
1973,EN,October,TMINA,20.7
1973,EN,October,SRADA,18.4
1973,EN,October,PRCP,1449.1
1974,LA,October,TMAXA,31.1
1974,LA,October,TMINA,20.5
1974,LA,October,SRADA,17.6
1974,LA,October,PRCP,1901.3
1975,LA,October,TMAXA,32.3
1975,LA,October,TMINA,20.2
1975,LA,October,SRADA,17.8
1975,LA,October,PRCP,1565.5
1976,LA,October,TMAXA,31.9
1976,LA,October,TMINA,19.7
1976,LA,October,SRADA,17.7
1976,LA,October,PRCP,1828
1977,EN,October,TMAXA,32
1977,EN,October,TMINA,20.1
1977,EN,October,SRADA,17.3
1977,EN,October,PRCP,1676.9
1978,NE,October,TMAXA,32.2
1978,NE,October,TMINA,20.5
1978,NE,October,SRADA,16.9
1978,NE,October,PRCP,1650.7
1979,NE,October,TMAXA,32.1
1979,NE,October,TMINA,20.5
1979,NE,October,SRADA,16.1
1979,NE,October,PRCP,1805.9
1980,NE,October,TMAXA,32.3
1980,NE,October,TMINA,20.5
1980,NE,October,SRADA,16.1
1980,NE,October,PRCP,1540.9
1981,NE,October,TMAXA,32.3
1981,NE,October,TMINA,19.9
1981,NE,October,SRADA,15.9
1981,NE,October,PRCP,1485.3
1982,NE,October,TMAXA,32.1
1982,NE,October,TMINA,21.1
1982,NE,October,SRADA,15.2
1982,NE,October,PRCP,1953
1983,EN,October,TMAXA,32.4
1983,EN,October,TMINA,20.7
1983,EN,October,SRADA,15.3
1983,EN,October,PRCP,1602.7
1984,NE,October,TMAXA,32.3
1984,NE,October,TMINA,20.4
1984,NE,October,SRADA,15.7
1984,NE,October,PRCP,1736.4
1985,LA,October,TMAXA,32.2
1985,LA,October,TMINA,20.7
1985,LA,October,SRADA,15.5
1985,LA,October,PRCP,1881.6
1986,NE,October,TMAXA,32.6
1986,NE,October,TMINA,21
1986,NE,October,SRADA,17.4
1986,NE,October,PRCP,1435.7
1987,EN,October,TMAXA,32.7
1987,EN,October,TMINA,21
1987,EN,October,SRADA,17.4
1987,EN,October,PRCP,1366.3
1988,NE,October,TMAXA,32.3
1988,NE,October,TMINA,20.7
1988,NE,October,SRADA,16.8
1988,NE,October,PRCP,1725
1989,LA,October,TMAXA,32
1989,LA,October,TMINA,20.9
1989,LA,October,SRADA,16.6
1989,LA,October,PRCP,1825.7
1990,NE,October,TMAXA,32
1990,NE,October,TMINA,20.8
1990,NE,October,SRADA,16.3
1990,NE,October,PRCP,1557
1991,NE,October,TMAXA,32.5
1991,NE,October,TMINA,20.4
1991,NE,October,SRADA,15.9
1991,NE,October,PRCP,1915.1
1992,EN,October,TMAXA,31.6
1992,EN,October,TMINA,19.8
1992,EN,October,SRADA,15.9
1992,EN,October,PRCP,1675
1993,NE,October,TMAXA,32.2
1993,NE,October,TMINA,20.2
1993,NE,October,SRADA,16.2
1993,NE,October,PRCP,1281.4
1994,NE,October,TMAXA,32.6
1994,NE,October,TMINA,21
1994,NE,October,SRADA,16.5
1994,NE,October,PRCP,1411.9
1995,EN,October,TMAXA,32.2
1995,EN,October,TMINA,20.7
1995,EN,October,SRADA,15.6
1995,EN,October,PRCP,1601.1
1996,LA,October,TMAXA,32
1996,LA,October,TMINA,19.5
1996,LA,October,SRADA,17.5
1996,LA,October,PRCP,1768.9
1997,NE,October,TMAXA,32
1997,NE,October,TMINA,20.4
1997,NE,October,SRADA,17.1
1997,NE,October,PRCP,1825.1
1998,EN,October,TMAXA,33.3
1998,EN,October,TMINA,20.8
1998,EN,October,SRADA,17.7
1998,EN,October,PRCP,1547.2
1999,LA,October,TMAXA,32.9
1999,LA,October,TMINA,20.2
1999,LA,October,SRADA,17.4
1999,LA,October,PRCP,1611
2000,LA,October,TMAXA,32.6
2000,LA,October,TMINA,20.7
2000,LA,October,SRADA,17.5
2000,LA,October,PRCP,1390.4
2001,NE,October,TMAXA,33
2001,NE,October,TMINA,21.2
2001,NE,October,SRADA,17.7
2001,NE,October,PRCP,1323.6
2002,NE,October,TMAXA,33.1
2002,NE,October,TMINA,20.9
2002,NE,October,SRADA,17.6
2002,NE,October,PRCP,1524.8
2003,NE,October,TMAXA,32.6
2003,NE,October,TMINA,20.9
2003,NE,October,SRADA,17.6
2003,NE,October,PRCP,1531.1
2004,NE,October,TMAXA,32.1
2004,NE,October,TMINA,21.2
2004,NE,October,SRADA,16.9
2004,NE,October,PRCP,1352.6
2005,NE,October,TMAXA,32.6
2005,NE,October,TMINA,21.4
2005,NE,October,SRADA,17.1
2005,NE,October,PRCP,1145.3
2006,NE,October,TMAXA,32.2
2006,NE,October,TMINA,21.3
2006,NE,October,SRADA,17
2006,NE,October,PRCP,1740.2
2007,NE,October,TMAXA,32.9
2007,NE,October,TMINA,21.3
2007,NE,October,SRADA,17.1
2007,NE,October,PRCP,1437.6
2008,LA,October,TMAXA,32.4
2008,LA,October,TMINA,20.6
2008,LA,October,SRADA,17.1
2008,LA,October,PRCP,1764.7
2009,LA,October,TMAXA,32.6
2009,LA,October,TMINA,20.6
2009,LA,October,SRADA,17.3
2009,LA,October,PRCP,1388
2010,EN,October,TMAXA,33.3
2010,EN,October,TMINA,20.4
2010,EN,October,SRADA,16.9
2010,EN,October,PRCP,1279.5
2011,LA,October,TMAXA,32.9
2011,LA,October,TMINA,20.6
2011,LA,October,SRADA,17
2011,LA,October,PRCP,711.3
2012,LA,October,TMAXA,32.9
2012,LA,October,TMINA,20.9
2012,LA,October,SRADA,17.9
2012,LA,October,PRCP,1472.7
2013,NE,October,TMAXA,32.6
2013,NE,October,TMINA,21.1
2013,NE,October,SRADA,17.1
2013,NE,October,PRCP,1616.8
2014,NE,October,TMAXA,32.5
2014,NE,October,TMINA,21.4
2014,NE,October,SRADA,16.7
2014,NE,October,PRCP,1858.7
2015,EN,October,TMAXA,32.9
2015,EN,October,TMINA,21.6
2015,EN,October,SRADA,16.5
2015,EN,October,PRCP,1544
2016,EN,October,TMAXA,32.9
2016,EN,October,TMINA,21.1
2016,EN,October,SRADA,17.5
2016,EN,October,PRCP,1352.3
2017,NE,October,TMAXA,32.7
2017,NE,October,TMINA,21.2
2017,NE,October,SRADA,17
2017,NE,October,PRCP,1462.9
2018,LA,October,TMAXA,32.6
2018,LA,October,TMINA,20.9
2018,LA,October,SRADA,17.4
2018,LA,October,PRCP,1631.6
2019,EN,October,TMAXA,33.1
2019,EN,October,TMINA,21.5
2019,EN,October,SRADA,17.3
2019,EN,October,PRCP,1115.8
1963,NE,October,TMAXA,29.3
1963,NE,October,TMINA,15.7
1963,NE,October,SRADA,19.3
1963,NE,October,PRCP,1301.9
1964,NE,October,TMAXA,28.4
1964,NE,October,TMINA,16.8
1964,NE,October,SRADA,18.2
1964,NE,October,PRCP,1299.5
1965,EN,October,TMAXA,27.9
1965,EN,October,TMINA,16.7
1965,EN,October,SRADA,17.5
1965,EN,October,PRCP,1599.4
1966,EN,October,TMAXA,27.8
1966,EN,October,TMINA,16.7
1966,EN,October,SRADA,18.3
1966,EN,October,PRCP,1509.7
1967,NE,October,TMAXA,28
1967,NE,October,TMINA,17.2
1967,NE,October,SRADA,18.8
1967,NE,October,PRCP,1130.3
1968,NE,October,TMAXA,27.3
1968,NE,October,TMINA,16.4
1968,NE,October,SRADA,18.1
1968,NE,October,PRCP,1269.2
1969,EN,October,TMAXA,29.1
1969,EN,October,TMINA,17.5
1969,EN,October,SRADA,19.1
1969,EN,October,PRCP,1120.1
1970,NE,October,TMAXA,28.4
1970,NE,October,TMINA,17.2
1970,NE,October,SRADA,17.9
1970,NE,October,PRCP,1614.3
1971,LA,October,TMAXA,28.9
1971,LA,October,TMINA,17.3
1971,LA,October,SRADA,18.9
1971,LA,October,PRCP,1121.8
1972,EN,October,TMAXA,28.8
1972,EN,October,TMINA,17.3
1972,EN,October,SRADA,18.1
1972,EN,October,PRCP,1451
1973,EN,October,TMAXA,27.6
1973,EN,October,TMINA,19
1973,EN,October,SRADA,18.5
1973,EN,October,PRCP,1386.5
1974,LA,October,TMAXA,26.8
1974,LA,October,TMINA,17.8
1974,LA,October,SRADA,18.5
1974,LA,October,PRCP,1285.1
1975,LA,October,TMAXA,28.3
1975,LA,October,TMINA,16.9
1975,LA,October,SRADA,19.3
1975,LA,October,PRCP,998.9
1976,LA,October,TMAXA,28.4
1976,LA,October,TMINA,16.6
1976,LA,October,SRADA,18.5
1976,LA,October,PRCP,1039.1
1977,EN,October,TMAXA,28
1977,EN,October,TMINA,17.3
1977,EN,October,SRADA,17.6
1977,EN,October,PRCP,1350.4
1978,NE,October,TMAXA,27.7
1978,NE,October,TMINA,16.7
1978,NE,October,SRADA,17.6
1978,NE,October,PRCP,1400
1979,NE,October,TMAXA,28.1
1979,NE,October,TMINA,15.9
1979,NE,October,SRADA,16.7
1979,NE,October,PRCP,1621.9
1980,NE,October,TMAXA,28.2
1980,NE,October,TMINA,16.9
1980,NE,October,SRADA,17
1980,NE,October,PRCP,1918.5
1981,NE,October,TMAXA,28.1
1981,NE,October,TMINA,16.2
1981,NE,October,SRADA,17.7
1981,NE,October,PRCP,1441.5
1982,NE,October,TMAXA,27.8
1982,NE,October,TMINA,17.1
1982,NE,October,SRADA,17.1
1982,NE,October,PRCP,1915.1
1983,EN,October,TMAXA,28.8
1983,EN,October,TMINA,17.6
1983,EN,October,SRADA,17.3
1983,EN,October,PRCP,1512.7
1984,NE,October,TMAXA,28.6
1984,NE,October,TMINA,17
1984,NE,October,SRADA,17.6
1984,NE,October,PRCP,1416.1
1985,LA,October,TMAXA,28.1
1985,LA,October,TMINA,17.4
1985,LA,October,SRADA,17.5
1985,LA,October,PRCP,1375.7
1986,NE,October,TMAXA,28.4
1986,NE,October,TMINA,16.9
1986,NE,October,SRADA,18
1986,NE,October,PRCP,1757.3
1987,EN,October,TMAXA,29.4
1987,EN,October,TMINA,17.6
1987,EN,October,SRADA,18.5
1987,EN,October,PRCP,1237.2
1988,NE,October,TMAXA,28.9
1988,NE,October,TMINA,17.3
1988,NE,October,SRADA,18.1
1988,NE,October,PRCP,1560.7
1989,LA,October,TMAXA,29.1
1989,LA,October,TMINA,17.1
1989,LA,October,SRADA,18
1989,LA,October,PRCP,1333.1
1990,NE,October,TMAXA,28.7
1990,NE,October,TMINA,17.2
1990,NE,October,SRADA,17.7
1990,NE,October,PRCP,1647.2
1991,NE,October,TMAXA,27.9
1991,NE,October,TMINA,17
1991,NE,October,SRADA,17.6
1991,NE,October,PRCP,1329.7
1992,EN,October,TMAXA,27.9
1992,EN,October,TMINA,17.4
1992,EN,October,SRADA,17
1992,EN,October,PRCP,1717.1
1993,NE,October,TMAXA,28.6
1993,NE,October,TMINA,17.2
1993,NE,October,SRADA,18.1
1993,NE,October,PRCP,1235.1
1994,NE,October,TMAXA,28.6
1994,NE,October,TMINA,17.3
1994,NE,October,SRADA,18.4
1994,NE,October,PRCP,1559.2
1995,EN,October,TMAXA,29.1
1995,EN,October,TMINA,17.6
1995,EN,October,SRADA,18.2
1995,EN,October,PRCP,1453.2
1996,LA,October,TMAXA,29.1
1996,LA,October,TMINA,17.2
1996,LA,October,SRADA,18.9
1996,LA,October,PRCP,1192.2
1997,NE,October,TMAXA,28.3
1997,NE,October,TMINA,17.3
1997,NE,October,SRADA,17.9
1997,NE,October,PRCP,1464
1998,EN,October,TMAXA,30.3
1998,EN,October,TMINA,18.2
1998,EN,October,SRADA,19
1998,EN,October,PRCP,1235.9
1999,LA,October,TMAXA,29.2
1999,LA,October,TMINA,17.2
1999,LA,October,SRADA,18.7
1999,LA,October,PRCP,1197.5
2000,LA,October,TMAXA,28.7
2000,LA,October,TMINA,17.2
2000,LA,October,SRADA,18.4
2000,LA,October,PRCP,1627.9
2001,NE,October,TMAXA,29
2001,NE,October,TMINA,17.5
2001,NE,October,SRADA,18.6
2001,NE,October,PRCP,1102.3
2002,NE,October,TMAXA,28.9
2002,NE,October,TMINA,17.8
2002,NE,October,SRADA,18.6
2002,NE,October,PRCP,1154.6
2003,NE,October,TMAXA,29.3
2003,NE,October,TMINA,17.7
2003,NE,October,SRADA,18.4
2003,NE,October,PRCP,1264.4
2004,NE,October,TMAXA,28.8
2004,NE,October,TMINA,17.4
2004,NE,October,SRADA,18
2004,NE,October,PRCP,1826.3
2005,NE,October,TMAXA,29.2
2005,NE,October,TMINA,18
2005,NE,October,SRADA,18.5
2005,NE,October,PRCP,1265.4
2006,NE,October,TMAXA,28.8
2006,NE,October,TMINA,17.6
2006,NE,October,SRADA,17.8
2006,NE,October,PRCP,1603.2
2007,NE,October,TMAXA,29.3
2007,NE,October,TMINA,17.4
2007,NE,October,SRADA,19.2
2007,NE,October,PRCP,1308.4
2008,LA,October,TMAXA,29.2
2008,LA,October,TMINA,17.1
2008,LA,October,SRADA,19
2008,LA,October,PRCP,1237.5
2009,LA,October,TMAXA,29.1
2009,LA,October,TMINA,17.6
2009,LA,October,SRADA,18.1
2009,LA,October,PRCP,1451.1
2010,EN,October,TMAXA,29.6
2010,EN,October,TMINA,17.2
2010,EN,October,SRADA,19.4
2010,EN,October,PRCP,1251.2
2011,LA,October,TMAXA,29.3
2011,LA,October,TMINA,17.1
2011,LA,October,SRADA,18.9
2011,LA,October,PRCP,1372
2012,LA,October,TMAXA,28.9
2012,LA,October,TMINA,17.6
2012,LA,October,SRADA,18.6
2012,LA,October,PRCP,1173.2
2013,NE,October,TMAXA,29.4
2013,NE,October,TMINA,17.8
2013,NE,October,SRADA,18.9
2013,NE,October,PRCP,1459.4
2014,NE,October,TMAXA,29.4
2014,NE,October,TMINA,17.6
2014,NE,October,SRADA,19.3
2014,NE,October,PRCP,1292.6
2015,EN,October,TMAXA,29.7
2015,EN,October,TMINA,17.7
2015,EN,October,SRADA,18.8
2015,EN,October,PRCP,1221.7
2016,EN,October,TMAXA,31.1
2016,EN,October,TMINA,18.1
2016,EN,October,SRADA,19.6
2016,EN,October,PRCP,961.3
2017,NE,October,TMAXA,29.5
2017,NE,October,TMINA,17.5
2017,NE,October,SRADA,19.4
2017,NE,October,PRCP,1092.8
2018,LA,October,TMAXA,29.4
2018,LA,October,TMINA,17.7
2018,LA,October,SRADA,18.8
2018,LA,October,PRCP,1388.5
2019,EN,October,TMAXA,29.7
2019,EN,October,TMINA,17.6
2019,EN,October,SRADA,19.4
2019,EN,October,PRCP,1162.7
1963,NE,October,TMAXA,32.6
1963,NE,October,TMINA,17.5
1963,NE,October,SRADA,19
1963,NE,October,PRCP,1329
1964,NE,October,TMAXA,32.4
1964,NE,October,TMINA,18.3
1964,NE,October,SRADA,19
1964,NE,October,PRCP,1345.7
1965,EN,October,TMAXA,31.7
1965,EN,October,TMINA,18.5
1965,EN,October,SRADA,18.3
1965,EN,October,PRCP,1805.3
1966,EN,October,TMAXA,32
1966,EN,October,TMINA,18.4
1966,EN,October,SRADA,18.9
1966,EN,October,PRCP,1783.7
1967,NE,October,TMAXA,32.5
1967,NE,October,TMINA,19.6
1967,NE,October,SRADA,19.3
1967,NE,October,PRCP,1498.1
1968,NE,October,TMAXA,31.3
1968,NE,October,TMINA,18.6
1968,NE,October,SRADA,19
1968,NE,October,PRCP,1466.8
1969,EN,October,TMAXA,32.6
1969,EN,October,TMINA,20.3
1969,EN,October,SRADA,19.4
1969,EN,October,PRCP,1389.2
1970,NE,October,TMAXA,31.9
1970,NE,October,TMINA,19.2
1970,NE,October,SRADA,19
1970,NE,October,PRCP,1419.8
1971,LA,October,TMAXA,31.5
1971,LA,October,TMINA,19.2
1971,LA,October,SRADA,19
1971,LA,October,PRCP,1141.4
1972,EN,October,TMAXA,31.2
1972,EN,October,TMINA,19.1
1972,EN,October,SRADA,18.4
1972,EN,October,PRCP,1277.3
1973,EN,October,TMAXA,29.4
1973,EN,October,TMINA,21
1973,EN,October,SRADA,18.3
1973,EN,October,PRCP,1663.9
1974,LA,October,TMAXA,30.6
1974,LA,October,TMINA,19.3
1974,LA,October,SRADA,18
1974,LA,October,PRCP,1958.5
1975,LA,October,TMAXA,31.5
1975,LA,October,TMINA,18.8
1975,LA,October,SRADA,18.9
1975,LA,October,PRCP,1253.5
1976,LA,October,TMAXA,31.1
1976,LA,October,TMINA,18.9
1976,LA,October,SRADA,18.3
1976,LA,October,PRCP,1473.5
1977,EN,October,TMAXA,31.3
1977,EN,October,TMINA,19.4
1977,EN,October,SRADA,17.4
1977,EN,October,PRCP,1793.6
1978,NE,October,TMAXA,28.8
1978,NE,October,TMINA,20.2
1978,NE,October,SRADA,17.1
1978,NE,October,PRCP,1500.7
1979,NE,October,TMAXA,31.2
1979,NE,October,TMINA,18.7
1979,NE,October,SRADA,16.7
1979,NE,October,PRCP,1666.9
1980,NE,October,TMAXA,31.9
1980,NE,October,TMINA,20.3
1980,NE,October,SRADA,16.7
1980,NE,October,PRCP,1681
1981,NE,October,TMAXA,31.8
1981,NE,October,TMINA,19.3
1981,NE,October,SRADA,16.8
1981,NE,October,PRCP,1550.3
1982,NE,October,TMAXA,31.3
1982,NE,October,TMINA,20.1
1982,NE,October,SRADA,16.7
1982,NE,October,PRCP,2338.9
1983,EN,October,TMAXA,32.2
1983,EN,October,TMINA,20.1
1983,EN,October,SRADA,16.5
1983,EN,October,PRCP,1948.1
1984,NE,October,TMAXA,32.2
1984,NE,October,TMINA,19.9
1984,NE,October,SRADA,17.1
1984,NE,October,PRCP,1582
1985,LA,October,TMAXA,31.7
1985,LA,October,TMINA,19.1
1985,LA,October,SRADA,16.8
1985,LA,October,PRCP,1504.6
1986,NE,October,TMAXA,31.7
1986,NE,October,TMINA,19.9
1986,NE,October,SRADA,17.7
1986,NE,October,PRCP,1295.2
1987,EN,October,TMAXA,32.6
1987,EN,October,TMINA,19.8
1987,EN,October,SRADA,17.7
1987,EN,October,PRCP,1314.1
1988,NE,October,TMAXA,32.2
1988,NE,October,TMINA,19.8
1988,NE,October,SRADA,17.9
1988,NE,October,PRCP,1511.8
1989,LA,October,TMAXA,31.8
1989,LA,October,TMINA,19.3
1989,LA,October,SRADA,18.2
1989,LA,October,PRCP,1449.6
1990,NE,October,TMAXA,31.9
1990,NE,October,TMINA,19
1990,NE,October,SRADA,18.2
1990,NE,October,PRCP,1800.9
1991,NE,October,TMAXA,32.2
1991,NE,October,TMINA,19.5
1991,NE,October,SRADA,18.1
1991,NE,October,PRCP,1589.7
1992,EN,October,TMAXA,32.1
1992,EN,October,TMINA,20.3
1992,EN,October,SRADA,17.2
1992,EN,October,PRCP,1164.9
1993,NE,October,TMAXA,32.1
1993,NE,October,TMINA,19.4
1993,NE,October,SRADA,17.2
1993,NE,October,PRCP,1425.3
1994,NE,October,TMAXA,32.8
1994,NE,October,TMINA,19.7
1994,NE,October,SRADA,18.3
1994,NE,October,PRCP,1461.9
1995,EN,October,TMAXA,32.5
1995,EN,October,TMINA,20.1
1995,EN,October,SRADA,17.7
1995,EN,October,PRCP,1600.4
1996,LA,October,TMAXA,32.7
1996,LA,October,TMINA,20.2
1996,LA,October,SRADA,18.2
1996,LA,October,PRCP,1234.2
1997,NE,October,TMAXA,32.3
1997,NE,October,TMINA,20.1
1997,NE,October,SRADA,17.2
1997,NE,October,PRCP,1822.7
1998,EN,October,TMAXA,34.2
1998,EN,October,TMINA,20.9
1998,EN,October,SRADA,17.9
1998,EN,October,PRCP,1641.7
1999,LA,October,TMAXA,33.4
1999,LA,October,TMINA,20.2
1999,LA,October,SRADA,18.3
1999,LA,October,PRCP,1159.7
2000,LA,October,TMAXA,33
2000,LA,October,TMINA,20
2000,LA,October,SRADA,18.2
2000,LA,October,PRCP,1243.9
2001,NE,October,TMAXA,32.6
2001,NE,October,TMINA,19.7
2001,NE,October,SRADA,18.4
2001,NE,October,PRCP,1169
2002,NE,October,TMAXA,32.8
2002,NE,October,TMINA,19.9
2002,NE,October,SRADA,18.2
2002,NE,October,PRCP,1712.2
2003,NE,October,TMAXA,32.6
2003,NE,October,TMINA,19.7
2003,NE,October,SRADA,18.3
2003,NE,October,PRCP,1456.6
2004,NE,October,TMAXA,32.7
2004,NE,October,TMINA,19.8
2004,NE,October,SRADA,18.2
2004,NE,October,PRCP,1551.3
2005,NE,October,TMAXA,33
2005,NE,October,TMINA,20.4
2005,NE,October,SRADA,18.3
2005,NE,October,PRCP,1208.2
2006,NE,October,TMAXA,32.5
2006,NE,October,TMINA,20.1
2006,NE,October,SRADA,18.1
2006,NE,October,PRCP,1496.4
2007,NE,October,TMAXA,33.2
2007,NE,October,TMINA,20
2007,NE,October,SRADA,18.7
2007,NE,October,PRCP,1501.9
2008,LA,October,TMAXA,32.9
2008,LA,October,TMINA,20
2008,LA,October,SRADA,18.9
2008,LA,October,PRCP,1522.1
2009,LA,October,TMAXA,33
2009,LA,October,TMINA,20.5
2009,LA,October,SRADA,18.8
2009,LA,October,PRCP,1470.3
2010,EN,October,TMAXA,33.6
2010,EN,October,TMINA,19.9
2010,EN,October,SRADA,19.1
2010,EN,October,PRCP,1607
2011,LA,October,TMAXA,33.1
2011,LA,October,TMINA,20.2
2011,LA,October,SRADA,18.8
2011,LA,October,PRCP,1661.3
2012,LA,October,TMAXA,32.9
2012,LA,October,TMINA,20.1
2012,LA,October,SRADA,19
2012,LA,October,PRCP,1294.2
2013,NE,October,TMAXA,32.9
2013,NE,October,TMINA,20.3
2013,NE,October,SRADA,18.5
2013,NE,October,PRCP,1535.8
2014,NE,October,TMAXA,33.4
2014,NE,October,TMINA,19.9
2014,NE,October,SRADA,19.2
2014,NE,October,PRCP,1447.7
2015,EN,October,TMAXA,33.3
2015,EN,October,TMINA,20.5
2015,EN,October,SRADA,18.5
2015,EN,October,PRCP,1532.4
2016,EN,October,TMAXA,34.5
2016,EN,October,TMINA,20.7
2016,EN,October,SRADA,19.1
2016,EN,October,PRCP,1199.3
2017,NE,October,TMAXA,33.5
2017,NE,October,TMINA,20.5
2017,NE,October,SRADA,19.1
2017,NE,October,PRCP,1259.2
2018,LA,October,TMAXA,33.1
2018,LA,October,TMINA,19.7
2018,LA,October,SRADA,18.5
2018,LA,October,PRCP,1452.4
2019,EN,October,TMAXA,33.7
2019,EN,October,TMINA,19.8
2019,EN,October,SRADA,19
2019,EN,October,PRCP,1728.7
1963,NE,October,TMAXA,30.2
1963,NE,October,TMINA,15.8
1963,NE,October,SRADA,19.5
1963,NE,October,PRCP,1216.5
1964,NE,October,TMAXA,29.3
1964,NE,October,TMINA,16.8
1964,NE,October,SRADA,18.5
1964,NE,October,PRCP,1232.9
1965,EN,October,TMAXA,28.6
1965,EN,October,TMINA,16.9
1965,EN,October,SRADA,17.6
1965,EN,October,PRCP,1418.5
1966,EN,October,TMAXA,28.6
1966,EN,October,TMINA,16.8
1966,EN,October,SRADA,18.4
1966,EN,October,PRCP,1441.6
1967,NE,October,TMAXA,28.9
1967,NE,October,TMINA,17.4
1967,NE,October,SRADA,18.9
1967,NE,October,PRCP,1155.5
1968,NE,October,TMAXA,28
1968,NE,October,TMINA,16.3
1968,NE,October,SRADA,18.2
1968,NE,October,PRCP,1269.7
1969,EN,October,TMAXA,30
1969,EN,October,TMINA,17.5
1969,EN,October,SRADA,19.1
1969,EN,October,PRCP,1080.9
1970,NE,October,TMAXA,29.3
1970,NE,October,TMINA,17.2
1970,NE,October,SRADA,18.2
1970,NE,October,PRCP,1658.1
1971,LA,October,TMAXA,30
1971,LA,October,TMINA,17.4
1971,LA,October,SRADA,18.9
1971,LA,October,PRCP,1056.3
1972,EN,October,TMAXA,29.7
1972,EN,October,TMINA,17.3
1972,EN,October,SRADA,18.1
1972,EN,October,PRCP,1349.8
1973,EN,October,TMAXA,28.6
1973,EN,October,TMINA,19.2
1973,EN,October,SRADA,18.6
1973,EN,October,PRCP,1246.6
1974,LA,October,TMAXA,27.4
1974,LA,October,TMINA,18.1
1974,LA,October,SRADA,18.5
1974,LA,October,PRCP,1508.8
1975,LA,October,TMAXA,28.9
1975,LA,October,TMINA,17.3
1975,LA,October,SRADA,19.4
1975,LA,October,PRCP,1044.6
1976,LA,October,TMAXA,29.2
1976,LA,October,TMINA,16.6
1976,LA,October,SRADA,18.7
1976,LA,October,PRCP,947.4
1977,EN,October,TMAXA,28.6
1977,EN,October,TMINA,17.7
1977,EN,October,SRADA,17.7
1977,EN,October,PRCP,1244.7
1978,NE,October,TMAXA,28.1
1978,NE,October,TMINA,16.9
1978,NE,October,SRADA,17.6
1978,NE,October,PRCP,1779.4
1979,NE,October,TMAXA,29
1979,NE,October,TMINA,15.8
1979,NE,October,SRADA,16.9
1979,NE,October,PRCP,1490
1980,NE,October,TMAXA,29.2
1980,NE,October,TMINA,16.9
1980,NE,October,SRADA,17.2
1980,NE,October,PRCP,1336
1981,NE,October,TMAXA,29.1
1981,NE,October,TMINA,15.8
1981,NE,October,SRADA,17.8
1981,NE,October,PRCP,1117.6
1982,NE,October,TMAXA,28.9
1982,NE,October,TMINA,17.1
1982,NE,October,SRADA,17.5
1982,NE,October,PRCP,1686.3
1983,EN,October,TMAXA,29.9
1983,EN,October,TMINA,17.1
1983,EN,October,SRADA,17.7
1983,EN,October,PRCP,1671.5
1984,NE,October,TMAXA,29.7
1984,NE,October,TMINA,16.5
1984,NE,October,SRADA,17.8
1984,NE,October,PRCP,1501.5
1985,LA,October,TMAXA,29.1
1985,LA,October,TMINA,17.7
1985,LA,October,SRADA,17.5
1985,LA,October,PRCP,1364.5
1986,NE,October,TMAXA,29.5
1986,NE,October,TMINA,16.7
1986,NE,October,SRADA,18.4
1986,NE,October,PRCP,1327.6
1987,EN,October,TMAXA,30.6
1987,EN,October,TMINA,17.5
1987,EN,October,SRADA,18.7
1987,EN,October,PRCP,1095.4
1988,NE,October,TMAXA,30.1
1988,NE,October,TMINA,17.3
1988,NE,October,SRADA,18.1
1988,NE,October,PRCP,1802.1
1989,LA,October,TMAXA,30.4
1989,LA,October,TMINA,17.4
1989,LA,October,SRADA,18.2
1989,LA,October,PRCP,1035.2
1990,NE,October,TMAXA,30
1990,NE,October,TMINA,17.6
1990,NE,October,SRADA,17.9
1990,NE,October,PRCP,1759.1
1991,NE,October,TMAXA,29.6
1991,NE,October,TMINA,17.3
1991,NE,October,SRADA,17.8
1991,NE,October,PRCP,1734.5
1992,EN,October,TMAXA,29.1
1992,EN,October,TMINA,17.7
1992,EN,October,SRADA,17.2
1992,EN,October,PRCP,1891.5
1993,NE,October,TMAXA,30
1993,NE,October,TMINA,17.3
1993,NE,October,SRADA,18.3
1993,NE,October,PRCP,1198.8
1994,NE,October,TMAXA,30.1
1994,NE,October,TMINA,17.6
1994,NE,October,SRADA,18.5
1994,NE,October,PRCP,1424.7
1995,EN,October,TMAXA,30.4
1995,EN,October,TMINA,18
1995,EN,October,SRADA,18.4
1995,EN,October,PRCP,1216.8
1996,LA,October,TMAXA,30.4
1996,LA,October,TMINA,17.6
1996,LA,October,SRADA,19.1
1996,LA,October,PRCP,1413.6
1997,NE,October,TMAXA,29.5
1997,NE,October,TMINA,17.6
1997,NE,October,SRADA,18.1
1997,NE,October,PRCP,1440.7
1998,EN,October,TMAXA,31.7
1998,EN,October,TMINA,18.5
1998,EN,October,SRADA,19.2
1998,EN,October,PRCP,890
1999,LA,October,TMAXA,30.4
1999,LA,October,TMINA,17.6
1999,LA,October,SRADA,18.8
1999,LA,October,PRCP,1181.2
2000,LA,October,TMAXA,30
2000,LA,October,TMINA,17.4
2000,LA,October,SRADA,18.5
2000,LA,October,PRCP,1362.2
2001,NE,October,TMAXA,30.6
2001,NE,October,TMINA,17.7
2001,NE,October,SRADA,18.7
2001,NE,October,PRCP,1054.9
2002,NE,October,TMAXA,30.5
2002,NE,October,TMINA,17.7
2002,NE,October,SRADA,18.9
2002,NE,October,PRCP,1260
2003,NE,October,TMAXA,30.6
2003,NE,October,TMINA,17.8
2003,NE,October,SRADA,18.6
2003,NE,October,PRCP,1314.9
2004,NE,October,TMAXA,30.1
2004,NE,October,TMINA,17.5
2004,NE,October,SRADA,18.1
2004,NE,October,PRCP,1438.4
2005,NE,October,TMAXA,30.6
2005,NE,October,TMINA,18.4
2005,NE,October,SRADA,18.6
2005,NE,October,PRCP,1481
2006,NE,October,TMAXA,30.1
2006,NE,October,TMINA,17.8
2006,NE,October,SRADA,18
2006,NE,October,PRCP,1622.7
2007,NE,October,TMAXA,30.6
2007,NE,October,TMINA,17.6
2007,NE,October,SRADA,19.4
2007,NE,October,PRCP,1398.1
2008,LA,October,TMAXA,30.5
2008,LA,October,TMINA,17.6
2008,LA,October,SRADA,19.8
2008,LA,October,PRCP,1138.4
2009,LA,October,TMAXA,30.2
2009,LA,October,TMINA,18.3
2009,LA,October,SRADA,18.9
2009,LA,October,PRCP,1315.4
2010,EN,October,TMAXA,30.6
2010,EN,October,TMINA,17.6
2010,EN,October,SRADA,20.5
2010,EN,October,PRCP,1174.7
2011,LA,October,TMAXA,30.3
2011,LA,October,TMINA,17.7
2011,LA,October,SRADA,19.6
2011,LA,October,PRCP,1433.6
2012,LA,October,TMAXA,30.2
2012,LA,October,TMINA,18
2012,LA,October,SRADA,19.4
2012,LA,October,PRCP,1109.9
2013,NE,October,TMAXA,30.6
2013,NE,October,TMINA,18.2
2013,NE,October,SRADA,19.7
2013,NE,October,PRCP,1329.4
2014,NE,October,TMAXA,30.7
2014,NE,October,TMINA,18
2014,NE,October,SRADA,20
2014,NE,October,PRCP,1007.8
2015,EN,October,TMAXA,31
2015,EN,October,TMINA,18.4
2015,EN,October,SRADA,19.8
2015,EN,October,PRCP,1225.5
2016,EN,October,TMAXA,32.2
2016,EN,October,TMINA,19
2016,EN,October,SRADA,20.5
2016,EN,October,PRCP,1158.4
2017,NE,October,TMAXA,31
2017,NE,October,TMINA,18.4
2017,NE,October,SRADA,20.1
2017,NE,October,PRCP,921.6
2018,LA,October,TMAXA,30.8
2018,LA,October,TMINA,17.8
2018,LA,October,SRADA,19.6
2018,LA,October,PRCP,1207.9
2019,EN,October,TMAXA,30.9
2019,EN,October,TMINA,16.6
2019,EN,October,SRADA,20.1
2019,EN,October,PRCP,1402.3
1963,NE,October,TMAXA,32.2
1963,NE,October,TMINA,17.2
1963,NE,October,SRADA,18.6
1963,NE,October,PRCP,1363.3
1964,NE,October,TMAXA,32.2
1964,NE,October,TMINA,17.9
1964,NE,October,SRADA,18.9
1964,NE,October,PRCP,1352.9
1965,EN,October,TMAXA,31.6
1965,EN,October,TMINA,18.1
1965,EN,October,SRADA,18.6
1965,EN,October,PRCP,1605.9
1966,EN,October,TMAXA,31.9
1966,EN,October,TMINA,18.3
1966,EN,October,SRADA,18.9
1966,EN,October,PRCP,1429.1
1967,NE,October,TMAXA,31.9
1967,NE,October,TMINA,18.9
1967,NE,October,SRADA,19.1
1967,NE,October,PRCP,1036.9
1968,NE,October,TMAXA,30.8
1968,NE,October,TMINA,17.8
1968,NE,October,SRADA,19.3
1968,NE,October,PRCP,1389.7
1969,EN,October,TMAXA,31.8
1969,EN,October,TMINA,19
1969,EN,October,SRADA,19.5
1969,EN,October,PRCP,1466.4
1970,NE,October,TMAXA,31.7
1970,NE,October,TMINA,18.6
1970,NE,October,SRADA,19.6
1970,NE,October,PRCP,1389.7
1971,LA,October,TMAXA,31.4
1971,LA,October,TMINA,17.8
1971,LA,October,SRADA,18.6
1971,LA,October,PRCP,1254.7
1972,EN,October,TMAXA,31.7
1972,EN,October,TMINA,18.7
1972,EN,October,SRADA,18.3
1972,EN,October,PRCP,1396.2
1973,EN,October,TMAXA,32.3
1973,EN,October,TMINA,19.5
1973,EN,October,SRADA,18.3
1973,EN,October,PRCP,1394.6
1974,LA,October,TMAXA,31.4
1974,LA,October,TMINA,18.8
1974,LA,October,SRADA,17.9
1974,LA,October,PRCP,1700.9
1975,LA,October,TMAXA,32
1975,LA,October,TMINA,18.3
1975,LA,October,SRADA,18.2
1975,LA,October,PRCP,1551.5
1976,LA,October,TMAXA,31.3
1976,LA,October,TMINA,18.3
1976,LA,October,SRADA,18.1
1976,LA,October,PRCP,1532.9
1977,EN,October,TMAXA,30.9
1977,EN,October,TMINA,18.7
1977,EN,October,SRADA,17.6
1977,EN,October,PRCP,1493.3
1978,NE,October,TMAXA,30.9
1978,NE,October,TMINA,18
1978,NE,October,SRADA,17.3
1978,NE,October,PRCP,1592.7
1979,NE,October,TMAXA,30.6
1979,NE,October,TMINA,13.8
1979,NE,October,SRADA,17
1979,NE,October,PRCP,1987.6
1980,NE,October,TMAXA,31.1
1980,NE,October,TMINA,17
1980,NE,October,SRADA,17
1980,NE,October,PRCP,1506.5
1981,NE,October,TMAXA,30.7
1981,NE,October,TMINA,16.4
1981,NE,October,SRADA,17.3
1981,NE,October,PRCP,1559.3
1982,NE,October,TMAXA,30.6
1982,NE,October,TMINA,18.1
1982,NE,October,SRADA,16.9
1982,NE,October,PRCP,1717.3
1983,EN,October,TMAXA,31.1
1983,EN,October,TMINA,17.9
1983,EN,October,SRADA,17.1
1983,EN,October,PRCP,1406.6
1984,NE,October,TMAXA,30.8
1984,NE,October,TMINA,17.5
1984,NE,October,SRADA,17.7
1984,NE,October,PRCP,1498.9
1985,LA,October,TMAXA,31
1985,LA,October,TMINA,17.6
1985,LA,October,SRADA,17.4
1985,LA,October,PRCP,1525.3
1986,NE,October,TMAXA,30.8
1986,NE,October,TMINA,17.9
1986,NE,October,SRADA,18.4
1986,NE,October,PRCP,1663.3
1987,EN,October,TMAXA,31.3
1987,EN,October,TMINA,17.8
1987,EN,October,SRADA,18
1987,EN,October,PRCP,1847
1988,NE,October,TMAXA,30.9
1988,NE,October,TMINA,19.5
1988,NE,October,SRADA,17.9
1988,NE,October,PRCP,1816.7
1989,LA,October,TMAXA,30.7
1989,LA,October,TMINA,19.6
1989,LA,October,SRADA,18.3
1989,LA,October,PRCP,1707.8
1990,NE,October,TMAXA,31.2
1990,NE,October,TMINA,18.7
1990,NE,October,SRADA,18.2
1990,NE,October,PRCP,1838.7
1991,NE,October,TMAXA,31.4
1991,NE,October,TMINA,18.2
1991,NE,October,SRADA,17.8
1991,NE,October,PRCP,1649.5
1992,EN,October,TMAXA,31.1
1992,EN,October,TMINA,17.8
1992,EN,October,SRADA,17.2
1992,EN,October,PRCP,1542
1993,NE,October,TMAXA,31.2
1993,NE,October,TMINA,17.4
1993,NE,October,SRADA,17.6
1993,NE,October,PRCP,1425.8
1994,NE,October,TMAXA,32.1
1994,NE,October,TMINA,18.9
1994,NE,October,SRADA,18.3
1994,NE,October,PRCP,1358
1995,EN,October,TMAXA,31.8
1995,EN,October,TMINA,18.9
1995,EN,October,SRADA,17.6
1995,EN,October,PRCP,1777.2
1996,LA,October,TMAXA,31.6
1996,LA,October,TMINA,18.4
1996,LA,October,SRADA,18.4
1996,LA,October,PRCP,1482.2
1997,NE,October,TMAXA,31.7
1997,NE,October,TMINA,18.4
1997,NE,October,SRADA,17.6
1997,NE,October,PRCP,1606.5
1998,EN,October,TMAXA,32.3
1998,EN,October,TMINA,19.3
1998,EN,October,SRADA,18
1998,EN,October,PRCP,1659.3
1999,LA,October,TMAXA,32.3
1999,LA,October,TMINA,18.2
1999,LA,October,SRADA,18.3
1999,LA,October,PRCP,1295
2000,LA,October,TMAXA,31.5
2000,LA,October,TMINA,18.6
2000,LA,October,SRADA,18.2
2000,LA,October,PRCP,1362.5
2001,NE,October,TMAXA,31.6
2001,NE,October,TMINA,19
2001,NE,October,SRADA,18.3
2001,NE,October,PRCP,1337.1
2002,NE,October,TMAXA,31.8
2002,NE,October,TMINA,19.2
2002,NE,October,SRADA,17.6
2002,NE,October,PRCP,1727.9
2003,NE,October,TMAXA,32.1
2003,NE,October,TMINA,19.2
2003,NE,October,SRADA,17.6
2003,NE,October,PRCP,1746.5
2004,NE,October,TMAXA,32
2004,NE,October,TMINA,18.9
2004,NE,October,SRADA,17.2
2004,NE,October,PRCP,1278.2
2005,NE,October,TMAXA,32.1
2005,NE,October,TMINA,19.2
2005,NE,October,SRADA,17.9
2005,NE,October,PRCP,1111.6
2006,NE,October,TMAXA,31.9
2006,NE,October,TMINA,18.8
2006,NE,October,SRADA,17.3
2006,NE,October,PRCP,1435.3
2007,NE,October,TMAXA,32.5
2007,NE,October,TMINA,18.4
2007,NE,October,SRADA,17.7
2007,NE,October,PRCP,1295
2008,LA,October,TMAXA,32.1
2008,LA,October,TMINA,18.5
2008,LA,October,SRADA,17.3
2008,LA,October,PRCP,660.6
2009,LA,October,TMAXA,32.2
2009,LA,October,TMINA,19
2009,LA,October,SRADA,17.9
2009,LA,October,PRCP,1081.2
2010,EN,October,TMAXA,32.8
2010,EN,October,TMINA,18.7
2010,EN,October,SRADA,17.4
2010,EN,October,PRCP,1350.1
2011,LA,October,TMAXA,32.4
2011,LA,October,TMINA,19
2011,LA,October,SRADA,18
2011,LA,October,PRCP,1415.7
2012,LA,October,TMAXA,32.2
2012,LA,October,TMINA,18.7
2012,LA,October,SRADA,18.4
2012,LA,October,PRCP,1272.4
2013,NE,October,TMAXA,32.3
2013,NE,October,TMINA,19.1
2013,NE,October,SRADA,17
2013,NE,October,PRCP,1178
2014,NE,October,TMAXA,32.4
2014,NE,October,TMINA,19.4
2014,NE,October,SRADA,16.5
2014,NE,October,PRCP,1292.4
2015,EN,October,TMAXA,32.6
2015,EN,October,TMINA,19.5
2015,EN,October,SRADA,16.2
2015,EN,October,PRCP,1489.4
2016,EN,October,TMAXA,33.1
2016,EN,October,TMINA,19.7
2016,EN,October,SRADA,17.2
2016,EN,October,PRCP,800.5
2017,NE,October,TMAXA,33.1
2017,NE,October,TMINA,20.2
2017,NE,October,SRADA,17.2
2017,NE,October,PRCP,1285
2018,LA,October,TMAXA,32.7
2018,LA,October,TMINA,20.1
2018,LA,October,SRADA,16.8
2018,LA,October,PRCP,1484.2
2019,EN,October,TMAXA,33.6
2019,EN,October,TMINA,20.5
2019,EN,October,SRADA,17.2
2019,EN,October,PRCP,1497.6
1963,NE,October,TMAXA,31.1
1963,NE,October,TMINA,16.5
1963,NE,October,SRADA,17.7
1963,NE,October,PRCP,529.7
1964,NE,October,TMAXA,30.1
1964,NE,October,TMINA,17.7
1964,NE,October,SRADA,16.5
1964,NE,October,PRCP,1082.3
1965,EN,October,TMAXA,30.4
1965,EN,October,TMINA,17.5
1965,EN,October,SRADA,16.5
1965,EN,October,PRCP,676.9
1966,EN,October,TMAXA,31.2
1966,EN,October,TMINA,18
1966,EN,October,SRADA,18
1966,EN,October,PRCP,574
1967,NE,October,TMAXA,32.5
1967,NE,October,TMINA,18.5
1967,NE,October,SRADA,18.2
1967,NE,October,PRCP,503.5
1968,NE,October,TMAXA,29.5
1968,NE,October,TMINA,16.7
1968,NE,October,SRADA,16.9
1968,NE,October,PRCP,1021.9
1969,EN,October,TMAXA,30.4
1969,EN,October,TMINA,18.3
1969,EN,October,SRADA,18.3
1969,EN,October,PRCP,862.1
1970,NE,October,TMAXA,29.8
1970,NE,October,TMINA,18.4
1970,NE,October,SRADA,17.2
1970,NE,October,PRCP,799.7
1971,LA,October,TMAXA,30.9
1971,LA,October,TMINA,18.7
1971,LA,October,SRADA,18.5
1971,LA,October,PRCP,800.6
1972,EN,October,TMAXA,30.7
1972,EN,October,TMINA,18.5
1972,EN,October,SRADA,18.2
1972,EN,October,PRCP,858.6
1973,EN,October,TMAXA,31.7
1973,EN,October,TMINA,19.2
1973,EN,October,SRADA,18.6
1973,EN,October,PRCP,694.4
1974,LA,October,TMAXA,30.6
1974,LA,October,TMINA,18.7
1974,LA,October,SRADA,18
1974,LA,October,PRCP,782
1975,LA,October,TMAXA,30.1
1975,LA,October,TMINA,18.5
1975,LA,October,SRADA,17.7
1975,LA,October,PRCP,890.7
1976,LA,October,TMAXA,31.3
1976,LA,October,TMINA,19.5
1976,LA,October,SRADA,18.3
1976,LA,October,PRCP,477
1977,EN,October,TMAXA,30
1977,EN,October,TMINA,18.8
1977,EN,October,SRADA,17.1
1977,EN,October,PRCP,974.9
1978,NE,October,TMAXA,29.6
1978,NE,October,TMINA,18.8
1978,NE,October,SRADA,16.3
1978,NE,October,PRCP,902
1979,NE,October,TMAXA,29
1979,NE,October,TMINA,17.6
1979,NE,October,SRADA,15.8
1979,NE,October,PRCP,1281.3
1980,NE,October,TMAXA,29.5
1980,NE,October,TMINA,18.3
1980,NE,October,SRADA,16.1
1980,NE,October,PRCP,863.9
1981,NE,October,TMAXA,29.6
1981,NE,October,TMINA,17.5
1981,NE,October,SRADA,16.3
1981,NE,October,PRCP,900.1
1982,NE,October,TMAXA,28.8
1982,NE,October,TMINA,18.1
1982,NE,October,SRADA,15.6
1982,NE,October,PRCP,785.2
1983,EN,October,TMAXA,30.5
1983,EN,October,TMINA,19
1983,EN,October,SRADA,16.5
1983,EN,October,PRCP,976.9
1984,NE,October,TMAXA,31.3
1984,NE,October,TMINA,18.8
1984,NE,October,SRADA,16.9
1984,NE,October,PRCP,790
1985,LA,October,TMAXA,30.5
1985,LA,October,TMINA,18.2
1985,LA,October,SRADA,16.7
1985,LA,October,PRCP,1164.3
1986,NE,October,TMAXA,30.2
1986,NE,October,TMINA,17.7
1986,NE,October,SRADA,17.6
1986,NE,October,PRCP,602.8
1987,EN,October,TMAXA,31.6
1987,EN,October,TMINA,18.7
1987,EN,October,SRADA,17.7
1987,EN,October,PRCP,792.4
1988,NE,October,TMAXA,31.6
1988,NE,October,TMINA,19.5
1988,NE,October,SRADA,18
1988,NE,October,PRCP,746.9
1989,LA,October,TMAXA,31.8
1989,LA,October,TMINA,19.4
1989,LA,October,SRADA,18.2
1989,LA,October,PRCP,521.2
1990,NE,October,TMAXA,30.7
1990,NE,October,TMINA,18.7
1990,NE,October,SRADA,17.4
1990,NE,October,PRCP,922.9
1991,NE,October,TMAXA,30.6
1991,NE,October,TMINA,18.9
1991,NE,October,SRADA,16.8
1991,NE,October,PRCP,869.5
1992,EN,October,TMAXA,30.2
1992,EN,October,TMINA,19
1992,EN,October,SRADA,15.7
1992,EN,October,PRCP,870.5
1993,NE,October,TMAXA,30.9
1993,NE,October,TMINA,18.3
1993,NE,October,SRADA,17.2
1993,NE,October,PRCP,936.8
1994,NE,October,TMAXA,31.7
1994,NE,October,TMINA,19.4
1994,NE,October,SRADA,17.9
1994,NE,October,PRCP,610.9
1995,EN,October,TMAXA,32.2
1995,EN,October,TMINA,19.7
1995,EN,October,SRADA,17.8
1995,EN,October,PRCP,551.5
1996,LA,October,TMAXA,32
1996,LA,October,TMINA,19.4
1996,LA,October,SRADA,18
1996,LA,October,PRCP,653.2
1997,NE,October,TMAXA,30.9
1997,NE,October,TMINA,18.8
1997,NE,October,SRADA,17.2
1997,NE,October,PRCP,833.6
1998,EN,October,TMAXA,33.5
1998,EN,October,TMINA,20.7
1998,EN,October,SRADA,18.8
1998,EN,October,PRCP,469.5
1999,LA,October,TMAXA,31.5
1999,LA,October,TMINA,19.4
1999,LA,October,SRADA,17.9
1999,LA,October,PRCP,760.7
2000,LA,October,TMAXA,30.8
2000,LA,October,TMINA,19
2000,LA,October,SRADA,17.2
2000,LA,October,PRCP,929.1
2001,NE,October,TMAXA,31.5
2001,NE,October,TMINA,19.5
2001,NE,October,SRADA,18.2
2001,NE,October,PRCP,868.7
2002,NE,October,TMAXA,31.1
2002,NE,October,TMINA,19.5
2002,NE,October,SRADA,17.7
2002,NE,October,PRCP,892.9
2003,NE,October,TMAXA,31.9
2003,NE,October,TMINA,19.7
2003,NE,October,SRADA,17.8
2003,NE,October,PRCP,555.3
2004,NE,October,TMAXA,30.6
2004,NE,October,TMINA,19.3
2004,NE,October,SRADA,17.3
2004,NE,October,PRCP,783.5
2005,NE,October,TMAXA,31.7
2005,NE,October,TMINA,19.7
2005,NE,October,SRADA,17.6
2005,NE,October,PRCP,720.6
2006,NE,October,TMAXA,31.2
2006,NE,October,TMINA,19.2
2006,NE,October,SRADA,17.3
2006,NE,October,PRCP,684.3
2007,NE,October,TMAXA,30.9
2007,NE,October,TMINA,18.6
2007,NE,October,SRADA,17.6
2007,NE,October,PRCP,961.8
2008,LA,October,TMAXA,32.4
2008,LA,October,TMINA,19.1
2008,LA,October,SRADA,18.7
2008,LA,October,PRCP,544.5
2009,LA,October,TMAXA,32
2009,LA,October,TMINA,19.8
2009,LA,October,SRADA,17.8
2009,LA,October,PRCP,795
2010,EN,October,TMAXA,31.9
2010,EN,October,TMINA,19.4
2010,EN,October,SRADA,18.8
2010,EN,October,PRCP,853.5
2011,LA,October,TMAXA,32
2011,LA,October,TMINA,18.9
2011,LA,October,SRADA,18.2
2011,LA,October,PRCP,698.2
2012,LA,October,TMAXA,32
2012,LA,October,TMINA,19.2
2012,LA,October,SRADA,18
2012,LA,October,PRCP,550.6
2013,NE,October,TMAXA,32.5
2013,NE,October,TMINA,19.8
2013,NE,October,SRADA,18.4
2013,NE,October,PRCP,661.2
2014,NE,October,TMAXA,32.5
2014,NE,October,TMINA,19.2
2014,NE,October,SRADA,18.9
2014,NE,October,PRCP,527.5
2015,EN,October,TMAXA,32.5
2015,EN,October,TMINA,19.6
2015,EN,October,SRADA,18.4
2015,EN,October,PRCP,661.3
2016,EN,October,TMAXA,33.6
2016,EN,October,TMINA,19.7
2016,EN,October,SRADA,19.2
2016,EN,October,PRCP,619.9
2017,NE,October,TMAXA,32
2017,NE,October,TMINA,19.1
2017,NE,October,SRADA,18.8
2017,NE,October,PRCP,542.1
2018,LA,October,TMAXA,32.3
2018,LA,October,TMINA,19.5
2018,LA,October,SRADA,18.9
2018,LA,October,PRCP,734.1
2019,EN,October,TMAXA,33
2019,EN,October,TMINA,20
2019,EN,October,SRADA,19.3
2019,EN,October,PRCP,514.1
1963,NE,November,TMAXA,32.3
1963,NE,November,TMINA,17.5
1963,NE,November,SRADA,18.3
1963,NE,November,PRCP,1589.8
1964,LA,November,TMAXA,32.2
1964,LA,November,TMINA,17.9
1964,LA,November,SRADA,18.6
1964,LA,November,PRCP,1600.9
1965,EN,November,TMAXA,32.1
1965,EN,November,TMINA,17.9
1965,EN,November,SRADA,18.4
1965,EN,November,PRCP,1955.1
1966,EN,November,TMAXA,32.6
1966,EN,November,TMINA,18.3
1966,EN,November,SRADA,18.9
1966,EN,November,PRCP,1668.2
1967,NE,November,TMAXA,32.2
1967,NE,November,TMINA,19.3
1967,NE,November,SRADA,19.1
1967,NE,November,PRCP,1328
1968,NE,November,TMAXA,31.4
1968,NE,November,TMINA,18.4
1968,NE,November,SRADA,19.5
1968,NE,November,PRCP,1691.6
1969,EN,November,TMAXA,31.9
1969,EN,November,TMINA,19.6
1969,EN,November,SRADA,19
1969,EN,November,PRCP,1485
1970,NE,November,TMAXA,32.1
1970,NE,November,TMINA,19.3
1970,NE,November,SRADA,19
1970,NE,November,PRCP,1696.4
1971,LA,November,TMAXA,31.4
1971,LA,November,TMINA,18.2
1971,LA,November,SRADA,18
1971,LA,November,PRCP,1791.8
1972,EN,November,TMAXA,31.8
1972,EN,November,TMINA,18.9
1972,EN,November,SRADA,18.3
1972,EN,November,PRCP,1652.4
1973,LA,November,TMAXA,31.9
1973,LA,November,TMINA,18.8
1973,LA,November,SRADA,18
1973,LA,November,PRCP,1912.6
1974,LA,November,TMAXA,28.9
1974,LA,November,TMINA,19.9
1974,LA,November,SRADA,18
1974,LA,November,PRCP,1935.6
1975,LA,November,TMAXA,31.7
1975,LA,November,TMINA,19.4
1975,LA,November,SRADA,17.4
1975,LA,November,PRCP,1832.6
1976,LA,November,TMAXA,31.2
1976,LA,November,TMINA,15.1
1976,LA,November,SRADA,17.7
1976,LA,November,PRCP,2200.9
1977,EN,November,TMAXA,31.3
1977,EN,November,TMINA,15.8
1977,EN,November,SRADA,17
1977,EN,November,PRCP,1565.6
1978,NE,November,TMAXA,31
1978,NE,November,TMINA,18.9
1978,NE,November,SRADA,17.1
1978,NE,November,PRCP,2239.3
1979,NE,November,TMAXA,31.3
1979,NE,November,TMINA,18.5
1979,NE,November,SRADA,16.3
1979,NE,November,PRCP,1963.6
1980,NE,November,TMAXA,31.8
1980,NE,November,TMINA,18.5
1980,NE,November,SRADA,16
1980,NE,November,PRCP,2163.9
1981,NE,November,TMAXA,31.3
1981,NE,November,TMINA,19.1
1981,NE,November,SRADA,15.1
1981,NE,November,PRCP,1738.5
1982,EN,November,TMAXA,31.4
1982,EN,November,TMINA,20
1982,EN,November,SRADA,16.4
1982,EN,November,PRCP,1915.4
1983,EN,November,TMAXA,32
1983,EN,November,TMINA,18.8
1983,EN,November,SRADA,16.5
1983,EN,November,PRCP,1755.4
1984,NE,November,TMAXA,31.7
1984,NE,November,TMINA,18.4
1984,NE,November,SRADA,17
1984,NE,November,PRCP,1670.4
1985,LA,November,TMAXA,31.7
1985,LA,November,TMINA,18.9
1985,LA,November,SRADA,16.6
1985,LA,November,PRCP,1683.5
1986,NE,November,TMAXA,31.8
1986,NE,November,TMINA,19.4
1986,NE,November,SRADA,17.4
1986,NE,November,PRCP,1477.4
1987,EN,November,TMAXA,32.9
1987,EN,November,TMINA,19.9
1987,EN,November,SRADA,17.4
1987,EN,November,PRCP,1585.7
1988,LA,November,TMAXA,32.4
1988,LA,November,TMINA,19.6
1988,LA,November,SRADA,17.2
1988,LA,November,PRCP,1753.7
1989,LA,November,TMAXA,31
1989,LA,November,TMINA,19.5
1989,LA,November,SRADA,16.6
1989,LA,November,PRCP,1721.4
1990,NE,November,TMAXA,31.2
1990,NE,November,TMINA,19.6
1990,NE,November,SRADA,16.5
1990,NE,November,PRCP,1896.8
1991,EN,November,TMAXA,31.5
1991,EN,November,TMINA,19.1
1991,EN,November,SRADA,16.2
1991,EN,November,PRCP,2028.5
1992,EN,November,TMAXA,29.9
1992,EN,November,TMINA,18.4
1992,EN,November,SRADA,16.1
1992,EN,November,PRCP,2179.8
1993,NE,November,TMAXA,31.5
1993,NE,November,TMINA,19.4
1993,NE,November,SRADA,16.6
1993,NE,November,PRCP,1807
1994,NE,November,TMAXA,31.5
1994,NE,November,TMINA,19.9
1994,NE,November,SRADA,16.5
1994,NE,November,PRCP,2383.6
1995,EN,November,TMAXA,31.5
1995,EN,November,TMINA,19.5
1995,EN,November,SRADA,16.2
1995,EN,November,PRCP,2130.2
1996,NE,November,TMAXA,31.7
1996,NE,November,TMINA,19.5
1996,NE,November,SRADA,17.5
1996,NE,November,PRCP,1672.5
1997,EN,November,TMAXA,32.1
1997,EN,November,TMINA,19.8
1997,EN,November,SRADA,17.6
1997,EN,November,PRCP,1574.7
1998,EN,November,TMAXA,33
1998,EN,November,TMINA,20
1998,EN,November,SRADA,17.4
1998,EN,November,PRCP,1471.1
1999,LA,November,TMAXA,32.7
1999,LA,November,TMINA,19.4
1999,LA,November,SRADA,17.6
1999,LA,November,PRCP,1487
2000,LA,November,TMAXA,32.8
2000,LA,November,TMINA,19.8
2000,LA,November,SRADA,17.6
2000,LA,November,PRCP,1756.2
2001,NE,November,TMAXA,32.3
2001,NE,November,TMINA,19.6
2001,NE,November,SRADA,17.8
2001,NE,November,PRCP,1432.8
2002,NE,November,TMAXA,33.1
2002,NE,November,TMINA,20
2002,NE,November,SRADA,17.9
2002,NE,November,PRCP,1735.6
2003,NE,November,TMAXA,32.2
2003,NE,November,TMINA,20.2
2003,NE,November,SRADA,17.6
2003,NE,November,PRCP,1955
2004,NE,November,TMAXA,32.1
2004,NE,November,TMINA,20.2
2004,NE,November,SRADA,17
2004,NE,November,PRCP,2410
2005,NE,November,TMAXA,32.8
2005,NE,November,TMINA,20.4
2005,NE,November,SRADA,17.8
2005,NE,November,PRCP,1555.9
2006,NE,November,TMAXA,32.4
2006,NE,November,TMINA,20.3
2006,NE,November,SRADA,17.4
2006,NE,November,PRCP,1831.5
2007,LA,November,TMAXA,33
2007,LA,November,TMINA,19.9
2007,LA,November,SRADA,18.1
2007,LA,November,PRCP,1824.4
2008,LA,November,TMAXA,32.6
2008,LA,November,TMINA,19.9
2008,LA,November,SRADA,17.9
2008,LA,November,PRCP,1965.9
2009,LA,November,TMAXA,32.4
2009,LA,November,TMINA,20.5
2009,LA,November,SRADA,17.2
2009,LA,November,PRCP,1672.2
2010,EN,November,TMAXA,33.6
2010,EN,November,TMINA,19.6
2010,EN,November,SRADA,17.5
2010,EN,November,PRCP,1629.5
2011,LA,November,TMAXA,32.5
2011,LA,November,TMINA,20.1
2011,LA,November,SRADA,18.2
2011,LA,November,PRCP,1829
2012,NE,November,TMAXA,32.7
2012,NE,November,TMINA,20.2
2012,NE,November,SRADA,18.3
2012,NE,November,PRCP,1580.5
2013,NE,November,TMAXA,32.5
2013,NE,November,TMINA,20.4
2013,NE,November,SRADA,18
2013,NE,November,PRCP,1657.7
2014,NE,November,TMAXA,32.7
2014,NE,November,TMINA,20.7
2014,NE,November,SRADA,17.7
2014,NE,November,PRCP,976.5
2015,EN,November,TMAXA,33
2015,EN,November,TMINA,20.9
2015,EN,November,SRADA,17.5
2015,EN,November,PRCP,1409.7
2016,EN,November,TMAXA,33.2
2016,EN,November,TMINA,20.9
2016,EN,November,SRADA,17.7
2016,EN,November,PRCP,1712
2017,NE,November,TMAXA,32.8
2017,NE,November,TMINA,20.6
2017,NE,November,SRADA,17.3
2017,NE,November,PRCP,1875.2
2018,LA,November,TMAXA,32.5
2018,LA,November,TMINA,20.5
2018,LA,November,SRADA,17.4
2018,LA,November,PRCP,2252.4
2019,EN,November,TMAXA,32.9
2019,EN,November,TMINA,20.4
2019,EN,November,SRADA,17.3
2019,EN,November,PRCP,2036.3
1963,NE,November,TMAXA,32.9
1963,NE,November,TMINA,17.4
1963,NE,November,SRADA,18.9
1963,NE,November,PRCP,1470.6
1964,LA,November,TMAXA,32.4
1964,LA,November,TMINA,17.9
1964,LA,November,SRADA,18.8
1964,LA,November,PRCP,1704.8
1965,EN,November,TMAXA,32.2
1965,EN,November,TMINA,18
1965,EN,November,SRADA,18.5
1965,EN,November,PRCP,1822.5
1966,EN,November,TMAXA,32.7
1966,EN,November,TMINA,18.1
1966,EN,November,SRADA,18.9
1966,EN,November,PRCP,1837.4
1967,NE,November,TMAXA,32.6
1967,NE,November,TMINA,19.1
1967,NE,November,SRADA,19.2
1967,NE,November,PRCP,1403.6
1968,NE,November,TMAXA,32
1968,NE,November,TMINA,18.8
1968,NE,November,SRADA,19.3
1968,NE,November,PRCP,1492.3
1969,EN,November,TMAXA,32.2
1969,EN,November,TMINA,19.8
1969,EN,November,SRADA,19.2
1969,EN,November,PRCP,972.8
1970,NE,November,TMAXA,32
1970,NE,November,TMINA,19.4
1970,NE,November,SRADA,19.3
1970,NE,November,PRCP,1607.3
1971,LA,November,TMAXA,31.8
1971,LA,November,TMINA,19.1
1971,LA,November,SRADA,18.6
1971,LA,November,PRCP,1276.4
1972,EN,November,TMAXA,32
1972,EN,November,TMINA,19
1972,EN,November,SRADA,18.5
1972,EN,November,PRCP,1530
1973,LA,November,TMAXA,31.8
1973,LA,November,TMINA,19.7
1973,LA,November,SRADA,18.1
1973,LA,November,PRCP,1763.3
1974,LA,November,TMAXA,30.9
1974,LA,November,TMINA,19.3
1974,LA,November,SRADA,18.1
1974,LA,November,PRCP,1594.4
1975,LA,November,TMAXA,32.1
1975,LA,November,TMINA,18.8
1975,LA,November,SRADA,18.3
1975,LA,November,PRCP,1262.6
1976,LA,November,TMAXA,31.6
1976,LA,November,TMINA,17.9
1976,LA,November,SRADA,18.2
1976,LA,November,PRCP,1566.5
1977,EN,November,TMAXA,31.6
1977,EN,November,TMINA,18.6
1977,EN,November,SRADA,17.3
1977,EN,November,PRCP,1773.2
1978,NE,November,TMAXA,30.7
1978,NE,November,TMINA,19.3
1978,NE,November,SRADA,17.1
1978,NE,November,PRCP,2063.5
1979,NE,November,TMAXA,31.3
1979,NE,November,TMINA,18.1
1979,NE,November,SRADA,16.8
1979,NE,November,PRCP,1653.6
1980,NE,November,TMAXA,32
1980,NE,November,TMINA,18.8
1980,NE,November,SRADA,16.6
1980,NE,November,PRCP,1689.9
1981,NE,November,TMAXA,31.5
1981,NE,November,TMINA,18.6
1981,NE,November,SRADA,16.3
1981,NE,November,PRCP,1700
1982,EN,November,TMAXA,31.4
1982,EN,November,TMINA,19.6
1982,EN,November,SRADA,17.1
1982,EN,November,PRCP,1522.8
1983,EN,November,TMAXA,32
1983,EN,November,TMINA,19.2
1983,EN,November,SRADA,16.7
1983,EN,November,PRCP,1786.5
1984,NE,November,TMAXA,31.8
1984,NE,November,TMINA,18.9
1984,NE,November,SRADA,17.5
1984,NE,November,PRCP,1595.2
1985,LA,November,TMAXA,31.6
1985,LA,November,TMINA,18.7
1985,LA,November,SRADA,16.8
1985,LA,November,PRCP,1639.9
1986,NE,November,TMAXA,31.9
1986,NE,November,TMINA,19
1986,NE,November,SRADA,17.8
1986,NE,November,PRCP,1687.2
1987,EN,November,TMAXA,32.6
1987,EN,November,TMINA,19.7
1987,EN,November,SRADA,17.7
1987,EN,November,PRCP,1504.4
1988,LA,November,TMAXA,32.1
1988,LA,November,TMINA,17
1988,LA,November,SRADA,18.2
1988,LA,November,PRCP,2055.6
1989,LA,November,TMAXA,31.7
1989,LA,November,TMINA,17.6
1989,LA,November,SRADA,18.4
1989,LA,November,PRCP,1932.8
1990,NE,November,TMAXA,31.6
1990,NE,November,TMINA,19.5
1990,NE,November,SRADA,18.4
1990,NE,November,PRCP,1949.7
1991,EN,November,TMAXA,32.1
1991,EN,November,TMINA,19.8
1991,EN,November,SRADA,17.8
1991,EN,November,PRCP,1992.6
1992,EN,November,TMAXA,31.5
1992,EN,November,TMINA,19.6
1992,EN,November,SRADA,17.1
1992,EN,November,PRCP,1663.1
1993,NE,November,TMAXA,31.9
1993,NE,November,TMINA,19.2
1993,NE,November,SRADA,17.3
1993,NE,November,PRCP,1512.8
1994,NE,November,TMAXA,32.4
1994,NE,November,TMINA,19.5
1994,NE,November,SRADA,17.8
1994,NE,November,PRCP,1731.8
1995,EN,November,TMAXA,32.1
1995,EN,November,TMINA,19
1995,EN,November,SRADA,17.3
1995,EN,November,PRCP,1860.9
1996,NE,November,TMAXA,32.6
1996,NE,November,TMINA,19.6
1996,NE,November,SRADA,18.1
1996,NE,November,PRCP,1332.8
1997,EN,November,TMAXA,32.8
1997,EN,November,TMINA,19.9
1997,EN,November,SRADA,18
1997,EN,November,PRCP,1454.5
1998,EN,November,TMAXA,33.5
1998,EN,November,TMINA,20.7
1998,EN,November,SRADA,18.6
1998,EN,November,PRCP,1426
1999,LA,November,TMAXA,32.5
1999,LA,November,TMINA,19.3
1999,LA,November,SRADA,18.9
1999,LA,November,PRCP,1604.1
2000,LA,November,TMAXA,32
2000,LA,November,TMINA,19.8
2000,LA,November,SRADA,18.4
2000,LA,November,PRCP,1889.3
2001,NE,November,TMAXA,32.5
2001,NE,November,TMINA,19.8
2001,NE,November,SRADA,18.7
2001,NE,November,PRCP,1419.3
2002,NE,November,TMAXA,32.8
2002,NE,November,TMINA,20.1
2002,NE,November,SRADA,18.8
2002,NE,November,PRCP,1954.9
2003,NE,November,TMAXA,32.6
2003,NE,November,TMINA,20.1
2003,NE,November,SRADA,18.5
2003,NE,November,PRCP,1803.1
2004,NE,November,TMAXA,33
2004,NE,November,TMINA,20
2004,NE,November,SRADA,18.4
2004,NE,November,PRCP,2372.7
2005,NE,November,TMAXA,33.6
2005,NE,November,TMINA,20.3
2005,NE,November,SRADA,18.8
2005,NE,November,PRCP,1449
2006,NE,November,TMAXA,33
2006,NE,November,TMINA,19.9
2006,NE,November,SRADA,18.4
2006,NE,November,PRCP,1853.4
2007,LA,November,TMAXA,33.7
2007,LA,November,TMINA,19.7
2007,LA,November,SRADA,19.4
2007,LA,November,PRCP,1726.4
2008,LA,November,TMAXA,32.8
2008,LA,November,TMINA,19.4
2008,LA,November,SRADA,19.3
2008,LA,November,PRCP,1864.7
2009,LA,November,TMAXA,32.2
2009,LA,November,TMINA,20.1
2009,LA,November,SRADA,18.3
2009,LA,November,PRCP,2388.9
2010,EN,November,TMAXA,33.7
2010,EN,November,TMINA,20.1
2010,EN,November,SRADA,18.9
2010,EN,November,PRCP,1680.3
2011,LA,November,TMAXA,32.4
2011,LA,November,TMINA,20
2011,LA,November,SRADA,18.5
2011,LA,November,PRCP,1965.3
2012,NE,November,TMAXA,32.8
2012,NE,November,TMINA,19.8
2012,NE,November,SRADA,18.9
2012,NE,November,PRCP,1596.1
2013,NE,November,TMAXA,32.8
2013,NE,November,TMINA,20.1
2013,NE,November,SRADA,18.7
2013,NE,November,PRCP,2078
2014,NE,November,TMAXA,33
2014,NE,November,TMINA,20.3
2014,NE,November,SRADA,17.9
2014,NE,November,PRCP,1793.2
2015,EN,November,TMAXA,33.1
2015,EN,November,TMINA,20.5
2015,EN,November,SRADA,19.1
2015,EN,November,PRCP,2058.9
2016,EN,November,TMAXA,34
2016,EN,November,TMINA,20.6
2016,EN,November,SRADA,19.6
2016,EN,November,PRCP,1567
2017,NE,November,TMAXA,33.3
2017,NE,November,TMINA,20.4
2017,NE,November,SRADA,19
2017,NE,November,PRCP,2304
2018,LA,November,TMAXA,32.7
2018,LA,November,TMINA,20.4
2018,LA,November,SRADA,18.8
2018,LA,November,PRCP,1888.1
2019,EN,November,TMAXA,33.7
2019,EN,November,TMINA,20
2019,EN,November,SRADA,17.8
2019,EN,November,PRCP,1268.8
1963,NE,November,TMAXA,32.8
1963,NE,November,TMINA,20.3
1963,NE,November,SRADA,17.9
1963,NE,November,PRCP,1445
1964,LA,November,TMAXA,32.7
1964,LA,November,TMINA,20.5
1964,LA,November,SRADA,18.6
1964,LA,November,PRCP,1169.3
1965,EN,November,TMAXA,32.3
1965,EN,November,TMINA,20.3
1965,EN,November,SRADA,18.3
1965,EN,November,PRCP,1409.3
1966,EN,November,TMAXA,33
1966,EN,November,TMINA,20.5
1966,EN,November,SRADA,19
1966,EN,November,PRCP,1281.1
1967,NE,November,TMAXA,33.2
1967,NE,November,TMINA,20.3
1967,NE,November,SRADA,18.8
1967,NE,November,PRCP,1201.3
1968,NE,November,TMAXA,32.3
1968,NE,November,TMINA,19.2
1968,NE,November,SRADA,19.5
1968,NE,November,PRCP,1392.5
1969,EN,November,TMAXA,32.9
1969,EN,November,TMINA,20.5
1969,EN,November,SRADA,19.1
1969,EN,November,PRCP,1518.7
1970,NE,November,TMAXA,33.2
1970,NE,November,TMINA,20
1970,NE,November,SRADA,19.1
1970,NE,November,PRCP,1313.7
1971,LA,November,TMAXA,32.3
1971,LA,November,TMINA,17.6
1971,LA,November,SRADA,18
1971,LA,November,PRCP,1343.1
1972,EN,November,TMAXA,32.6
1972,EN,November,TMINA,19.9
1972,EN,November,SRADA,18.2
1972,EN,November,PRCP,1567.9
1973,LA,November,TMAXA,33
1973,LA,November,TMINA,20.7
1973,LA,November,SRADA,18.3
1973,LA,November,PRCP,1504.1
1974,LA,November,TMAXA,31
1974,LA,November,TMINA,20.5
1974,LA,November,SRADA,17.8
1974,LA,November,PRCP,1857
1975,LA,November,TMAXA,32.4
1975,LA,November,TMINA,20.2
1975,LA,November,SRADA,17.8
1975,LA,November,PRCP,1545.5
1976,LA,November,TMAXA,31.8
1976,LA,November,TMINA,19.7
1976,LA,November,SRADA,17.6
1976,LA,November,PRCP,1876.1
1977,EN,November,TMAXA,32.1
1977,EN,November,TMINA,20.2
1977,EN,November,SRADA,17.3
1977,EN,November,PRCP,1602.1
1978,NE,November,TMAXA,32.2
1978,NE,November,TMINA,20.5
1978,NE,November,SRADA,16.8
1978,NE,November,PRCP,1706.9
1979,NE,November,TMAXA,32.2
1979,NE,November,TMINA,20.4
1979,NE,November,SRADA,16.2
1979,NE,November,PRCP,1740.7
1980,NE,November,TMAXA,32.3
1980,NE,November,TMINA,20.4
1980,NE,November,SRADA,16
1980,NE,November,PRCP,1537
1981,NE,November,TMAXA,32.2
1981,NE,November,TMINA,20
1981,NE,November,SRADA,15.6
1981,NE,November,PRCP,1592.2
1982,EN,November,TMAXA,32.2
1982,EN,November,TMINA,21.1
1982,EN,November,SRADA,15.5
1982,EN,November,PRCP,1906.5
1983,EN,November,TMAXA,32.2
1983,EN,November,TMINA,20.6
1983,EN,November,SRADA,15.3
1983,EN,November,PRCP,1642.5
1984,NE,November,TMAXA,32.4
1984,NE,November,TMINA,20.5
1984,NE,November,SRADA,15.9
1984,NE,November,PRCP,1800.5
1985,LA,November,TMAXA,32.3
1985,LA,November,TMINA,20.7
1985,LA,November,SRADA,15.6
1985,LA,November,PRCP,1740.3
1986,NE,November,TMAXA,32.6
1986,NE,November,TMINA,20.9
1986,NE,November,SRADA,17.4
1986,NE,November,PRCP,1394.5
1987,EN,November,TMAXA,32.7
1987,EN,November,TMINA,21.2
1987,EN,November,SRADA,17.2
1987,EN,November,PRCP,1444.3
1988,LA,November,TMAXA,32.4
1988,LA,November,TMINA,20.7
1988,LA,November,SRADA,17
1988,LA,November,PRCP,1640.6
1989,LA,November,TMAXA,31.9
1989,LA,November,TMINA,20.8
1989,LA,November,SRADA,16.4
1989,LA,November,PRCP,1809.7
1990,NE,November,TMAXA,32.1
1990,NE,November,TMINA,20.8
1990,NE,November,SRADA,16.2
1990,NE,November,PRCP,1722.6
1991,EN,November,TMAXA,32.4
1991,EN,November,TMINA,20.2
1991,EN,November,SRADA,15.8
1991,EN,November,PRCP,1877.8
1992,EN,November,TMAXA,31.6
1992,EN,November,TMINA,19.9
1992,EN,November,SRADA,15.9
1992,EN,November,PRCP,1635.3
1993,NE,November,TMAXA,32.4
1993,NE,November,TMINA,20.4
1993,NE,November,SRADA,16.3
1993,NE,November,PRCP,1255.3
1994,NE,November,TMAXA,32.6
1994,NE,November,TMINA,21.1
1994,NE,November,SRADA,16.5
1994,NE,November,PRCP,1358.5
1995,EN,November,TMAXA,32.1
1995,EN,November,TMINA,20.6
1995,EN,November,SRADA,15.6
1995,EN,November,PRCP,1635.1
1996,NE,November,TMAXA,31.9
1996,NE,November,TMINA,19.5
1996,NE,November,SRADA,17.5
1996,NE,November,PRCP,1888.6
1997,EN,November,TMAXA,32.3
1997,EN,November,TMINA,20.6
1997,EN,November,SRADA,17.3
1997,EN,November,PRCP,1776.6
1998,EN,November,TMAXA,33.1
1998,EN,November,TMINA,20.6
1998,EN,November,SRADA,17.4
1998,EN,November,PRCP,1478.1
1999,LA,November,TMAXA,32.9
1999,LA,November,TMINA,20.1
1999,LA,November,SRADA,17.4
1999,LA,November,PRCP,1538.6
2000,LA,November,TMAXA,32.7
2000,LA,November,TMINA,20.8
2000,LA,November,SRADA,17.5
2000,LA,November,PRCP,1485.6
2001,NE,November,TMAXA,33
2001,NE,November,TMINA,21.1
2001,NE,November,SRADA,17.9
2001,NE,November,PRCP,1299.4
2002,NE,November,TMAXA,33.2
2002,NE,November,TMINA,20.9
2002,NE,November,SRADA,17.7
2002,NE,November,PRCP,1451.8
2003,NE,November,TMAXA,32.5
2003,NE,November,TMINA,20.9
2003,NE,November,SRADA,17.5
2003,NE,November,PRCP,1698.4
2004,NE,November,TMAXA,32.1
2004,NE,November,TMINA,21.2
2004,NE,November,SRADA,16.8
2004,NE,November,PRCP,1139.2
2005,NE,November,TMAXA,32.7
2005,NE,November,TMINA,21.5
2005,NE,November,SRADA,17.1
2005,NE,November,PRCP,1178.9
2006,NE,November,TMAXA,32.2
2006,NE,November,TMINA,21.2
2006,NE,November,SRADA,17
2006,NE,November,PRCP,1704.2
2007,LA,November,TMAXA,32.9
2007,LA,November,TMINA,21.3
2007,LA,November,SRADA,17
2007,LA,November,PRCP,1516.8
2008,LA,November,TMAXA,32.5
2008,LA,November,TMINA,20.6
2008,LA,November,SRADA,17.2
2008,LA,November,PRCP,1675.2
2009,LA,November,TMAXA,32.5
2009,LA,November,TMINA,20.6
2009,LA,November,SRADA,17.3
2009,LA,November,PRCP,1509.3
2010,EN,November,TMAXA,33.2
2010,EN,November,TMINA,20.4
2010,EN,November,SRADA,16.9
2010,EN,November,PRCP,1073.4
2011,LA,November,TMAXA,32.9
2011,LA,November,TMINA,20.7
2011,LA,November,SRADA,17
2011,LA,November,PRCP,766.5
2012,NE,November,TMAXA,33
2012,NE,November,TMINA,21
2012,NE,November,SRADA,17.9
2012,NE,November,PRCP,1628.7
2013,NE,November,TMAXA,32.5
2013,NE,November,TMINA,21.1
2013,NE,November,SRADA,17.1
2013,NE,November,PRCP,1582.4
2014,NE,November,TMAXA,32.4
2014,NE,November,TMINA,21.4
2014,NE,November,SRADA,16.6
2014,NE,November,PRCP,1887.5
2015,EN,November,TMAXA,33.1
2015,EN,November,TMINA,21.7
2015,EN,November,SRADA,16.5
2015,EN,November,PRCP,1586
2016,EN,November,TMAXA,32.8
2016,EN,November,TMINA,21
2016,EN,November,SRADA,17.4
2016,EN,November,PRCP,1269
2017,NE,November,TMAXA,32.8
2017,NE,November,TMINA,21.2
2017,NE,November,SRADA,17.1
2017,NE,November,PRCP,1448.9
2018,LA,November,TMAXA,32.5
2018,LA,November,TMINA,20.9
2018,LA,November,SRADA,17.3
2018,LA,November,PRCP,1687.9
2019,EN,November,TMAXA,33.2
2019,EN,November,TMINA,21.4
2019,EN,November,SRADA,17.4
2019,EN,November,PRCP,1132.6
1963,NE,November,TMAXA,29.5
1963,NE,November,TMINA,16.1
1963,NE,November,SRADA,19.2
1963,NE,November,PRCP,1364.9
1964,LA,November,TMAXA,28.1
1964,LA,November,TMINA,16.6
1964,LA,November,SRADA,18.1
1964,LA,November,PRCP,1306.5
1965,EN,November,TMAXA,27.8
1965,EN,November,TMINA,16.7
1965,EN,November,SRADA,17.5
1965,EN,November,PRCP,1642
1966,EN,November,TMAXA,27.9
1966,EN,November,TMINA,16.8
1966,EN,November,SRADA,18.4
1966,EN,November,PRCP,1461
1967,NE,November,TMAXA,28
1967,NE,November,TMINA,17.2
1967,NE,November,SRADA,18.7
1967,NE,November,PRCP,1191.3
1968,NE,November,TMAXA,27.6
1968,NE,November,TMINA,16.5
1968,NE,November,SRADA,18.4
1968,NE,November,PRCP,1230.1
1969,EN,November,TMAXA,28.9
1969,EN,November,TMINA,17.4
1969,EN,November,SRADA,18.8
1969,EN,November,PRCP,1301.5
1970,NE,November,TMAXA,28.4
1970,NE,November,TMINA,17.2
1970,NE,November,SRADA,18.1
1970,NE,November,PRCP,1557.2
1971,LA,November,TMAXA,28.7
1971,LA,November,TMINA,17.2
1971,LA,November,SRADA,18.8
1971,LA,November,PRCP,1046.7
1972,EN,November,TMAXA,29.1
1972,EN,November,TMINA,17.4
1972,EN,November,SRADA,18.3
1972,EN,November,PRCP,1420
1973,LA,November,TMAXA,27.2
1973,LA,November,TMINA,18.9
1973,LA,November,SRADA,18.2
1973,LA,November,PRCP,1482.3
1974,LA,November,TMAXA,26.9
1974,LA,November,TMINA,17.8
1974,LA,November,SRADA,18.6
1974,LA,November,PRCP,1118.6
1975,LA,November,TMAXA,28.3
1975,LA,November,TMINA,16.9
1975,LA,November,SRADA,19.2
1975,LA,November,PRCP,1026.7
1976,LA,November,TMAXA,28.3
1976,LA,November,TMINA,16.6
1976,LA,November,SRADA,18.4
1976,LA,November,PRCP,1035.9
1977,EN,November,TMAXA,28.2
1977,EN,November,TMINA,17.3
1977,EN,November,SRADA,17.9
1977,EN,November,PRCP,1270.3
1978,NE,November,TMAXA,27.7
1978,NE,November,TMINA,16.7
1978,NE,November,SRADA,17.4
1978,NE,November,PRCP,1512.4
1979,NE,November,TMAXA,28.2
1979,NE,November,TMINA,15.9
1979,NE,November,SRADA,16.7
1979,NE,November,PRCP,1639.5
1980,NE,November,TMAXA,28.3
1980,NE,November,TMINA,16.9
1980,NE,November,SRADA,17.1
1980,NE,November,PRCP,1927.2
1981,NE,November,TMAXA,27.8
1981,NE,November,TMINA,16.1
1981,NE,November,SRADA,17.4
1981,NE,November,PRCP,1711.1
1982,EN,November,TMAXA,28.2
1982,EN,November,TMINA,17.2
1982,EN,November,SRADA,17.5
1982,EN,November,PRCP,1567.7
1983,EN,November,TMAXA,28.5
1983,EN,November,TMINA,17.5
1983,EN,November,SRADA,17.1
1983,EN,November,PRCP,1651.8
1984,NE,November,TMAXA,28.7
1984,NE,November,TMINA,17
1984,NE,November,SRADA,17.9
1984,NE,November,PRCP,1267
1985,LA,November,TMAXA,28
1985,LA,November,TMINA,17.4
1985,LA,November,SRADA,17.1
1985,LA,November,PRCP,1363.5
1986,NE,November,TMAXA,28.5
1986,NE,November,TMINA,16.9
1986,NE,November,SRADA,18.3
1986,NE,November,PRCP,1754.3
1987,EN,November,TMAXA,29.5
1987,EN,November,TMINA,17.7
1987,EN,November,SRADA,18.5
1987,EN,November,PRCP,1316.3
1988,LA,November,TMAXA,28.8
1988,LA,November,TMINA,17.3
1988,LA,November,SRADA,18
1988,LA,November,PRCP,1688.9
1989,LA,November,TMAXA,29.1
1989,LA,November,TMINA,17.1
1989,LA,November,SRADA,18.1
1989,LA,November,PRCP,1182.2
1990,NE,November,TMAXA,28.8
1990,NE,November,TMINA,17.2
1990,NE,November,SRADA,17.9
1990,NE,November,PRCP,1560.3
1991,EN,November,TMAXA,27.9
1991,EN,November,TMINA,17
1991,EN,November,SRADA,17.5
1991,EN,November,PRCP,1468.1
1992,EN,November,TMAXA,27.8
1992,EN,November,TMINA,17.4
1992,EN,November,SRADA,16.8
1992,EN,November,PRCP,1636.7
1993,NE,November,TMAXA,28.8
1993,NE,November,TMINA,17.2
1993,NE,November,SRADA,18.4
1993,NE,November,PRCP,1130
1994,NE,November,TMAXA,28.8
1994,NE,November,TMINA,17.4
1994,NE,November,SRADA,18.4
1994,NE,November,PRCP,1555.8
1995,EN,November,TMAXA,28.9
1995,EN,November,TMINA,17.5
1995,EN,November,SRADA,18.1
1995,EN,November,PRCP,1563.7
1996,NE,November,TMAXA,29.1
1996,NE,November,TMINA,17.3
1996,NE,November,SRADA,18.9
1996,NE,November,PRCP,1053.9
1997,EN,November,TMAXA,28.5
1997,EN,November,TMINA,17.3
1997,EN,November,SRADA,18.1
1997,EN,November,PRCP,1503.1
1998,EN,November,TMAXA,30.1
1998,EN,November,TMINA,18.1
1998,EN,November,SRADA,18.6
1998,EN,November,PRCP,1255.2
1999,LA,November,TMAXA,29.2
1999,LA,November,TMINA,17.2
1999,LA,November,SRADA,18.8
1999,LA,November,PRCP,1239.5
2000,LA,November,TMAXA,28.8
2000,LA,November,TMINA,17.2
2000,LA,November,SRADA,18.5
2000,LA,November,PRCP,1575.4
2001,NE,November,TMAXA,28.9
2001,NE,November,TMINA,17.4
2001,NE,November,SRADA,18.6
2001,NE,November,PRCP,1117.9
2002,NE,November,TMAXA,29.1
2002,NE,November,TMINA,17.9
2002,NE,November,SRADA,18.7
2002,NE,November,PRCP,1113.2
2003,NE,November,TMAXA,29.2
2003,NE,November,TMINA,17.6
2003,NE,November,SRADA,18.3
2003,NE,November,PRCP,1241.5
2004,NE,November,TMAXA,28.8
2004,NE,November,TMINA,17.6
2004,NE,November,SRADA,18.1
2004,NE,November,PRCP,1773.4
2005,NE,November,TMAXA,29.3
2005,NE,November,TMINA,18
2005,NE,November,SRADA,18.5
2005,NE,November,PRCP,1310.5
2006,NE,November,TMAXA,28.5
2006,NE,November,TMINA,17.5
2006,NE,November,SRADA,17.6
2006,NE,November,PRCP,1804
2007,LA,November,TMAXA,29.6
2007,LA,November,TMINA,17.5
2007,LA,November,SRADA,19.3
2007,LA,November,PRCP,1172
2008,LA,November,TMAXA,29.3
2008,LA,November,TMINA,17.1
2008,LA,November,SRADA,19.1
2008,LA,November,PRCP,1120.5
2009,LA,November,TMAXA,28.8
2009,LA,November,TMINA,17.5
2009,LA,November,SRADA,17.8
2009,LA,November,PRCP,1638.4
2010,EN,November,TMAXA,29.6
2010,EN,November,TMINA,17.2
2010,EN,November,SRADA,19.3
2010,EN,November,PRCP,1230.8
2011,LA,November,TMAXA,29.2
2011,LA,November,TMINA,17
2011,LA,November,SRADA,18.9
2011,LA,November,PRCP,1299.9
2012,NE,November,TMAXA,29.2
2012,NE,November,TMINA,17.7
2012,NE,November,SRADA,18.8
2012,NE,November,PRCP,1195.4
2013,NE,November,TMAXA,29.4
2013,NE,November,TMINA,17.7
2013,NE,November,SRADA,18.9
2013,NE,November,PRCP,1425.5
2014,NE,November,TMAXA,29.5
2014,NE,November,TMINA,17.6
2014,NE,November,SRADA,19.3
2014,NE,November,PRCP,1335
2015,EN,November,TMAXA,29.9
2015,EN,November,TMINA,17.8
2015,EN,November,SRADA,19
2015,EN,November,PRCP,1168.9
2016,EN,November,TMAXA,30.8
2016,EN,November,TMINA,18
2016,EN,November,SRADA,19.3
2016,EN,November,PRCP,995.4
2017,NE,November,TMAXA,29.6
2017,NE,November,TMINA,17.5
2017,NE,November,SRADA,19.5
2017,NE,November,PRCP,1137.4
2018,LA,November,TMAXA,29.2
2018,LA,November,TMINA,17.6
2018,LA,November,SRADA,18.6
2018,LA,November,PRCP,1379.7
2019,EN,November,TMAXA,30.1
2019,EN,November,TMINA,17.6
2019,EN,November,SRADA,19.9
2019,EN,November,PRCP,1096.9
1963,NE,November,TMAXA,32.8
1963,NE,November,TMINA,17.7
1963,NE,November,SRADA,18.8
1963,NE,November,PRCP,1331.5
1964,LA,November,TMAXA,32.1
1964,LA,November,TMINA,18.2
1964,LA,November,SRADA,19
1964,LA,November,PRCP,1495.7
1965,EN,November,TMAXA,31.9
1965,EN,November,TMINA,18.5
1965,EN,November,SRADA,18.3
1965,EN,November,PRCP,1727.8
1966,EN,November,TMAXA,32
1966,EN,November,TMINA,18.5
1966,EN,November,SRADA,18.9
1966,EN,November,PRCP,1820.2
1967,NE,November,TMAXA,32.5
1967,NE,November,TMINA,19.6
1967,NE,November,SRADA,19.2
1967,NE,November,PRCP,1454.6
1968,NE,November,TMAXA,31.5
1968,NE,November,TMINA,18.7
1968,NE,November,SRADA,19.3
1968,NE,November,PRCP,1401.3
1969,EN,November,TMAXA,32.4
1969,EN,November,TMINA,20.2
1969,EN,November,SRADA,19.2
1969,EN,November,PRCP,1503
1970,NE,November,TMAXA,32
1970,NE,November,TMINA,19.2
1970,NE,November,SRADA,19.1
1970,NE,November,PRCP,1217.9
1971,LA,November,TMAXA,31.4
1971,LA,November,TMINA,19.1
1971,LA,November,SRADA,18.9
1971,LA,November,PRCP,1258.8
1972,EN,November,TMAXA,31.4
1972,EN,November,TMINA,19.1
1972,EN,November,SRADA,18.4
1972,EN,November,PRCP,1289.7
1973,LA,November,TMAXA,29.1
1973,LA,November,TMINA,21.2
1973,LA,November,SRADA,18.2
1973,LA,November,PRCP,1707.8
1974,LA,November,TMAXA,30.8
1974,LA,November,TMINA,19.1
1974,LA,November,SRADA,18.2
1974,LA,November,PRCP,1952.2
1975,LA,November,TMAXA,31.5
1975,LA,November,TMINA,18.7
1975,LA,November,SRADA,18.7
1975,LA,November,PRCP,1150.3
1976,LA,November,TMAXA,31.1
1976,LA,November,TMINA,18.9
1976,LA,November,SRADA,18.3
1976,LA,November,PRCP,1470
1977,EN,November,TMAXA,31.5
1977,EN,November,TMINA,19.4
1977,EN,November,SRADA,17.3
1977,EN,November,PRCP,1772
1978,NE,November,TMAXA,28.6
1978,NE,November,TMINA,20.2
1978,NE,November,SRADA,17
1978,NE,November,PRCP,1443.2
1979,NE,November,TMAXA,31.3
1979,NE,November,TMINA,18.6
1979,NE,November,SRADA,16.8
1979,NE,November,PRCP,1641.1
1980,NE,November,TMAXA,31.9
1980,NE,November,TMINA,20.5
1980,NE,November,SRADA,16.6
1980,NE,November,PRCP,1834.1
1981,NE,November,TMAXA,31.7
1981,NE,November,TMINA,19.2
1981,NE,November,SRADA,16.6
1981,NE,November,PRCP,1563.8
1982,EN,November,TMAXA,31.5
1982,EN,November,TMINA,20
1982,EN,November,SRADA,17
1982,EN,November,PRCP,2129
1983,EN,November,TMAXA,32
1983,EN,November,TMINA,20
1983,EN,November,SRADA,16.2
1983,EN,November,PRCP,2120
1984,NE,November,TMAXA,32.4
1984,NE,November,TMINA,20
1984,NE,November,SRADA,17.5
1984,NE,November,PRCP,1435.5
1985,LA,November,TMAXA,31.7
1985,LA,November,TMINA,19.1
1985,LA,November,SRADA,16.7
1985,LA,November,PRCP,1471.1
1986,NE,November,TMAXA,31.7
1986,NE,November,TMINA,19.8
1986,NE,November,SRADA,17.8
1986,NE,November,PRCP,1329.7
1987,EN,November,TMAXA,32.7
1987,EN,November,TMINA,20
1987,EN,November,SRADA,17.5
1987,EN,November,PRCP,1379.1
1988,LA,November,TMAXA,32.2
1988,LA,November,TMINA,19.8
1988,LA,November,SRADA,18.1
1988,LA,November,PRCP,1420.9
1989,LA,November,TMAXA,31.7
1989,LA,November,TMINA,19.2
1989,LA,November,SRADA,18.2
1989,LA,November,PRCP,1656.8
1990,NE,November,TMAXA,31.9
1990,NE,November,TMINA,19
1990,NE,November,SRADA,18.3
1990,NE,November,PRCP,1634.9
1991,EN,November,TMAXA,32.2
1991,EN,November,TMINA,19.6
1991,EN,November,SRADA,17.9
1991,EN,November,PRCP,1464.1
1992,EN,November,TMAXA,32
1992,EN,November,TMINA,20.3
1992,EN,November,SRADA,17
1992,EN,November,PRCP,1281.6
1993,NE,November,TMAXA,32.3
1993,NE,November,TMINA,19.3
1993,NE,November,SRADA,17.5
1993,NE,November,PRCP,1367.1
1994,NE,November,TMAXA,33
1994,NE,November,TMINA,19.8
1994,NE,November,SRADA,18.2
1994,NE,November,PRCP,1432.6
1995,EN,November,TMAXA,32.4
1995,EN,November,TMINA,20.1
1995,EN,November,SRADA,17.7
1995,EN,November,PRCP,1558.4
1996,NE,November,TMAXA,32.6
1996,NE,November,TMINA,20.2
1996,NE,November,SRADA,18
1996,NE,November,PRCP,1350.2
1997,EN,November,TMAXA,32.6
1997,EN,November,TMINA,20.2
1997,EN,November,SRADA,17.4
1997,EN,November,PRCP,1896.6
1998,EN,November,TMAXA,34
1998,EN,November,TMINA,20.9
1998,EN,November,SRADA,17.7
1998,EN,November,PRCP,1402.3
1999,LA,November,TMAXA,33.4
1999,LA,November,TMINA,20.2
1999,LA,November,SRADA,18.3
1999,LA,November,PRCP,1132.3
2000,LA,November,TMAXA,33
2000,LA,November,TMINA,19.9
2000,LA,November,SRADA,18.2
2000,LA,November,PRCP,1262.7
2001,NE,November,TMAXA,32.5
2001,NE,November,TMINA,19.7
2001,NE,November,SRADA,18.5
2001,NE,November,PRCP,1348.4
2002,NE,November,TMAXA,32.9
2002,NE,November,TMINA,20
2002,NE,November,SRADA,18.2
2002,NE,November,PRCP,1692
2003,NE,November,TMAXA,32.7
2003,NE,November,TMINA,19.7
2003,NE,November,SRADA,18.3
2003,NE,November,PRCP,1449.7
2004,NE,November,TMAXA,32.6
2004,NE,November,TMINA,19.9
2004,NE,November,SRADA,18
2004,NE,November,PRCP,1474.8
2005,NE,November,TMAXA,33.1
2005,NE,November,TMINA,20.5
2005,NE,November,SRADA,18.4
2005,NE,November,PRCP,1275.7
2006,NE,November,TMAXA,32.3
2006,NE,November,TMINA,20.1
2006,NE,November,SRADA,18
2006,NE,November,PRCP,1540.3
2007,LA,November,TMAXA,33.4
2007,LA,November,TMINA,20.1
2007,LA,November,SRADA,18.7
2007,LA,November,PRCP,1368.6
2008,LA,November,TMAXA,32.9
2008,LA,November,TMINA,20
2008,LA,November,SRADA,19
2008,LA,November,PRCP,1542.1
2009,LA,November,TMAXA,32.8
2009,LA,November,TMINA,20.4
2009,LA,November,SRADA,18.7
2009,LA,November,PRCP,1552.6
2010,EN,November,TMAXA,33.7
2010,EN,November,TMINA,20
2010,EN,November,SRADA,19.2
2010,EN,November,PRCP,1516.4
2011,LA,November,TMAXA,32.9
2011,LA,November,TMINA,20.1
2011,LA,November,SRADA,18.7
2011,LA,November,PRCP,1637.5
2012,NE,November,TMAXA,33
2012,NE,November,TMINA,20.2
2012,NE,November,SRADA,18.9
2012,NE,November,PRCP,1354
2013,NE,November,TMAXA,32.9
2013,NE,November,TMINA,20.3
2013,NE,November,SRADA,18.6
2013,NE,November,PRCP,1549.2
2014,NE,November,TMAXA,33.5
2014,NE,November,TMINA,19.9
2014,NE,November,SRADA,19.2
2014,NE,November,PRCP,1391.2
2015,EN,November,TMAXA,33.5
2015,EN,November,TMINA,20.6
2015,EN,November,SRADA,18.6
2015,EN,November,PRCP,1572
2016,EN,November,TMAXA,34.3
2016,EN,November,TMINA,20.7
2016,EN,November,SRADA,18.9
2016,EN,November,PRCP,1153
2017,NE,November,TMAXA,33.7
2017,NE,November,TMINA,20.5
2017,NE,November,SRADA,19.2
2017,NE,November,PRCP,1297.2
2018,LA,November,TMAXA,32.9
2018,LA,November,TMINA,19.6
2018,LA,November,SRADA,18.3
2018,LA,November,PRCP,1846.1
2019,EN,November,TMAXA,34
2019,EN,November,TMINA,19.9
2019,EN,November,SRADA,19.4
2019,EN,November,PRCP,1242
1963,NE,November,TMAXA,30.4
1963,NE,November,TMINA,16.2
1963,NE,November,SRADA,19.4
1963,NE,November,PRCP,1204.4
1964,LA,November,TMAXA,28.9
1964,LA,November,TMINA,16.6
1964,LA,November,SRADA,18.3
1964,LA,November,PRCP,1337
1965,EN,November,TMAXA,28.6
1965,EN,November,TMINA,16.9
1965,EN,November,SRADA,17.7
1965,EN,November,PRCP,1353.1
1966,EN,November,TMAXA,28.7
1966,EN,November,TMINA,16.9
1966,EN,November,SRADA,18.4
1966,EN,November,PRCP,1410.7
1967,NE,November,TMAXA,28.8
1967,NE,November,TMINA,17.4
1967,NE,November,SRADA,18.8
1967,NE,November,PRCP,1167.4
1968,NE,November,TMAXA,28.3
1968,NE,November,TMINA,16.3
1968,NE,November,SRADA,18.5
1968,NE,November,PRCP,1223.2
1969,EN,November,TMAXA,29.8
1969,EN,November,TMINA,17.5
1969,EN,November,SRADA,18.9
1969,EN,November,PRCP,1249.5
1970,NE,November,TMAXA,29.4
1970,NE,November,TMINA,17.2
1970,NE,November,SRADA,18.3
1970,NE,November,PRCP,1634
1971,LA,November,TMAXA,29.8
1971,LA,November,TMINA,17.4
1971,LA,November,SRADA,18.8
1971,LA,November,PRCP,936.3
1972,EN,November,TMAXA,30
1972,EN,November,TMINA,17.4
1972,EN,November,SRADA,18.3
1972,EN,November,PRCP,1307.4
1973,LA,November,TMAXA,28.3
1973,LA,November,TMINA,19
1973,LA,November,SRADA,18.4
1973,LA,November,PRCP,1452.7
1974,LA,November,TMAXA,27.5
1974,LA,November,TMINA,18.1
1974,LA,November,SRADA,18.7
1974,LA,November,PRCP,1322.1
1975,LA,November,TMAXA,29
1975,LA,November,TMINA,17.2
1975,LA,November,SRADA,19.2
1975,LA,November,PRCP,1075.3
1976,LA,November,TMAXA,29.2
1976,LA,November,TMINA,16.6
1976,LA,November,SRADA,18.6
1976,LA,November,PRCP,955
1977,EN,November,TMAXA,28.7
1977,EN,November,TMINA,17.8
1977,EN,November,SRADA,18
1977,EN,November,PRCP,1144.8
1978,NE,November,TMAXA,28.1
1978,NE,November,TMINA,16.8
1978,NE,November,SRADA,17.5
1978,NE,November,PRCP,1759.5
1979,NE,November,TMAXA,29.1
1979,NE,November,TMINA,15.8
1979,NE,November,SRADA,16.9
1979,NE,November,PRCP,1562.5
1980,NE,November,TMAXA,29.3
1980,NE,November,TMINA,16.9
1980,NE,November,SRADA,17.3
1980,NE,November,PRCP,1362.1
1981,NE,November,TMAXA,28.8
1981,NE,November,TMINA,15.8
1981,NE,November,SRADA,17.5
1981,NE,November,PRCP,1267.3
1982,EN,November,TMAXA,29.3
1982,EN,November,TMINA,17.2
1982,EN,November,SRADA,17.9
1982,EN,November,PRCP,1376.6
1983,EN,November,TMAXA,29.6
1983,EN,November,TMINA,17
1983,EN,November,SRADA,17.4
1983,EN,November,PRCP,1861.7
1984,NE,November,TMAXA,29.9
1984,NE,November,TMINA,16.5
1984,NE,November,SRADA,18.2
1984,NE,November,PRCP,1283.5
1985,LA,November,TMAXA,28.9
1985,LA,November,TMINA,17.8
1985,LA,November,SRADA,17.1
1985,LA,November,PRCP,1440.7
1986,NE,November,TMAXA,29.7
1986,NE,November,TMINA,16.7
1986,NE,November,SRADA,18.6
1986,NE,November,PRCP,1281.5
1987,EN,November,TMAXA,30.7
1987,EN,November,TMINA,17.6
1987,EN,November,SRADA,18.7
1987,EN,November,PRCP,1216.2
1988,LA,November,TMAXA,30
1988,LA,November,TMINA,17.3
1988,LA,November,SRADA,18
1988,LA,November,PRCP,1713.6
1989,LA,November,TMAXA,30.4
1989,LA,November,TMINA,17.4
1989,LA,November,SRADA,18.3
1989,LA,November,PRCP,1169.7
1990,NE,November,TMAXA,30.2
1990,NE,November,TMINA,17.7
1990,NE,November,SRADA,18
1990,NE,November,PRCP,1663.1
1991,EN,November,TMAXA,29.4
1991,EN,November,TMINA,17.4
1991,EN,November,SRADA,17.6
1991,EN,November,PRCP,1921.9
1992,EN,November,TMAXA,29
1992,EN,November,TMINA,17.7
1992,EN,November,SRADA,17
1992,EN,November,PRCP,1766.8
1993,NE,November,TMAXA,30.2
1993,NE,November,TMINA,17.3
1993,NE,November,SRADA,18.6
1993,NE,November,PRCP,1022.3
1994,NE,November,TMAXA,30.2
1994,NE,November,TMINA,17.6
1994,NE,November,SRADA,18.6
1994,NE,November,PRCP,1437.3
1995,EN,November,TMAXA,30.1
1995,EN,November,TMINA,17.9
1995,EN,November,SRADA,18.2
1995,EN,November,PRCP,1380.1
1996,NE,November,TMAXA,30.4
1996,NE,November,TMINA,17.6
1996,NE,November,SRADA,19.1
1996,NE,November,PRCP,1297.9
1997,EN,November,TMAXA,29.7
1997,EN,November,TMINA,17.6
1997,EN,November,SRADA,18.2
1997,EN,November,PRCP,1419
1998,EN,November,TMAXA,31.4
1998,EN,November,TMINA,18.4
1998,EN,November,SRADA,18.8
1998,EN,November,PRCP,985.8
1999,LA,November,TMAXA,30.4
1999,LA,November,TMINA,17.6
1999,LA,November,SRADA,19
1999,LA,November,PRCP,1035
2000,LA,November,TMAXA,30.1
2000,LA,November,TMINA,17.4
2000,LA,November,SRADA,18.6
2000,LA,November,PRCP,1461.2
2001,NE,November,TMAXA,30.5
2001,NE,November,TMINA,17.6
2001,NE,November,SRADA,18.7
2001,NE,November,PRCP,1065.4
2002,NE,November,TMAXA,30.6
2002,NE,November,TMINA,17.9
2002,NE,November,SRADA,19
2002,NE,November,PRCP,1174.2
2003,NE,November,TMAXA,30.5
2003,NE,November,TMINA,17.7
2003,NE,November,SRADA,18.5
2003,NE,November,PRCP,1283.8
2004,NE,November,TMAXA,30.2
2004,NE,November,TMINA,17.7
2004,NE,November,SRADA,18.2
2004,NE,November,PRCP,1447.2
2005,NE,November,TMAXA,30.7
2005,NE,November,TMINA,18.4
2005,NE,November,SRADA,18.7
2005,NE,November,PRCP,1576.9
2006,NE,November,TMAXA,29.8
2006,NE,November,TMINA,17.6
2006,NE,November,SRADA,17.7
2006,NE,November,PRCP,1635.2
2007,LA,November,TMAXA,31
2007,LA,November,TMINA,17.8
2007,LA,November,SRADA,19.7
2007,LA,November,PRCP,1266.4
2008,LA,November,TMAXA,30.6
2008,LA,November,TMINA,17.7
2008,LA,November,SRADA,19.9
2008,LA,November,PRCP,1198.3
2009,LA,November,TMAXA,29.9
2009,LA,November,TMINA,18.1
2009,LA,November,SRADA,18.7
2009,LA,November,PRCP,1483.1
2010,EN,November,TMAXA,30.6
2010,EN,November,TMINA,17.6
2010,EN,November,SRADA,20.3
2010,EN,November,PRCP,1116.8
2011,LA,November,TMAXA,30.3
2011,LA,November,TMINA,17.6
2011,LA,November,SRADA,19.6
2011,LA,November,PRCP,1340.6
2012,NE,November,TMAXA,30.5
2012,NE,November,TMINA,18.1
2012,NE,November,SRADA,19.6
2012,NE,November,PRCP,1299
2013,NE,November,TMAXA,30.5
2013,NE,November,TMINA,18.2
2013,NE,November,SRADA,19.7
2013,NE,November,PRCP,1156.5
2014,NE,November,TMAXA,30.8
2014,NE,November,TMINA,18
2014,NE,November,SRADA,20.1
2014,NE,November,PRCP,987.3
2015,EN,November,TMAXA,31.3
2015,EN,November,TMINA,18.5
2015,EN,November,SRADA,20
2015,EN,November,PRCP,1193.5
2016,EN,November,TMAXA,32
2016,EN,November,TMINA,18.9
2016,EN,November,SRADA,20.3
2016,EN,November,PRCP,1157.2
2017,NE,November,TMAXA,31
2017,NE,November,TMINA,18.4
2017,NE,November,SRADA,20
2017,NE,November,PRCP,1031.3
2018,LA,November,TMAXA,30.6
2018,LA,November,TMINA,17.7
2018,LA,November,SRADA,19.4
2018,LA,November,PRCP,1335.6
2019,EN,November,TMAXA,31.4
2019,EN,November,TMINA,16.6
2019,EN,November,SRADA,20.6
2019,EN,November,PRCP,1122.2
1963,NE,November,TMAXA,32.4
1963,NE,November,TMINA,17.4
1963,NE,November,SRADA,18.5
1963,NE,November,PRCP,1457.5
1964,LA,November,TMAXA,32
1964,LA,November,TMINA,17.8
1964,LA,November,SRADA,18.9
1964,LA,November,PRCP,1470.4
1965,EN,November,TMAXA,31.7
1965,EN,November,TMINA,18.1
1965,EN,November,SRADA,18.6
1965,EN,November,PRCP,1456.3
1966,EN,November,TMAXA,31.9
1966,EN,November,TMINA,18.3
1966,EN,November,SRADA,19
1966,EN,November,PRCP,1468.6
1967,NE,November,TMAXA,31.9
1967,NE,November,TMINA,18.9
1967,NE,November,SRADA,19
1967,NE,November,PRCP,1014.7
1968,NE,November,TMAXA,30.9
1968,NE,November,TMINA,17.8
1968,NE,November,SRADA,19.6
1968,NE,November,PRCP,1363.1
1969,EN,November,TMAXA,31.6
1969,EN,November,TMINA,19
1969,EN,November,SRADA,19.3
1969,EN,November,PRCP,1459.4
1970,NE,November,TMAXA,31.8
1970,NE,November,TMINA,18.6
1970,NE,November,SRADA,19.7
1970,NE,November,PRCP,1304.5
1971,LA,November,TMAXA,31.2
1971,LA,November,TMINA,17.9
1971,LA,November,SRADA,18.4
1971,LA,November,PRCP,1331.8
1972,EN,November,TMAXA,31.8
1972,EN,November,TMINA,18.7
1972,EN,November,SRADA,18.3
1972,EN,November,PRCP,1386.2
1973,LA,November,TMAXA,32.2
1973,LA,November,TMINA,19.6
1973,LA,November,SRADA,18.2
1973,LA,November,PRCP,1458.8
1974,LA,November,TMAXA,31.4
1974,LA,November,TMINA,18.7
1974,LA,November,SRADA,18.1
1974,LA,November,PRCP,1646.3
1975,LA,November,TMAXA,32
1975,LA,November,TMINA,18.3
1975,LA,November,SRADA,18.1
1975,LA,November,PRCP,1551.6
1976,LA,November,TMAXA,31.2
1976,LA,November,TMINA,18.3
1976,LA,November,SRADA,18.1
1976,LA,November,PRCP,1546.5
1977,EN,November,TMAXA,31
1977,EN,November,TMINA,18.7
1977,EN,November,SRADA,17.4
1977,EN,November,PRCP,1465.2
1978,NE,November,TMAXA,30.8
1978,NE,November,TMINA,17.6
1978,NE,November,SRADA,17.3
1978,NE,November,PRCP,1665.5
1979,NE,November,TMAXA,30.7
1979,NE,November,TMINA,14
1979,NE,November,SRADA,17.2
1979,NE,November,PRCP,1844.3
1980,NE,November,TMAXA,31.1
1980,NE,November,TMINA,17.1
1980,NE,November,SRADA,16.9
1980,NE,November,PRCP,1541.1
1981,NE,November,TMAXA,30.6
1981,NE,November,TMINA,16.5
1981,NE,November,SRADA,17.1
1981,NE,November,PRCP,1613.5
1982,EN,November,TMAXA,30.7
1982,EN,November,TMINA,18.1
1982,EN,November,SRADA,17.1
1982,EN,November,PRCP,1675.6
1983,EN,November,TMAXA,30.9
1983,EN,November,TMINA,17.8
1983,EN,November,SRADA,16.9
1983,EN,November,PRCP,1494.5
1984,NE,November,TMAXA,31
1984,NE,November,TMINA,17.6
1984,NE,November,SRADA,17.9
1984,NE,November,PRCP,1401.6
1985,LA,November,TMAXA,30.9
1985,LA,November,TMINA,17.6
1985,LA,November,SRADA,17.4
1985,LA,November,PRCP,1499.4
1986,NE,November,TMAXA,30.8
1986,NE,November,TMINA,17.8
1986,NE,November,SRADA,18.3
1986,NE,November,PRCP,1698.2
1987,EN,November,TMAXA,31.4
1987,EN,November,TMINA,18.1
1987,EN,November,SRADA,17.9
1987,EN,November,PRCP,1922.7
1988,LA,November,TMAXA,30.9
1988,LA,November,TMINA,19.5
1988,LA,November,SRADA,18.2
1988,LA,November,PRCP,1672.5
1989,LA,November,TMAXA,30.6
1989,LA,November,TMINA,19.5
1989,LA,November,SRADA,18.3
1989,LA,November,PRCP,1880.1
1990,NE,November,TMAXA,31.2
1990,NE,November,TMINA,18.6
1990,NE,November,SRADA,18.2
1990,NE,November,PRCP,1809.8
1991,EN,November,TMAXA,31.3
1991,EN,November,TMINA,18.2
1991,EN,November,SRADA,17.6
1991,EN,November,PRCP,1598
1992,EN,November,TMAXA,31.2
1992,EN,November,TMINA,17.8
1992,EN,November,SRADA,17.1
1992,EN,November,PRCP,1635.4
1993,NE,November,TMAXA,31.3
1993,NE,November,TMINA,17.5
1993,NE,November,SRADA,17.8
1993,NE,November,PRCP,1260.3
1994,NE,November,TMAXA,32.1
1994,NE,November,TMINA,19
1994,NE,November,SRADA,18.3
1994,NE,November,PRCP,1477.6
1995,EN,November,TMAXA,31.7
1995,EN,November,TMINA,18.7
1995,EN,November,SRADA,17.6
1995,EN,November,PRCP,1679.7
1996,NE,November,TMAXA,31.5
1996,NE,November,TMINA,18.4
1996,NE,November,SRADA,18.2
1996,NE,November,PRCP,1525.1
1997,EN,November,TMAXA,31.9
1997,EN,November,TMINA,18.5
1997,EN,November,SRADA,17.9
1997,EN,November,PRCP,1607
1998,EN,November,TMAXA,32.2
1998,EN,November,TMINA,19.2
1998,EN,November,SRADA,17.8
1998,EN,November,PRCP,1562
1999,LA,November,TMAXA,32.2
1999,LA,November,TMINA,18.2
1999,LA,November,SRADA,18.2
1999,LA,November,PRCP,1377.7
2000,LA,November,TMAXA,31.6
2000,LA,November,TMINA,18.7
2000,LA,November,SRADA,18.2
2000,LA,November,PRCP,1345.5
2001,NE,November,TMAXA,31.6
2001,NE,November,TMINA,18.9
2001,NE,November,SRADA,18.4
2001,NE,November,PRCP,1358.7
2002,NE,November,TMAXA,32
2002,NE,November,TMINA,19.2
2002,NE,November,SRADA,17.6
2002,NE,November,PRCP,1694.9
2003,NE,November,TMAXA,32.1
2003,NE,November,TMINA,19.2
2003,NE,November,SRADA,17.5
2003,NE,November,PRCP,1683.8
2004,NE,November,TMAXA,31.9
2004,NE,November,TMINA,18.9
2004,NE,November,SRADA,17.3
2004,NE,November,PRCP,1278.4
2005,NE,November,TMAXA,32.2
2005,NE,November,TMINA,19.1
2005,NE,November,SRADA,18
2005,NE,November,PRCP,1178.2
2006,NE,November,TMAXA,31.9
2006,NE,November,TMINA,18.7
2006,NE,November,SRADA,17.3
2006,NE,November,PRCP,1421.9
2007,LA,November,TMAXA,32.6
2007,LA,November,TMINA,18.4
2007,LA,November,SRADA,17.5
2007,LA,November,PRCP,1299.8
2008,LA,November,TMAXA,32.2
2008,LA,November,TMINA,18.6
2008,LA,November,SRADA,17.5
2008,LA,November,PRCP,470
2009,LA,November,TMAXA,32.1
2009,LA,November,TMINA,19
2009,LA,November,SRADA,17.7
2009,LA,November,PRCP,1291.8
2010,EN,November,TMAXA,32.8
2010,EN,November,TMINA,18.7
2010,EN,November,SRADA,17.5
2010,EN,November,PRCP,1283.7
2011,LA,November,TMAXA,32.3
2011,LA,November,TMINA,18.9
2011,LA,November,SRADA,18.1
2011,LA,November,PRCP,1393.7
2012,NE,November,TMAXA,32.4
2012,NE,November,TMINA,18.7
2012,NE,November,SRADA,18.3
2012,NE,November,PRCP,1311.8
2013,NE,November,TMAXA,32.2
2013,NE,November,TMINA,19.1
2013,NE,November,SRADA,16.9
2013,NE,November,PRCP,1075.6
2014,NE,November,TMAXA,32.4
2014,NE,November,TMINA,19.4
2014,NE,November,SRADA,16.4
2014,NE,November,PRCP,1383.8
2015,EN,November,TMAXA,32.7
2015,EN,November,TMINA,19.5
2015,EN,November,SRADA,16.3
2015,EN,November,PRCP,1380
2016,EN,November,TMAXA,32.9
2016,EN,November,TMINA,19.7
2016,EN,November,SRADA,17.2
2016,EN,November,PRCP,991.5
2017,NE,November,TMAXA,33.2
2017,NE,November,TMINA,20.2
2017,NE,November,SRADA,17.2
2017,NE,November,PRCP,1160.2
2018,LA,November,TMAXA,32.6
2018,LA,November,TMINA,20
2018,LA,November,SRADA,16.7
2018,LA,November,PRCP,1561.6
2019,EN,November,TMAXA,33.8
2019,EN,November,TMINA,20.5
2019,EN,November,SRADA,17.4
2019,EN,November,PRCP,1493.4
1963,NE,November,TMAXA,31.3
1963,NE,November,TMINA,16.7
1963,NE,November,SRADA,17.5
1963,NE,November,PRCP,466.7
1964,LA,November,TMAXA,29.6
1964,LA,November,TMINA,17.5
1964,LA,November,SRADA,16.5
1964,LA,November,PRCP,1131.6
1965,EN,November,TMAXA,30.5
1965,EN,November,TMINA,17.6
1965,EN,November,SRADA,16.7
1965,EN,November,PRCP,715
1966,EN,November,TMAXA,31.4
1966,EN,November,TMINA,18
1966,EN,November,SRADA,18.1
1966,EN,November,PRCP,570.8
1967,NE,November,TMAXA,32.3
1967,NE,November,TMINA,18.4
1967,NE,November,SRADA,18.1
1967,NE,November,PRCP,496
1968,NE,November,TMAXA,29.5
1968,NE,November,TMINA,16.8
1968,NE,November,SRADA,17
1968,NE,November,PRCP,1040.6
1969,EN,November,TMAXA,30.4
1969,EN,November,TMINA,18.3
1969,EN,November,SRADA,18.2
1969,EN,November,PRCP,870.3
1970,NE,November,TMAXA,29.5
1970,NE,November,TMINA,18.3
1970,NE,November,SRADA,17
1970,NE,November,PRCP,1073.7
1971,LA,November,TMAXA,31
1971,LA,November,TMINA,18.6
1971,LA,November,SRADA,18.6
1971,LA,November,PRCP,693.9
1972,EN,November,TMAXA,31
1972,EN,November,TMINA,18.7
1972,EN,November,SRADA,18.5
1972,EN,November,PRCP,697.7
1973,LA,November,TMAXA,31.4
1973,LA,November,TMINA,19.1
1973,LA,November,SRADA,18.3
1973,LA,November,PRCP,711.5
1974,LA,November,TMAXA,30.6
1974,LA,November,TMINA,18.6
1974,LA,November,SRADA,17.9
1974,LA,November,PRCP,871.4
1975,LA,November,TMAXA,30.1
1975,LA,November,TMINA,18.6
1975,LA,November,SRADA,17.7
1975,LA,November,PRCP,857.3
1976,LA,November,TMAXA,31.3
1976,LA,November,TMINA,19.5
1976,LA,November,SRADA,18.3
1976,LA,November,PRCP,423.2
1977,EN,November,TMAXA,30.2
1977,EN,November,TMINA,18.8
1977,EN,November,SRADA,17.4
1977,EN,November,PRCP,869.7
1978,NE,November,TMAXA,29.4
1978,NE,November,TMINA,18.8
1978,NE,November,SRADA,16.1
1978,NE,November,PRCP,1014.3
1979,NE,November,TMAXA,28.9
1979,NE,November,TMINA,17.6
1979,NE,November,SRADA,15.7
1979,NE,November,PRCP,1373.1
1980,NE,November,TMAXA,29.7
1980,NE,November,TMINA,18.3
1980,NE,November,SRADA,16.3
1980,NE,November,PRCP,691.4
1981,NE,November,TMAXA,29.4
1981,NE,November,TMINA,17.5
1981,NE,November,SRADA,15.9
1981,NE,November,PRCP,931.6
1982,EN,November,TMAXA,28.9
1982,EN,November,TMINA,18.2
1982,EN,November,SRADA,16.2
1982,EN,November,PRCP,715.1
1983,EN,November,TMAXA,30.5
1983,EN,November,TMINA,19
1983,EN,November,SRADA,16.1
1983,EN,November,PRCP,1052.1
1984,NE,November,TMAXA,31.4
1984,NE,November,TMINA,18.8
1984,NE,November,SRADA,17.2
1984,NE,November,PRCP,754
1985,LA,November,TMAXA,30.3
1985,LA,November,TMINA,18.1
1985,LA,November,SRADA,16.5
1985,LA,November,PRCP,1173.7
1986,NE,November,TMAXA,30.2
1986,NE,November,TMINA,17.6
1986,NE,November,SRADA,17.8
1986,NE,November,PRCP,628.1
1987,EN,November,TMAXA,32
1987,EN,November,TMINA,19
1987,EN,November,SRADA,17.8
1987,EN,November,PRCP,880.6
1988,LA,November,TMAXA,31.5
1988,LA,November,TMINA,19.4
1988,LA,November,SRADA,17.8
1988,LA,November,PRCP,599.5
1989,LA,November,TMAXA,31.6
1989,LA,November,TMINA,19.2
1989,LA,November,SRADA,18.2
1989,LA,November,PRCP,561.4
1990,NE,November,TMAXA,30.8
1990,NE,November,TMINA,18.8
1990,NE,November,SRADA,17.6
1990,NE,November,PRCP,954.8
1991,EN,November,TMAXA,30.5
1991,EN,November,TMINA,18.8
1991,EN,November,SRADA,16.5
1991,EN,November,PRCP,781.2
1992,EN,November,TMAXA,30.1
1992,EN,November,TMINA,19
1992,EN,November,SRADA,15.5
1992,EN,November,PRCP,945.1
1993,NE,November,TMAXA,31.4
1993,NE,November,TMINA,18.4
1993,NE,November,SRADA,17.7
1993,NE,November,PRCP,792.9
1994,NE,November,TMAXA,31.8
1994,NE,November,TMINA,19.4
1994,NE,November,SRADA,17.9
1994,NE,November,PRCP,664.2
1995,EN,November,TMAXA,31.9
1995,EN,November,TMINA,19.6
1995,EN,November,SRADA,17.7
1995,EN,November,PRCP,573.9
1996,NE,November,TMAXA,32
1996,NE,November,TMINA,19.4
1996,NE,November,SRADA,17.9
1996,NE,November,PRCP,707.1
1997,EN,November,TMAXA,31.1
1997,EN,November,TMINA,18.9
1997,EN,November,SRADA,17.5
1997,EN,November,PRCP,811.1
1998,EN,November,TMAXA,33.1
1998,EN,November,TMINA,20.6
1998,EN,November,SRADA,18.3
1998,EN,November,PRCP,695.5
1999,LA,November,TMAXA,31.6
1999,LA,November,TMINA,19.3
1999,LA,November,SRADA,18.1
1999,LA,November,PRCP,536.6
2000,LA,November,TMAXA,31
2000,LA,November,TMINA,19.1
2000,LA,November,SRADA,17.5
2000,LA,November,PRCP,1089.9
2001,NE,November,TMAXA,31.3
2001,NE,November,TMINA,19.5
2001,NE,November,SRADA,18.1
2001,NE,November,PRCP,725.7
2002,NE,November,TMAXA,31.3
2002,NE,November,TMINA,19.5
2002,NE,November,SRADA,17.8
2002,NE,November,PRCP,951.6
2003,NE,November,TMAXA,31.9
2003,NE,November,TMINA,19.6
2003,NE,November,SRADA,17.8
2003,NE,November,PRCP,425.3
2004,NE,November,TMAXA,30.6
2004,NE,November,TMINA,19.3
2004,NE,November,SRADA,17.2
2004,NE,November,PRCP,840.3
2005,NE,November,TMAXA,31.8
2005,NE,November,TMINA,19.7
2005,NE,November,SRADA,17.7
2005,NE,November,PRCP,642.2
2006,NE,November,TMAXA,30.8
2006,NE,November,TMINA,19
2006,NE,November,SRADA,16.8
2006,NE,November,PRCP,945
2007,LA,November,TMAXA,31.5
2007,LA,November,TMINA,18.8
2007,LA,November,SRADA,18.3
2007,LA,November,PRCP,682.5
2008,LA,November,TMAXA,32.3
2008,LA,November,TMINA,19.1
2008,LA,November,SRADA,18.5
2008,LA,November,PRCP,618.5
2009,LA,November,TMAXA,31.6
2009,LA,November,TMINA,19.7
2009,LA,November,SRADA,17.5
2009,LA,November,PRCP,859.8
2010,EN,November,TMAXA,31.8
2010,EN,November,TMINA,19.4
2010,EN,November,SRADA,18.7
2010,EN,November,PRCP,838.4
2011,LA,November,TMAXA,31.8
2011,LA,November,TMINA,18.8
2011,LA,November,SRADA,18.1
2011,LA,November,PRCP,636.2
2012,NE,November,TMAXA,32.3
2012,NE,November,TMINA,19.4
2012,NE,November,SRADA,18.2
2012,NE,November,PRCP,607.6
2013,NE,November,TMAXA,32.4
2013,NE,November,TMINA,19.7
2013,NE,November,SRADA,18.5
2013,NE,November,PRCP,597.5
2014,NE,November,TMAXA,32.5
2014,NE,November,TMINA,19.2
2014,NE,November,SRADA,18.8
2014,NE,November,PRCP,643.1
2015,EN,November,TMAXA,32.8
2015,EN,November,TMINA,19.8
2015,EN,November,SRADA,18.8
2015,EN,November,PRCP,466
2016,EN,November,TMAXA,33.5
2016,EN,November,TMINA,19.6
2016,EN,November,SRADA,19.1
2016,EN,November,PRCP,633.4
2017,NE,November,TMAXA,31.8
2017,NE,November,TMINA,19.1
2017,NE,November,SRADA,18.6
2017,NE,November,PRCP,532
2018,LA,November,TMAXA,32.2
2018,LA,November,TMINA,19.5
2018,LA,November,SRADA,18.9
2018,LA,November,PRCP,848.2
2019,EN,November,TMAXA,33.4
2019,EN,November,TMINA,20.2
2019,EN,November,SRADA,19.8
2019,EN,November,PRCP,406.7
