HYEAR,classification,harv.month,Variable,Value
1963,NE,April,TMAXA,28.7
1963,NE,April,TMINA,17.6
1963,NE,April,SRADA,19
1963,NE,April,PRCP,1653.1
1964,EN,April,TMAXA,29.9
1964,EN,April,TMINA,18.4
1964,EN,April,SRADA,18.3
1964,EN,April,PRCP,1460.4
1965,LA,April,TMAXA,27.8
1965,LA,April,TMINA,17.6
1965,LA,April,SRADA,18.1
1965,LA,April,PRCP,1726.5
1966,EN,April,TMAXA,29
1966,EN,April,TMINA,18.2
1966,EN,April,SRADA,18.5
1966,EN,April,PRCP,1733.5
1967,NE,April,TMAXA,29
1967,NE,April,TMINA,18
1967,NE,April,SRADA,18.8
1967,NE,April,PRCP,1515.4
1968,NE,April,TMAXA,28.9
1968,NE,April,TMINA,18.2
1968,NE,April,SRADA,18.5
1968,NE,April,PRCP,1395.4
1969,EN,April,TMAXA,28.6
1969,EN,April,TMINA,17.6
1969,EN,April,SRADA,19.6
1969,EN,April,PRCP,1158.8
1970,EN,April,TMAXA,29.3
1970,EN,April,TMINA,18.3
1970,EN,April,SRADA,18.9
1970,EN,April,PRCP,1341.2
1971,LA,April,TMAXA,29.5
1971,LA,April,TMINA,18.3
1971,LA,April,SRADA,19.8
1971,LA,April,PRCP,906.9
1972,LA,April,TMAXA,28.6
1972,LA,April,TMINA,17.9
1972,LA,April,SRADA,18.4
1972,LA,April,PRCP,1504
1973,EN,April,TMAXA,29.6
1973,EN,April,TMINA,18.5
1973,EN,April,SRADA,18.9
1973,EN,April,PRCP,1655
1974,LA,April,TMAXA,29.6
1974,LA,April,TMINA,18.5
1974,LA,April,SRADA,18.3
1974,LA,April,PRCP,1332
1975,LA,April,TMAXA,29.4
1975,LA,April,TMINA,18.1
1975,LA,April,SRADA,19.2
1975,LA,April,PRCP,1252.7
1976,LA,April,TMAXA,29.3
1976,LA,April,TMINA,17.7
1976,LA,April,SRADA,19
1976,LA,April,PRCP,1152.3
1977,EN,April,TMAXA,29.1
1977,EN,April,TMINA,17.9
1977,EN,April,SRADA,18.2
1977,EN,April,PRCP,1369
1978,NE,April,TMAXA,29.4
1978,NE,April,TMINA,16.8
1978,NE,April,SRADA,18
1978,NE,April,PRCP,1486.1
1979,NE,April,TMAXA,28.9
1979,NE,April,TMINA,16.9
1979,NE,April,SRADA,17.3
1979,NE,April,PRCP,1528.7
1980,NE,April,TMAXA,29.3
1980,NE,April,TMINA,17.2
1980,NE,April,SRADA,17.4
1980,NE,April,PRCP,1590.6
1981,NE,April,TMAXA,30
1981,NE,April,TMINA,17.4
1981,NE,April,SRADA,17.9
1981,NE,April,PRCP,1106.6
1982,NE,April,TMAXA,28.7
1982,NE,April,TMINA,17
1982,NE,April,SRADA,17.4
1982,NE,April,PRCP,1608.3
1983,EN,April,TMAXA,29.2
1983,EN,April,TMINA,17.5
1983,EN,April,SRADA,16.7
1983,EN,April,PRCP,1679.7
1984,LA,April,TMAXA,29.5
1984,LA,April,TMINA,17.1
1984,LA,April,SRADA,17.4
1984,LA,April,PRCP,1423
1985,LA,April,TMAXA,29.7
1985,LA,April,TMINA,17.8
1985,LA,April,SRADA,17.9
1985,LA,April,PRCP,1482.2
1986,NE,April,TMAXA,29.6
1986,NE,April,TMINA,18
1986,NE,April,SRADA,18.7
1986,NE,April,PRCP,1310.1
1987,EN,April,TMAXA,29.5
1987,EN,April,TMINA,17.6
1987,EN,April,SRADA,18.1
1987,EN,April,PRCP,1350.5
1988,EN,April,TMAXA,30.1
1988,EN,April,TMINA,19.1
1988,EN,April,SRADA,17.9
1988,EN,April,PRCP,1451.2
1989,LA,April,TMAXA,29.5
1989,LA,April,TMINA,18
1989,LA,April,SRADA,18.8
1989,LA,April,PRCP,1286.8
1990,NE,April,TMAXA,29.4
1990,NE,April,TMINA,18.1
1990,NE,April,SRADA,18.2
1990,NE,April,PRCP,1674
1991,NE,April,TMAXA,29.4
1991,NE,April,TMINA,18.3
1991,NE,April,SRADA,18
1991,NE,April,PRCP,1561.1
1992,EN,April,TMAXA,29.4
1992,EN,April,TMINA,18
1992,EN,April,SRADA,17.7
1992,EN,April,PRCP,1584.7
1993,NE,April,TMAXA,29.5
1993,NE,April,TMINA,18.1
1993,NE,April,SRADA,17.5
1993,NE,April,PRCP,1494.4
1994,NE,April,TMAXA,30.2
1994,NE,April,TMINA,18
1994,NE,April,SRADA,18
1994,NE,April,PRCP,1714
1995,EN,April,TMAXA,30.9
1995,EN,April,TMINA,17.7
1995,EN,April,SRADA,18.5
1995,EN,April,PRCP,1466.8
1996,LA,April,TMAXA,30
1996,LA,April,TMINA,18.8
1996,LA,April,SRADA,18.3
1996,LA,April,PRCP,1351.3
1997,NE,April,TMAXA,29.5
1997,NE,April,TMINA,18.1
1997,NE,April,SRADA,18
1997,NE,April,PRCP,1477
1998,EN,April,TMAXA,30.3
1998,EN,April,TMINA,18.6
1998,EN,April,SRADA,18.5
1998,EN,April,PRCP,1531.1
1999,LA,April,TMAXA,30.5
1999,LA,April,TMINA,18.7
1999,LA,April,SRADA,18.2
1999,LA,April,PRCP,1387
2000,LA,April,TMAXA,30
2000,LA,April,TMINA,18.4
2000,LA,April,SRADA,18.9
2000,LA,April,PRCP,1398.9
2001,LA,April,TMAXA,30.5
2001,LA,April,TMINA,18.2
2001,LA,April,SRADA,19.4
2001,LA,April,PRCP,1254
2002,NE,April,TMAXA,29.8
2002,NE,April,TMINA,18.2
2002,NE,April,SRADA,18.8
2002,NE,April,PRCP,1594.2
2003,EN,April,TMAXA,30.7
2003,EN,April,TMINA,19.1
2003,EN,April,SRADA,18.5
2003,EN,April,PRCP,1451.4
2004,NE,April,TMAXA,29.8
2004,NE,April,TMINA,18.5
2004,NE,April,SRADA,18.2
2004,NE,April,PRCP,1696.4
2005,EN,April,TMAXA,30
2005,EN,April,TMINA,18.6
2005,EN,April,SRADA,18.8
2005,EN,April,PRCP,1481.2
2006,NE,April,TMAXA,30
2006,NE,April,TMINA,18.9
2006,NE,April,SRADA,18.3
2006,NE,April,PRCP,1847.2
2007,NE,April,TMAXA,29.7
2007,NE,April,TMINA,18.5
2007,NE,April,SRADA,18.8
2007,NE,April,PRCP,1934.7
2008,LA,April,TMAXA,30.3
2008,LA,April,TMINA,18.5
2008,LA,April,SRADA,19.4
2008,LA,April,PRCP,1394.7
2009,LA,April,TMAXA,30.2
2009,LA,April,TMINA,18.6
2009,LA,April,SRADA,18.5
2009,LA,April,PRCP,1428.6
2010,EN,April,TMAXA,30.2
2010,EN,April,TMINA,19
2010,EN,April,SRADA,18.7
2010,EN,April,PRCP,1208.6
2011,LA,April,TMAXA,30.6
2011,LA,April,TMINA,18.7
2011,LA,April,SRADA,19
2011,LA,April,PRCP,1374.2
2012,LA,April,TMAXA,30.1
2012,LA,April,TMINA,18.3
2012,LA,April,SRADA,18.9
2012,LA,April,PRCP,1466.2
2013,NE,April,TMAXA,30.4
2013,NE,April,TMINA,19.1
2013,NE,April,SRADA,19
2013,NE,April,PRCP,1470.8
2014,NE,April,TMAXA,30.2
2014,NE,April,TMINA,18.7
2014,NE,April,SRADA,19.2
2014,NE,April,PRCP,1156.9
2015,NE,April,TMAXA,30.5
2015,NE,April,TMINA,18.9
2015,NE,April,SRADA,19.2
2015,NE,April,PRCP,1376.3
2016,EN,April,TMAXA,31.2
2016,EN,April,TMINA,19.7
2016,EN,April,SRADA,18.9
2016,EN,April,PRCP,1468.9
2017,NE,April,TMAXA,31.1
2017,NE,April,TMINA,19.2
2017,NE,April,SRADA,19.2
2017,NE,April,PRCP,1177.9
2018,NE,April,TMAXA,30.3
2018,NE,April,TMINA,19
2018,NE,April,SRADA,18.9
2018,NE,April,PRCP,1547.4
2019,EN,April,TMAXA,30.7
2019,EN,April,TMINA,19.1
2019,EN,April,SRADA,18.5
2019,EN,April,PRCP,1286
1963,NE,April,TMAXA,30.8
1963,NE,April,TMINA,16.8
1963,NE,April,SRADA,18.9
1963,NE,April,PRCP,1591.7
1964,EN,April,TMAXA,31.6
1964,EN,April,TMINA,16.9
1964,EN,April,SRADA,18.7
1964,EN,April,PRCP,1073
1965,LA,April,TMAXA,29.9
1965,LA,April,TMINA,16.7
1965,LA,April,SRADA,18.1
1965,LA,April,PRCP,1584.3
1966,EN,April,TMAXA,30.8
1966,EN,April,TMINA,17.4
1966,EN,April,SRADA,18.7
1966,EN,April,PRCP,1636.1
1967,NE,April,TMAXA,30.6
1967,NE,April,TMINA,17
1967,NE,April,SRADA,19.2
1967,NE,April,PRCP,1568.8
1968,NE,April,TMAXA,30.2
1968,NE,April,TMINA,17.1
1968,NE,April,SRADA,19.2
1968,NE,April,PRCP,1072.5
1969,EN,April,TMAXA,29.8
1969,EN,April,TMINA,16.9
1969,EN,April,SRADA,19.8
1969,EN,April,PRCP,1280.5
1970,EN,April,TMAXA,30.3
1970,EN,April,TMINA,17.8
1970,EN,April,SRADA,18.9
1970,EN,April,PRCP,1377.3
1971,LA,April,TMAXA,30.4
1971,LA,April,TMINA,17.9
1971,LA,April,SRADA,19.6
1971,LA,April,PRCP,1252.2
1972,LA,April,TMAXA,29.6
1972,LA,April,TMINA,17.5
1972,LA,April,SRADA,17.9
1972,LA,April,PRCP,1375.3
1973,EN,April,TMAXA,30.1
1973,EN,April,TMINA,18.6
1973,EN,April,SRADA,18.8
1973,EN,April,PRCP,1715
1974,LA,April,TMAXA,28.4
1974,LA,April,TMINA,19.1
1974,LA,April,SRADA,18.1
1974,LA,April,PRCP,1595.5
1975,LA,April,TMAXA,29.6
1975,LA,April,TMINA,17
1975,LA,April,SRADA,19
1975,LA,April,PRCP,1295.8
1976,LA,April,TMAXA,29.9
1976,LA,April,TMINA,17.2
1976,LA,April,SRADA,18.8
1976,LA,April,PRCP,1483.1
1977,EN,April,TMAXA,29.1
1977,EN,April,TMINA,16.5
1977,EN,April,SRADA,18.1
1977,EN,April,PRCP,1525.2
1978,NE,April,TMAXA,29.2
1978,NE,April,TMINA,18.3
1978,NE,April,SRADA,17.7
1978,NE,April,PRCP,1632.7
1979,NE,April,TMAXA,29.4
1979,NE,April,TMINA,17.2
1979,NE,April,SRADA,17.5
1979,NE,April,PRCP,1888.2
1980,NE,April,TMAXA,29.8
1980,NE,April,TMINA,16.4
1980,NE,April,SRADA,17
1980,NE,April,PRCP,1677.5
1981,NE,April,TMAXA,30.2
1981,NE,April,TMINA,16.5
1981,NE,April,SRADA,17.2
1981,NE,April,PRCP,1408.1
1982,NE,April,TMAXA,29.8
1982,NE,April,TMINA,16.1
1982,NE,April,SRADA,16.7
1982,NE,April,PRCP,1712.3
1983,EN,April,TMAXA,29.8
1983,EN,April,TMINA,17.1
1983,EN,April,SRADA,16.9
1983,EN,April,PRCP,2072.6
1984,LA,April,TMAXA,29.7
1984,LA,April,TMINA,16.7
1984,LA,April,SRADA,17
1984,LA,April,PRCP,1821.8
1985,LA,April,TMAXA,30.2
1985,LA,April,TMINA,16.6
1985,LA,April,SRADA,17.5
1985,LA,April,PRCP,1812.9
1986,NE,April,TMAXA,30.6
1986,NE,April,TMINA,16
1986,NE,April,SRADA,18.1
1986,NE,April,PRCP,961.2
1987,EN,April,TMAXA,30.1
1987,EN,April,TMINA,16.6
1987,EN,April,SRADA,17.3
1987,EN,April,PRCP,1936.7
1988,EN,April,TMAXA,30.7
1988,EN,April,TMINA,17
1988,EN,April,SRADA,17.4
1988,EN,April,PRCP,1906.6
1989,LA,April,TMAXA,30.5
1989,LA,April,TMINA,16.4
1989,LA,April,SRADA,17.8
1989,LA,April,PRCP,1770.7
1990,NE,April,TMAXA,30
1990,NE,April,TMINA,16.4
1990,NE,April,SRADA,18
1990,NE,April,PRCP,1277.7
1991,NE,April,TMAXA,30.1
1991,NE,April,TMINA,16.8
1991,NE,April,SRADA,17.7
1991,NE,April,PRCP,1945.6
1992,EN,April,TMAXA,30.5
1992,EN,April,TMINA,16.7
1992,EN,April,SRADA,17.1
1992,EN,April,PRCP,1575.4
1993,NE,April,TMAXA,30
1993,NE,April,TMINA,17.1
1993,NE,April,SRADA,16.9
1993,NE,April,PRCP,1719.8
1994,NE,April,TMAXA,30.5
1994,NE,April,TMINA,16.8
1994,NE,April,SRADA,17.7
1994,NE,April,PRCP,1561
1995,EN,April,TMAXA,31.2
1995,EN,April,TMINA,16.8
1995,EN,April,SRADA,18.2
1995,EN,April,PRCP,1237.6
1996,LA,April,TMAXA,30.9
1996,LA,April,TMINA,17.1
1996,LA,April,SRADA,18.4
1996,LA,April,PRCP,1650.9
1997,NE,April,TMAXA,29.8
1997,NE,April,TMINA,16.8
1997,NE,April,SRADA,17.4
1997,NE,April,PRCP,1803.8
1998,EN,April,TMAXA,30.8
1998,EN,April,TMINA,17.4
1998,EN,April,SRADA,17.7
1998,EN,April,PRCP,1845.1
1999,LA,April,TMAXA,30.8
1999,LA,April,TMINA,17.4
1999,LA,April,SRADA,17.6
1999,LA,April,PRCP,1264
2000,LA,April,TMAXA,30.9
2000,LA,April,TMINA,16.7
2000,LA,April,SRADA,18.3
2000,LA,April,PRCP,1552.2
2001,LA,April,TMAXA,30.7
2001,LA,April,TMINA,16.7
2001,LA,April,SRADA,18
2001,LA,April,PRCP,1437.6
2002,NE,April,TMAXA,30.4
2002,NE,April,TMINA,17
2002,NE,April,SRADA,17.8
2002,NE,April,PRCP,2174.8
2003,EN,April,TMAXA,31
2003,EN,April,TMINA,17.4
2003,EN,April,SRADA,17.7
2003,EN,April,PRCP,1458.6
2004,NE,April,TMAXA,30.7
2004,NE,April,TMINA,16.5
2004,NE,April,SRADA,18.1
2004,NE,April,PRCP,1499.4
2005,EN,April,TMAXA,30.7
2005,EN,April,TMINA,16.9
2005,EN,April,SRADA,18.1
2005,EN,April,PRCP,1484.5
2006,NE,April,TMAXA,30.5
2006,NE,April,TMINA,17.3
2006,NE,April,SRADA,17.3
2006,NE,April,PRCP,1655.5
2007,NE,April,TMAXA,30.8
2007,NE,April,TMINA,16.7
2007,NE,April,SRADA,18.2
2007,NE,April,PRCP,1670.5
2008,LA,April,TMAXA,30.7
2008,LA,April,TMINA,17.1
2008,LA,April,SRADA,18.1
2008,LA,April,PRCP,1893.2
2009,LA,April,TMAXA,30.8
2009,LA,April,TMINA,16.8
2009,LA,April,SRADA,18.6
2009,LA,April,PRCP,1352.9
2010,EN,April,TMAXA,30.7
2010,EN,April,TMINA,17.4
2010,EN,April,SRADA,18
2010,EN,April,PRCP,2027.3
2011,LA,April,TMAXA,31.2
2011,LA,April,TMINA,16.8
2011,LA,April,SRADA,18.5
2011,LA,April,PRCP,1558.1
2012,LA,April,TMAXA,30.9
2012,LA,April,TMINA,16.6
2012,LA,April,SRADA,19
2012,LA,April,PRCP,1563.3
2013,NE,April,TMAXA,30.8
2013,NE,April,TMINA,17.5
2013,NE,April,SRADA,18.2
2013,NE,April,PRCP,1828.3
2014,NE,April,TMAXA,31.2
2014,NE,April,TMINA,17
2014,NE,April,SRADA,18.6
2014,NE,April,PRCP,1241.3
2015,NE,April,TMAXA,31.2
2015,NE,April,TMINA,17.3
2015,NE,April,SRADA,18.8
2015,NE,April,PRCP,1647.6
2016,EN,April,TMAXA,31.6
2016,EN,April,TMINA,18.1
2016,EN,April,SRADA,18.4
2016,EN,April,PRCP,1507
2017,NE,April,TMAXA,31
2017,NE,April,TMINA,17
2017,NE,April,SRADA,18.4
2017,NE,April,PRCP,1437.9
2018,NE,April,TMAXA,31.3
2018,NE,April,TMINA,17.5
2018,NE,April,SRADA,18.5
2018,NE,April,PRCP,1602.9
2019,EN,April,TMAXA,31.1
2019,EN,April,TMINA,17.4
2019,EN,April,SRADA,18.1
2019,EN,April,PRCP,1387.7
1963,NE,April,TMAXA,28.2
1963,NE,April,TMINA,15.1
1963,NE,April,SRADA,19
1963,NE,April,PRCP,1532.1
1964,EN,April,TMAXA,29.6
1964,EN,April,TMINA,16
1964,EN,April,SRADA,18.4
1964,EN,April,PRCP,1154.3
1965,LA,April,TMAXA,27.6
1965,LA,April,TMINA,15.8
1965,LA,April,SRADA,18.2
1965,LA,April,PRCP,1709.6
1966,EN,April,TMAXA,28.6
1966,EN,April,TMINA,16.3
1966,EN,April,SRADA,18.4
1966,EN,April,PRCP,1672.4
1967,NE,April,TMAXA,28.2
1967,NE,April,TMINA,16
1967,NE,April,SRADA,18.8
1967,NE,April,PRCP,1492.7
1968,NE,April,TMAXA,28.3
1968,NE,April,TMINA,16.2
1968,NE,April,SRADA,18.6
1968,NE,April,PRCP,1281.5
1969,EN,April,TMAXA,28.3
1969,EN,April,TMINA,15.6
1969,EN,April,SRADA,19.9
1969,EN,April,PRCP,1348.5
1970,EN,April,TMAXA,28.5
1970,EN,April,TMINA,16.4
1970,EN,April,SRADA,18.9
1970,EN,April,PRCP,1624.2
1971,LA,April,TMAXA,28.7
1971,LA,April,TMINA,16.3
1971,LA,April,SRADA,19.7
1971,LA,April,PRCP,1287.9
1972,LA,April,TMAXA,27.8
1972,LA,April,TMINA,16
1972,LA,April,SRADA,18.4
1972,LA,April,PRCP,1562.6
1973,EN,April,TMAXA,28.5
1973,EN,April,TMINA,16.7
1973,EN,April,SRADA,18.7
1973,EN,April,PRCP,2020.8
1974,LA,April,TMAXA,27.7
1974,LA,April,TMINA,16.8
1974,LA,April,SRADA,18.5
1974,LA,April,PRCP,1472.5
1975,LA,April,TMAXA,28
1975,LA,April,TMINA,15.9
1975,LA,April,SRADA,19.4
1975,LA,April,PRCP,1172.4
1976,LA,April,TMAXA,28.4
1976,LA,April,TMINA,15.8
1976,LA,April,SRADA,19.2
1976,LA,April,PRCP,1335.4
1977,EN,April,TMAXA,28.2
1977,EN,April,TMINA,16
1977,EN,April,SRADA,18.7
1977,EN,April,PRCP,1452.7
1978,NE,April,TMAXA,28.2
1978,NE,April,TMINA,16.8
1978,NE,April,SRADA,18.4
1978,NE,April,PRCP,1477
1979,NE,April,TMAXA,27.9
1979,NE,April,TMINA,16
1979,NE,April,SRADA,18
1979,NE,April,PRCP,1629.1
1980,NE,April,TMAXA,28.3
1980,NE,April,TMINA,16.2
1980,NE,April,SRADA,18.2
1980,NE,April,PRCP,1530
1981,NE,April,TMAXA,28.9
1981,NE,April,TMINA,17.2
1981,NE,April,SRADA,18.6
1981,NE,April,PRCP,1242.3
1982,NE,April,TMAXA,28
1982,NE,April,TMINA,16.8
1982,NE,April,SRADA,18
1982,NE,April,PRCP,1904.3
1983,EN,April,TMAXA,28.3
1983,EN,April,TMINA,17.4
1983,EN,April,SRADA,17.8
1983,EN,April,PRCP,1975.3
1984,LA,April,TMAXA,28.6
1984,LA,April,TMINA,17.9
1984,LA,April,SRADA,17.9
1984,LA,April,PRCP,1432.2
1985,LA,April,TMAXA,28.6
1985,LA,April,TMINA,17.3
1985,LA,April,SRADA,18.1
1985,LA,April,PRCP,1735.6
1986,NE,April,TMAXA,28.5
1986,NE,April,TMINA,16.8
1986,NE,April,SRADA,18.8
1986,NE,April,PRCP,1128.2
1987,EN,April,TMAXA,28.3
1987,EN,April,TMINA,17.2
1987,EN,April,SRADA,18
1987,EN,April,PRCP,1585.7
1988,EN,April,TMAXA,29.1
1988,EN,April,TMINA,17.8
1988,EN,April,SRADA,17.9
1988,EN,April,PRCP,1757.1
1989,LA,April,TMAXA,28.7
1989,LA,April,TMINA,17
1989,LA,April,SRADA,18.5
1989,LA,April,PRCP,1278.7
1990,NE,April,TMAXA,28.5
1990,NE,April,TMINA,16.6
1990,NE,April,SRADA,18.5
1990,NE,April,PRCP,1496.4
1991,NE,April,TMAXA,28.3
1991,NE,April,TMINA,16.5
1991,NE,April,SRADA,18.4
1991,NE,April,PRCP,1749.2
1992,EN,April,TMAXA,28.9
1992,EN,April,TMINA,17.3
1992,EN,April,SRADA,17.8
1992,EN,April,PRCP,1383.8
1993,NE,April,TMAXA,28.7
1993,NE,April,TMINA,17.4
1993,NE,April,SRADA,17.5
1993,NE,April,PRCP,1679.4
1994,NE,April,TMAXA,29.1
1994,NE,April,TMINA,17.5
1994,NE,April,SRADA,17.9
1994,NE,April,PRCP,1554.3
1995,EN,April,TMAXA,29.8
1995,EN,April,TMINA,17.9
1995,EN,April,SRADA,18.5
1995,EN,April,PRCP,1369.3
1996,LA,April,TMAXA,29.7
1996,LA,April,TMINA,17.9
1996,LA,April,SRADA,18.5
1996,LA,April,PRCP,1142.8
1997,NE,April,TMAXA,28.8
1997,NE,April,TMINA,17
1997,NE,April,SRADA,17.8
1997,NE,April,PRCP,1481.3
1998,EN,April,TMAXA,30
1998,EN,April,TMINA,18
1998,EN,April,SRADA,18
1998,EN,April,PRCP,1401.2
1999,LA,April,TMAXA,29.8
1999,LA,April,TMINA,18.2
1999,LA,April,SRADA,18
1999,LA,April,PRCP,1379.4
2000,LA,April,TMAXA,29.3
2000,LA,April,TMINA,17.5
2000,LA,April,SRADA,19
2000,LA,April,PRCP,1508.8
2001,LA,April,TMAXA,29.9
2001,LA,April,TMINA,17.8
2001,LA,April,SRADA,19.2
2001,LA,April,PRCP,1267.4
2002,NE,April,TMAXA,29.9
2002,NE,April,TMINA,17.4
2002,NE,April,SRADA,18.8
2002,NE,April,PRCP,1616.2
2003,EN,April,TMAXA,30.3
2003,EN,April,TMINA,18.5
2003,EN,April,SRADA,18.5
2003,EN,April,PRCP,1757.6
2004,NE,April,TMAXA,28.8
2004,NE,April,TMINA,18.2
2004,NE,April,SRADA,18.7
2004,NE,April,PRCP,1350.6
2005,EN,April,TMAXA,29.1
2005,EN,April,TMINA,18.3
2005,EN,April,SRADA,18.5
2005,EN,April,PRCP,1394.3
2006,NE,April,TMAXA,28.7
2006,NE,April,TMINA,18.5
2006,NE,April,SRADA,19
2006,NE,April,PRCP,1320.9
2007,NE,April,TMAXA,28.2
2007,NE,April,TMINA,18
2007,NE,April,SRADA,19.6
2007,NE,April,PRCP,1821.5
2008,LA,April,TMAXA,28.7
2008,LA,April,TMINA,18.1
2008,LA,April,SRADA,20.2
2008,LA,April,PRCP,1613.1
2009,LA,April,TMAXA,28.8
2009,LA,April,TMINA,18.3
2009,LA,April,SRADA,17.8
2009,LA,April,PRCP,1317.5
2010,EN,April,TMAXA,28.7
2010,EN,April,TMINA,18.8
2010,EN,April,SRADA,18.3
2010,EN,April,PRCP,1405.2
2011,LA,April,TMAXA,29.2
2011,LA,April,TMINA,18.6
2011,LA,April,SRADA,18.8
2011,LA,April,PRCP,1643.6
2012,LA,April,TMAXA,28.7
2012,LA,April,TMINA,18.3
2012,LA,April,SRADA,18.8
2012,LA,April,PRCP,1337.6
2013,NE,April,TMAXA,29
2013,NE,April,TMINA,18.9
2013,NE,April,SRADA,18.6
2013,NE,April,PRCP,1599.7
2014,NE,April,TMAXA,28.9
2014,NE,April,TMINA,18.5
2014,NE,April,SRADA,19.3
2014,NE,April,PRCP,1281.4
2015,NE,April,TMAXA,29.2
2015,NE,April,TMINA,18.9
2015,NE,April,SRADA,18.6
2015,NE,April,PRCP,1380.6
2016,EN,April,TMAXA,29.8
2016,EN,April,TMINA,19.7
2016,EN,April,SRADA,18.7
2016,EN,April,PRCP,1651.9
2017,NE,April,TMAXA,29.6
2017,NE,April,TMINA,18.9
2017,NE,April,SRADA,19
2017,NE,April,PRCP,1462
2018,NE,April,TMAXA,29.2
2018,NE,April,TMINA,18.9
2018,NE,April,SRADA,18.9
2018,NE,April,PRCP,1298.4
2019,EN,April,TMAXA,29.4
2019,EN,April,TMINA,19.1
2019,EN,April,SRADA,18.6
2019,EN,April,PRCP,1511.4
1963,NE,April,TMAXA,30.3
1963,NE,April,TMINA,16.8
1963,NE,April,SRADA,18.7
1963,NE,April,PRCP,1257
1964,EN,April,TMAXA,32.3
1964,EN,April,TMINA,17.9
1964,EN,April,SRADA,18.2
1964,EN,April,PRCP,797.1
1965,LA,April,TMAXA,30
1965,LA,April,TMINA,17.2
1965,LA,April,SRADA,18
1965,LA,April,PRCP,1036.2
1966,EN,April,TMAXA,31
1966,EN,April,TMINA,18.1
1966,EN,April,SRADA,18.7
1966,EN,April,PRCP,1098.2
1967,NE,April,TMAXA,30.5
1967,NE,April,TMINA,17.7
1967,NE,April,SRADA,18.9
1967,NE,April,PRCP,1366.1
1968,NE,April,TMAXA,30.8
1968,NE,April,TMINA,17.9
1968,NE,April,SRADA,19
1968,NE,April,PRCP,913.8
1969,EN,April,TMAXA,30.9
1969,EN,April,TMINA,17.7
1969,EN,April,SRADA,19.9
1969,EN,April,PRCP,978.3
1970,EN,April,TMAXA,31
1970,EN,April,TMINA,18.2
1970,EN,April,SRADA,18.8
1970,EN,April,PRCP,952.6
1971,LA,April,TMAXA,31
1971,LA,April,TMINA,18.2
1971,LA,April,SRADA,19.6
1971,LA,April,PRCP,1051.6
1972,LA,April,TMAXA,30
1972,LA,April,TMINA,17.2
1972,LA,April,SRADA,18.2
1972,LA,April,PRCP,1539.3
1973,EN,April,TMAXA,30.6
1973,EN,April,TMINA,17.8
1973,EN,April,SRADA,18.8
1973,EN,April,PRCP,1678.8
1974,LA,April,TMAXA,30.3
1974,LA,April,TMINA,17.5
1974,LA,April,SRADA,18.4
1974,LA,April,PRCP,1463
1975,LA,April,TMAXA,30
1975,LA,April,TMINA,15.8
1975,LA,April,SRADA,19.3
1975,LA,April,PRCP,1255
1976,LA,April,TMAXA,30.6
1976,LA,April,TMINA,18.2
1976,LA,April,SRADA,19.3
1976,LA,April,PRCP,1440.6
1977,EN,April,TMAXA,29.8
1977,EN,April,TMINA,17.7
1977,EN,April,SRADA,18.4
1977,EN,April,PRCP,1493.3
1978,NE,April,TMAXA,30.8
1978,NE,April,TMINA,18.8
1978,NE,April,SRADA,18.5
1978,NE,April,PRCP,1613.9
1979,NE,April,TMAXA,30.1
1979,NE,April,TMINA,17.8
1979,NE,April,SRADA,18.9
1979,NE,April,PRCP,1405
1980,NE,April,TMAXA,30.2
1980,NE,April,TMINA,18.2
1980,NE,April,SRADA,18.3
1980,NE,April,PRCP,1644.1
1981,NE,April,TMAXA,30.8
1981,NE,April,TMINA,18.4
1981,NE,April,SRADA,18.6
1981,NE,April,PRCP,1156.5
1982,NE,April,TMAXA,30.1
1982,NE,April,TMINA,17.7
1982,NE,April,SRADA,18
1982,NE,April,PRCP,1485
1983,EN,April,TMAXA,30.3
1983,EN,April,TMINA,18.2
1983,EN,April,SRADA,17.9
1983,EN,April,PRCP,1717
1984,LA,April,TMAXA,30.3
1984,LA,April,TMINA,18.1
1984,LA,April,SRADA,18.3
1984,LA,April,PRCP,1447.6
1985,LA,April,TMAXA,30.6
1985,LA,April,TMINA,18.4
1985,LA,April,SRADA,18.6
1985,LA,April,PRCP,1423.7
1986,NE,April,TMAXA,30.9
1986,NE,April,TMINA,18.3
1986,NE,April,SRADA,19.6
1986,NE,April,PRCP,922.9
1987,EN,April,TMAXA,30.5
1987,EN,April,TMINA,19.1
1987,EN,April,SRADA,18.3
1987,EN,April,PRCP,1433.2
1988,EN,April,TMAXA,30.7
1988,EN,April,TMINA,19.1
1988,EN,April,SRADA,18.1
1988,EN,April,PRCP,1377.5
1989,LA,April,TMAXA,30.6
1989,LA,April,TMINA,18.7
1989,LA,April,SRADA,18.1
1989,LA,April,PRCP,1256
1990,NE,April,TMAXA,30
1990,NE,April,TMINA,18.5
1990,NE,April,SRADA,18.7
1990,NE,April,PRCP,1063.8
1991,NE,April,TMAXA,29.8
1991,NE,April,TMINA,18.4
1991,NE,April,SRADA,18.3
1991,NE,April,PRCP,1455.3
1992,EN,April,TMAXA,30.5
1992,EN,April,TMINA,19
1992,EN,April,SRADA,18
1992,EN,April,PRCP,903.9
1993,NE,April,TMAXA,30.2
1993,NE,April,TMINA,19.2
1993,NE,April,SRADA,17.8
1993,NE,April,PRCP,1392.9
1994,NE,April,TMAXA,30.9
1994,NE,April,TMINA,19.4
1994,NE,April,SRADA,18.4
1994,NE,April,PRCP,1354.2
1995,EN,April,TMAXA,31.6
1995,EN,April,TMINA,19.8
1995,EN,April,SRADA,19
1995,EN,April,PRCP,1316.2
1996,LA,April,TMAXA,31.5
1996,LA,April,TMINA,20.1
1996,LA,April,SRADA,18.8
1996,LA,April,PRCP,967.6
1997,NE,April,TMAXA,30.3
1997,NE,April,TMINA,19.3
1997,NE,April,SRADA,18.3
1997,NE,April,PRCP,1627.9
1998,EN,April,TMAXA,31.6
1998,EN,April,TMINA,20.1
1998,EN,April,SRADA,18.7
1998,EN,April,PRCP,1468.2
1999,LA,April,TMAXA,31.1
1999,LA,April,TMINA,20.4
1999,LA,April,SRADA,18.4
1999,LA,April,PRCP,1359.1
2000,LA,April,TMAXA,31.5
2000,LA,April,TMINA,19.4
2000,LA,April,SRADA,19.1
2000,LA,April,PRCP,1364.4
2001,LA,April,TMAXA,31.2
2001,LA,April,TMINA,17.9
2001,LA,April,SRADA,19
2001,LA,April,PRCP,1102.1
2002,NE,April,TMAXA,30.7
2002,NE,April,TMINA,18.4
2002,NE,April,SRADA,18.9
2002,NE,April,PRCP,1464.2
2003,EN,April,TMAXA,31.8
2003,EN,April,TMINA,19.8
2003,EN,April,SRADA,18.4
2003,EN,April,PRCP,1468.8
2004,NE,April,TMAXA,31.4
2004,NE,April,TMINA,19
2004,NE,April,SRADA,19.1
2004,NE,April,PRCP,1046
2005,EN,April,TMAXA,30.9
2005,EN,April,TMINA,19.1
2005,EN,April,SRADA,18.9
2005,EN,April,PRCP,1440.3
2006,NE,April,TMAXA,30.6
2006,NE,April,TMINA,19.1
2006,NE,April,SRADA,18.1
2006,NE,April,PRCP,1821.9
2007,NE,April,TMAXA,31.1
2007,NE,April,TMINA,18.7
2007,NE,April,SRADA,18.9
2007,NE,April,PRCP,1738.2
2008,LA,April,TMAXA,31.2
2008,LA,April,TMINA,18.7
2008,LA,April,SRADA,18.4
2008,LA,April,PRCP,1516.2
2009,LA,April,TMAXA,31
2009,LA,April,TMINA,19.1
2009,LA,April,SRADA,18.6
2009,LA,April,PRCP,1224.8
2010,EN,April,TMAXA,30.7
2010,EN,April,TMINA,19.1
2010,EN,April,SRADA,18
2010,EN,April,PRCP,1893.5
2011,LA,April,TMAXA,31.1
2011,LA,April,TMINA,18.9
2011,LA,April,SRADA,18.4
2011,LA,April,PRCP,1647.7
2012,LA,April,TMAXA,31.5
2012,LA,April,TMINA,18.6
2012,LA,April,SRADA,19.7
2012,LA,April,PRCP,745.4
2013,NE,April,TMAXA,31.1
2013,NE,April,TMINA,19.4
2013,NE,April,SRADA,18.7
2013,NE,April,PRCP,1497.8
2014,NE,April,TMAXA,31.5
2014,NE,April,TMINA,18.9
2014,NE,April,SRADA,19.2
2014,NE,April,PRCP,991.1
2015,NE,April,TMAXA,31.5
2015,NE,April,TMINA,19
2015,NE,April,SRADA,18.8
2015,NE,April,PRCP,1485
2016,EN,April,TMAXA,31.8
2016,EN,April,TMINA,19.5
2016,EN,April,SRADA,18.2
2016,EN,April,PRCP,1210
2017,NE,April,TMAXA,30.9
2017,NE,April,TMINA,18.3
2017,NE,April,SRADA,18.7
2017,NE,April,PRCP,1404.8
2018,NE,April,TMAXA,31.4
2018,NE,April,TMINA,18.9
2018,NE,April,SRADA,18.9
2018,NE,April,PRCP,1251.8
2019,EN,April,TMAXA,31.8
2019,EN,April,TMINA,19.3
2019,EN,April,SRADA,18.8
2019,EN,April,PRCP,1225.1
1963,NE,April,TMAXA,30.8
1963,NE,April,TMINA,17.2
1963,NE,April,SRADA,19
1963,NE,April,PRCP,1256.4
1964,EN,April,TMAXA,32.6
1964,EN,April,TMINA,18
1964,EN,April,SRADA,18.5
1964,EN,April,PRCP,811.2
1965,LA,April,TMAXA,30.4
1965,LA,April,TMINA,17.7
1965,LA,April,SRADA,18.3
1965,LA,April,PRCP,1314.9
1966,EN,April,TMAXA,31.4
1966,EN,April,TMINA,18.4
1966,EN,April,SRADA,18.8
1966,EN,April,PRCP,1375.6
1967,NE,April,TMAXA,30.9
1967,NE,April,TMINA,17.9
1967,NE,April,SRADA,19.1
1967,NE,April,PRCP,1293.3
1968,NE,April,TMAXA,31.2
1968,NE,April,TMINA,17.9
1968,NE,April,SRADA,19.3
1968,NE,April,PRCP,1052.4
1969,EN,April,TMAXA,31.8
1969,EN,April,TMINA,17.7
1969,EN,April,SRADA,20.2
1969,EN,April,PRCP,831.3
1970,EN,April,TMAXA,31.8
1970,EN,April,TMINA,18.3
1970,EN,April,SRADA,19
1970,EN,April,PRCP,964.4
1971,LA,April,TMAXA,31.9
1971,LA,April,TMINA,18.5
1971,LA,April,SRADA,19.8
1971,LA,April,PRCP,801.4
1972,LA,April,TMAXA,30.7
1972,LA,April,TMINA,17.9
1972,LA,April,SRADA,18.5
1972,LA,April,PRCP,1472.9
1973,EN,April,TMAXA,31.2
1973,EN,April,TMINA,18.5
1973,EN,April,SRADA,19.1
1973,EN,April,PRCP,1484.6
1974,LA,April,TMAXA,30.6
1974,LA,April,TMINA,18.5
1974,LA,April,SRADA,18.3
1974,LA,April,PRCP,1535.4
1975,LA,April,TMAXA,30.4
1975,LA,April,TMINA,18
1975,LA,April,SRADA,19.1
1975,LA,April,PRCP,1220.1
1976,LA,April,TMAXA,31.4
1976,LA,April,TMINA,18.1
1976,LA,April,SRADA,19.2
1976,LA,April,PRCP,1350.8
1977,EN,April,TMAXA,30.9
1977,EN,April,TMINA,15.5
1977,EN,April,SRADA,18.6
1977,EN,April,PRCP,1396
1978,NE,April,TMAXA,31.8
1978,NE,April,TMINA,18.8
1978,NE,April,SRADA,18.8
1978,NE,April,PRCP,1469.6
1979,NE,April,TMAXA,30.5
1979,NE,April,TMINA,18.3
1979,NE,April,SRADA,18.8
1979,NE,April,PRCP,1520.7
1980,NE,April,TMAXA,30.1
1980,NE,April,TMINA,18.8
1980,NE,April,SRADA,18.4
1980,NE,April,PRCP,1408.8
1981,NE,April,TMAXA,31.1
1981,NE,April,TMINA,19.9
1981,NE,April,SRADA,18.8
1981,NE,April,PRCP,1038.2
1982,NE,April,TMAXA,30.3
1982,NE,April,TMINA,19
1982,NE,April,SRADA,18.3
1982,NE,April,PRCP,1280.4
1983,EN,April,TMAXA,30
1983,EN,April,TMINA,19.3
1983,EN,April,SRADA,18.1
1983,EN,April,PRCP,1706.1
1984,LA,April,TMAXA,30.2
1984,LA,April,TMINA,19.3
1984,LA,April,SRADA,18.2
1984,LA,April,PRCP,1523.9
1985,LA,April,TMAXA,31.2
1985,LA,April,TMINA,19
1985,LA,April,SRADA,18.6
1985,LA,April,PRCP,1531
1986,NE,April,TMAXA,30.9
1986,NE,April,TMINA,19
1986,NE,April,SRADA,19.6
1986,NE,April,PRCP,1071
1987,EN,April,TMAXA,30.3
1987,EN,April,TMINA,19.2
1987,EN,April,SRADA,18.3
1987,EN,April,PRCP,1192.3
1988,EN,April,TMAXA,31
1988,EN,April,TMINA,19.7
1988,EN,April,SRADA,18.2
1988,EN,April,PRCP,1430.5
1989,LA,April,TMAXA,30.7
1989,LA,April,TMINA,19.2
1989,LA,April,SRADA,18.3
1989,LA,April,PRCP,1191.1
1990,NE,April,TMAXA,30.4
1990,NE,April,TMINA,18.8
1990,NE,April,SRADA,18.6
1990,NE,April,PRCP,1237.5
1991,NE,April,TMAXA,30.1
1991,NE,April,TMINA,18.9
1991,NE,April,SRADA,18.5
1991,NE,April,PRCP,1551.2
1992,EN,April,TMAXA,30.3
1992,EN,April,TMINA,19.4
1992,EN,April,SRADA,17.9
1992,EN,April,PRCP,1047.4
1993,NE,April,TMAXA,30.1
1993,NE,April,TMINA,19.5
1993,NE,April,SRADA,17.8
1993,NE,April,PRCP,1490.4
1994,NE,April,TMAXA,30.9
1994,NE,April,TMINA,19.5
1994,NE,April,SRADA,18.4
1994,NE,April,PRCP,1424.6
1995,EN,April,TMAXA,31.5
1995,EN,April,TMINA,19.8
1995,EN,April,SRADA,19.1
1995,EN,April,PRCP,1404.5
1996,LA,April,TMAXA,31.3
1996,LA,April,TMINA,20
1996,LA,April,SRADA,18.8
1996,LA,April,PRCP,1068.1
1997,NE,April,TMAXA,31
1997,NE,April,TMINA,18.9
1997,NE,April,SRADA,18.4
1997,NE,April,PRCP,1258.1
1998,EN,April,TMAXA,31.7
1998,EN,April,TMINA,20.1
1998,EN,April,SRADA,18.7
1998,EN,April,PRCP,1277.5
1999,LA,April,TMAXA,31.3
1999,LA,April,TMINA,19.9
1999,LA,April,SRADA,18.4
1999,LA,April,PRCP,1602.5
2000,LA,April,TMAXA,31.4
2000,LA,April,TMINA,19.1
2000,LA,April,SRADA,19
2000,LA,April,PRCP,1268.7
2001,LA,April,TMAXA,31.4
2001,LA,April,TMINA,19.2
2001,LA,April,SRADA,19.1
2001,LA,April,PRCP,1308.4
2002,NE,April,TMAXA,31.4
2002,NE,April,TMINA,19.3
2002,NE,April,SRADA,18.9
2002,NE,April,PRCP,1257.5
2003,EN,April,TMAXA,32.5
2003,EN,April,TMINA,20.4
2003,EN,April,SRADA,18.6
2003,EN,April,PRCP,1453.6
2004,NE,April,TMAXA,31.7
2004,NE,April,TMINA,19.5
2004,NE,April,SRADA,19
2004,NE,April,PRCP,1149
2005,EN,April,TMAXA,31.6
2005,EN,April,TMINA,19.7
2005,EN,April,SRADA,19
2005,EN,April,PRCP,1223
2006,NE,April,TMAXA,31.4
2006,NE,April,TMINA,20
2006,NE,April,SRADA,18.3
2006,NE,April,PRCP,1440.8
2007,NE,April,TMAXA,31.5
2007,NE,April,TMINA,19.4
2007,NE,April,SRADA,19.9
2007,NE,April,PRCP,1618.9
2008,LA,April,TMAXA,31.6
2008,LA,April,TMINA,19.5
2008,LA,April,SRADA,19
2008,LA,April,PRCP,1311.7
2009,LA,April,TMAXA,31.3
2009,LA,April,TMINA,19.3
2009,LA,April,SRADA,18.8
2009,LA,April,PRCP,1219
2010,EN,April,TMAXA,31.2
2010,EN,April,TMINA,19.1
2010,EN,April,SRADA,18.2
2010,EN,April,PRCP,1386.8
2011,LA,April,TMAXA,31.7
2011,LA,April,TMINA,19.2
2011,LA,April,SRADA,18.8
2011,LA,April,PRCP,1530.4
2012,LA,April,TMAXA,32
2012,LA,April,TMINA,18.6
2012,LA,April,SRADA,19.6
2012,LA,April,PRCP,939.3
2013,NE,April,TMAXA,31.6
2013,NE,April,TMINA,19.5
2013,NE,April,SRADA,18.5
2013,NE,April,PRCP,1526.1
2014,NE,April,TMAXA,31.7
2014,NE,April,TMINA,18.7
2014,NE,April,SRADA,19.3
2014,NE,April,PRCP,1103.1
2015,NE,April,TMAXA,32
2015,NE,April,TMINA,18.8
2015,NE,April,SRADA,19.1
2015,NE,April,PRCP,1247.8
2016,EN,April,TMAXA,32.4
2016,EN,April,TMINA,19.4
2016,EN,April,SRADA,18.4
2016,EN,April,PRCP,1750.5
2017,NE,April,TMAXA,32
2017,NE,April,TMINA,17.7
2017,NE,April,SRADA,18.9
2017,NE,April,PRCP,1254.7
2018,NE,April,TMAXA,32.1
2018,NE,April,TMINA,18
2018,NE,April,SRADA,18.9
2018,NE,April,PRCP,1298
2019,EN,April,TMAXA,32.5
2019,EN,April,TMINA,18.4
2019,EN,April,SRADA,18.8
2019,EN,April,PRCP,1082.2
1963,NE,April,TMAXA,30.1
1963,NE,April,TMINA,17.4
1963,NE,April,SRADA,18.7
1963,NE,April,PRCP,1408
1964,EN,April,TMAXA,30.6
1964,EN,April,TMINA,18.8
1964,EN,April,SRADA,18.4
1964,EN,April,PRCP,1011.9
1965,LA,April,TMAXA,28.6
1965,LA,April,TMINA,17.3
1965,LA,April,SRADA,17.7
1965,LA,April,PRCP,1381.7
1966,EN,April,TMAXA,29.3
1966,EN,April,TMINA,18.6
1966,EN,April,SRADA,17.9
1966,EN,April,PRCP,1591.6
1967,NE,April,TMAXA,29.3
1967,NE,April,TMINA,18.7
1967,NE,April,SRADA,18.4
1967,NE,April,PRCP,1351.3
1968,NE,April,TMAXA,29.9
1968,NE,April,TMINA,18
1968,NE,April,SRADA,18.5
1968,NE,April,PRCP,1108.7
1969,EN,April,TMAXA,29.2
1969,EN,April,TMINA,17.5
1969,EN,April,SRADA,19
1969,EN,April,PRCP,1198.2
1970,EN,April,TMAXA,29.3
1970,EN,April,TMINA,17.8
1970,EN,April,SRADA,18.5
1970,EN,April,PRCP,1267.1
1971,LA,April,TMAXA,28.9
1971,LA,April,TMINA,18.3
1971,LA,April,SRADA,18.6
1971,LA,April,PRCP,1250.5
1972,LA,April,TMAXA,28.6
1972,LA,April,TMINA,17.5
1972,LA,April,SRADA,17.9
1972,LA,April,PRCP,1376.4
1973,EN,April,TMAXA,29.6
1973,EN,April,TMINA,18.1
1973,EN,April,SRADA,18
1973,EN,April,PRCP,1358.6
1974,LA,April,TMAXA,28.1
1974,LA,April,TMINA,19.4
1974,LA,April,SRADA,17.5
1974,LA,April,PRCP,1503.3
1975,LA,April,TMAXA,28.9
1975,LA,April,TMINA,18.2
1975,LA,April,SRADA,18.5
1975,LA,April,PRCP,1383
1976,LA,April,TMAXA,30.4
1976,LA,April,TMINA,18.3
1976,LA,April,SRADA,18.1
1976,LA,April,PRCP,1596.4
1977,EN,April,TMAXA,29.4
1977,EN,April,TMINA,18.2
1977,EN,April,SRADA,18.1
1977,EN,April,PRCP,1934.3
1978,NE,April,TMAXA,30.9
1978,NE,April,TMINA,19.1
1978,NE,April,SRADA,18.3
1978,NE,April,PRCP,1613.8
1979,NE,April,TMAXA,30
1979,NE,April,TMINA,18.7
1979,NE,April,SRADA,17.9
1979,NE,April,PRCP,1617.6
1980,NE,April,TMAXA,29.6
1980,NE,April,TMINA,18.6
1980,NE,April,SRADA,17.8
1980,NE,April,PRCP,1864.1
1981,NE,April,TMAXA,30
1981,NE,April,TMINA,18.6
1981,NE,April,SRADA,18
1981,NE,April,PRCP,1595.1
1982,NE,April,TMAXA,29.9
1982,NE,April,TMINA,18.7
1982,NE,April,SRADA,17.3
1982,NE,April,PRCP,1543.7
1983,EN,April,TMAXA,29.9
1983,EN,April,TMINA,19.4
1983,EN,April,SRADA,17.6
1983,EN,April,PRCP,1762.3
1984,LA,April,TMAXA,29.6
1984,LA,April,TMINA,19
1984,LA,April,SRADA,17.3
1984,LA,April,PRCP,1490.8
1985,LA,April,TMAXA,30.5
1985,LA,April,TMINA,19.1
1985,LA,April,SRADA,18.1
1985,LA,April,PRCP,1279.4
1986,NE,April,TMAXA,31.1
1986,NE,April,TMINA,19.3
1986,NE,April,SRADA,18.5
1986,NE,April,PRCP,1224.4
1987,EN,April,TMAXA,31.1
1987,EN,April,TMINA,19.1
1987,EN,April,SRADA,17.8
1987,EN,April,PRCP,1609.6
1988,EN,April,TMAXA,30.3
1988,EN,April,TMINA,18.6
1988,EN,April,SRADA,17.5
1988,EN,April,PRCP,1810.5
1989,LA,April,TMAXA,29.5
1989,LA,April,TMINA,18.1
1989,LA,April,SRADA,17.8
1989,LA,April,PRCP,1407.6
1990,NE,April,TMAXA,29.3
1990,NE,April,TMINA,18.1
1990,NE,April,SRADA,18.4
1990,NE,April,PRCP,1125.2
1991,NE,April,TMAXA,29.7
1991,NE,April,TMINA,18.1
1991,NE,April,SRADA,18
1991,NE,April,PRCP,1704.3
1992,EN,April,TMAXA,30.5
1992,EN,April,TMINA,18.5
1992,EN,April,SRADA,17.8
1992,EN,April,PRCP,1388.6
1993,NE,April,TMAXA,29.8
1993,NE,April,TMINA,18.8
1993,NE,April,SRADA,17.5
1993,NE,April,PRCP,1437.4
1994,NE,April,TMAXA,30.5
1994,NE,April,TMINA,19.2
1994,NE,April,SRADA,17.9
1994,NE,April,PRCP,1276.5
1995,EN,April,TMAXA,31
1995,EN,April,TMINA,19.3
1995,EN,April,SRADA,18.4
1995,EN,April,PRCP,1437.7
1996,LA,April,TMAXA,31.1
1996,LA,April,TMINA,19.8
1996,LA,April,SRADA,18.5
1996,LA,April,PRCP,1227.8
1997,NE,April,TMAXA,30.5
1997,NE,April,TMINA,19.5
1997,NE,April,SRADA,18.3
1997,NE,April,PRCP,1155.7
1998,EN,April,TMAXA,31.2
1998,EN,April,TMINA,20.6
1998,EN,April,SRADA,18.1
1998,EN,April,PRCP,1210.8
1999,LA,April,TMAXA,30.6
1999,LA,April,TMINA,19.7
1999,LA,April,SRADA,17.9
1999,LA,April,PRCP,1254.2
2000,LA,April,TMAXA,31.5
2000,LA,April,TMINA,19.6
2000,LA,April,SRADA,18.8
2000,LA,April,PRCP,938.2
2001,LA,April,TMAXA,30.5
2001,LA,April,TMINA,19.5
2001,LA,April,SRADA,18.2
2001,LA,April,PRCP,1102.8
2002,NE,April,TMAXA,30.8
2002,NE,April,TMINA,19.9
2002,NE,April,SRADA,18.3
2002,NE,April,PRCP,1583.3
2003,EN,April,TMAXA,31.4
2003,EN,April,TMINA,20.5
2003,EN,April,SRADA,17.5
2003,EN,April,PRCP,1390.5
2004,NE,April,TMAXA,31
2004,NE,April,TMINA,19.6
2004,NE,April,SRADA,19.1
2004,NE,April,PRCP,1115
2005,EN,April,TMAXA,30.7
2005,EN,April,TMINA,19.7
2005,EN,April,SRADA,18.1
2005,EN,April,PRCP,1474.6
2006,NE,April,TMAXA,30.5
2006,NE,April,TMINA,19.8
2006,NE,April,SRADA,17.6
2006,NE,April,PRCP,1540.2
2007,NE,April,TMAXA,31
2007,NE,April,TMINA,19.9
2007,NE,April,SRADA,18.1
2007,NE,April,PRCP,1442.2
2008,LA,April,TMAXA,31.3
2008,LA,April,TMINA,19.4
2008,LA,April,SRADA,17.9
2008,LA,April,PRCP,1328.4
2009,LA,April,TMAXA,31.3
2009,LA,April,TMINA,19.3
2009,LA,April,SRADA,18.7
2009,LA,April,PRCP,1298.2
2010,EN,April,TMAXA,30.8
2010,EN,April,TMINA,19.8
2010,EN,April,SRADA,18
2010,EN,April,PRCP,1728.2
2011,LA,April,TMAXA,30.9
2011,LA,April,TMINA,19.1
2011,LA,April,SRADA,17.6
2011,LA,April,PRCP,1728.1
2012,LA,April,TMAXA,31.6
2012,LA,April,TMINA,19.1
2012,LA,April,SRADA,18.8
2012,LA,April,PRCP,1209
2013,NE,April,TMAXA,31.2
2013,NE,April,TMINA,19.7
2013,NE,April,SRADA,18.6
2013,NE,April,PRCP,1971.6
2014,NE,April,TMAXA,31
2014,NE,April,TMINA,19.2
2014,NE,April,SRADA,18.6
2014,NE,April,PRCP,1352.4
2015,NE,April,TMAXA,31.2
2015,NE,April,TMINA,20.4
2015,NE,April,SRADA,18.1
2015,NE,April,PRCP,1611.6
2016,EN,April,TMAXA,31.7
2016,EN,April,TMINA,20.5
2016,EN,April,SRADA,17.7
2016,EN,April,PRCP,1743.6
2017,NE,April,TMAXA,30.9
2017,NE,April,TMINA,19.2
2017,NE,April,SRADA,18.1
2017,NE,April,PRCP,1410
2018,NE,April,TMAXA,31.4
2018,NE,April,TMINA,19.9
2018,NE,April,SRADA,17.9
2018,NE,April,PRCP,1599.2
2019,EN,April,TMAXA,31.6
2019,EN,April,TMINA,19.6
2019,EN,April,SRADA,17.3
2019,EN,April,PRCP,1290
1963,NE,April,TMAXA,27.1
1963,NE,April,TMINA,15.2
1963,NE,April,SRADA,18.8
1963,NE,April,PRCP,1597.9
1964,EN,April,TMAXA,28.6
1964,EN,April,TMINA,16
1964,EN,April,SRADA,18.5
1964,EN,April,PRCP,967.8
1965,LA,April,TMAXA,26
1965,LA,April,TMINA,15.3
1965,LA,April,SRADA,17.8
1965,LA,April,PRCP,1864
1966,EN,April,TMAXA,27
1966,EN,April,TMINA,16.1
1966,EN,April,SRADA,18
1966,EN,April,PRCP,1775.6
1967,NE,April,TMAXA,27.9
1967,NE,April,TMINA,15.2
1967,NE,April,SRADA,18.6
1967,NE,April,PRCP,2018.1
1968,NE,April,TMAXA,28.6
1968,NE,April,TMINA,15.1
1968,NE,April,SRADA,18.7
1968,NE,April,PRCP,1481.8
1969,EN,April,TMAXA,28.8
1969,EN,April,TMINA,14.5
1969,EN,April,SRADA,19.7
1969,EN,April,PRCP,1410.4
1970,EN,April,TMAXA,28.4
1970,EN,April,TMINA,15.6
1970,EN,April,SRADA,18.6
1970,EN,April,PRCP,1692.6
1971,LA,April,TMAXA,28.4
1971,LA,April,TMINA,15.5
1971,LA,April,SRADA,19.3
1971,LA,April,PRCP,1093.2
1972,LA,April,TMAXA,27
1972,LA,April,TMINA,15.6
1972,LA,April,SRADA,18
1972,LA,April,PRCP,1766.6
1973,EN,April,TMAXA,27.9
1973,EN,April,TMINA,16.3
1973,EN,April,SRADA,18.6
1973,EN,April,PRCP,1826.6
1974,LA,April,TMAXA,28
1974,LA,April,TMINA,15.6
1974,LA,April,SRADA,18.1
1974,LA,April,PRCP,1809.5
1975,LA,April,TMAXA,28.1
1975,LA,April,TMINA,15.4
1975,LA,April,SRADA,18.9
1975,LA,April,PRCP,1350.6
1976,LA,April,TMAXA,27.7
1976,LA,April,TMINA,14.5
1976,LA,April,SRADA,18.6
1976,LA,April,PRCP,1449.6
1977,EN,April,TMAXA,27.2
1977,EN,April,TMINA,15.6
1977,EN,April,SRADA,18.6
1977,EN,April,PRCP,1884
1978,NE,April,TMAXA,27.6
1978,NE,April,TMINA,16.7
1978,NE,April,SRADA,18.5
1978,NE,April,PRCP,1532.6
1979,NE,April,TMAXA,26.2
1979,NE,April,TMINA,15.4
1979,NE,April,SRADA,18.3
1979,NE,April,PRCP,1852.4
1980,NE,April,TMAXA,26.8
1980,NE,April,TMINA,16.1
1980,NE,April,SRADA,17.8
1980,NE,April,PRCP,1649.2
1981,NE,April,TMAXA,27.6
1981,NE,April,TMINA,16.2
1981,NE,April,SRADA,18.2
1981,NE,April,PRCP,1477.1
1982,NE,April,TMAXA,26.9
1982,NE,April,TMINA,15.5
1982,NE,April,SRADA,17.3
1982,NE,April,PRCP,2112.7
1983,EN,April,TMAXA,26.9
1983,EN,April,TMINA,16.5
1983,EN,April,SRADA,17.2
1983,EN,April,PRCP,2192.1
1984,LA,April,TMAXA,27.3
1984,LA,April,TMINA,16.3
1984,LA,April,SRADA,17.4
1984,LA,April,PRCP,1771.2
1985,LA,April,TMAXA,27.8
1985,LA,April,TMINA,16.2
1985,LA,April,SRADA,17.4
1985,LA,April,PRCP,1854.5
1986,NE,April,TMAXA,28
1986,NE,April,TMINA,15.9
1986,NE,April,SRADA,18.2
1986,NE,April,PRCP,1414.2
1987,EN,April,TMAXA,27.4
1987,EN,April,TMINA,15.7
1987,EN,April,SRADA,17.6
1987,EN,April,PRCP,1534
1988,EN,April,TMAXA,28.2
1988,EN,April,TMINA,16.2
1988,EN,April,SRADA,18.3
1988,EN,April,PRCP,1621.7
1989,LA,April,TMAXA,27.6
1989,LA,April,TMINA,15.6
1989,LA,April,SRADA,18.1
1989,LA,April,PRCP,1532
1990,NE,April,TMAXA,27.2
1990,NE,April,TMINA,15.9
1990,NE,April,SRADA,18.5
1990,NE,April,PRCP,1434
1991,NE,April,TMAXA,27.1
1991,NE,April,TMINA,16.7
1991,NE,April,SRADA,17.4
1991,NE,April,PRCP,1744.7
1992,EN,April,TMAXA,27.7
1992,EN,April,TMINA,16.1
1992,EN,April,SRADA,17.8
1992,EN,April,PRCP,1454.8
1993,NE,April,TMAXA,27.3
1993,NE,April,TMINA,16.1
1993,NE,April,SRADA,16.9
1993,NE,April,PRCP,1785.2
1994,NE,April,TMAXA,27.8
1994,NE,April,TMINA,16
1994,NE,April,SRADA,17.6
1994,NE,April,PRCP,1443.3
1995,EN,April,TMAXA,28.7
1995,EN,April,TMINA,16.5
1995,EN,April,SRADA,18.1
1995,EN,April,PRCP,1609.3
1996,LA,April,TMAXA,28.5
1996,LA,April,TMINA,16.4
1996,LA,April,SRADA,18.3
1996,LA,April,PRCP,1633.9
1997,NE,April,TMAXA,27.4
1997,NE,April,TMINA,15.6
1997,NE,April,SRADA,18
1997,NE,April,PRCP,1697.8
1998,EN,April,TMAXA,28.9
1998,EN,April,TMINA,16.4
1998,EN,April,SRADA,18.2
1998,EN,April,PRCP,1536.3
1999,LA,April,TMAXA,28.2
1999,LA,April,TMINA,16.4
1999,LA,April,SRADA,17.6
1999,LA,April,PRCP,1523.4
2000,LA,April,TMAXA,28.2
2000,LA,April,TMINA,15.9
2000,LA,April,SRADA,18.6
2000,LA,April,PRCP,1695.9
2001,LA,April,TMAXA,28.6
2001,LA,April,TMINA,16.2
2001,LA,April,SRADA,18.4
2001,LA,April,PRCP,1274.9
2002,NE,April,TMAXA,28.2
2002,NE,April,TMINA,16.1
2002,NE,April,SRADA,18
2002,NE,April,PRCP,1636.7
2003,EN,April,TMAXA,29.3
2003,EN,April,TMINA,16.9
2003,EN,April,SRADA,18
2003,EN,April,PRCP,1727
2004,NE,April,TMAXA,28.4
2004,NE,April,TMINA,16.6
2004,NE,April,SRADA,18.2
2004,NE,April,PRCP,1491.7
2005,EN,April,TMAXA,28.2
2005,EN,April,TMINA,16.8
2005,EN,April,SRADA,18.1
2005,EN,April,PRCP,1794.6
2006,NE,April,TMAXA,28.1
2006,NE,April,TMINA,17.1
2006,NE,April,SRADA,17.5
2006,NE,April,PRCP,1886.7
2007,NE,April,TMAXA,28.3
2007,NE,April,TMINA,16.5
2007,NE,April,SRADA,18.1
2007,NE,April,PRCP,2119
2008,LA,April,TMAXA,28.5
2008,LA,April,TMINA,16.6
2008,LA,April,SRADA,18.1
2008,LA,April,PRCP,1516.5
2009,LA,April,TMAXA,28.2
2009,LA,April,TMINA,16.5
2009,LA,April,SRADA,17.8
2009,LA,April,PRCP,1704.9
2010,EN,April,TMAXA,28.5
2010,EN,April,TMINA,16.7
2010,EN,April,SRADA,17.3
2010,EN,April,PRCP,1995.3
2011,LA,April,TMAXA,28.9
2011,LA,April,TMINA,17
2011,LA,April,SRADA,18.1
2011,LA,April,PRCP,1638.1
2012,LA,April,TMAXA,28.6
2012,LA,April,TMINA,15.8
2012,LA,April,SRADA,18.8
2012,LA,April,PRCP,1513.1
2013,NE,April,TMAXA,28.5
2013,NE,April,TMINA,17.6
2013,NE,April,SRADA,17.8
2013,NE,April,PRCP,1725.7
2014,NE,April,TMAXA,28.7
2014,NE,April,TMINA,17.4
2014,NE,April,SRADA,18.8
2014,NE,April,PRCP,1214.2
2015,NE,April,TMAXA,29.1
2015,NE,April,TMINA,17.7
2015,NE,April,SRADA,18.1
2015,NE,April,PRCP,1396.7
2016,EN,April,TMAXA,29.1
2016,EN,April,TMINA,17.8
2016,EN,April,SRADA,17.3
2016,EN,April,PRCP,1894
2017,NE,April,TMAXA,28.8
2017,NE,April,TMINA,16.6
2017,NE,April,SRADA,18.1
2017,NE,April,PRCP,1504
2018,NE,April,TMAXA,28.6
2018,NE,April,TMINA,16.7
2018,NE,April,SRADA,18.1
2018,NE,April,PRCP,1610.4
2019,EN,April,TMAXA,28.8
2019,EN,April,TMINA,16.7
2019,EN,April,SRADA,17.7
2019,EN,April,PRCP,1845.4
1963,NE,April,TMAXA,27.5
1963,NE,April,TMINA,16.6
1963,NE,April,SRADA,16.6
1963,NE,April,PRCP,1514
1964,EN,April,TMAXA,28.5
1964,EN,April,TMINA,16.4
1964,EN,April,SRADA,16
1964,EN,April,PRCP,1332.6
1965,LA,April,TMAXA,26.6
1965,LA,April,TMINA,16.9
1965,LA,April,SRADA,14.8
1965,LA,April,PRCP,2026.8
1966,EN,April,TMAXA,28
1966,EN,April,TMINA,17.1
1966,EN,April,SRADA,16.1
1966,EN,April,PRCP,1693.8
1967,NE,April,TMAXA,28.1
1967,NE,April,TMINA,17.2
1967,NE,April,SRADA,16
1967,NE,April,PRCP,1635.9
1968,NE,April,TMAXA,28
1968,NE,April,TMINA,16.4
1968,NE,April,SRADA,16.5
1968,NE,April,PRCP,1454.5
1969,EN,April,TMAXA,27.5
1969,EN,April,TMINA,16.1
1969,EN,April,SRADA,16.7
1969,EN,April,PRCP,1514.9
1970,EN,April,TMAXA,27.5
1970,EN,April,TMINA,16.3
1970,EN,April,SRADA,15.6
1970,EN,April,PRCP,1304.3
1971,LA,April,TMAXA,28.6
1971,LA,April,TMINA,16.8
1971,LA,April,SRADA,16.8
1971,LA,April,PRCP,540.8
1972,LA,April,TMAXA,27.4
1972,LA,April,TMINA,16.6
1972,LA,April,SRADA,15.8
1972,LA,April,PRCP,1854.1
1973,EN,April,TMAXA,26.6
1973,EN,April,TMINA,16.7
1973,EN,April,SRADA,16
1973,EN,April,PRCP,1870.9
1974,LA,April,TMAXA,26.3
1974,LA,April,TMINA,17.1
1974,LA,April,SRADA,15.4
1974,LA,April,PRCP,1548.9
1975,LA,April,TMAXA,26.4
1975,LA,April,TMINA,16.3
1975,LA,April,SRADA,15.8
1975,LA,April,PRCP,1348.4
1976,LA,April,TMAXA,26.5
1976,LA,April,TMINA,16.3
1976,LA,April,SRADA,16.3
1976,LA,April,PRCP,1463.8
1977,EN,April,TMAXA,25.7
1977,EN,April,TMINA,16.7
1977,EN,April,SRADA,15.3
1977,EN,April,PRCP,1507.3
1978,NE,April,TMAXA,26.4
1978,NE,April,TMINA,17
1978,NE,April,SRADA,15.4
1978,NE,April,PRCP,1384
1979,NE,April,TMAXA,25.6
1979,NE,April,TMINA,16
1979,NE,April,SRADA,14.8
1979,NE,April,PRCP,1558
1980,NE,April,TMAXA,26.2
1980,NE,April,TMINA,16.8
1980,NE,April,SRADA,14.7
1980,NE,April,PRCP,1377.5
1981,NE,April,TMAXA,26.4
1981,NE,April,TMINA,16.9
1981,NE,April,SRADA,15.3
1981,NE,April,PRCP,1199
1982,NE,April,TMAXA,25.3
1982,NE,April,TMINA,16.5
1982,NE,April,SRADA,14.9
1982,NE,April,PRCP,1647.1
1983,EN,April,TMAXA,25.9
1983,EN,April,TMINA,17
1983,EN,April,SRADA,14.8
1983,EN,April,PRCP,1752.9
1984,LA,April,TMAXA,26.5
1984,LA,April,TMINA,16.7
1984,LA,April,SRADA,15.1
1984,LA,April,PRCP,2019.4
1985,LA,April,TMAXA,26.6
1985,LA,April,TMINA,17.6
1985,LA,April,SRADA,15.8
1985,LA,April,PRCP,2181.7
1986,NE,April,TMAXA,26.8
1986,NE,April,TMINA,16.8
1986,NE,April,SRADA,17
1986,NE,April,PRCP,1582.8
1987,EN,April,TMAXA,27.3
1987,EN,April,TMINA,16.4
1987,EN,April,SRADA,16.2
1987,EN,April,PRCP,1487.1
1988,EN,April,TMAXA,26.1
1988,EN,April,TMINA,17.2
1988,EN,April,SRADA,15
1988,EN,April,PRCP,1656.2
1989,LA,April,TMAXA,26.4
1989,LA,April,TMINA,16.5
1989,LA,April,SRADA,15.5
1989,LA,April,PRCP,1287
1990,NE,April,TMAXA,26.7
1990,NE,April,TMINA,16.8
1990,NE,April,SRADA,16.4
1990,NE,April,PRCP,1164.3
1991,NE,April,TMAXA,27.4
1991,NE,April,TMINA,16.6
1991,NE,April,SRADA,15.8
1991,NE,April,PRCP,1281.5
1992,EN,April,TMAXA,26.7
1992,EN,April,TMINA,16.7
1992,EN,April,SRADA,16.3
1992,EN,April,PRCP,1394.8
1993,NE,April,TMAXA,26.9
1993,NE,April,TMINA,16.8
1993,NE,April,SRADA,15.3
1993,NE,April,PRCP,1547.3
1994,NE,April,TMAXA,26.7
1994,NE,April,TMINA,17.2
1994,NE,April,SRADA,15.9
1994,NE,April,PRCP,1293.2
1995,EN,April,TMAXA,27.1
1995,EN,April,TMINA,17.1
1995,EN,April,SRADA,16.7
1995,EN,April,PRCP,1689.3
1996,LA,April,TMAXA,27.2
1996,LA,April,TMINA,17.3
1996,LA,April,SRADA,16.4
1996,LA,April,PRCP,1631.5
1997,NE,April,TMAXA,25.6
1997,NE,April,TMINA,16.1
1997,NE,April,SRADA,15.1
1997,NE,April,PRCP,1397.2
1998,EN,April,TMAXA,27.6
1998,EN,April,TMINA,17.3
1998,EN,April,SRADA,16.2
1998,EN,April,PRCP,1473
1999,LA,April,TMAXA,26.7
1999,LA,April,TMINA,17.2
1999,LA,April,SRADA,15.5
1999,LA,April,PRCP,1556.7
2000,LA,April,TMAXA,26
2000,LA,April,TMINA,16.2
2000,LA,April,SRADA,15.5
2000,LA,April,PRCP,1264.8
2001,LA,April,TMAXA,27.5
2001,LA,April,TMINA,16.3
2001,LA,April,SRADA,16.9
2001,LA,April,PRCP,1438.8
2002,NE,April,TMAXA,27.5
2002,NE,April,TMINA,15.8
2002,NE,April,SRADA,16.1
2002,NE,April,PRCP,1429.7
2003,EN,April,TMAXA,28
2003,EN,April,TMINA,17.9
2003,EN,April,SRADA,16.1
2003,EN,April,PRCP,1861.9
2004,NE,April,TMAXA,26.8
2004,NE,April,TMINA,16.8
2004,NE,April,SRADA,15.5
2004,NE,April,PRCP,1932.8
2005,EN,April,TMAXA,26.6
2005,EN,April,TMINA,16.8
2005,EN,April,SRADA,15.3
2005,EN,April,PRCP,1784.9
2006,NE,April,TMAXA,27
2006,NE,April,TMINA,17.4
2006,NE,April,SRADA,14.5
2006,NE,April,PRCP,1410.1
2007,NE,April,TMAXA,26.8
2007,NE,April,TMINA,17.2
2007,NE,April,SRADA,15.5
2007,NE,April,PRCP,1612.3
2008,LA,April,TMAXA,27.1
2008,LA,April,TMINA,17.3
2008,LA,April,SRADA,16.3
2008,LA,April,PRCP,1682.7
2009,LA,April,TMAXA,26.5
2009,LA,April,TMINA,17.5
2009,LA,April,SRADA,15.4
2009,LA,April,PRCP,1819.9
2010,EN,April,TMAXA,27.2
2010,EN,April,TMINA,18
2010,EN,April,SRADA,15.5
2010,EN,April,PRCP,2027
2011,LA,April,TMAXA,26.6
2011,LA,April,TMINA,17.8
2011,LA,April,SRADA,15.9
2011,LA,April,PRCP,1760.3
2012,LA,April,TMAXA,26.3
2012,LA,April,TMINA,17.2
2012,LA,April,SRADA,15.8
2012,LA,April,PRCP,1493.4
2013,NE,April,TMAXA,26.8
2013,NE,April,TMINA,17.8
2013,NE,April,SRADA,16.2
2013,NE,April,PRCP,1695.4
2014,NE,April,TMAXA,26.7
2014,NE,April,TMINA,17.6
2014,NE,April,SRADA,17
2014,NE,April,PRCP,1329.3
2015,NE,April,TMAXA,27.6
2015,NE,April,TMINA,17.5
2015,NE,April,SRADA,17
2015,NE,April,PRCP,938.2
2016,EN,April,TMAXA,27.8
2016,EN,April,TMINA,18.6
2016,EN,April,SRADA,15.7
2016,EN,April,PRCP,1626.1
2017,NE,April,TMAXA,27.5
2017,NE,April,TMINA,16.9
2017,NE,April,SRADA,16.4
2017,NE,April,PRCP,1341
2018,NE,April,TMAXA,27.2
2018,NE,April,TMINA,16.5
2018,NE,April,SRADA,15.5
2018,NE,April,PRCP,1447.8
2019,EN,April,TMAXA,27.7
2019,EN,April,TMINA,18.1
2019,EN,April,SRADA,15.8
2019,EN,April,PRCP,1471.2
1963,NE,May,TMAXA,28.8
1963,NE,May,TMINA,17.7
1963,NE,May,SRADA,19
1963,NE,May,PRCP,1607
1964,EN,May,TMAXA,29.8
1964,EN,May,TMINA,18.5
1964,EN,May,SRADA,18.2
1964,EN,May,PRCP,1506
1965,LA,May,TMAXA,27.9
1965,LA,May,TMINA,17.6
1965,LA,May,SRADA,18.3
1965,LA,May,PRCP,1710.2
1966,EN,May,TMAXA,28.9
1966,EN,May,TMINA,18.2
1966,EN,May,SRADA,18.5
1966,EN,May,PRCP,1757.5
1967,NE,May,TMAXA,29
1967,NE,May,TMINA,17.9
1967,NE,May,SRADA,18.8
1967,NE,May,PRCP,1483.3
1968,NE,May,TMAXA,28.8
1968,NE,May,TMINA,18
1968,NE,May,SRADA,18.5
1968,NE,May,PRCP,1380.1
1969,EN,May,TMAXA,28.8
1969,EN,May,TMINA,17.7
1969,EN,May,SRADA,19.7
1969,EN,May,PRCP,1148.5
1970,EN,May,TMAXA,29.4
1970,EN,May,TMINA,18.4
1970,EN,May,SRADA,18.9
1970,EN,May,PRCP,1334.5
1971,LA,May,TMAXA,29.5
1971,LA,May,TMINA,18.3
1971,LA,May,SRADA,19.7
1971,LA,May,PRCP,928.7
1972,LA,May,TMAXA,28.5
1972,LA,May,TMINA,17.8
1972,LA,May,SRADA,18.4
1972,LA,May,PRCP,1489.8
1973,EN,May,TMAXA,29.8
1973,EN,May,TMINA,18.7
1973,EN,May,SRADA,18.9
1973,EN,May,PRCP,1667.7
1974,LA,May,TMAXA,29.5
1974,LA,May,TMINA,18.5
1974,LA,May,SRADA,18.2
1974,LA,May,PRCP,1387.3
1975,LA,May,TMAXA,29.5
1975,LA,May,TMINA,18.1
1975,LA,May,SRADA,19.3
1975,LA,May,PRCP,1247.4
1976,LA,May,TMAXA,29.3
1976,LA,May,TMINA,17.7
1976,LA,May,SRADA,18.9
1976,LA,May,PRCP,1112.8
1977,NE,May,TMAXA,29
1977,NE,May,TMINA,17.8
1977,NE,May,SRADA,18.1
1977,NE,May,PRCP,1401
1978,NE,May,TMAXA,29.5
1978,NE,May,TMINA,16.7
1978,NE,May,SRADA,18.1
1978,NE,May,PRCP,1437.8
1979,NE,May,TMAXA,29.1
1979,NE,May,TMINA,17.1
1979,NE,May,SRADA,17.4
1979,NE,May,PRCP,1530.5
1980,NE,May,TMAXA,29.2
1980,NE,May,TMINA,17.1
1980,NE,May,SRADA,17.4
1980,NE,May,PRCP,1599.8
1981,NE,May,TMAXA,30
1981,NE,May,TMINA,17.4
1981,NE,May,SRADA,17.9
1981,NE,May,PRCP,1147.4
1982,NE,May,TMAXA,28.6
1982,NE,May,TMINA,16.9
1982,NE,May,SRADA,17.5
1982,NE,May,PRCP,1557.3
1983,EN,May,TMAXA,29.4
1983,EN,May,TMINA,17.7
1983,EN,May,SRADA,16.7
1983,EN,May,PRCP,1703.7
1984,NE,May,TMAXA,29.5
1984,NE,May,TMINA,17.2
1984,NE,May,SRADA,17.4
1984,NE,May,PRCP,1458.1
1985,LA,May,TMAXA,29.7
1985,LA,May,TMINA,17.8
1985,LA,May,SRADA,17.9
1985,LA,May,PRCP,1489.4
1986,NE,May,TMAXA,29.6
1986,NE,May,TMINA,18
1986,NE,May,SRADA,18.6
1986,NE,May,PRCP,1311.8
1987,EN,May,TMAXA,29.4
1987,EN,May,TMINA,17.7
1987,EN,May,SRADA,18.1
1987,EN,May,PRCP,1359.8
1988,EN,May,TMAXA,30.2
1988,EN,May,TMINA,19.1
1988,EN,May,SRADA,18
1988,EN,May,PRCP,1402.9
1989,LA,May,TMAXA,29.4
1989,LA,May,TMINA,17.9
1989,LA,May,SRADA,18.8
1989,LA,May,PRCP,1296.4
1990,NE,May,TMAXA,29.5
1990,NE,May,TMINA,18.2
1990,NE,May,SRADA,18.1
1990,NE,May,PRCP,1733.2
1991,NE,May,TMAXA,29.4
1991,NE,May,TMINA,18.2
1991,NE,May,SRADA,18
1991,NE,May,PRCP,1520.4
1992,EN,May,TMAXA,29.5
1992,EN,May,TMINA,18.1
1992,EN,May,SRADA,17.6
1992,EN,May,PRCP,1720
1993,NE,May,TMAXA,29.6
1993,NE,May,TMINA,18.1
1993,NE,May,SRADA,17.7
1993,NE,May,PRCP,1382.5
1994,NE,May,TMAXA,30.3
1994,NE,May,TMINA,17.9
1994,NE,May,SRADA,18
1994,NE,May,PRCP,1703.9
1995,EN,May,TMAXA,30.9
1995,EN,May,TMINA,17.9
1995,EN,May,SRADA,18.3
1995,EN,May,PRCP,1498
1996,LA,May,TMAXA,29.9
1996,LA,May,TMINA,18.6
1996,LA,May,SRADA,18.5
1996,LA,May,PRCP,1307.8
1997,NE,May,TMAXA,29.4
1997,NE,May,TMINA,18.1
1997,NE,May,SRADA,17.9
1997,NE,May,PRCP,1508
1998,EN,May,TMAXA,30.5
1998,EN,May,TMINA,18.7
1998,EN,May,SRADA,18.7
1998,EN,May,PRCP,1540.6
1999,LA,May,TMAXA,30.4
1999,LA,May,TMINA,18.7
1999,LA,May,SRADA,18.3
1999,LA,May,PRCP,1293.9
2000,LA,May,TMAXA,30.1
2000,LA,May,TMINA,18.5
2000,LA,May,SRADA,19
2000,LA,May,PRCP,1432.4
2001,LA,May,TMAXA,30.5
2001,LA,May,TMINA,18.1
2001,LA,May,SRADA,19.4
2001,LA,May,PRCP,1223.2
2002,NE,May,TMAXA,29.9
2002,NE,May,TMINA,18.4
2002,NE,May,SRADA,18.9
2002,NE,May,PRCP,1596.4
2003,EN,May,TMAXA,30.5
2003,EN,May,TMINA,19
2003,EN,May,SRADA,18.5
2003,EN,May,PRCP,1456.6
2004,NE,May,TMAXA,29.9
2004,NE,May,TMINA,18.6
2004,NE,May,SRADA,18.1
2004,NE,May,PRCP,1744.7
2005,EN,May,TMAXA,30
2005,EN,May,TMINA,18.5
2005,EN,May,SRADA,18.9
2005,EN,May,PRCP,1485.6
2006,NE,May,TMAXA,30
2006,NE,May,TMINA,18.9
2006,NE,May,SRADA,18.4
2006,NE,May,PRCP,1885.1
2007,NE,May,TMAXA,29.8
2007,NE,May,TMINA,18.6
2007,NE,May,SRADA,18.9
2007,NE,May,PRCP,1914.4
2008,LA,May,TMAXA,30.2
2008,LA,May,TMINA,18.6
2008,LA,May,SRADA,19.2
2008,LA,May,PRCP,1428.2
2009,LA,May,TMAXA,30.3
2009,LA,May,TMINA,18.6
2009,LA,May,SRADA,18.6
2009,LA,May,PRCP,1422.2
2010,EN,May,TMAXA,30.4
2010,EN,May,TMINA,19.1
2010,EN,May,SRADA,18.9
2010,EN,May,PRCP,1169.7
2011,LA,May,TMAXA,30.5
2011,LA,May,TMINA,18.7
2011,LA,May,SRADA,18.9
2011,LA,May,PRCP,1408.2
2012,LA,May,TMAXA,30.1
2012,LA,May,TMINA,18.4
2012,LA,May,SRADA,18.7
2012,LA,May,PRCP,1495.1
2013,NE,May,TMAXA,30.3
2013,NE,May,TMINA,18.9
2013,NE,May,SRADA,19.2
2013,NE,May,PRCP,1404.2
2014,NE,May,TMAXA,30.2
2014,NE,May,TMINA,18.8
2014,NE,May,SRADA,19.2
2014,NE,May,PRCP,1213.2
2015,EN,May,TMAXA,30.5
2015,EN,May,TMINA,19.1
2015,EN,May,SRADA,19
2015,EN,May,PRCP,1501.3
2016,EN,May,TMAXA,31.4
2016,EN,May,TMINA,19.6
2016,EN,May,SRADA,19.1
2016,EN,May,PRCP,1331.8
2017,NE,May,TMAXA,31
2017,NE,May,TMINA,19.2
2017,NE,May,SRADA,19.1
2017,NE,May,PRCP,1239.9
2018,LA,May,TMAXA,30.2
2018,LA,May,TMINA,18.9
2018,LA,May,SRADA,19
2018,LA,May,PRCP,1511
2019,EN,May,TMAXA,30.8
2019,EN,May,TMINA,19.3
2019,EN,May,SRADA,18.4
2019,EN,May,PRCP,1297.7
1963,NE,May,TMAXA,30.8
1963,NE,May,TMINA,16.8
1963,NE,May,SRADA,19
1963,NE,May,PRCP,1559.6
1964,EN,May,TMAXA,31.5
1964,EN,May,TMINA,17
1964,EN,May,SRADA,18.5
1964,EN,May,PRCP,1102.5
1965,LA,May,TMAXA,30
1965,LA,May,TMINA,16.7
1965,LA,May,SRADA,18.3
1965,LA,May,PRCP,1626
1966,EN,May,TMAXA,30.8
1966,EN,May,TMINA,17.4
1966,EN,May,SRADA,18.7
1966,EN,May,PRCP,1613.6
1967,NE,May,TMAXA,30.5
1967,NE,May,TMINA,16.9
1967,NE,May,SRADA,19.3
1967,NE,May,PRCP,1561.4
1968,NE,May,TMAXA,30.1
1968,NE,May,TMINA,17
1968,NE,May,SRADA,19.2
1968,NE,May,PRCP,1060.6
1969,EN,May,TMAXA,29.9
1969,EN,May,TMINA,17.2
1969,EN,May,SRADA,19.9
1969,EN,May,PRCP,1321.1
1970,EN,May,TMAXA,30.3
1970,EN,May,TMINA,17.9
1970,EN,May,SRADA,18.9
1970,EN,May,PRCP,1346.6
1971,LA,May,TMAXA,30.3
1971,LA,May,TMINA,17.9
1971,LA,May,SRADA,19.5
1971,LA,May,PRCP,1316.9
1972,LA,May,TMAXA,29.6
1972,LA,May,TMINA,17.4
1972,LA,May,SRADA,18.1
1972,LA,May,PRCP,1284.9
1973,EN,May,TMAXA,30.2
1973,EN,May,TMINA,18.9
1973,EN,May,SRADA,18.6
1973,EN,May,PRCP,1777.8
1974,LA,May,TMAXA,28.1
1974,LA,May,TMINA,19
1974,LA,May,SRADA,18
1974,LA,May,PRCP,1629.7
1975,LA,May,TMAXA,29.8
1975,LA,May,TMINA,16.9
1975,LA,May,SRADA,19.1
1975,LA,May,PRCP,1260.2
1976,LA,May,TMAXA,29.8
1976,LA,May,TMINA,17.2
1976,LA,May,SRADA,18.7
1976,LA,May,PRCP,1506
1977,NE,May,TMAXA,29
1977,NE,May,TMINA,16.5
1977,NE,May,SRADA,18
1977,NE,May,PRCP,1532.8
1978,NE,May,TMAXA,29.4
1978,NE,May,TMINA,18.4
1978,NE,May,SRADA,17.9
1978,NE,May,PRCP,1564.5
1979,NE,May,TMAXA,29.4
1979,NE,May,TMINA,17.2
1979,NE,May,SRADA,17.4
1979,NE,May,PRCP,1873.3
1980,NE,May,TMAXA,29.8
1980,NE,May,TMINA,16.4
1980,NE,May,SRADA,17.1
1980,NE,May,PRCP,1675.2
1981,NE,May,TMAXA,30.2
1981,NE,May,TMINA,16.5
1981,NE,May,SRADA,17.1
1981,NE,May,PRCP,1408
1982,NE,May,TMAXA,29.7
1982,NE,May,TMINA,16.1
1982,NE,May,SRADA,16.7
1982,NE,May,PRCP,1738.8
1983,EN,May,TMAXA,29.9
1983,EN,May,TMINA,17.2
1983,EN,May,SRADA,16.9
1983,EN,May,PRCP,2098.1
1984,NE,May,TMAXA,29.7
1984,NE,May,TMINA,16.8
1984,NE,May,SRADA,16.9
1984,NE,May,PRCP,1827.3
1985,LA,May,TMAXA,30.1
1985,LA,May,TMINA,16.5
1985,LA,May,SRADA,17.6
1985,LA,May,PRCP,1767.3
1986,NE,May,TMAXA,30.7
1986,NE,May,TMINA,16.1
1986,NE,May,SRADA,18.1
1986,NE,May,PRCP,1014.1
1987,EN,May,TMAXA,30
1987,EN,May,TMINA,16.6
1987,EN,May,SRADA,17.3
1987,EN,May,PRCP,1935.8
1988,EN,May,TMAXA,30.7
1988,EN,May,TMINA,17.1
1988,EN,May,SRADA,17.4
1988,EN,May,PRCP,1944.5
1989,LA,May,TMAXA,30.4
1989,LA,May,TMINA,16.2
1989,LA,May,SRADA,17.8
1989,LA,May,PRCP,1759.2
1990,NE,May,TMAXA,30.1
1990,NE,May,TMINA,16.6
1990,NE,May,SRADA,18
1990,NE,May,PRCP,1349.2
1991,NE,May,TMAXA,30.1
1991,NE,May,TMINA,16.7
1991,NE,May,SRADA,17.8
1991,NE,May,PRCP,1846.3
1992,EN,May,TMAXA,30.5
1992,EN,May,TMINA,16.9
1992,EN,May,SRADA,16.9
1992,EN,May,PRCP,1651.7
1993,NE,May,TMAXA,30.1
1993,NE,May,TMINA,17
1993,NE,May,SRADA,17.1
1993,NE,May,PRCP,1632.2
1994,NE,May,TMAXA,30.5
1994,NE,May,TMINA,16.8
1994,NE,May,SRADA,17.7
1994,NE,May,PRCP,1516.9
1995,EN,May,TMAXA,31.1
1995,EN,May,TMINA,16.9
1995,EN,May,SRADA,18.1
1995,EN,May,PRCP,1331.6
1996,LA,May,TMAXA,30.9
1996,LA,May,TMINA,17
1996,LA,May,SRADA,18.6
1996,LA,May,PRCP,1635.3
1997,NE,May,TMAXA,29.8
1997,NE,May,TMINA,16.8
1997,NE,May,SRADA,17.2
1997,NE,May,PRCP,1833.4
1998,EN,May,TMAXA,30.9
1998,EN,May,TMINA,17.5
1998,EN,May,SRADA,17.8
1998,EN,May,PRCP,1737.5
1999,LA,May,TMAXA,30.8
1999,LA,May,TMINA,17.3
1999,LA,May,SRADA,17.7
1999,LA,May,PRCP,1243.9
2000,LA,May,TMAXA,31
2000,LA,May,TMINA,16.9
2000,LA,May,SRADA,18.3
2000,LA,May,PRCP,1617.6
2001,LA,May,TMAXA,30.7
2001,LA,May,TMINA,16.7
2001,LA,May,SRADA,17.9
2001,LA,May,PRCP,1382.3
2002,NE,May,TMAXA,30.5
2002,NE,May,TMINA,17.2
2002,NE,May,SRADA,18
2002,NE,May,PRCP,2240.5
2003,EN,May,TMAXA,30.9
2003,EN,May,TMINA,17.2
2003,EN,May,SRADA,17.7
2003,EN,May,PRCP,1426.7
2004,NE,May,TMAXA,30.7
2004,NE,May,TMINA,16.8
2004,NE,May,SRADA,17.9
2004,NE,May,PRCP,1509
2005,EN,May,TMAXA,30.8
2005,EN,May,TMINA,16.7
2005,EN,May,SRADA,18.3
2005,EN,May,PRCP,1500.2
2006,NE,May,TMAXA,30.4
2006,NE,May,TMINA,17.1
2006,NE,May,SRADA,17.5
2006,NE,May,PRCP,1607.7
2007,NE,May,TMAXA,30.9
2007,NE,May,TMINA,17.2
2007,NE,May,SRADA,18.1
2007,NE,May,PRCP,1694.8
2008,LA,May,TMAXA,30.6
2008,LA,May,TMINA,17
2008,LA,May,SRADA,18
2008,LA,May,PRCP,1990.4
2009,LA,May,TMAXA,31
2009,LA,May,TMINA,16.6
2009,LA,May,SRADA,18.8
2009,LA,May,PRCP,1225.6
2010,EN,May,TMAXA,30.7
2010,EN,May,TMINA,17.5
2010,EN,May,SRADA,18.1
2010,EN,May,PRCP,2020.1
2011,LA,May,TMAXA,31.1
2011,LA,May,TMINA,16.8
2011,LA,May,SRADA,18.5
2011,LA,May,PRCP,1596.9
2012,LA,May,TMAXA,30.8
2012,LA,May,TMINA,16.7
2012,LA,May,SRADA,18.9
2012,LA,May,PRCP,1686.2
2013,NE,May,TMAXA,30.9
2013,NE,May,TMINA,17.3
2013,NE,May,SRADA,18.3
2013,NE,May,PRCP,1663
2014,NE,May,TMAXA,31.1
2014,NE,May,TMINA,17.1
2014,NE,May,SRADA,18.5
2014,NE,May,PRCP,1329.7
2015,EN,May,TMAXA,31.2
2015,EN,May,TMINA,17.4
2015,EN,May,SRADA,18.7
2015,EN,May,PRCP,1696.9
2016,EN,May,TMAXA,31.7
2016,EN,May,TMINA,17.8
2016,EN,May,SRADA,18.5
2016,EN,May,PRCP,1411.4
2017,NE,May,TMAXA,30.9
2017,NE,May,TMINA,17.1
2017,NE,May,SRADA,18.4
2017,NE,May,PRCP,1449
2018,LA,May,TMAXA,31.3
2018,LA,May,TMINA,17.4
2018,LA,May,SRADA,18.5
2018,LA,May,PRCP,1592
2019,EN,May,TMAXA,31.1
2019,EN,May,TMINA,17.6
2019,EN,May,SRADA,18
2019,EN,May,PRCP,1477.2
1963,NE,May,TMAXA,28.3
1963,NE,May,TMINA,15.2
1963,NE,May,SRADA,19
1963,NE,May,PRCP,1506
1964,EN,May,TMAXA,29.5
1964,EN,May,TMINA,16.2
1964,EN,May,SRADA,18.3
1964,EN,May,PRCP,1205.2
1965,LA,May,TMAXA,27.7
1965,LA,May,TMINA,15.7
1965,LA,May,SRADA,18.3
1965,LA,May,PRCP,1694.9
1966,EN,May,TMAXA,28.6
1966,EN,May,TMINA,16.3
1966,EN,May,SRADA,18.4
1966,EN,May,PRCP,1688.1
1967,NE,May,TMAXA,28.2
1967,NE,May,TMINA,16
1967,NE,May,SRADA,18.8
1967,NE,May,PRCP,1445.2
1968,NE,May,TMAXA,28.2
1968,NE,May,TMINA,16
1968,NE,May,SRADA,18.6
1968,NE,May,PRCP,1273.3
1969,EN,May,TMAXA,28.4
1969,EN,May,TMINA,15.8
1969,EN,May,SRADA,20
1969,EN,May,PRCP,1340.3
1970,EN,May,TMAXA,28.6
1970,EN,May,TMINA,16.6
1970,EN,May,SRADA,18.9
1970,EN,May,PRCP,1638.2
1971,LA,May,TMAXA,28.7
1971,LA,May,TMINA,16.3
1971,LA,May,SRADA,19.7
1971,LA,May,PRCP,1304.1
1972,LA,May,TMAXA,27.8
1972,LA,May,TMINA,15.9
1972,LA,May,SRADA,18.5
1972,LA,May,PRCP,1528.6
1973,EN,May,TMAXA,28.5
1973,EN,May,TMINA,17
1973,EN,May,SRADA,18.7
1973,EN,May,PRCP,2046.2
1974,LA,May,TMAXA,27.7
1974,LA,May,TMINA,16.7
1974,LA,May,SRADA,18.5
1974,LA,May,PRCP,1496.4
1975,LA,May,TMAXA,28.1
1975,LA,May,TMINA,15.9
1975,LA,May,SRADA,19.6
1975,LA,May,PRCP,1158
1976,LA,May,TMAXA,28.4
1976,LA,May,TMINA,15.8
1976,LA,May,SRADA,19.1
1976,LA,May,PRCP,1317.4
1977,NE,May,TMAXA,28.1
1977,NE,May,TMINA,16.1
1977,NE,May,SRADA,18.6
1977,NE,May,PRCP,1480.1
1978,NE,May,TMAXA,28.3
1978,NE,May,TMINA,16.8
1978,NE,May,SRADA,18.5
1978,NE,May,PRCP,1447.2
1979,NE,May,TMAXA,28
1979,NE,May,TMINA,16.1
1979,NE,May,SRADA,18.1
1979,NE,May,PRCP,1640.1
1980,NE,May,TMAXA,28.2
1980,NE,May,TMINA,16.3
1980,NE,May,SRADA,18.2
1980,NE,May,PRCP,1524.1
1981,NE,May,TMAXA,28.9
1981,NE,May,TMINA,17.2
1981,NE,May,SRADA,18.6
1981,NE,May,PRCP,1244.2
1982,NE,May,TMAXA,27.9
1982,NE,May,TMINA,16.7
1982,NE,May,SRADA,18
1982,NE,May,PRCP,1897
1983,EN,May,TMAXA,28.4
1983,EN,May,TMINA,17.8
1983,EN,May,SRADA,17.8
1983,EN,May,PRCP,1986.3
1984,NE,May,TMAXA,28.6
1984,NE,May,TMINA,17.8
1984,NE,May,SRADA,17.9
1984,NE,May,PRCP,1461.9
1985,LA,May,TMAXA,28.5
1985,LA,May,TMINA,17.2
1985,LA,May,SRADA,18.1
1985,LA,May,PRCP,1718
1986,NE,May,TMAXA,28.5
1986,NE,May,TMINA,16.9
1986,NE,May,SRADA,18.7
1986,NE,May,PRCP,1158.7
1987,EN,May,TMAXA,28.3
1987,EN,May,TMINA,17.2
1987,EN,May,SRADA,18
1987,EN,May,PRCP,1585.6
1988,EN,May,TMAXA,29.1
1988,EN,May,TMINA,17.9
1988,EN,May,SRADA,18
1988,EN,May,PRCP,1754.6
1989,LA,May,TMAXA,28.7
1989,LA,May,TMINA,16.9
1989,LA,May,SRADA,18.5
1989,LA,May,PRCP,1248
1990,NE,May,TMAXA,28.5
1990,NE,May,TMINA,16.6
1990,NE,May,SRADA,18.5
1990,NE,May,PRCP,1540
1991,NE,May,TMAXA,28.3
1991,NE,May,TMINA,16.5
1991,NE,May,SRADA,18.4
1991,NE,May,PRCP,1706
1992,EN,May,TMAXA,29
1992,EN,May,TMINA,17.5
1992,EN,May,SRADA,17.7
1992,EN,May,PRCP,1461.1
1993,NE,May,TMAXA,28.8
1993,NE,May,TMINA,17.4
1993,NE,May,SRADA,17.7
1993,NE,May,PRCP,1598.5
1994,NE,May,TMAXA,29.2
1994,NE,May,TMINA,17.6
1994,NE,May,SRADA,17.9
1994,NE,May,PRCP,1551.7
1995,EN,May,TMAXA,29.8
1995,EN,May,TMINA,17.9
1995,EN,May,SRADA,18.4
1995,EN,May,PRCP,1478.9
1996,LA,May,TMAXA,29.7
1996,LA,May,TMINA,17.7
1996,LA,May,SRADA,18.6
1996,LA,May,PRCP,1023.3
1997,NE,May,TMAXA,28.8
1997,NE,May,TMINA,17
1997,NE,May,SRADA,17.7
1997,NE,May,PRCP,1504.9
1998,EN,May,TMAXA,30.2
1998,EN,May,TMINA,18.1
1998,EN,May,SRADA,18.2
1998,EN,May,PRCP,1432.8
1999,LA,May,TMAXA,29.8
1999,LA,May,TMINA,18
1999,LA,May,SRADA,18.1
1999,LA,May,PRCP,1343.9
2000,LA,May,TMAXA,29.3
2000,LA,May,TMINA,17.8
2000,LA,May,SRADA,19.1
2000,LA,May,PRCP,1522.6
2001,LA,May,TMAXA,30.1
2001,LA,May,TMINA,17.8
2001,LA,May,SRADA,19.2
2001,LA,May,PRCP,1244.8
2002,NE,May,TMAXA,30
2002,NE,May,TMINA,17.4
2002,NE,May,SRADA,18.9
2002,NE,May,PRCP,1625.2
2003,EN,May,TMAXA,30
2003,EN,May,TMINA,18.5
2003,EN,May,SRADA,18.4
2003,EN,May,PRCP,1787
2004,NE,May,TMAXA,28.8
2004,NE,May,TMINA,18.3
2004,NE,May,SRADA,18.5
2004,NE,May,PRCP,1351.5
2005,EN,May,TMAXA,29.1
2005,EN,May,TMINA,18.2
2005,EN,May,SRADA,18.6
2005,EN,May,PRCP,1411.3
2006,NE,May,TMAXA,28.6
2006,NE,May,TMINA,18.4
2006,NE,May,SRADA,19.2
2006,NE,May,PRCP,1331.1
2007,NE,May,TMAXA,28.3
2007,NE,May,TMINA,18.2
2007,NE,May,SRADA,19.7
2007,NE,May,PRCP,1798.5
2008,LA,May,TMAXA,28.5
2008,LA,May,TMINA,18
2008,LA,May,SRADA,19.7
2008,LA,May,PRCP,1766.4
2009,LA,May,TMAXA,28.9
2009,LA,May,TMINA,18.4
2009,LA,May,SRADA,18.2
2009,LA,May,PRCP,1225.4
2010,EN,May,TMAXA,28.9
2010,EN,May,TMINA,18.9
2010,EN,May,SRADA,18.4
2010,EN,May,PRCP,1358.6
2011,LA,May,TMAXA,29.1
2011,LA,May,TMINA,18.5
2011,LA,May,SRADA,18.7
2011,LA,May,PRCP,1691.8
2012,LA,May,TMAXA,28.6
2012,LA,May,TMINA,18.3
2012,LA,May,SRADA,18.7
2012,LA,May,PRCP,1365.2
2013,NE,May,TMAXA,29
2013,NE,May,TMINA,18.8
2013,NE,May,SRADA,18.9
2013,NE,May,PRCP,1497.3
2014,NE,May,TMAXA,28.9
2014,NE,May,TMINA,18.6
2014,NE,May,SRADA,19.2
2014,NE,May,PRCP,1308.4
2015,EN,May,TMAXA,29.2
2015,EN,May,TMINA,19
2015,EN,May,SRADA,18.5
2015,EN,May,PRCP,1476
2016,EN,May,TMAXA,30
2016,EN,May,TMINA,19.7
2016,EN,May,SRADA,18.9
2016,EN,May,PRCP,1554.9
2017,NE,May,TMAXA,29.5
2017,NE,May,TMINA,18.9
2017,NE,May,SRADA,19
2017,NE,May,PRCP,1487
2018,LA,May,TMAXA,29.1
2018,LA,May,TMINA,18.9
2018,LA,May,SRADA,18.9
2018,LA,May,PRCP,1286
2019,EN,May,TMAXA,29.5
2019,EN,May,TMINA,19.2
2019,EN,May,SRADA,18.5
2019,EN,May,PRCP,1515.8
1963,NE,May,TMAXA,30.5
1963,NE,May,TMINA,16.9
1963,NE,May,SRADA,18.8
1963,NE,May,PRCP,1229.9
1964,EN,May,TMAXA,32.2
1964,EN,May,TMINA,18.1
1964,EN,May,SRADA,18
1964,EN,May,PRCP,827.4
1965,LA,May,TMAXA,30
1965,LA,May,TMINA,17.2
1965,LA,May,SRADA,18.2
1965,LA,May,PRCP,1037.8
1966,EN,May,TMAXA,31
1966,EN,May,TMINA,18.1
1966,EN,May,SRADA,18.6
1966,EN,May,PRCP,1117.6
1967,NE,May,TMAXA,30.5
1967,NE,May,TMINA,17.6
1967,NE,May,SRADA,19.1
1967,NE,May,PRCP,1324.5
1968,NE,May,TMAXA,30.6
1968,NE,May,TMINA,17.7
1968,NE,May,SRADA,19
1968,NE,May,PRCP,933.5
1969,EN,May,TMAXA,31.2
1969,EN,May,TMINA,18
1969,EN,May,SRADA,20
1969,EN,May,PRCP,951.7
1970,EN,May,TMAXA,31.1
1970,EN,May,TMINA,18.5
1970,EN,May,SRADA,18.8
1970,EN,May,PRCP,1000.1
1971,LA,May,TMAXA,30.8
1971,LA,May,TMINA,18
1971,LA,May,SRADA,19.5
1971,LA,May,PRCP,1072.2
1972,LA,May,TMAXA,30.1
1972,LA,May,TMINA,17.1
1972,LA,May,SRADA,18.3
1972,LA,May,PRCP,1465.9
1973,EN,May,TMAXA,30.7
1973,EN,May,TMINA,18.1
1973,EN,May,SRADA,18.7
1973,EN,May,PRCP,1762.1
1974,LA,May,TMAXA,30.2
1974,LA,May,TMINA,17.4
1974,LA,May,SRADA,18.4
1974,LA,May,PRCP,1398.5
1975,LA,May,TMAXA,30.1
1975,LA,May,TMINA,15.9
1975,LA,May,SRADA,19.3
1975,LA,May,PRCP,1233.2
1976,LA,May,TMAXA,30.6
1976,LA,May,TMINA,18.2
1976,LA,May,SRADA,19.2
1976,LA,May,PRCP,1496.6
1977,NE,May,TMAXA,29.9
1977,NE,May,TMINA,17.8
1977,NE,May,SRADA,18.4
1977,NE,May,PRCP,1464.9
1978,NE,May,TMAXA,31
1978,NE,May,TMINA,18.8
1978,NE,May,SRADA,18.7
1978,NE,May,PRCP,1586.9
1979,NE,May,TMAXA,30.1
1979,NE,May,TMINA,18
1979,NE,May,SRADA,18.8
1979,NE,May,PRCP,1436.2
1980,NE,May,TMAXA,30.1
1980,NE,May,TMINA,18.1
1980,NE,May,SRADA,18.3
1980,NE,May,PRCP,1641.2
1981,NE,May,TMAXA,30.8
1981,NE,May,TMINA,18.4
1981,NE,May,SRADA,18.7
1981,NE,May,PRCP,1171.6
1982,NE,May,TMAXA,30
1982,NE,May,TMINA,17.6
1982,NE,May,SRADA,18.1
1982,NE,May,PRCP,1449.6
1983,EN,May,TMAXA,30.5
1983,EN,May,TMINA,18.5
1983,EN,May,SRADA,17.8
1983,EN,May,PRCP,1832.2
1984,NE,May,TMAXA,30.3
1984,NE,May,TMINA,18.1
1984,NE,May,SRADA,18.3
1984,NE,May,PRCP,1456
1985,LA,May,TMAXA,30.5
1985,LA,May,TMINA,18.3
1985,LA,May,SRADA,18.7
1985,LA,May,PRCP,1367.6
1986,NE,May,TMAXA,31
1986,NE,May,TMINA,18.5
1986,NE,May,SRADA,19.5
1986,NE,May,PRCP,982.7
1987,EN,May,TMAXA,30.5
1987,EN,May,TMINA,19.1
1987,EN,May,SRADA,18.3
1987,EN,May,PRCP,1363.6
1988,EN,May,TMAXA,30.8
1988,EN,May,TMINA,19.1
1988,EN,May,SRADA,18.1
1988,EN,May,PRCP,1428.2
1989,LA,May,TMAXA,30.5
1989,LA,May,TMINA,18.6
1989,LA,May,SRADA,18.2
1989,LA,May,PRCP,1184.2
1990,NE,May,TMAXA,29.9
1990,NE,May,TMINA,18.6
1990,NE,May,SRADA,18.6
1990,NE,May,PRCP,1188.2
1991,NE,May,TMAXA,29.8
1991,NE,May,TMINA,18.3
1991,NE,May,SRADA,18.5
1991,NE,May,PRCP,1353.8
1992,EN,May,TMAXA,30.6
1992,EN,May,TMINA,19.1
1992,EN,May,SRADA,17.8
1992,EN,May,PRCP,966
1993,NE,May,TMAXA,30.4
1993,NE,May,TMINA,19.3
1993,NE,May,SRADA,18.1
1993,NE,May,PRCP,1308.1
1994,NE,May,TMAXA,30.9
1994,NE,May,TMINA,19.5
1994,NE,May,SRADA,18.3
1994,NE,May,PRCP,1335.2
1995,EN,May,TMAXA,31.5
1995,EN,May,TMINA,19.8
1995,EN,May,SRADA,18.9
1995,EN,May,PRCP,1297.6
1996,LA,May,TMAXA,31.5
1996,LA,May,TMINA,20
1996,LA,May,SRADA,19
1996,LA,May,PRCP,1047
1997,NE,May,TMAXA,30.3
1997,NE,May,TMINA,19.4
1997,NE,May,SRADA,18.3
1997,NE,May,PRCP,1633.3
1998,EN,May,TMAXA,31.6
1998,EN,May,TMINA,20.2
1998,EN,May,SRADA,18.7
1998,EN,May,PRCP,1456.9
1999,LA,May,TMAXA,31.2
1999,LA,May,TMINA,20.3
1999,LA,May,SRADA,18.6
1999,LA,May,PRCP,1301.9
2000,LA,May,TMAXA,31.6
2000,LA,May,TMINA,19.5
2000,LA,May,SRADA,19.1
2000,LA,May,PRCP,1339.1
2001,LA,May,TMAXA,31.3
2001,LA,May,TMINA,17.7
2001,LA,May,SRADA,19
2001,LA,May,PRCP,1111
2002,NE,May,TMAXA,31
2002,NE,May,TMINA,18.9
2002,NE,May,SRADA,19
2002,NE,May,PRCP,1402.5
2003,EN,May,TMAXA,31.5
2003,EN,May,TMINA,19.6
2003,EN,May,SRADA,18.4
2003,EN,May,PRCP,1456.2
2004,NE,May,TMAXA,31.3
2004,NE,May,TMINA,19.2
2004,NE,May,SRADA,18.9
2004,NE,May,PRCP,1155.1
2005,EN,May,TMAXA,31.1
2005,EN,May,TMINA,19.1
2005,EN,May,SRADA,19.1
2005,EN,May,PRCP,1340.5
2006,NE,May,TMAXA,30.4
2006,NE,May,TMINA,19
2006,NE,May,SRADA,18.2
2006,NE,May,PRCP,1830.5
2007,NE,May,TMAXA,31.3
2007,NE,May,TMINA,19
2007,NE,May,SRADA,18.8
2007,NE,May,PRCP,1777.2
2008,LA,May,TMAXA,30.9
2008,LA,May,TMINA,18.7
2008,LA,May,SRADA,18.2
2008,LA,May,PRCP,1493.6
2009,LA,May,TMAXA,31.3
2009,LA,May,TMINA,19.1
2009,LA,May,SRADA,18.9
2009,LA,May,PRCP,1194.8
2010,EN,May,TMAXA,30.8
2010,EN,May,TMINA,19.3
2010,EN,May,SRADA,17.8
2010,EN,May,PRCP,1855.9
2011,LA,May,TMAXA,31.1
2011,LA,May,TMINA,18.9
2011,LA,May,SRADA,18.5
2011,LA,May,PRCP,1684.5
2012,LA,May,TMAXA,31.4
2012,LA,May,TMINA,18.6
2012,LA,May,SRADA,19.5
2012,LA,May,PRCP,790.2
2013,NE,May,TMAXA,31.2
2013,NE,May,TMINA,19.2
2013,NE,May,SRADA,19
2013,NE,May,PRCP,1408.8
2014,NE,May,TMAXA,31.5
2014,NE,May,TMINA,19.1
2014,NE,May,SRADA,19.2
2014,NE,May,PRCP,1058.1
2015,EN,May,TMAXA,31.5
2015,EN,May,TMINA,19.1
2015,EN,May,SRADA,18.8
2015,EN,May,PRCP,1500.4
2016,EN,May,TMAXA,31.9
2016,EN,May,TMINA,19.3
2016,EN,May,SRADA,18.2
2016,EN,May,PRCP,1217
2017,NE,May,TMAXA,30.8
2017,NE,May,TMINA,18.4
2017,NE,May,SRADA,18.7
2017,NE,May,PRCP,1381
2018,LA,May,TMAXA,31.5
2018,LA,May,TMINA,18.9
2018,LA,May,SRADA,19
2018,LA,May,PRCP,1183.4
2019,EN,May,TMAXA,31.8
2019,EN,May,TMINA,19.4
2019,EN,May,SRADA,18.8
2019,EN,May,PRCP,1248.9
1963,NE,May,TMAXA,31
1963,NE,May,TMINA,17.2
1963,NE,May,SRADA,19.1
1963,NE,May,PRCP,1229.2
1964,EN,May,TMAXA,32.5
1964,EN,May,TMINA,18.3
1964,EN,May,SRADA,18.3
1964,EN,May,PRCP,847.2
1965,LA,May,TMAXA,30.5
1965,LA,May,TMINA,17.7
1965,LA,May,SRADA,18.4
1965,LA,May,PRCP,1354.7
1966,EN,May,TMAXA,31.4
1966,EN,May,TMINA,18.4
1966,EN,May,SRADA,18.8
1966,EN,May,PRCP,1355.4
1967,NE,May,TMAXA,30.8
1967,NE,May,TMINA,17.7
1967,NE,May,SRADA,19.3
1967,NE,May,PRCP,1242.1
1968,NE,May,TMAXA,31.1
1968,NE,May,TMINA,17.7
1968,NE,May,SRADA,19.3
1968,NE,May,PRCP,1049.7
1969,EN,May,TMAXA,32
1969,EN,May,TMINA,17.9
1969,EN,May,SRADA,20.2
1969,EN,May,PRCP,836.6
1970,EN,May,TMAXA,31.9
1970,EN,May,TMINA,18.6
1970,EN,May,SRADA,19
1970,EN,May,PRCP,974
1971,LA,May,TMAXA,31.7
1971,LA,May,TMINA,18.4
1971,LA,May,SRADA,19.7
1971,LA,May,PRCP,896.5
1972,LA,May,TMAXA,30.7
1972,LA,May,TMINA,17.7
1972,LA,May,SRADA,18.6
1972,LA,May,PRCP,1358.4
1973,EN,May,TMAXA,31.1
1973,EN,May,TMINA,18.8
1973,EN,May,SRADA,19.1
1973,EN,May,PRCP,1566.7
1974,LA,May,TMAXA,30.6
1974,LA,May,TMINA,18.6
1974,LA,May,SRADA,18.3
1974,LA,May,PRCP,1481.3
1975,LA,May,TMAXA,30.5
1975,LA,May,TMINA,17.9
1975,LA,May,SRADA,19.2
1975,LA,May,PRCP,1203.1
1976,LA,May,TMAXA,31.3
1976,LA,May,TMINA,18
1976,LA,May,SRADA,19.1
1976,LA,May,PRCP,1347.3
1977,NE,May,TMAXA,31
1977,NE,May,TMINA,15.5
1977,NE,May,SRADA,18.6
1977,NE,May,PRCP,1442.2
1978,NE,May,TMAXA,31.9
1978,NE,May,TMINA,18.9
1978,NE,May,SRADA,18.9
1978,NE,May,PRCP,1453.8
1979,NE,May,TMAXA,30.5
1979,NE,May,TMINA,18.4
1979,NE,May,SRADA,18.7
1979,NE,May,PRCP,1536.2
1980,NE,May,TMAXA,30.1
1980,NE,May,TMINA,18.9
1980,NE,May,SRADA,18.5
1980,NE,May,PRCP,1390.8
1981,NE,May,TMAXA,31.1
1981,NE,May,TMINA,19.8
1981,NE,May,SRADA,18.8
1981,NE,May,PRCP,1107.3
1982,NE,May,TMAXA,30.3
1982,NE,May,TMINA,18.9
1982,NE,May,SRADA,18.3
1982,NE,May,PRCP,1243.9
1983,EN,May,TMAXA,30.1
1983,EN,May,TMINA,19.6
1983,EN,May,SRADA,17.9
1983,EN,May,PRCP,1773.4
1984,NE,May,TMAXA,30.2
1984,NE,May,TMINA,19.2
1984,NE,May,SRADA,18.3
1984,NE,May,PRCP,1525.4
1985,LA,May,TMAXA,31
1985,LA,May,TMINA,18.8
1985,LA,May,SRADA,18.7
1985,LA,May,PRCP,1530.7
1986,NE,May,TMAXA,31
1986,NE,May,TMINA,19.1
1986,NE,May,SRADA,19.5
1986,NE,May,PRCP,1106.4
1987,EN,May,TMAXA,30.4
1987,EN,May,TMINA,19.3
1987,EN,May,SRADA,18.3
1987,EN,May,PRCP,1147.4
1988,EN,May,TMAXA,31
1988,EN,May,TMINA,19.7
1988,EN,May,SRADA,18.2
1988,EN,May,PRCP,1441.2
1989,LA,May,TMAXA,30.6
1989,LA,May,TMINA,19
1989,LA,May,SRADA,18.3
1989,LA,May,PRCP,1151.5
1990,NE,May,TMAXA,30.3
1990,NE,May,TMINA,18.9
1990,NE,May,SRADA,18.6
1990,NE,May,PRCP,1365.8
1991,NE,May,TMAXA,30.1
1991,NE,May,TMINA,18.8
1991,NE,May,SRADA,18.6
1991,NE,May,PRCP,1487.4
1992,EN,May,TMAXA,30.3
1992,EN,May,TMINA,19.5
1992,EN,May,SRADA,17.8
1992,EN,May,PRCP,1042.9
1993,NE,May,TMAXA,30.3
1993,NE,May,TMINA,19.5
1993,NE,May,SRADA,18.1
1993,NE,May,PRCP,1416.7
1994,NE,May,TMAXA,30.9
1994,NE,May,TMINA,19.5
1994,NE,May,SRADA,18.4
1994,NE,May,PRCP,1449.4
1995,EN,May,TMAXA,31.4
1995,EN,May,TMINA,19.7
1995,EN,May,SRADA,18.9
1995,EN,May,PRCP,1385.7
1996,LA,May,TMAXA,31.3
1996,LA,May,TMINA,19.9
1996,LA,May,SRADA,19
1996,LA,May,PRCP,1102.3
1997,NE,May,TMAXA,31.1
1997,NE,May,TMINA,19
1997,NE,May,SRADA,18.3
1997,NE,May,PRCP,1262.7
1998,EN,May,TMAXA,31.6
1998,EN,May,TMINA,20.1
1998,EN,May,SRADA,18.7
1998,EN,May,PRCP,1316.3
1999,LA,May,TMAXA,31.3
1999,LA,May,TMINA,19.8
1999,LA,May,SRADA,18.5
1999,LA,May,PRCP,1575.2
2000,LA,May,TMAXA,31.5
2000,LA,May,TMINA,19.2
2000,LA,May,SRADA,19
2000,LA,May,PRCP,1258.3
2001,LA,May,TMAXA,31.5
2001,LA,May,TMINA,19.2
2001,LA,May,SRADA,19.1
2001,LA,May,PRCP,1316.2
2002,NE,May,TMAXA,31.6
2002,NE,May,TMINA,19.6
2002,NE,May,SRADA,19
2002,NE,May,PRCP,1237.7
2003,EN,May,TMAXA,32.2
2003,EN,May,TMINA,20.2
2003,EN,May,SRADA,18.6
2003,EN,May,PRCP,1515.6
2004,NE,May,TMAXA,31.7
2004,NE,May,TMINA,19.6
2004,NE,May,SRADA,18.8
2004,NE,May,PRCP,1120.7
2005,EN,May,TMAXA,31.8
2005,EN,May,TMINA,19.7
2005,EN,May,SRADA,19.2
2005,EN,May,PRCP,1122.7
2006,NE,May,TMAXA,31.2
2006,NE,May,TMINA,19.8
2006,NE,May,SRADA,18.4
2006,NE,May,PRCP,1429.8
2007,NE,May,TMAXA,31.7
2007,NE,May,TMINA,19.7
2007,NE,May,SRADA,20
2007,NE,May,PRCP,1622.7
2008,LA,May,TMAXA,31.3
2008,LA,May,TMINA,19.4
2008,LA,May,SRADA,18.7
2008,LA,May,PRCP,1424.7
2009,LA,May,TMAXA,31.5
2009,LA,May,TMINA,19.3
2009,LA,May,SRADA,19
2009,LA,May,PRCP,1136
2010,EN,May,TMAXA,31.3
2010,EN,May,TMINA,19.2
2010,EN,May,SRADA,18.2
2010,EN,May,PRCP,1351.2
2011,LA,May,TMAXA,31.6
2011,LA,May,TMINA,19.2
2011,LA,May,SRADA,18.8
2011,LA,May,PRCP,1548.6
2012,LA,May,TMAXA,31.8
2012,LA,May,TMINA,18.6
2012,LA,May,SRADA,19.4
2012,LA,May,PRCP,1048.6
2013,NE,May,TMAXA,31.8
2013,NE,May,TMINA,19.3
2013,NE,May,SRADA,18.8
2013,NE,May,PRCP,1396.7
2014,NE,May,TMAXA,31.7
2014,NE,May,TMINA,18.8
2014,NE,May,SRADA,19.3
2014,NE,May,PRCP,1117.3
2015,EN,May,TMAXA,32
2015,EN,May,TMINA,18.8
2015,EN,May,SRADA,19
2015,EN,May,PRCP,1309.1
2016,EN,May,TMAXA,32.4
2016,EN,May,TMINA,19.3
2016,EN,May,SRADA,18.5
2016,EN,May,PRCP,1749.6
2017,NE,May,TMAXA,31.9
2017,NE,May,TMINA,17.8
2017,NE,May,SRADA,18.9
2017,NE,May,PRCP,1247.5
2018,LA,May,TMAXA,32.3
2018,LA,May,TMINA,18.1
2018,LA,May,SRADA,19
2018,LA,May,PRCP,1217.6
2019,EN,May,TMAXA,32.5
2019,EN,May,TMINA,18.5
2019,EN,May,SRADA,18.8
2019,EN,May,PRCP,1156.3
1963,NE,May,TMAXA,30.2
1963,NE,May,TMINA,17.3
1963,NE,May,SRADA,18.7
1963,NE,May,PRCP,1335.7
1964,EN,May,TMAXA,30.4
1964,EN,May,TMINA,19
1964,EN,May,SRADA,18.2
1964,EN,May,PRCP,1058.2
1965,LA,May,TMAXA,28.6
1965,LA,May,TMINA,17.4
1965,LA,May,SRADA,17.6
1965,LA,May,PRCP,1446
1966,EN,May,TMAXA,29.5
1966,EN,May,TMINA,18.6
1966,EN,May,SRADA,18
1966,EN,May,PRCP,1496.4
1967,NE,May,TMAXA,29.3
1967,NE,May,TMINA,18.4
1967,NE,May,SRADA,18.7
1967,NE,May,PRCP,1298.2
1968,NE,May,TMAXA,29.6
1968,NE,May,TMINA,17.8
1968,NE,May,SRADA,18.4
1968,NE,May,PRCP,1179.6
1969,EN,May,TMAXA,29.6
1969,EN,May,TMINA,17.9
1969,EN,May,SRADA,19
1969,EN,May,PRCP,1255.4
1970,EN,May,TMAXA,29.5
1970,EN,May,TMINA,18.1
1970,EN,May,SRADA,18.4
1970,EN,May,PRCP,1262.4
1971,LA,May,TMAXA,28.5
1971,LA,May,TMINA,18
1971,LA,May,SRADA,18.5
1971,LA,May,PRCP,1177.2
1972,LA,May,TMAXA,28.8
1972,LA,May,TMINA,17.4
1972,LA,May,SRADA,18.1
1972,LA,May,PRCP,1330.8
1973,EN,May,TMAXA,29.7
1973,EN,May,TMINA,18.5
1973,EN,May,SRADA,17.9
1973,EN,May,PRCP,1436.8
1974,LA,May,TMAXA,28
1974,LA,May,TMINA,19.2
1974,LA,May,SRADA,17.7
1974,LA,May,PRCP,1490.4
1975,LA,May,TMAXA,29.1
1975,LA,May,TMINA,18.3
1975,LA,May,SRADA,18.4
1975,LA,May,PRCP,1401.3
1976,LA,May,TMAXA,30.3
1976,LA,May,TMINA,18.3
1976,LA,May,SRADA,18.2
1976,LA,May,PRCP,1562.5
1977,NE,May,TMAXA,29.5
1977,NE,May,TMINA,18.4
1977,NE,May,SRADA,18.1
1977,NE,May,PRCP,1943.2
1978,NE,May,TMAXA,31.1
1978,NE,May,TMINA,19.2
1978,NE,May,SRADA,18.4
1978,NE,May,PRCP,1628.9
1979,NE,May,TMAXA,29.9
1979,NE,May,TMINA,18.9
1979,NE,May,SRADA,17.7
1979,NE,May,PRCP,1618.3
1980,NE,May,TMAXA,29.7
1980,NE,May,TMINA,18.6
1980,NE,May,SRADA,17.9
1980,NE,May,PRCP,1835.5
1981,NE,May,TMAXA,29.9
1981,NE,May,TMINA,18.6
1981,NE,May,SRADA,18.1
1981,NE,May,PRCP,1608.6
1982,NE,May,TMAXA,29.8
1982,NE,May,TMINA,18.7
1982,NE,May,SRADA,17.4
1982,NE,May,PRCP,1529.7
1983,EN,May,TMAXA,29.9
1983,EN,May,TMINA,19.5
1983,EN,May,SRADA,17.5
1983,EN,May,PRCP,1782.6
1984,NE,May,TMAXA,29.5
1984,NE,May,TMINA,18.9
1984,NE,May,SRADA,17.3
1984,NE,May,PRCP,1484.4
1985,LA,May,TMAXA,30.5
1985,LA,May,TMINA,19.1
1985,LA,May,SRADA,18.1
1985,LA,May,PRCP,1274.9
1986,NE,May,TMAXA,31.3
1986,NE,May,TMINA,19.4
1986,NE,May,SRADA,18.6
1986,NE,May,PRCP,1227
1987,EN,May,TMAXA,31.1
1987,EN,May,TMINA,19.1
1987,EN,May,SRADA,17.8
1987,EN,May,PRCP,1680.4
1988,EN,May,TMAXA,30.2
1988,EN,May,TMINA,18.6
1988,EN,May,SRADA,17.5
1988,EN,May,PRCP,1746.3
1989,LA,May,TMAXA,29.4
1989,LA,May,TMINA,18
1989,LA,May,SRADA,17.9
1989,LA,May,PRCP,1408.5
1990,NE,May,TMAXA,29.3
1990,NE,May,TMINA,18.2
1990,NE,May,SRADA,18.3
1990,NE,May,PRCP,1204.2
1991,NE,May,TMAXA,29.7
1991,NE,May,TMINA,18
1991,NE,May,SRADA,18.1
1991,NE,May,PRCP,1608.7
1992,EN,May,TMAXA,30.5
1992,EN,May,TMINA,18.6
1992,EN,May,SRADA,17.6
1992,EN,May,PRCP,1511.3
1993,NE,May,TMAXA,30
1993,NE,May,TMINA,18.9
1993,NE,May,SRADA,17.7
1993,NE,May,PRCP,1303
1994,NE,May,TMAXA,30.5
1994,NE,May,TMINA,19.2
1994,NE,May,SRADA,17.9
1994,NE,May,PRCP,1259.9
1995,EN,May,TMAXA,30.9
1995,EN,May,TMINA,19.2
1995,EN,May,SRADA,18.3
1995,EN,May,PRCP,1436.9
1996,LA,May,TMAXA,31.2
1996,LA,May,TMINA,19.8
1996,LA,May,SRADA,18.7
1996,LA,May,PRCP,1174.6
1997,NE,May,TMAXA,30.5
1997,NE,May,TMINA,19.5
1997,NE,May,SRADA,18.2
1997,NE,May,PRCP,1221.3
1998,EN,May,TMAXA,31.1
1998,EN,May,TMINA,20.5
1998,EN,May,SRADA,17.9
1998,EN,May,PRCP,1338.9
1999,LA,May,TMAXA,30.8
1999,LA,May,TMINA,19.7
1999,LA,May,SRADA,18.2
1999,LA,May,PRCP,1115.4
2000,LA,May,TMAXA,31.5
2000,LA,May,TMINA,19.7
2000,LA,May,SRADA,18.6
2000,LA,May,PRCP,955.2
2001,LA,May,TMAXA,30.5
2001,LA,May,TMINA,19.5
2001,LA,May,SRADA,18.1
2001,LA,May,PRCP,1173.1
2002,NE,May,TMAXA,31.1
2002,NE,May,TMINA,20.2
2002,NE,May,SRADA,18.5
2002,NE,May,PRCP,1518
2003,EN,May,TMAXA,31.2
2003,EN,May,TMINA,20.3
2003,EN,May,SRADA,17.5
2003,EN,May,PRCP,1416.8
2004,NE,May,TMAXA,30.9
2004,NE,May,TMINA,19.7
2004,NE,May,SRADA,18.8
2004,NE,May,PRCP,1237.9
2005,EN,May,TMAXA,30.9
2005,EN,May,TMINA,19.7
2005,EN,May,SRADA,18.3
2005,EN,May,PRCP,1351.5
2006,NE,May,TMAXA,30.3
2006,NE,May,TMINA,19.6
2006,NE,May,SRADA,17.8
2006,NE,May,PRCP,1519.1
2007,NE,May,TMAXA,31.2
2007,NE,May,TMINA,20.1
2007,NE,May,SRADA,18.1
2007,NE,May,PRCP,1524.3
2008,LA,May,TMAXA,31
2008,LA,May,TMINA,19.3
2008,LA,May,SRADA,17.7
2008,LA,May,PRCP,1322
2009,LA,May,TMAXA,31.6
2009,LA,May,TMINA,19.4
2009,LA,May,SRADA,19
2009,LA,May,PRCP,1203.8
2010,EN,May,TMAXA,30.6
2010,EN,May,TMINA,19.8
2010,EN,May,SRADA,17.9
2010,EN,May,PRCP,1753.2
2011,LA,May,TMAXA,30.9
2011,LA,May,TMINA,19.2
2011,LA,May,SRADA,17.7
2011,LA,May,PRCP,1716.7
2012,LA,May,TMAXA,31.5
2012,LA,May,TMINA,19.2
2012,LA,May,SRADA,18.7
2012,LA,May,PRCP,1388.8
2013,NE,May,TMAXA,31.4
2013,NE,May,TMINA,19.6
2013,NE,May,SRADA,18.9
2013,NE,May,PRCP,1761.6
2014,NE,May,TMAXA,31
2014,NE,May,TMINA,19.4
2014,NE,May,SRADA,18.4
2014,NE,May,PRCP,1449.6
2015,EN,May,TMAXA,31.3
2015,EN,May,TMINA,20.4
2015,EN,May,SRADA,18.2
2015,EN,May,PRCP,1609.4
2016,EN,May,TMAXA,31.7
2016,EN,May,TMINA,20.5
2016,EN,May,SRADA,17.7
2016,EN,May,PRCP,1852.6
2017,NE,May,TMAXA,30.9
2017,NE,May,TMINA,19.3
2017,NE,May,SRADA,18.2
2017,NE,May,PRCP,1303.2
2018,LA,May,TMAXA,31.7
2018,LA,May,TMINA,20
2018,LA,May,SRADA,18
2018,LA,May,PRCP,1496.6
2019,EN,May,TMAXA,31.5
2019,EN,May,TMINA,19.7
2019,EN,May,SRADA,17.1
2019,EN,May,PRCP,1402.6
1963,NE,May,TMAXA,27.3
1963,NE,May,TMINA,15.3
1963,NE,May,SRADA,18.9
1963,NE,May,PRCP,1547.7
1964,EN,May,TMAXA,28.5
1964,EN,May,TMINA,16.2
1964,EN,May,SRADA,18.3
1964,EN,May,PRCP,1004.8
1965,LA,May,TMAXA,26.1
1965,LA,May,TMINA,15.3
1965,LA,May,SRADA,17.9
1965,LA,May,PRCP,1872
1966,EN,May,TMAXA,27
1966,EN,May,TMINA,16
1966,EN,May,SRADA,18.1
1966,EN,May,PRCP,1777.3
1967,NE,May,TMAXA,28
1967,NE,May,TMINA,15.2
1967,NE,May,SRADA,18.7
1967,NE,May,PRCP,2068.1
1968,NE,May,TMAXA,28.5
1968,NE,May,TMINA,14.9
1968,NE,May,SRADA,18.7
1968,NE,May,PRCP,1411.6
1969,EN,May,TMAXA,28.9
1969,EN,May,TMINA,14.6
1969,EN,May,SRADA,19.7
1969,EN,May,PRCP,1392.1
1970,EN,May,TMAXA,28.6
1970,EN,May,TMINA,15.8
1970,EN,May,SRADA,18.5
1970,EN,May,PRCP,1690.3
1971,LA,May,TMAXA,28.2
1971,LA,May,TMINA,15.4
1971,LA,May,SRADA,19.3
1971,LA,May,PRCP,1138.3
1972,LA,May,TMAXA,27
1972,LA,May,TMINA,15.5
1972,LA,May,SRADA,18.2
1972,LA,May,PRCP,1718.2
1973,EN,May,TMAXA,28
1973,EN,May,TMINA,16.6
1973,EN,May,SRADA,18.5
1973,EN,May,PRCP,1899.1
1974,LA,May,TMAXA,28
1974,LA,May,TMINA,15.5
1974,LA,May,SRADA,18.1
1974,LA,May,PRCP,1748.4
1975,LA,May,TMAXA,28.1
1975,LA,May,TMINA,15.3
1975,LA,May,SRADA,19
1975,LA,May,PRCP,1367.8
1976,LA,May,TMAXA,27.7
1976,LA,May,TMINA,14.6
1976,LA,May,SRADA,18.6
1976,LA,May,PRCP,1463.1
1977,NE,May,TMAXA,27.2
1977,NE,May,TMINA,15.8
1977,NE,May,SRADA,18.5
1977,NE,May,PRCP,1910
1978,NE,May,TMAXA,27.7
1978,NE,May,TMINA,16.7
1978,NE,May,SRADA,18.7
1978,NE,May,PRCP,1529.1
1979,NE,May,TMAXA,26.1
1979,NE,May,TMINA,15.5
1979,NE,May,SRADA,18.2
1979,NE,May,PRCP,1870.2
1980,NE,May,TMAXA,26.9
1980,NE,May,TMINA,16.2
1980,NE,May,SRADA,17.9
1980,NE,May,PRCP,1627.6
1981,NE,May,TMAXA,27.6
1981,NE,May,TMINA,16.1
1981,NE,May,SRADA,18.2
1981,NE,May,PRCP,1507.1
1982,NE,May,TMAXA,26.7
1982,NE,May,TMINA,15.4
1982,NE,May,SRADA,17.4
1982,NE,May,PRCP,2084
1983,EN,May,TMAXA,27.1
1983,EN,May,TMINA,16.8
1983,EN,May,SRADA,17
1983,EN,May,PRCP,2221.9
1984,NE,May,TMAXA,27.4
1984,NE,May,TMINA,16.3
1984,NE,May,SRADA,17.3
1984,NE,May,PRCP,1835.5
1985,LA,May,TMAXA,27.7
1985,LA,May,TMINA,16.1
1985,LA,May,SRADA,17.5
1985,LA,May,PRCP,1770.3
1986,NE,May,TMAXA,27.9
1986,NE,May,TMINA,15.9
1986,NE,May,SRADA,18.2
1986,NE,May,PRCP,1556.5
1987,EN,May,TMAXA,27.5
1987,EN,May,TMINA,15.8
1987,EN,May,SRADA,17.6
1987,EN,May,PRCP,1469.2
1988,EN,May,TMAXA,28.3
1988,EN,May,TMINA,16.3
1988,EN,May,SRADA,18.4
1988,EN,May,PRCP,1596.8
1989,LA,May,TMAXA,27.5
1989,LA,May,TMINA,15.6
1989,LA,May,SRADA,18.1
1989,LA,May,PRCP,1575.6
1990,NE,May,TMAXA,27.2
1990,NE,May,TMINA,16.1
1990,NE,May,SRADA,18.3
1990,NE,May,PRCP,1438.3
1991,NE,May,TMAXA,27.1
1991,NE,May,TMINA,16.5
1991,NE,May,SRADA,17.6
1991,NE,May,PRCP,1756.1
1992,EN,May,TMAXA,27.7
1992,EN,May,TMINA,16.2
1992,EN,May,SRADA,17.7
1992,EN,May,PRCP,1500.6
1993,NE,May,TMAXA,27.3
1993,NE,May,TMINA,16
1993,NE,May,SRADA,17.1
1993,NE,May,PRCP,1680.1
1994,NE,May,TMAXA,27.9
1994,NE,May,TMINA,16.1
1994,NE,May,SRADA,17.5
1994,NE,May,PRCP,1555.1
1995,EN,May,TMAXA,28.7
1995,EN,May,TMINA,16.5
1995,EN,May,SRADA,18.1
1995,EN,May,PRCP,1601.1
1996,LA,May,TMAXA,28.5
1996,LA,May,TMINA,16.2
1996,LA,May,SRADA,18.6
1996,LA,May,PRCP,1533.2
1997,NE,May,TMAXA,27.5
1997,NE,May,TMINA,15.7
1997,NE,May,SRADA,17.9
1997,NE,May,PRCP,1713.3
1998,EN,May,TMAXA,28.9
1998,EN,May,TMINA,16.5
1998,EN,May,SRADA,18.3
1998,EN,May,PRCP,1606.1
1999,LA,May,TMAXA,28.2
1999,LA,May,TMINA,16.3
1999,LA,May,SRADA,17.7
1999,LA,May,PRCP,1439.2
2000,LA,May,TMAXA,28.2
2000,LA,May,TMINA,16
2000,LA,May,SRADA,18.6
2000,LA,May,PRCP,1682.9
2001,LA,May,TMAXA,28.7
2001,LA,May,TMINA,16.2
2001,LA,May,SRADA,18.4
2001,LA,May,PRCP,1276.5
2002,NE,May,TMAXA,28.4
2002,NE,May,TMINA,16.3
2002,NE,May,SRADA,18.1
2002,NE,May,PRCP,1611.8
2003,EN,May,TMAXA,29
2003,EN,May,TMINA,16.8
2003,EN,May,SRADA,18
2003,EN,May,PRCP,1864.6
2004,NE,May,TMAXA,28.4
2004,NE,May,TMINA,16.7
2004,NE,May,SRADA,18
2004,NE,May,PRCP,1463.2
2005,EN,May,TMAXA,28.3
2005,EN,May,TMINA,16.8
2005,EN,May,SRADA,18.3
2005,EN,May,PRCP,1735.4
2006,NE,May,TMAXA,28
2006,NE,May,TMINA,16.9
2006,NE,May,SRADA,17.6
2006,NE,May,PRCP,1832.9
2007,NE,May,TMAXA,28.4
2007,NE,May,TMINA,16.8
2007,NE,May,SRADA,18
2007,NE,May,PRCP,2137.6
2008,LA,May,TMAXA,28.3
2008,LA,May,TMINA,16.5
2008,LA,May,SRADA,17.9
2008,LA,May,PRCP,1644.4
2009,LA,May,TMAXA,28.4
2009,LA,May,TMINA,16.5
2009,LA,May,SRADA,18.1
2009,LA,May,PRCP,1730.9
2010,EN,May,TMAXA,28.5
2010,EN,May,TMINA,16.9
2010,EN,May,SRADA,17.3
2010,EN,May,PRCP,1959.9
2011,LA,May,TMAXA,28.9
2011,LA,May,TMINA,17
2011,LA,May,SRADA,18.1
2011,LA,May,PRCP,1657.8
2012,LA,May,TMAXA,28.5
2012,LA,May,TMINA,15.8
2012,LA,May,SRADA,18.7
2012,LA,May,PRCP,1504
2013,NE,May,TMAXA,28.7
2013,NE,May,TMINA,17.6
2013,NE,May,SRADA,18.1
2013,NE,May,PRCP,1664.5
2014,NE,May,TMAXA,28.7
2014,NE,May,TMINA,17.4
2014,NE,May,SRADA,18.7
2014,NE,May,PRCP,1288.6
2015,EN,May,TMAXA,29.1
2015,EN,May,TMINA,17.8
2015,EN,May,SRADA,17.9
2015,EN,May,PRCP,1498.3
2016,EN,May,TMAXA,29.2
2016,EN,May,TMINA,17.7
2016,EN,May,SRADA,17.5
2016,EN,May,PRCP,1785.9
2017,NE,May,TMAXA,28.8
2017,NE,May,TMINA,16.7
2017,NE,May,SRADA,18
2017,NE,May,PRCP,1548.9
2018,LA,May,TMAXA,28.7
2018,LA,May,TMINA,16.7
2018,LA,May,SRADA,18.2
2018,LA,May,PRCP,1528.1
2019,EN,May,TMAXA,28.9
2019,EN,May,TMINA,16.8
2019,EN,May,SRADA,17.6
2019,EN,May,PRCP,1999.8
1963,NE,May,TMAXA,27.7
1963,NE,May,TMINA,16.5
1963,NE,May,SRADA,16.8
1963,NE,May,PRCP,1437.8
1964,EN,May,TMAXA,28.4
1964,EN,May,TMINA,16.7
1964,EN,May,SRADA,15.8
1964,EN,May,PRCP,1370.9
1965,LA,May,TMAXA,26.7
1965,LA,May,TMINA,16.9
1965,LA,May,SRADA,14.9
1965,LA,May,PRCP,2117.1
1966,EN,May,TMAXA,28
1966,EN,May,TMINA,17.2
1966,EN,May,SRADA,16.2
1966,EN,May,PRCP,1643.6
1967,NE,May,TMAXA,28
1967,NE,May,TMINA,17
1967,NE,May,SRADA,16
1967,NE,May,PRCP,1590.2
1968,NE,May,TMAXA,28
1968,NE,May,TMINA,16.2
1968,NE,May,SRADA,16.6
1968,NE,May,PRCP,1414.7
1969,EN,May,TMAXA,27.6
1969,EN,May,TMINA,16.2
1969,EN,May,SRADA,16.8
1969,EN,May,PRCP,1517.9
1970,EN,May,TMAXA,27.7
1970,EN,May,TMINA,16.5
1970,EN,May,SRADA,15.7
1970,EN,May,PRCP,1333
1971,LA,May,TMAXA,28.4
1971,LA,May,TMINA,17
1971,LA,May,SRADA,16.6
1971,LA,May,PRCP,545
1972,LA,May,TMAXA,27.3
1972,LA,May,TMINA,16.2
1972,LA,May,SRADA,16
1972,LA,May,PRCP,1817.3
1973,EN,May,TMAXA,26.7
1973,EN,May,TMINA,17.2
1973,EN,May,SRADA,15.8
1973,EN,May,PRCP,1971.9
1974,LA,May,TMAXA,26.2
1974,LA,May,TMINA,17
1974,LA,May,SRADA,15.3
1974,LA,May,PRCP,1467.5
1975,LA,May,TMAXA,26.5
1975,LA,May,TMINA,16.3
1975,LA,May,SRADA,15.9
1975,LA,May,PRCP,1402
1976,LA,May,TMAXA,26.4
1976,LA,May,TMINA,16.3
1976,LA,May,SRADA,16.2
1976,LA,May,PRCP,1490.3
1977,NE,May,TMAXA,25.7
1977,NE,May,TMINA,16.9
1977,NE,May,SRADA,15.4
1977,NE,May,PRCP,1503.5
1978,NE,May,TMAXA,26.4
1978,NE,May,TMINA,16.9
1978,NE,May,SRADA,15.5
1978,NE,May,PRCP,1331.6
1979,NE,May,TMAXA,25.6
1979,NE,May,TMINA,16.1
1979,NE,May,SRADA,14.7
1979,NE,May,PRCP,1593
1980,NE,May,TMAXA,26.3
1980,NE,May,TMINA,16.8
1980,NE,May,SRADA,14.8
1980,NE,May,PRCP,1349.5
1981,NE,May,TMAXA,26.4
1981,NE,May,TMINA,16.8
1981,NE,May,SRADA,15.4
1981,NE,May,PRCP,1211.9
1982,NE,May,TMAXA,25.2
1982,NE,May,TMINA,16.4
1982,NE,May,SRADA,14.9
1982,NE,May,PRCP,1630
1983,EN,May,TMAXA,26.1
1983,EN,May,TMINA,17.3
1983,EN,May,SRADA,14.8
1983,EN,May,PRCP,1778.7
1984,NE,May,TMAXA,26.6
1984,NE,May,TMINA,16.7
1984,NE,May,SRADA,15.3
1984,NE,May,PRCP,2127.4
1985,LA,May,TMAXA,26.4
1985,LA,May,TMINA,17.4
1985,LA,May,SRADA,15.7
1985,LA,May,PRCP,2076.2
1986,NE,May,TMAXA,27
1986,NE,May,TMINA,16.8
1986,NE,May,SRADA,17.1
1986,NE,May,PRCP,1583.7
1987,EN,May,TMAXA,27.1
1987,EN,May,TMINA,16.5
1987,EN,May,SRADA,16.1
1987,EN,May,PRCP,1499.5
1988,EN,May,TMAXA,26.1
1988,EN,May,TMINA,17.1
1988,EN,May,SRADA,14.9
1988,EN,May,PRCP,1611.4
1989,LA,May,TMAXA,26.3
1989,LA,May,TMINA,16.5
1989,LA,May,SRADA,15.6
1989,LA,May,PRCP,1312.3
1990,NE,May,TMAXA,26.8
1990,NE,May,TMINA,16.9
1990,NE,May,SRADA,16.4
1990,NE,May,PRCP,1223.6
1991,NE,May,TMAXA,27.3
1991,NE,May,TMINA,16.5
1991,NE,May,SRADA,15.8
1991,NE,May,PRCP,1252.1
1992,EN,May,TMAXA,26.9
1992,EN,May,TMINA,16.8
1992,EN,May,SRADA,16.1
1992,EN,May,PRCP,1367.3
1993,NE,May,TMAXA,26.8
1993,NE,May,TMINA,16.9
1993,NE,May,SRADA,15.6
1993,NE,May,PRCP,1501.5
1994,NE,May,TMAXA,26.7
1994,NE,May,TMINA,17.2
1994,NE,May,SRADA,15.9
1994,NE,May,PRCP,1466.8
1995,EN,May,TMAXA,27.1
1995,EN,May,TMINA,17.1
1995,EN,May,SRADA,16.7
1995,EN,May,PRCP,1450.3
1996,LA,May,TMAXA,27.1
1996,LA,May,TMINA,17.1
1996,LA,May,SRADA,16.6
1996,LA,May,PRCP,1603.5
1997,NE,May,TMAXA,25.7
1997,NE,May,TMINA,16.3
1997,NE,May,SRADA,15.1
1997,NE,May,PRCP,1405.4
1998,EN,May,TMAXA,27.7
1998,EN,May,TMINA,17.4
1998,EN,May,SRADA,16.3
1998,EN,May,PRCP,1484.8
1999,LA,May,TMAXA,26.6
1999,LA,May,TMINA,17.2
1999,LA,May,SRADA,15.4
1999,LA,May,PRCP,1541.2
2000,LA,May,TMAXA,26.1
2000,LA,May,TMINA,16.3
2000,LA,May,SRADA,15.6
2000,LA,May,PRCP,1261.4
2001,LA,May,TMAXA,27.7
2001,LA,May,TMINA,16.4
2001,LA,May,SRADA,17
2001,LA,May,PRCP,1445.2
2002,NE,May,TMAXA,27.4
2002,NE,May,TMINA,16
2002,NE,May,SRADA,16.1
2002,NE,May,PRCP,1422.7
2003,EN,May,TMAXA,27.9
2003,EN,May,TMINA,17.8
2003,EN,May,SRADA,16.1
2003,EN,May,PRCP,1875.3
2004,NE,May,TMAXA,26.9
2004,NE,May,TMINA,16.8
2004,NE,May,SRADA,15.4
2004,NE,May,PRCP,1952.3
2005,EN,May,TMAXA,26.6
2005,EN,May,TMINA,16.9
2005,EN,May,SRADA,15.2
2005,EN,May,PRCP,1755.4
2006,NE,May,TMAXA,27
2006,NE,May,TMINA,17.4
2006,NE,May,SRADA,14.5
2006,NE,May,PRCP,1389.7
2007,NE,May,TMAXA,26.9
2007,NE,May,TMINA,17.3
2007,NE,May,SRADA,15.7
2007,NE,May,PRCP,1575.9
2008,LA,May,TMAXA,27
2008,LA,May,TMINA,17.4
2008,LA,May,SRADA,16.2
2008,LA,May,PRCP,1706.7
2009,LA,May,TMAXA,26.6
2009,LA,May,TMINA,17.5
2009,LA,May,SRADA,15.4
2009,LA,May,PRCP,1826
2010,EN,May,TMAXA,27.2
2010,EN,May,TMINA,18.1
2010,EN,May,SRADA,15.6
2010,EN,May,PRCP,2054.5
2011,LA,May,TMAXA,26.6
2011,LA,May,TMINA,17.8
2011,LA,May,SRADA,15.8
2011,LA,May,PRCP,1775.1
2012,LA,May,TMAXA,26.3
2012,LA,May,TMINA,17.2
2012,LA,May,SRADA,15.8
2012,LA,May,PRCP,1543.2
2013,NE,May,TMAXA,26.9
2013,NE,May,TMINA,17.8
2013,NE,May,SRADA,16.6
2013,NE,May,PRCP,1535.3
2014,NE,May,TMAXA,26.8
2014,NE,May,TMINA,17.7
2014,NE,May,SRADA,17
2014,NE,May,PRCP,1375.9
2015,EN,May,TMAXA,27.5
2015,EN,May,TMINA,17.6
2015,EN,May,SRADA,16.7
2015,EN,May,PRCP,982.3
2016,EN,May,TMAXA,28
2016,EN,May,TMINA,18.7
2016,EN,May,SRADA,15.9
2016,EN,May,PRCP,1572.7
2017,NE,May,TMAXA,27.4
2017,NE,May,TMINA,16.7
2017,NE,May,SRADA,16.2
2017,NE,May,PRCP,1412.6
2018,LA,May,TMAXA,27.4
2018,LA,May,TMINA,16.7
2018,LA,May,SRADA,15.8
2018,LA,May,PRCP,1386.1
2019,EN,May,TMAXA,27.9
2019,EN,May,TMINA,18.2
2019,EN,May,SRADA,15.8
2019,EN,May,PRCP,1531.5
1963,NE,June,TMAXA,28.8
1963,NE,June,TMINA,17.7
1963,NE,June,SRADA,19
1963,NE,June,PRCP,1579
1964,EN,June,TMAXA,29.7
1964,EN,June,TMINA,18.5
1964,EN,June,SRADA,18.2
1964,EN,June,PRCP,1514.4
1965,LA,June,TMAXA,28.1
1965,LA,June,TMINA,17.8
1965,LA,June,SRADA,18.2
1965,LA,June,PRCP,1704.5
1966,EN,June,TMAXA,28.8
1966,EN,June,TMINA,18
1966,EN,June,SRADA,18.5
1966,EN,June,PRCP,1773.7
1967,NE,June,TMAXA,29.1
1967,NE,June,TMINA,18.1
1967,NE,June,SRADA,18.8
1967,NE,June,PRCP,1471.2
1968,NE,June,TMAXA,28.6
1968,NE,June,TMINA,17.8
1968,NE,June,SRADA,18.6
1968,NE,June,PRCP,1380.3
1969,EN,June,TMAXA,29
1969,EN,June,TMINA,17.9
1969,EN,June,SRADA,19.7
1969,EN,June,PRCP,1149.5
1970,NE,June,TMAXA,29.4
1970,NE,June,TMINA,18.4
1970,NE,June,SRADA,18.9
1970,NE,June,PRCP,1333.6
1971,LA,June,TMAXA,29.3
1971,LA,June,TMINA,18.2
1971,LA,June,SRADA,19.6
1971,LA,June,PRCP,935.3
1972,LA,June,TMAXA,28.6
1972,LA,June,TMINA,17.9
1972,LA,June,SRADA,18.6
1972,LA,June,PRCP,1511
1973,EN,June,TMAXA,29.8
1973,EN,June,TMINA,18.8
1973,EN,June,SRADA,18.9
1973,EN,June,PRCP,1645
1974,LA,June,TMAXA,29.3
1974,LA,June,TMINA,18.4
1974,LA,June,SRADA,18.2
1974,LA,June,PRCP,1384.7
1975,LA,June,TMAXA,29.5
1975,LA,June,TMINA,18.1
1975,LA,June,SRADA,19.4
1975,LA,June,PRCP,1247.9
1976,LA,June,TMAXA,29.4
1976,LA,June,TMINA,17.9
1976,LA,June,SRADA,18.7
1976,LA,June,PRCP,1141
1977,NE,June,TMAXA,28.8
1977,NE,June,TMINA,17.5
1977,NE,June,SRADA,17.9
1977,NE,June,PRCP,1409.3
1978,NE,June,TMAXA,29.5
1978,NE,June,TMINA,16.7
1978,NE,June,SRADA,18
1978,NE,June,PRCP,1459.1
1979,NE,June,TMAXA,29.1
1979,NE,June,TMINA,17.1
1979,NE,June,SRADA,17.5
1979,NE,June,PRCP,1519.6
1980,NE,June,TMAXA,29.3
1980,NE,June,TMINA,17.2
1980,NE,June,SRADA,17.4
1980,NE,June,PRCP,1582.4
1981,NE,June,TMAXA,29.9
1981,NE,June,TMINA,17.3
1981,NE,June,SRADA,17.9
1981,NE,June,PRCP,1171.4
1982,NE,June,TMAXA,28.6
1982,NE,June,TMINA,17.1
1982,NE,June,SRADA,17.4
1982,NE,June,PRCP,1643.1
1983,EN,June,TMAXA,29.5
1983,EN,June,TMINA,17.7
1983,EN,June,SRADA,16.7
1983,EN,June,PRCP,1634.6
1984,NE,June,TMAXA,29.6
1984,NE,June,TMINA,17.1
1984,NE,June,SRADA,17.6
1984,NE,June,PRCP,1419.9
1985,LA,June,TMAXA,29.5
1985,LA,June,TMINA,17.8
1985,LA,June,SRADA,17.9
1985,LA,June,PRCP,1487.1
1986,NE,June,TMAXA,29.7
1986,NE,June,TMINA,18
1986,NE,June,SRADA,18.6
1986,NE,June,PRCP,1311.8
1987,EN,June,TMAXA,29.4
1987,EN,June,TMINA,17.9
1987,EN,June,SRADA,18
1987,EN,June,PRCP,1359.8
1988,EN,June,TMAXA,30.2
1988,EN,June,TMINA,19.1
1988,EN,June,SRADA,18
1988,EN,June,PRCP,1477.1
1989,LA,June,TMAXA,29.4
1989,LA,June,TMINA,17.9
1989,LA,June,SRADA,18.9
1989,LA,June,PRCP,1225
1990,NE,June,TMAXA,29.5
1990,NE,June,TMINA,18.2
1990,NE,June,SRADA,18.3
1990,NE,June,PRCP,1759.4
1991,NE,June,TMAXA,29.4
1991,NE,June,TMINA,18.3
1991,NE,June,SRADA,18
1991,NE,June,PRCP,1510.1
1992,EN,June,TMAXA,29.6
1992,EN,June,TMINA,18.1
1992,EN,June,SRADA,17.6
1992,EN,June,PRCP,1707.7
1993,NE,June,TMAXA,29.4
1993,NE,June,TMINA,18.2
1993,NE,June,SRADA,17.6
1993,NE,June,PRCP,1443
1994,NE,June,TMAXA,30.5
1994,NE,June,TMINA,17.9
1994,NE,June,SRADA,18
1994,NE,June,PRCP,1676.9
1995,EN,June,TMAXA,30.7
1995,EN,June,TMINA,17.8
1995,EN,June,SRADA,18.4
1995,EN,June,PRCP,1486.8
1996,LA,June,TMAXA,29.9
1996,LA,June,TMINA,18.8
1996,LA,June,SRADA,18.4
1996,LA,June,PRCP,1332.6
1997,NE,June,TMAXA,29.2
1997,NE,June,TMINA,18
1997,NE,June,SRADA,17.9
1997,NE,June,PRCP,1550.3
1998,EN,June,TMAXA,30.7
1998,EN,June,TMINA,18.7
1998,EN,June,SRADA,18.7
1998,EN,June,PRCP,1530.8
1999,LA,June,TMAXA,30.5
1999,LA,June,TMINA,18.6
1999,LA,June,SRADA,18.4
1999,LA,June,PRCP,1252.2
2000,LA,June,TMAXA,30.1
2000,LA,June,TMINA,18.4
2000,LA,June,SRADA,19.1
2000,LA,June,PRCP,1432.4
2001,LA,June,TMAXA,30.5
2001,LA,June,TMINA,18.2
2001,LA,June,SRADA,19.2
2001,LA,June,PRCP,1300.8
2002,NE,June,TMAXA,30
2002,NE,June,TMINA,18.5
2002,NE,June,SRADA,19
2002,NE,June,PRCP,1543
2003,EN,June,TMAXA,30.5
2003,EN,June,TMINA,19
2003,EN,June,SRADA,18.5
2003,EN,June,PRCP,1432.9
2004,NE,June,TMAXA,29.7
2004,NE,June,TMINA,18.6
2004,NE,June,SRADA,18
2004,NE,June,PRCP,1758.1
2005,EN,June,TMAXA,30
2005,EN,June,TMINA,18.6
2005,EN,June,SRADA,18.9
2005,EN,June,PRCP,1481.5
2006,NE,June,TMAXA,29.9
2006,NE,June,TMINA,18.8
2006,NE,June,SRADA,18.5
2006,NE,June,PRCP,1887.7
2007,NE,June,TMAXA,29.9
2007,NE,June,TMINA,18.6
2007,NE,June,SRADA,18.9
2007,NE,June,PRCP,1911.2
2008,LA,June,TMAXA,30.2
2008,LA,June,TMINA,18.6
2008,LA,June,SRADA,19.2
2008,LA,June,PRCP,1419
2009,NE,June,TMAXA,30.2
2009,NE,June,TMINA,18.6
2009,NE,June,SRADA,18.6
2009,NE,June,PRCP,1431.3
2010,EN,June,TMAXA,30.5
2010,EN,June,TMINA,19.1
2010,EN,June,SRADA,18.9
2010,EN,June,PRCP,1162.4
2011,LA,June,TMAXA,30.4
2011,LA,June,TMINA,18.7
2011,LA,June,SRADA,18.9
2011,LA,June,PRCP,1415.6
2012,LA,June,TMAXA,30.1
2012,LA,June,TMINA,18.6
2012,LA,June,SRADA,18.7
2012,LA,June,PRCP,1620.2
2013,NE,June,TMAXA,30.3
2013,NE,June,TMINA,19
2013,NE,June,SRADA,19.1
2013,NE,June,PRCP,1321.7
2014,NE,June,TMAXA,30.3
2014,NE,June,TMINA,18.8
2014,NE,June,SRADA,19.3
2014,NE,June,PRCP,1173.5
2015,EN,June,TMAXA,30.4
2015,EN,June,TMINA,19.1
2015,EN,June,SRADA,19
2015,EN,June,PRCP,1491.8
2016,EN,June,TMAXA,31.5
2016,EN,June,TMINA,19.6
2016,EN,June,SRADA,19
2016,EN,June,PRCP,1334.3
2017,NE,June,TMAXA,31
2017,NE,June,TMINA,19.3
2017,NE,June,SRADA,19.2
2017,NE,June,PRCP,1277.4
2018,LA,June,TMAXA,30.2
2018,LA,June,TMINA,18.8
2018,LA,June,SRADA,19
2018,LA,June,PRCP,1482.5
2019,EN,June,TMAXA,30.8
2019,EN,June,TMINA,19.3
2019,EN,June,SRADA,18.5
2019,EN,June,PRCP,1337.8
1963,NE,June,TMAXA,30.8
1963,NE,June,TMINA,16.7
1963,NE,June,SRADA,19.1
1963,NE,June,PRCP,1459.4
1964,EN,June,TMAXA,31.4
1964,EN,June,TMINA,17.1
1964,EN,June,SRADA,18.5
1964,EN,June,PRCP,1102.9
1965,LA,June,TMAXA,30.1
1965,LA,June,TMINA,16.9
1965,LA,June,SRADA,18.2
1965,LA,June,PRCP,1670.7
1966,EN,June,TMAXA,30.7
1966,EN,June,TMINA,17.3
1966,EN,June,SRADA,18.8
1966,EN,June,PRCP,1621.7
1967,NE,June,TMAXA,30.5
1967,NE,June,TMINA,17
1967,NE,June,SRADA,19.3
1967,NE,June,PRCP,1551.4
1968,NE,June,TMAXA,30
1968,NE,June,TMINA,16.7
1968,NE,June,SRADA,19.3
1968,NE,June,PRCP,1034.9
1969,EN,June,TMAXA,30
1969,EN,June,TMINA,17.5
1969,EN,June,SRADA,19.8
1969,EN,June,PRCP,1322.2
1970,NE,June,TMAXA,30.3
1970,NE,June,TMINA,17.9
1970,NE,June,SRADA,18.9
1970,NE,June,PRCP,1352
1971,LA,June,TMAXA,30.2
1971,LA,June,TMINA,17.9
1971,LA,June,SRADA,19.4
1971,LA,June,PRCP,1340.3
1972,LA,June,TMAXA,29.8
1972,LA,June,TMINA,17.5
1972,LA,June,SRADA,18.2
1972,LA,June,PRCP,1303.9
1973,EN,June,TMAXA,30
1973,EN,June,TMINA,18.9
1973,EN,June,SRADA,18.7
1973,EN,June,PRCP,1794.8
1974,LA,June,TMAXA,28
1974,LA,June,TMINA,18.8
1974,LA,June,SRADA,17.9
1974,LA,June,PRCP,1586.8
1975,LA,June,TMAXA,29.9
1975,LA,June,TMINA,16.8
1975,LA,June,SRADA,19.3
1975,LA,June,PRCP,1237.2
1976,LA,June,TMAXA,29.8
1976,LA,June,TMINA,17.4
1976,LA,June,SRADA,18.4
1976,LA,June,PRCP,1551.5
1977,NE,June,TMAXA,28.9
1977,NE,June,TMINA,16.4
1977,NE,June,SRADA,18
1977,NE,June,PRCP,1543.5
1978,NE,June,TMAXA,29.4
1978,NE,June,TMINA,18.3
1978,NE,June,SRADA,17.8
1978,NE,June,PRCP,1617.3
1979,NE,June,TMAXA,29.5
1979,NE,June,TMINA,16.9
1979,NE,June,SRADA,17.6
1979,NE,June,PRCP,1793.3
1980,NE,June,TMAXA,29.9
1980,NE,June,TMINA,16.6
1980,NE,June,SRADA,17.1
1980,NE,June,PRCP,1684.5
1981,NE,June,TMAXA,30.2
1981,NE,June,TMINA,16.4
1981,NE,June,SRADA,17.2
1981,NE,June,PRCP,1435.8
1982,NE,June,TMAXA,29.7
1982,NE,June,TMINA,16.3
1982,NE,June,SRADA,16.7
1982,NE,June,PRCP,1775
1983,EN,June,TMAXA,29.9
1983,EN,June,TMINA,17.4
1983,EN,June,SRADA,16.8
1983,EN,June,PRCP,2061.7
1984,NE,June,TMAXA,29.9
1984,NE,June,TMINA,16.7
1984,NE,June,SRADA,17.1
1984,NE,June,PRCP,1791.1
1985,LA,June,TMAXA,30
1985,LA,June,TMINA,16.2
1985,LA,June,SRADA,17.6
1985,LA,June,PRCP,1768
1986,NE,June,TMAXA,30.7
1986,NE,June,TMINA,16.4
1986,NE,June,SRADA,18
1986,NE,June,PRCP,1092.9
1987,EN,June,TMAXA,30.1
1987,EN,June,TMINA,16.7
1987,EN,June,SRADA,17.1
1987,EN,June,PRCP,1880
1988,EN,June,TMAXA,30.6
1988,EN,June,TMINA,17.1
1988,EN,June,SRADA,17.5
1988,EN,June,PRCP,1941.3
1989,LA,June,TMAXA,30.4
1989,LA,June,TMINA,16.1
1989,LA,June,SRADA,17.9
1989,LA,June,PRCP,1762.6
1990,NE,June,TMAXA,30.2
1990,NE,June,TMINA,16.6
1990,NE,June,SRADA,18.1
1990,NE,June,PRCP,1333.6
1991,NE,June,TMAXA,30.2
1991,NE,June,TMINA,16.9
1991,NE,June,SRADA,17.9
1991,NE,June,PRCP,1844.5
1992,EN,June,TMAXA,30.6
1992,EN,June,TMINA,17
1992,EN,June,SRADA,16.9
1992,EN,June,PRCP,1675.7
1993,NE,June,TMAXA,29.9
1993,NE,June,TMINA,16.9
1993,NE,June,SRADA,17
1993,NE,June,PRCP,1736.8
1994,NE,June,TMAXA,30.7
1994,NE,June,TMINA,16.8
1994,NE,June,SRADA,17.8
1994,NE,June,PRCP,1474.9
1995,EN,June,TMAXA,31
1995,EN,June,TMINA,16.7
1995,EN,June,SRADA,18.2
1995,EN,June,PRCP,1302.7
1996,LA,June,TMAXA,30.8
1996,LA,June,TMINA,17.2
1996,LA,June,SRADA,18.4
1996,LA,June,PRCP,1644.4
1997,NE,June,TMAXA,29.7
1997,NE,June,TMINA,16.8
1997,NE,June,SRADA,17.2
1997,NE,June,PRCP,1971.1
1998,EN,June,TMAXA,31.1
1998,EN,June,TMINA,17.5
1998,EN,June,SRADA,17.8
1998,EN,June,PRCP,1613.2
1999,LA,June,TMAXA,30.8
1999,LA,June,TMINA,17.1
1999,LA,June,SRADA,17.7
1999,LA,June,PRCP,1233.4
2000,LA,June,TMAXA,31
2000,LA,June,TMINA,16.9
2000,LA,June,SRADA,18.4
2000,LA,June,PRCP,1618.2
2001,LA,June,TMAXA,30.7
2001,LA,June,TMINA,16.9
2001,LA,June,SRADA,17.9
2001,LA,June,PRCP,1573.6
2002,NE,June,TMAXA,30.6
2002,NE,June,TMINA,17.1
2002,NE,June,SRADA,18.1
2002,NE,June,PRCP,2059.4
2003,EN,June,TMAXA,30.9
2003,EN,June,TMINA,17.3
2003,EN,June,SRADA,17.6
2003,EN,June,PRCP,1447.9
2004,NE,June,TMAXA,30.4
2004,NE,June,TMINA,16.8
2004,NE,June,SRADA,17.8
2004,NE,June,PRCP,1501.6
2005,EN,June,TMAXA,31
2005,EN,June,TMINA,16.9
2005,EN,June,SRADA,18.3
2005,EN,June,PRCP,1514.7
2006,NE,June,TMAXA,30.4
2006,NE,June,TMINA,16.9
2006,NE,June,SRADA,17.5
2006,NE,June,PRCP,1591.6
2007,NE,June,TMAXA,30.9
2007,NE,June,TMINA,17.2
2007,NE,June,SRADA,18.1
2007,NE,June,PRCP,1751.1
2008,LA,June,TMAXA,30.6
2008,LA,June,TMINA,16.9
2008,LA,June,SRADA,18
2008,LA,June,PRCP,1931.5
2009,NE,June,TMAXA,31
2009,NE,June,TMINA,16.6
2009,NE,June,SRADA,18.7
2009,NE,June,PRCP,1217.8
2010,EN,June,TMAXA,30.8
2010,EN,June,TMINA,17.4
2010,EN,June,SRADA,18.2
2010,EN,June,PRCP,2007.7
2011,LA,June,TMAXA,31.1
2011,LA,June,TMINA,16.8
2011,LA,June,SRADA,18.6
2011,LA,June,PRCP,1620.8
2012,LA,June,TMAXA,30.8
2012,LA,June,TMINA,17
2012,LA,June,SRADA,18.7
2012,LA,June,PRCP,1709
2013,NE,June,TMAXA,31
2013,NE,June,TMINA,17.3
2013,NE,June,SRADA,18.4
2013,NE,June,PRCP,1668.8
2014,NE,June,TMAXA,31.1
2014,NE,June,TMINA,17.1
2014,NE,June,SRADA,18.5
2014,NE,June,PRCP,1291.9
2015,EN,June,TMAXA,31.2
2015,EN,June,TMINA,17.6
2015,EN,June,SRADA,18.8
2015,EN,June,PRCP,1703.1
2016,EN,June,TMAXA,31.6
2016,EN,June,TMINA,17.8
2016,EN,June,SRADA,18.4
2016,EN,June,PRCP,1503
2017,NE,June,TMAXA,31.1
2017,NE,June,TMINA,17.3
2017,NE,June,SRADA,18.4
2017,NE,June,PRCP,1368.4
2018,LA,June,TMAXA,31.2
2018,LA,June,TMINA,17.2
2018,LA,June,SRADA,18.5
2018,LA,June,PRCP,1609.6
2019,EN,June,TMAXA,31.2
2019,EN,June,TMINA,17.7
2019,EN,June,SRADA,18.2
2019,EN,June,PRCP,1496.3
1963,NE,June,TMAXA,28.5
1963,NE,June,TMINA,15.3
1963,NE,June,SRADA,19.1
1963,NE,June,PRCP,1479.4
1964,EN,June,TMAXA,29.4
1964,EN,June,TMINA,16.2
1964,EN,June,SRADA,18.3
1964,EN,June,PRCP,1214
1965,LA,June,TMAXA,27.9
1965,LA,June,TMINA,15.9
1965,LA,June,SRADA,18.2
1965,LA,June,PRCP,1692.4
1966,EN,June,TMAXA,28.4
1966,EN,June,TMINA,16.1
1966,EN,June,SRADA,18.4
1966,EN,June,PRCP,1718.7
1967,NE,June,TMAXA,28.3
1967,NE,June,TMINA,16.2
1967,NE,June,SRADA,18.7
1967,NE,June,PRCP,1441.7
1968,NE,June,TMAXA,28.1
1968,NE,June,TMINA,15.7
1968,NE,June,SRADA,18.7
1968,NE,June,PRCP,1264.4
1969,EN,June,TMAXA,28.5
1969,EN,June,TMINA,16.1
1969,EN,June,SRADA,19.9
1969,EN,June,PRCP,1336
1970,NE,June,TMAXA,28.6
1970,NE,June,TMINA,16.6
1970,NE,June,SRADA,18.9
1970,NE,June,PRCP,1639.3
1971,LA,June,TMAXA,28.5
1971,LA,June,TMINA,16.2
1971,LA,June,SRADA,19.6
1971,LA,June,PRCP,1323.7
1972,LA,June,TMAXA,28
1972,LA,June,TMINA,15.9
1972,LA,June,SRADA,18.6
1972,LA,June,PRCP,1530.4
1973,EN,June,TMAXA,28.4
1973,EN,June,TMINA,17.1
1973,EN,June,SRADA,18.6
1973,EN,June,PRCP,2030.6
1974,LA,June,TMAXA,27.6
1974,LA,June,TMINA,16.5
1974,LA,June,SRADA,18.5
1974,LA,June,PRCP,1498.5
1975,LA,June,TMAXA,28.2
1975,LA,June,TMINA,15.8
1975,LA,June,SRADA,19.7
1975,LA,June,PRCP,1143.3
1976,LA,June,TMAXA,28.5
1976,LA,June,TMINA,16.1
1976,LA,June,SRADA,18.9
1976,LA,June,PRCP,1336.8
1977,NE,June,TMAXA,28
1977,NE,June,TMINA,16.1
1977,NE,June,SRADA,18.6
1977,NE,June,PRCP,1497.4
1978,NE,June,TMAXA,28.3
1978,NE,June,TMINA,16.7
1978,NE,June,SRADA,18.5
1978,NE,June,PRCP,1529.5
1979,NE,June,TMAXA,28
1979,NE,June,TMINA,16
1979,NE,June,SRADA,18.2
1979,NE,June,PRCP,1601.9
1980,NE,June,TMAXA,28.3
1980,NE,June,TMINA,16.5
1980,NE,June,SRADA,18.2
1980,NE,June,PRCP,1464.2
1981,NE,June,TMAXA,28.8
1981,NE,June,TMINA,17.1
1981,NE,June,SRADA,18.6
1981,NE,June,PRCP,1304.1
1982,NE,June,TMAXA,27.9
1982,NE,June,TMINA,16.8
1982,NE,June,SRADA,18
1982,NE,June,PRCP,1930.9
1983,EN,June,TMAXA,28.5
1983,EN,June,TMINA,18
1983,EN,June,SRADA,17.7
1983,EN,June,PRCP,1940.7
1984,NE,June,TMAXA,28.7
1984,NE,June,TMINA,17.7
1984,NE,June,SRADA,18.1
1984,NE,June,PRCP,1436.4
1985,LA,June,TMAXA,28.3
1985,LA,June,TMINA,16.9
1985,LA,June,SRADA,18.1
1985,LA,June,PRCP,1710.9
1986,NE,June,TMAXA,28.5
1986,NE,June,TMINA,17.2
1986,NE,June,SRADA,18.7
1986,NE,June,PRCP,1151.4
1987,EN,June,TMAXA,28.4
1987,EN,June,TMINA,17.3
1987,EN,June,SRADA,17.8
1987,EN,June,PRCP,1596.8
1988,EN,June,TMAXA,29.1
1988,EN,June,TMINA,17.8
1988,EN,June,SRADA,18
1988,EN,June,PRCP,1825
1989,LA,June,TMAXA,28.7
1989,LA,June,TMINA,16.8
1989,LA,June,SRADA,18.6
1989,LA,June,PRCP,1187.1
1990,NE,June,TMAXA,28.5
1990,NE,June,TMINA,16.5
1990,NE,June,SRADA,18.7
1990,NE,June,PRCP,1546.9
1991,NE,June,TMAXA,28.4
1991,NE,June,TMINA,16.7
1991,NE,June,SRADA,18.4
1991,NE,June,PRCP,1693.4
1992,EN,June,TMAXA,29.1
1992,EN,June,TMINA,17.6
1992,EN,June,SRADA,17.7
1992,EN,June,PRCP,1483.6
1993,NE,June,TMAXA,28.6
1993,NE,June,TMINA,17.3
1993,NE,June,SRADA,17.6
1993,NE,June,PRCP,1665.8
1994,NE,June,TMAXA,29.4
1994,NE,June,TMINA,17.7
1994,NE,June,SRADA,17.9
1994,NE,June,PRCP,1501.2
1995,EN,June,TMAXA,29.7
1995,EN,June,TMINA,17.7
1995,EN,June,SRADA,18.4
1995,EN,June,PRCP,1467.4
1996,LA,June,TMAXA,29.6
1996,LA,June,TMINA,17.7
1996,LA,June,SRADA,18.6
1996,LA,June,PRCP,1096.3
1997,NE,June,TMAXA,28.8
1997,NE,June,TMINA,17
1997,NE,June,SRADA,17.6
1997,NE,June,PRCP,1504.1
1998,EN,June,TMAXA,30.4
1998,EN,June,TMINA,18.3
1998,EN,June,SRADA,18.2
1998,EN,June,PRCP,1364.3
1999,LA,June,TMAXA,29.7
1999,LA,June,TMINA,17.9
1999,LA,June,SRADA,18.2
1999,LA,June,PRCP,1312
2000,LA,June,TMAXA,29.4
2000,LA,June,TMINA,17.7
2000,LA,June,SRADA,19.2
2000,LA,June,PRCP,1513.6
2001,LA,June,TMAXA,30.1
2001,LA,June,TMINA,18.1
2001,LA,June,SRADA,19.1
2001,LA,June,PRCP,1318.3
2002,NE,June,TMAXA,30.1
2002,NE,June,TMINA,17.3
2002,NE,June,SRADA,19
2002,NE,June,PRCP,1565.9
2003,EN,June,TMAXA,29.8
2003,EN,June,TMINA,18.6
2003,EN,June,SRADA,18.4
2003,EN,June,PRCP,1781.6
2004,NE,June,TMAXA,28.7
2004,NE,June,TMINA,18.2
2004,NE,June,SRADA,18.4
2004,NE,June,PRCP,1364.6
2005,EN,June,TMAXA,29.2
2005,EN,June,TMINA,18.3
2005,EN,June,SRADA,18.6
2005,EN,June,PRCP,1462.9
2006,NE,June,TMAXA,28.6
2006,NE,June,TMINA,18.3
2006,NE,June,SRADA,19.3
2006,NE,June,PRCP,1269.9
2007,NE,June,TMAXA,28.4
2007,NE,June,TMINA,18.2
2007,NE,June,SRADA,19.7
2007,NE,June,PRCP,1819
2008,LA,June,TMAXA,28.5
2008,LA,June,TMINA,18
2008,LA,June,SRADA,19.5
2008,LA,June,PRCP,1735.1
2009,NE,June,TMAXA,28.8
2009,NE,June,TMINA,18.4
2009,NE,June,SRADA,18.3
2009,NE,June,PRCP,1247.3
2010,EN,June,TMAXA,28.9
2010,EN,June,TMINA,18.8
2010,EN,June,SRADA,18.4
2010,EN,June,PRCP,1351
2011,LA,June,TMAXA,29.1
2011,LA,June,TMINA,18.6
2011,LA,June,SRADA,18.7
2011,LA,June,PRCP,1690.2
2012,LA,June,TMAXA,28.7
2012,LA,June,TMINA,18.4
2012,LA,June,SRADA,18.7
2012,LA,June,PRCP,1418
2013,NE,June,TMAXA,29
2013,NE,June,TMINA,18.8
2013,NE,June,SRADA,18.8
2013,NE,June,PRCP,1604.7
2014,NE,June,TMAXA,29
2014,NE,June,TMINA,18.6
2014,NE,June,SRADA,19.3
2014,NE,June,PRCP,1153.8
2015,EN,June,TMAXA,29.1
2015,EN,June,TMINA,19
2015,EN,June,SRADA,18.5
2015,EN,June,PRCP,1474.4
2016,EN,June,TMAXA,30
2016,EN,June,TMINA,19.6
2016,EN,June,SRADA,18.8
2016,EN,June,PRCP,1640.1
2017,NE,June,TMAXA,29.6
2017,NE,June,TMINA,19
2017,NE,June,SRADA,19.1
2017,NE,June,PRCP,1450
2018,LA,June,TMAXA,29.1
2018,LA,June,TMINA,18.8
2018,LA,June,SRADA,18.9
2018,LA,June,PRCP,1259.8
2019,EN,June,TMAXA,29.6
2019,EN,June,TMINA,19.3
2019,EN,June,SRADA,18.6
2019,EN,June,PRCP,1539.6
1963,NE,June,TMAXA,30.8
1963,NE,June,TMINA,16.9
1963,NE,June,SRADA,18.9
1963,NE,June,PRCP,1106.9
1964,EN,June,TMAXA,32.1
1964,EN,June,TMINA,18.1
1964,EN,June,SRADA,18
1964,EN,June,PRCP,827.7
1965,LA,June,TMAXA,30
1965,LA,June,TMINA,17.3
1965,LA,June,SRADA,18.1
1965,LA,June,PRCP,1042.1
1966,EN,June,TMAXA,30.9
1966,EN,June,TMINA,18
1966,EN,June,SRADA,18.7
1966,EN,June,PRCP,1185.4
1967,NE,June,TMAXA,30.5
1967,NE,June,TMINA,17.7
1967,NE,June,SRADA,19
1967,NE,June,PRCP,1302.8
1968,NE,June,TMAXA,30.6
1968,NE,June,TMINA,17.5
1968,NE,June,SRADA,19.2
1968,NE,June,PRCP,882.1
1969,EN,June,TMAXA,31.4
1969,EN,June,TMINA,18.2
1969,EN,June,SRADA,19.8
1969,EN,June,PRCP,964.6
1970,NE,June,TMAXA,31.1
1970,NE,June,TMINA,18.5
1970,NE,June,SRADA,18.9
1970,NE,June,PRCP,995.7
1971,LA,June,TMAXA,30.5
1971,LA,June,TMINA,17.8
1971,LA,June,SRADA,19.4
1971,LA,June,PRCP,1130.8
1972,LA,June,TMAXA,30.3
1972,LA,June,TMINA,17.2
1972,LA,June,SRADA,18.5
1972,LA,June,PRCP,1510.4
1973,EN,June,TMAXA,30.6
1973,EN,June,TMINA,18.1
1973,EN,June,SRADA,18.7
1973,EN,June,PRCP,1710.9
1974,LA,June,TMAXA,29.9
1974,LA,June,TMINA,17.1
1974,LA,June,SRADA,18.2
1974,LA,June,PRCP,1376.9
1975,LA,June,TMAXA,30.2
1975,LA,June,TMINA,16.1
1975,LA,June,SRADA,19.5
1975,LA,June,PRCP,1196.2
1976,LA,June,TMAXA,30.5
1976,LA,June,TMINA,18.3
1976,LA,June,SRADA,18.9
1976,LA,June,PRCP,1569.4
1977,NE,June,TMAXA,30
1977,NE,June,TMINA,17.7
1977,NE,June,SRADA,18.4
1977,NE,June,PRCP,1440.7
1978,NE,June,TMAXA,30.8
1978,NE,June,TMINA,18.7
1978,NE,June,SRADA,18.6
1978,NE,June,PRCP,1664
1979,NE,June,TMAXA,30.4
1979,NE,June,TMINA,17.8
1979,NE,June,SRADA,19
1979,NE,June,PRCP,1320.2
1980,NE,June,TMAXA,30.2
1980,NE,June,TMINA,18.4
1980,NE,June,SRADA,18.3
1980,NE,June,PRCP,1660.2
1981,NE,June,TMAXA,30.8
1981,NE,June,TMINA,18.3
1981,NE,June,SRADA,18.7
1981,NE,June,PRCP,1218.8
1982,NE,June,TMAXA,30.1
1982,NE,June,TMINA,17.8
1982,NE,June,SRADA,18.1
1982,NE,June,PRCP,1473.9
1983,EN,June,TMAXA,30.4
1983,EN,June,TMINA,18.5
1983,EN,June,SRADA,17.6
1983,EN,June,PRCP,1779.6
1984,NE,June,TMAXA,30.6
1984,NE,June,TMINA,18.2
1984,NE,June,SRADA,18.7
1984,NE,June,PRCP,1401.2
1985,LA,June,TMAXA,30.2
1985,LA,June,TMINA,18.1
1985,LA,June,SRADA,18.8
1985,LA,June,PRCP,1386.8
1986,NE,June,TMAXA,31.2
1986,NE,June,TMINA,18.9
1986,NE,June,SRADA,19.5
1986,NE,June,PRCP,995.5
1987,EN,June,TMAXA,30.4
1987,EN,June,TMINA,19
1987,EN,June,SRADA,18.2
1987,EN,June,PRCP,1338.4
1988,EN,June,TMAXA,30.8
1988,EN,June,TMINA,19.1
1988,EN,June,SRADA,18.1
1988,EN,June,PRCP,1443.3
1989,LA,June,TMAXA,30.6
1989,LA,June,TMINA,18.7
1989,LA,June,SRADA,18.2
1989,LA,June,PRCP,1167.1
1990,NE,June,TMAXA,29.9
1990,NE,June,TMINA,18.6
1990,NE,June,SRADA,18.8
1990,NE,June,PRCP,1192.8
1991,NE,June,TMAXA,30.1
1991,NE,June,TMINA,18.5
1991,NE,June,SRADA,18.5
1991,NE,June,PRCP,1345.7
1992,EN,June,TMAXA,30.7
1992,EN,June,TMINA,19.2
1992,EN,June,SRADA,17.7
1992,EN,June,PRCP,1014.3
1993,NE,June,TMAXA,30.2
1993,NE,June,TMINA,19.2
1993,NE,June,SRADA,18
1993,NE,June,PRCP,1306.6
1994,NE,June,TMAXA,31
1994,NE,June,TMINA,19.6
1994,NE,June,SRADA,18.4
1994,NE,June,PRCP,1326
1995,EN,June,TMAXA,31.5
1995,EN,June,TMINA,19.6
1995,EN,June,SRADA,19
1995,EN,June,PRCP,1283
1996,LA,June,TMAXA,31.3
1996,LA,June,TMINA,20
1996,LA,June,SRADA,18.8
1996,LA,June,PRCP,1142
1997,NE,June,TMAXA,30.2
1997,NE,June,TMINA,19.3
1997,NE,June,SRADA,18.3
1997,NE,June,PRCP,1614.1
1998,EN,June,TMAXA,31.7
1998,EN,June,TMINA,20.3
1998,EN,June,SRADA,18.7
1998,EN,June,PRCP,1379.1
1999,LA,June,TMAXA,31.3
1999,LA,June,TMINA,20.1
1999,LA,June,SRADA,18.7
1999,LA,June,PRCP,1268.1
2000,LA,June,TMAXA,31.6
2000,LA,June,TMINA,19.4
2000,LA,June,SRADA,19
2000,LA,June,PRCP,1344.5
2001,LA,June,TMAXA,31.2
2001,LA,June,TMINA,17.6
2001,LA,June,SRADA,18.9
2001,LA,June,PRCP,1212
2002,NE,June,TMAXA,31.3
2002,NE,June,TMINA,19.3
2002,NE,June,SRADA,19.2
2002,NE,June,PRCP,1402.8
2003,EN,June,TMAXA,31.5
2003,EN,June,TMINA,19.6
2003,EN,June,SRADA,18.4
2003,EN,June,PRCP,1440
2004,NE,June,TMAXA,31
2004,NE,June,TMINA,19
2004,NE,June,SRADA,18.7
2004,NE,June,PRCP,1173.2
2005,EN,June,TMAXA,31.3
2005,EN,June,TMINA,19.2
2005,EN,June,SRADA,19.1
2005,EN,June,PRCP,1374.5
2006,NE,June,TMAXA,30.5
2006,NE,June,TMINA,18.9
2006,NE,June,SRADA,18.2
2006,NE,June,PRCP,1773.9
2007,NE,June,TMAXA,31.2
2007,NE,June,TMINA,18.8
2007,NE,June,SRADA,18.7
2007,NE,June,PRCP,1853.8
2008,LA,June,TMAXA,30.9
2008,LA,June,TMINA,18.9
2008,LA,June,SRADA,18.2
2008,LA,June,PRCP,1438.6
2009,NE,June,TMAXA,31.2
2009,NE,June,TMINA,19
2009,NE,June,SRADA,19
2009,NE,June,PRCP,1201
2010,EN,June,TMAXA,30.7
2010,EN,June,TMINA,19.2
2010,EN,June,SRADA,17.8
2010,EN,June,PRCP,1852.3
2011,LA,June,TMAXA,31.1
2011,LA,June,TMINA,18.9
2011,LA,June,SRADA,18.6
2011,LA,June,PRCP,1702.2
2012,LA,June,TMAXA,31.4
2012,LA,June,TMINA,18.8
2012,LA,June,SRADA,19.3
2012,LA,June,PRCP,830.3
2013,NE,June,TMAXA,31.4
2013,NE,June,TMINA,19.3
2013,NE,June,SRADA,19
2013,NE,June,PRCP,1344.8
2014,NE,June,TMAXA,31.4
2014,NE,June,TMINA,18.9
2014,NE,June,SRADA,19.1
2014,NE,June,PRCP,1079.3
2015,EN,June,TMAXA,31.5
2015,EN,June,TMINA,19.2
2015,EN,June,SRADA,18.7
2015,EN,June,PRCP,1554
2016,EN,June,TMAXA,31.7
2016,EN,June,TMINA,19.2
2016,EN,June,SRADA,18.1
2016,EN,June,PRCP,1314.2
2017,NE,June,TMAXA,31.1
2017,NE,June,TMINA,18.6
2017,NE,June,SRADA,18.8
2017,NE,June,PRCP,1249
2018,LA,June,TMAXA,31.5
2018,LA,June,TMINA,18.8
2018,LA,June,SRADA,18.9
2018,LA,June,PRCP,1146.4
2019,EN,June,TMAXA,31.8
2019,EN,June,TMINA,19.5
2019,EN,June,SRADA,18.9
2019,EN,June,PRCP,1251.1
1963,NE,June,TMAXA,31.3
1963,NE,June,TMINA,17.3
1963,NE,June,SRADA,19.2
1963,NE,June,PRCP,1142.4
1964,EN,June,TMAXA,32.4
1964,EN,June,TMINA,18.3
1964,EN,June,SRADA,18.3
1964,EN,June,PRCP,848.4
1965,LA,June,TMAXA,30.5
1965,LA,June,TMINA,17.9
1965,LA,June,SRADA,18.3
1965,LA,June,PRCP,1368.4
1966,EN,June,TMAXA,31.2
1966,EN,June,TMINA,18.2
1966,EN,June,SRADA,18.9
1966,EN,June,PRCP,1407.6
1967,NE,June,TMAXA,30.9
1967,NE,June,TMINA,17.9
1967,NE,June,SRADA,19.2
1967,NE,June,PRCP,1230.1
1968,NE,June,TMAXA,31.2
1968,NE,June,TMINA,17.4
1968,NE,June,SRADA,19.4
1968,NE,June,PRCP,1007.7
1969,EN,June,TMAXA,32.2
1969,EN,June,TMINA,18.2
1969,EN,June,SRADA,20.1
1969,EN,June,PRCP,854.8
1970,NE,June,TMAXA,31.9
1970,NE,June,TMINA,18.6
1970,NE,June,SRADA,19
1970,NE,June,PRCP,960.6
1971,LA,June,TMAXA,31.5
1971,LA,June,TMINA,18.3
1971,LA,June,SRADA,19.6
1971,LA,June,PRCP,947.6
1972,LA,June,TMAXA,31
1972,LA,June,TMINA,17.9
1972,LA,June,SRADA,18.8
1972,LA,June,PRCP,1381.9
1973,EN,June,TMAXA,31.1
1973,EN,June,TMINA,18.8
1973,EN,June,SRADA,19.1
1973,EN,June,PRCP,1526.5
1974,LA,June,TMAXA,30.3
1974,LA,June,TMINA,18.4
1974,LA,June,SRADA,18.1
1974,LA,June,PRCP,1457
1975,LA,June,TMAXA,30.7
1975,LA,June,TMINA,17.8
1975,LA,June,SRADA,19.4
1975,LA,June,PRCP,1183.5
1976,LA,June,TMAXA,31.4
1976,LA,June,TMINA,18.1
1976,LA,June,SRADA,18.9
1976,LA,June,PRCP,1448.3
1977,NE,June,TMAXA,31
1977,NE,June,TMINA,15.5
1977,NE,June,SRADA,18.6
1977,NE,June,PRCP,1367.5
1978,NE,June,TMAXA,31.7
1978,NE,June,TMINA,18.9
1978,NE,June,SRADA,18.8
1978,NE,June,PRCP,1604
1979,NE,June,TMAXA,30.5
1979,NE,June,TMINA,18.4
1979,NE,June,SRADA,18.9
1979,NE,June,PRCP,1370.1
1980,NE,June,TMAXA,30.3
1980,NE,June,TMINA,19.1
1980,NE,June,SRADA,18.5
1980,NE,June,PRCP,1394.1
1981,NE,June,TMAXA,31.1
1981,NE,June,TMINA,19.7
1981,NE,June,SRADA,18.8
1981,NE,June,PRCP,1133.5
1982,NE,June,TMAXA,30.3
1982,NE,June,TMINA,19
1982,NE,June,SRADA,18.3
1982,NE,June,PRCP,1268.2
1983,EN,June,TMAXA,29.9
1983,EN,June,TMINA,19.6
1983,EN,June,SRADA,17.7
1983,EN,June,PRCP,1846.6
1984,NE,June,TMAXA,30.7
1984,NE,June,TMINA,19.2
1984,NE,June,SRADA,18.7
1984,NE,June,PRCP,1373.4
1985,LA,June,TMAXA,30.6
1985,LA,June,TMINA,18.6
1985,LA,June,SRADA,18.7
1985,LA,June,PRCP,1553
1986,NE,June,TMAXA,31.2
1986,NE,June,TMINA,19.4
1986,NE,June,SRADA,19.5
1986,NE,June,PRCP,1080
1987,EN,June,TMAXA,30.4
1987,EN,June,TMINA,19.3
1987,EN,June,SRADA,18.2
1987,EN,June,PRCP,1165.4
1988,EN,June,TMAXA,31
1988,EN,June,TMINA,19.7
1988,EN,June,SRADA,18.2
1988,EN,June,PRCP,1448
1989,LA,June,TMAXA,30.7
1989,LA,June,TMINA,19
1989,LA,June,SRADA,18.3
1989,LA,June,PRCP,1166
1990,NE,June,TMAXA,30.3
1990,NE,June,TMINA,19
1990,NE,June,SRADA,18.9
1990,NE,June,PRCP,1326.9
1991,NE,June,TMAXA,30.2
1991,NE,June,TMINA,18.9
1991,NE,June,SRADA,18.6
1991,NE,June,PRCP,1476.8
1992,EN,June,TMAXA,30.4
1992,EN,June,TMINA,19.6
1992,EN,June,SRADA,17.7
1992,EN,June,PRCP,1075.7
1993,NE,June,TMAXA,30.2
1993,NE,June,TMINA,19.4
1993,NE,June,SRADA,18
1993,NE,June,PRCP,1446.5
1994,NE,June,TMAXA,31
1994,NE,June,TMINA,19.6
1994,NE,June,SRADA,18.4
1994,NE,June,PRCP,1401
1995,EN,June,TMAXA,31.3
1995,EN,June,TMINA,19.6
1995,EN,June,SRADA,19
1995,EN,June,PRCP,1378.7
1996,LA,June,TMAXA,31.3
1996,LA,June,TMINA,19.9
1996,LA,June,SRADA,18.8
1996,LA,June,PRCP,1161.5
1997,NE,June,TMAXA,30.9
1997,NE,June,TMINA,19
1997,NE,June,SRADA,18.3
1997,NE,June,PRCP,1377.9
1998,EN,June,TMAXA,31.8
1998,EN,June,TMINA,20.2
1998,EN,June,SRADA,18.7
1998,EN,June,PRCP,1128.1
1999,LA,June,TMAXA,31.3
1999,LA,June,TMINA,19.6
1999,LA,June,SRADA,18.6
1999,LA,June,PRCP,1524
2000,LA,June,TMAXA,31.5
2000,LA,June,TMINA,19.3
2000,LA,June,SRADA,19
2000,LA,June,PRCP,1273.9
2001,LA,June,TMAXA,31.4
2001,LA,June,TMINA,19.2
2001,LA,June,SRADA,19
2001,LA,June,PRCP,1349.4
2002,NE,June,TMAXA,31.8
2002,NE,June,TMINA,19.6
2002,NE,June,SRADA,19.1
2002,NE,June,PRCP,1222
2003,EN,June,TMAXA,32.2
2003,EN,June,TMINA,20.2
2003,EN,June,SRADA,18.6
2003,EN,June,PRCP,1531.9
2004,NE,June,TMAXA,31.4
2004,NE,June,TMINA,19.3
2004,NE,June,SRADA,18.6
2004,NE,June,PRCP,1184.3
2005,EN,June,TMAXA,32
2005,EN,June,TMINA,20
2005,EN,June,SRADA,19.2
2005,EN,June,PRCP,1174.5
2006,NE,June,TMAXA,31.2
2006,NE,June,TMINA,19.6
2006,NE,June,SRADA,18.4
2006,NE,June,PRCP,1378.8
2007,NE,June,TMAXA,31.6
2007,NE,June,TMINA,19.6
2007,NE,June,SRADA,20
2007,NE,June,PRCP,1661.3
2008,LA,June,TMAXA,31.3
2008,LA,June,TMINA,19.6
2008,LA,June,SRADA,18.6
2008,LA,June,PRCP,1359.9
2009,NE,June,TMAXA,31.5
2009,NE,June,TMINA,19.1
2009,NE,June,SRADA,19.1
2009,NE,June,PRCP,1155.8
2010,EN,June,TMAXA,31.3
2010,EN,June,TMINA,19
2010,EN,June,SRADA,18.3
2010,EN,June,PRCP,1366
2011,LA,June,TMAXA,31.6
2011,LA,June,TMINA,19.2
2011,LA,June,SRADA,18.8
2011,LA,June,PRCP,1554.7
2012,LA,June,TMAXA,31.8
2012,LA,June,TMINA,18.9
2012,LA,June,SRADA,19.2
2012,LA,June,PRCP,1130.4
2013,NE,June,TMAXA,31.9
2013,NE,June,TMINA,19.3
2013,NE,June,SRADA,18.7
2013,NE,June,PRCP,1337.5
2014,NE,June,TMAXA,31.7
2014,NE,June,TMINA,18.7
2014,NE,June,SRADA,19.3
2014,NE,June,PRCP,1086.1
2015,EN,June,TMAXA,32
2015,EN,June,TMINA,18.9
2015,EN,June,SRADA,19
2015,EN,June,PRCP,1310.6
2016,EN,June,TMAXA,32.3
2016,EN,June,TMINA,19.1
2016,EN,June,SRADA,18.4
2016,EN,June,PRCP,1871.5
2017,NE,June,TMAXA,32
2017,NE,June,TMINA,17.9
2017,NE,June,SRADA,19
2017,NE,June,PRCP,1203.5
2018,LA,June,TMAXA,32.3
2018,LA,June,TMINA,18
2018,LA,June,SRADA,19
2018,LA,June,PRCP,1141
2019,EN,June,TMAXA,32.6
2019,EN,June,TMINA,18.5
2019,EN,June,SRADA,18.9
2019,EN,June,PRCP,1149.5
1963,NE,June,TMAXA,30.4
1963,NE,June,TMINA,17.5
1963,NE,June,SRADA,18.8
1963,NE,June,PRCP,1237.9
1964,EN,June,TMAXA,30.5
1964,EN,June,TMINA,19.1
1964,EN,June,SRADA,18.3
1964,EN,June,PRCP,1053.6
1965,LA,June,TMAXA,28.6
1965,LA,June,TMINA,17.5
1965,LA,June,SRADA,17.5
1965,LA,June,PRCP,1526.9
1966,EN,June,TMAXA,29.5
1966,EN,June,TMINA,18.6
1966,EN,June,SRADA,18.1
1966,EN,June,PRCP,1517.6
1967,NE,June,TMAXA,29.2
1967,NE,June,TMINA,18.3
1967,NE,June,SRADA,18.5
1967,NE,June,PRCP,1326.3
1968,NE,June,TMAXA,29.6
1968,NE,June,TMINA,17.7
1968,NE,June,SRADA,18.7
1968,NE,June,PRCP,1087.3
1969,EN,June,TMAXA,29.6
1969,EN,June,TMINA,18.1
1969,EN,June,SRADA,18.8
1969,EN,June,PRCP,1270.7
1970,NE,June,TMAXA,29.6
1970,NE,June,TMINA,18.1
1970,NE,June,SRADA,18.6
1970,NE,June,PRCP,1294.1
1971,LA,June,TMAXA,28.2
1971,LA,June,TMINA,17.8
1971,LA,June,SRADA,18.4
1971,LA,June,PRCP,1212.4
1972,LA,June,TMAXA,29.3
1972,LA,June,TMINA,17.7
1972,LA,June,SRADA,18.4
1972,LA,June,PRCP,1282
1973,EN,June,TMAXA,29.5
1973,EN,June,TMINA,18.6
1973,EN,June,SRADA,17.8
1973,EN,June,PRCP,1414.9
1974,LA,June,TMAXA,27.8
1974,LA,June,TMINA,19
1974,LA,June,SRADA,17.7
1974,LA,June,PRCP,1563.4
1975,LA,June,TMAXA,29.3
1975,LA,June,TMINA,18
1975,LA,June,SRADA,18.5
1975,LA,June,PRCP,1285.7
1976,LA,June,TMAXA,30.1
1976,LA,June,TMINA,18.5
1976,LA,June,SRADA,18
1976,LA,June,PRCP,1771.1
1977,NE,June,TMAXA,29.7
1977,NE,June,TMINA,18.3
1977,NE,June,SRADA,18.3
1977,NE,June,PRCP,1875.7
1978,NE,June,TMAXA,30.8
1978,NE,June,TMINA,19.1
1978,NE,June,SRADA,18.2
1978,NE,June,PRCP,1559.8
1979,NE,June,TMAXA,29.9
1979,NE,June,TMINA,18.8
1979,NE,June,SRADA,18
1979,NE,June,PRCP,1525.3
1980,NE,June,TMAXA,30
1980,NE,June,TMINA,18.8
1980,NE,June,SRADA,17.9
1980,NE,June,PRCP,1887.6
1981,NE,June,TMAXA,29.9
1981,NE,June,TMINA,18.6
1981,NE,June,SRADA,18
1981,NE,June,PRCP,1610.2
1982,NE,June,TMAXA,29.9
1982,NE,June,TMINA,18.8
1982,NE,June,SRADA,17.4
1982,NE,June,PRCP,1580.9
1983,EN,June,TMAXA,29.7
1983,EN,June,TMINA,19.4
1983,EN,June,SRADA,17.2
1983,EN,June,PRCP,1798.4
1984,NE,June,TMAXA,29.9
1984,NE,June,TMINA,19.1
1984,NE,June,SRADA,17.6
1984,NE,June,PRCP,1330.8
1985,LA,June,TMAXA,30.4
1985,LA,June,TMINA,19
1985,LA,June,SRADA,18.2
1985,LA,June,PRCP,1303
1986,NE,June,TMAXA,31.5
1986,NE,June,TMINA,19.5
1986,NE,June,SRADA,18.6
1986,NE,June,PRCP,1260.5
1987,EN,June,TMAXA,30.9
1987,EN,June,TMINA,19
1987,EN,June,SRADA,17.6
1987,EN,June,PRCP,1731.4
1988,EN,June,TMAXA,30.1
1988,EN,June,TMINA,18.6
1988,EN,June,SRADA,17.5
1988,EN,June,PRCP,1695.8
1989,LA,June,TMAXA,29.5
1989,LA,June,TMINA,18.1
1989,LA,June,SRADA,18
1989,LA,June,PRCP,1410.9
1990,NE,June,TMAXA,29.4
1990,NE,June,TMINA,18.2
1990,NE,June,SRADA,18.3
1990,NE,June,PRCP,1178.4
1991,NE,June,TMAXA,29.9
1991,NE,June,TMINA,18.3
1991,NE,June,SRADA,18.2
1991,NE,June,PRCP,1608.5
1992,EN,June,TMAXA,30.5
1992,EN,June,TMINA,18.8
1992,EN,June,SRADA,17.5
1992,EN,June,PRCP,1538.7
1993,NE,June,TMAXA,29.9
1993,NE,June,TMINA,18.7
1993,NE,June,SRADA,17.8
1993,NE,June,PRCP,1320.5
1994,NE,June,TMAXA,30.6
1994,NE,June,TMINA,19.4
1994,NE,June,SRADA,17.9
1994,NE,June,PRCP,1334
1995,EN,June,TMAXA,30.9
1995,EN,June,TMINA,19
1995,EN,June,SRADA,18.4
1995,EN,June,PRCP,1301.6
1996,LA,June,TMAXA,31.1
1996,LA,June,TMINA,19.9
1996,LA,June,SRADA,18.5
1996,LA,June,PRCP,1286.1
1997,NE,June,TMAXA,30.3
1997,NE,June,TMINA,19.4
1997,NE,June,SRADA,18.1
1997,NE,June,PRCP,1223.2
1998,EN,June,TMAXA,31.2
1998,EN,June,TMINA,20.5
1998,EN,June,SRADA,18.1
1998,EN,June,PRCP,1311.1
1999,LA,June,TMAXA,30.8
1999,LA,June,TMINA,19.6
1999,LA,June,SRADA,18.2
1999,LA,June,PRCP,1017.6
2000,LA,June,TMAXA,31.6
2000,LA,June,TMINA,19.8
2000,LA,June,SRADA,18.6
2000,LA,June,PRCP,980.4
2001,LA,June,TMAXA,30.5
2001,LA,June,TMINA,19.6
2001,LA,June,SRADA,18.2
2001,LA,June,PRCP,1215.9
2002,NE,June,TMAXA,31.4
2002,NE,June,TMINA,20.4
2002,NE,June,SRADA,18.7
2002,NE,June,PRCP,1471.3
2003,EN,June,TMAXA,31.1
2003,EN,June,TMINA,20.3
2003,EN,June,SRADA,17.5
2003,EN,June,PRCP,1454
2004,NE,June,TMAXA,30.5
2004,NE,June,TMINA,19.4
2004,NE,June,SRADA,18.6
2004,NE,June,PRCP,1312.7
2005,EN,June,TMAXA,31.3
2005,EN,June,TMINA,20
2005,EN,June,SRADA,18.5
2005,EN,June,PRCP,1344.7
2006,NE,June,TMAXA,30.3
2006,NE,June,TMINA,19.5
2006,NE,June,SRADA,17.7
2006,NE,June,PRCP,1456
2007,NE,June,TMAXA,31.1
2007,NE,June,TMINA,19.8
2007,NE,June,SRADA,18.1
2007,NE,June,PRCP,1512
2008,LA,June,TMAXA,31.1
2008,LA,June,TMINA,19.5
2008,LA,June,SRADA,17.7
2008,LA,June,PRCP,1340
2009,NE,June,TMAXA,31.6
2009,NE,June,TMINA,19.3
2009,NE,June,SRADA,19
2009,NE,June,PRCP,1246.4
2010,EN,June,TMAXA,30.6
2010,EN,June,TMINA,19.7
2010,EN,June,SRADA,17.8
2010,EN,June,PRCP,1700.4
2011,LA,June,TMAXA,31
2011,LA,June,TMINA,19.1
2011,LA,June,SRADA,17.8
2011,LA,June,PRCP,1707.7
2012,LA,June,TMAXA,31.4
2012,LA,June,TMINA,19.4
2012,LA,June,SRADA,18.5
2012,LA,June,PRCP,1457.2
2013,NE,June,TMAXA,31.5
2013,NE,June,TMINA,19.7
2013,NE,June,SRADA,19
2013,NE,June,PRCP,1713
2014,NE,June,TMAXA,30.8
2014,NE,June,TMINA,19.3
2014,NE,June,SRADA,18.3
2014,NE,June,PRCP,1486.2
2015,EN,June,TMAXA,31.4
2015,EN,June,TMINA,20.5
2015,EN,June,SRADA,18.2
2015,EN,June,PRCP,1560.2
2016,EN,June,TMAXA,31.4
2016,EN,June,TMINA,20.2
2016,EN,June,SRADA,17.5
2016,EN,June,PRCP,1849.8
2017,NE,June,TMAXA,31.2
2017,NE,June,TMINA,19.5
2017,NE,June,SRADA,18.3
2017,NE,June,PRCP,1342.4
2018,LA,June,TMAXA,31.5
2018,LA,June,TMINA,19.8
2018,LA,June,SRADA,17.9
2018,LA,June,PRCP,1431.8
2019,EN,June,TMAXA,31.8
2019,EN,June,TMINA,19.9
2019,EN,June,SRADA,17.2
2019,EN,June,PRCP,1373.8
1963,NE,June,TMAXA,27.5
1963,NE,June,TMINA,15.4
1963,NE,June,SRADA,19
1963,NE,June,PRCP,1514.9
1964,EN,June,TMAXA,28.4
1964,EN,June,TMINA,16.2
1964,EN,June,SRADA,18.3
1964,EN,June,PRCP,1013.1
1965,LA,June,TMAXA,26.1
1965,LA,June,TMINA,15.5
1965,LA,June,SRADA,17.8
1965,LA,June,PRCP,1901
1966,EN,June,TMAXA,26.9
1966,EN,June,TMINA,15.9
1966,EN,June,SRADA,18.1
1966,EN,June,PRCP,1780.3
1967,NE,June,TMAXA,28.2
1967,NE,June,TMINA,15.3
1967,NE,June,SRADA,18.6
1967,NE,June,PRCP,2082.7
1968,NE,June,TMAXA,28.5
1968,NE,June,TMINA,14.7
1968,NE,June,SRADA,18.9
1968,NE,June,PRCP,1366.5
1969,EN,June,TMAXA,29
1969,EN,June,TMINA,14.7
1969,EN,June,SRADA,19.6
1969,EN,June,PRCP,1427.7
1970,NE,June,TMAXA,28.6
1970,NE,June,TMINA,15.9
1970,NE,June,SRADA,18.6
1970,NE,June,PRCP,1668.7
1971,LA,June,TMAXA,28
1971,LA,June,TMINA,15.3
1971,LA,June,SRADA,19.2
1971,LA,June,PRCP,1194.6
1972,LA,June,TMAXA,27.3
1972,LA,June,TMINA,15.7
1972,LA,June,SRADA,18.4
1972,LA,June,PRCP,1629.2
1973,EN,June,TMAXA,28
1973,EN,June,TMINA,16.6
1973,EN,June,SRADA,18.5
1973,EN,June,PRCP,1897.6
1974,LA,June,TMAXA,27.8
1974,LA,June,TMINA,15.4
1974,LA,June,SRADA,18
1974,LA,June,PRCP,1736.5
1975,LA,June,TMAXA,28.1
1975,LA,June,TMINA,15
1975,LA,June,SRADA,19.1
1975,LA,June,PRCP,1355.9
1976,LA,June,TMAXA,27.8
1976,LA,June,TMINA,15
1976,LA,June,SRADA,18.5
1976,LA,June,PRCP,1543.8
1977,NE,June,TMAXA,27.1
1977,NE,June,TMINA,15.8
1977,NE,June,SRADA,18.5
1977,NE,June,PRCP,1894.2
1978,NE,June,TMAXA,27.5
1978,NE,June,TMINA,16.6
1978,NE,June,SRADA,18.5
1978,NE,June,PRCP,1666
1979,NE,June,TMAXA,26.2
1979,NE,June,TMINA,15.3
1979,NE,June,SRADA,18.4
1979,NE,June,PRCP,1737.4
1980,NE,June,TMAXA,27.1
1980,NE,June,TMINA,16.5
1980,NE,June,SRADA,17.9
1980,NE,June,PRCP,1595.8
1981,NE,June,TMAXA,27.6
1981,NE,June,TMINA,16.1
1981,NE,June,SRADA,18.2
1981,NE,June,PRCP,1523.2
1982,NE,June,TMAXA,26.9
1982,NE,June,TMINA,15.5
1982,NE,June,SRADA,17.5
1982,NE,June,PRCP,2096.4
1983,EN,June,TMAXA,27.1
1983,EN,June,TMINA,17
1983,EN,June,SRADA,16.9
1983,EN,June,PRCP,2363.5
1984,NE,June,TMAXA,27.6
1984,NE,June,TMINA,16.2
1984,NE,June,SRADA,17.6
1984,NE,June,PRCP,1660.1
1985,LA,June,TMAXA,27.4
1985,LA,June,TMINA,15.9
1985,LA,June,SRADA,17.5
1985,LA,June,PRCP,1762.5
1986,NE,June,TMAXA,28.1
1986,NE,June,TMINA,16.1
1986,NE,June,SRADA,18.2
1986,NE,June,PRCP,1554.3
1987,EN,June,TMAXA,27.5
1987,EN,June,TMINA,15.9
1987,EN,June,SRADA,17.5
1987,EN,June,PRCP,1505.5
1988,EN,June,TMAXA,28.3
1988,EN,June,TMINA,16.3
1988,EN,June,SRADA,18.5
1988,EN,June,PRCP,1636.7
1989,LA,June,TMAXA,27.5
1989,LA,June,TMINA,15.7
1989,LA,June,SRADA,18.3
1989,LA,June,PRCP,1534.1
1990,NE,June,TMAXA,27.3
1990,NE,June,TMINA,16.2
1990,NE,June,SRADA,18.4
1990,NE,June,PRCP,1440.5
1991,NE,June,TMAXA,27.3
1991,NE,June,TMINA,16.5
1991,NE,June,SRADA,17.7
1991,NE,June,PRCP,1736.2
1992,EN,June,TMAXA,27.7
1992,EN,June,TMINA,16.3
1992,EN,June,SRADA,17.5
1992,EN,June,PRCP,1505.6
1993,NE,June,TMAXA,27.1
1993,NE,June,TMINA,16
1993,NE,June,SRADA,17.1
1993,NE,June,PRCP,1715.2
1994,NE,June,TMAXA,28.1
1994,NE,June,TMINA,16.2
1994,NE,June,SRADA,17.5
1994,NE,June,PRCP,1509.7
1995,EN,June,TMAXA,28.6
1995,EN,June,TMINA,16.4
1995,EN,June,SRADA,18.2
1995,EN,June,PRCP,1593.7
1996,LA,June,TMAXA,28.4
1996,LA,June,TMINA,16.3
1996,LA,June,SRADA,18.5
1996,LA,June,PRCP,1572.5
1997,NE,June,TMAXA,27.4
1997,NE,June,TMINA,15.7
1997,NE,June,SRADA,17.8
1997,NE,June,PRCP,1831.3
1998,EN,June,TMAXA,29.1
1998,EN,June,TMINA,16.7
1998,EN,June,SRADA,18.3
1998,EN,June,PRCP,1477.6
1999,LA,June,TMAXA,28.2
1999,LA,June,TMINA,16.2
1999,LA,June,SRADA,17.9
1999,LA,June,PRCP,1409.6
2000,LA,June,TMAXA,28.3
2000,LA,June,TMINA,16
2000,LA,June,SRADA,18.7
2000,LA,June,PRCP,1674
2001,LA,June,TMAXA,28.7
2001,LA,June,TMINA,16.4
2001,LA,June,SRADA,18.3
2001,LA,June,PRCP,1292.8
2002,NE,June,TMAXA,28.4
2002,NE,June,TMINA,16.2
2002,NE,June,SRADA,18.2
2002,NE,June,PRCP,1631.2
2003,EN,June,TMAXA,29
2003,EN,June,TMINA,16.9
2003,EN,June,SRADA,18
2003,EN,June,PRCP,1852
2004,NE,June,TMAXA,28.2
2004,NE,June,TMINA,16.5
2004,NE,June,SRADA,17.8
2004,NE,June,PRCP,1527.9
2005,EN,June,TMAXA,28.4
2005,EN,June,TMINA,17
2005,EN,June,SRADA,18.4
2005,EN,June,PRCP,1817.2
2006,NE,June,TMAXA,28
2006,NE,June,TMINA,16.7
2006,NE,June,SRADA,17.6
2006,NE,June,PRCP,1691.3
2007,NE,June,TMAXA,28.3
2007,NE,June,TMINA,16.8
2007,NE,June,SRADA,18
2007,NE,June,PRCP,2179.3
2008,LA,June,TMAXA,28.4
2008,LA,June,TMINA,16.6
2008,LA,June,SRADA,17.9
2008,LA,June,PRCP,1602.1
2009,NE,June,TMAXA,28.3
2009,NE,June,TMINA,16.4
2009,NE,June,SRADA,18
2009,NE,June,PRCP,1749.7
2010,EN,June,TMAXA,28.6
2010,EN,June,TMINA,16.9
2010,EN,June,SRADA,17.4
2010,EN,June,PRCP,1955.8
2011,LA,June,TMAXA,28.8
2011,LA,June,TMINA,17
2011,LA,June,SRADA,18.1
2011,LA,June,PRCP,1680.4
2012,LA,June,TMAXA,28.4
2012,LA,June,TMINA,16
2012,LA,June,SRADA,18.5
2012,LA,June,PRCP,1499
2013,NE,June,TMAXA,28.7
2013,NE,June,TMINA,17.7
2013,NE,June,SRADA,18.1
2013,NE,June,PRCP,1767
2014,NE,June,TMAXA,28.7
2014,NE,June,TMINA,17.4
2014,NE,June,SRADA,18.8
2014,NE,June,PRCP,1132
2015,EN,June,TMAXA,29.1
2015,EN,June,TMINA,17.9
2015,EN,June,SRADA,17.9
2015,EN,June,PRCP,1511.8
2016,EN,June,TMAXA,29.1
2016,EN,June,TMINA,17.6
2016,EN,June,SRADA,17.3
2016,EN,June,PRCP,1845.4
2017,NE,June,TMAXA,28.9
2017,NE,June,TMINA,16.8
2017,NE,June,SRADA,18.2
2017,NE,June,PRCP,1559.8
2018,LA,June,TMAXA,28.7
2018,LA,June,TMINA,16.5
2018,LA,June,SRADA,18.2
2018,LA,June,PRCP,1474.6
2019,EN,June,TMAXA,28.9
2019,EN,June,TMINA,16.8
2019,EN,June,SRADA,17.7
2019,EN,June,PRCP,1973.4
1963,NE,June,TMAXA,27.9
1963,NE,June,TMINA,16.5
1963,NE,June,SRADA,16.9
1963,NE,June,PRCP,1409.6
1964,EN,June,TMAXA,28.4
1964,EN,June,TMINA,16.9
1964,EN,June,SRADA,15.8
1964,EN,June,PRCP,1368.9
1965,LA,June,TMAXA,26.7
1965,LA,June,TMINA,16.9
1965,LA,June,SRADA,14.9
1965,LA,June,PRCP,2174.1
1966,EN,June,TMAXA,28
1966,EN,June,TMINA,17.1
1966,EN,June,SRADA,16.2
1966,EN,June,PRCP,1605.6
1967,NE,June,TMAXA,28.1
1967,NE,June,TMINA,17.1
1967,NE,June,SRADA,16
1967,NE,June,PRCP,1631.7
1968,NE,June,TMAXA,27.8
1968,NE,June,TMINA,15.8
1968,NE,June,SRADA,16.6
1968,NE,June,PRCP,1372.1
1969,EN,June,TMAXA,27.8
1969,EN,June,TMINA,16.6
1969,EN,June,SRADA,16.8
1969,EN,June,PRCP,1532
1970,NE,June,TMAXA,27.8
1970,NE,June,TMINA,16.4
1970,NE,June,SRADA,15.7
1970,NE,June,PRCP,1320.2
1971,LA,June,TMAXA,28.2
1971,LA,June,TMINA,16.9
1971,LA,June,SRADA,16.6
1971,LA,June,PRCP,610.5
1972,LA,June,TMAXA,27.3
1972,LA,June,TMINA,16.3
1972,LA,June,SRADA,16.1
1972,LA,June,PRCP,1736.7
1973,EN,June,TMAXA,26.7
1973,EN,June,TMINA,17.3
1973,EN,June,SRADA,15.8
1973,EN,June,PRCP,1950.6
1974,LA,June,TMAXA,26.1
1974,LA,June,TMINA,17
1974,LA,June,SRADA,15.2
1974,LA,June,PRCP,1510.1
1975,LA,June,TMAXA,26.4
1975,LA,June,TMINA,16.2
1975,LA,June,SRADA,16
1975,LA,June,PRCP,1368.2
1976,LA,June,TMAXA,26.6
1976,LA,June,TMINA,16.5
1976,LA,June,SRADA,16.1
1976,LA,June,PRCP,1507.9
1977,NE,June,TMAXA,25.7
1977,NE,June,TMINA,16.8
1977,NE,June,SRADA,15.5
1977,NE,June,PRCP,1466.8
1978,NE,June,TMAXA,26.3
1978,NE,June,TMINA,16.8
1978,NE,June,SRADA,15.4
1978,NE,June,PRCP,1412.8
1979,NE,June,TMAXA,25.8
1979,NE,June,TMINA,16.2
1979,NE,June,SRADA,14.9
1979,NE,June,PRCP,1530.3
1980,NE,June,TMAXA,26.4
1980,NE,June,TMINA,17
1980,NE,June,SRADA,14.8
1980,NE,June,PRCP,1331.1
1981,NE,June,TMAXA,26.3
1981,NE,June,TMINA,16.8
1981,NE,June,SRADA,15.4
1981,NE,June,PRCP,1227.7
1982,NE,June,TMAXA,25.2
1982,NE,June,TMINA,16.4
1982,NE,June,SRADA,14.9
1982,NE,June,PRCP,1609
1983,EN,June,TMAXA,26.2
1983,EN,June,TMINA,17.5
1983,EN,June,SRADA,14.7
1983,EN,June,PRCP,1981.1
1984,NE,June,TMAXA,26.9
1984,NE,June,TMINA,16.7
1984,NE,June,SRADA,15.6
1984,NE,June,PRCP,1940.9
1985,LA,June,TMAXA,26.2
1985,LA,June,TMINA,17.2
1985,LA,June,SRADA,15.8
1985,LA,June,PRCP,2098.7
1986,NE,June,TMAXA,27.2
1986,NE,June,TMINA,16.9
1986,NE,June,SRADA,17
1986,NE,June,PRCP,1569.6
1987,EN,June,TMAXA,27
1987,EN,June,TMINA,16.6
1987,EN,June,SRADA,15.9
1987,EN,June,PRCP,1516.8
1988,EN,June,TMAXA,26.2
1988,EN,June,TMINA,17.2
1988,EN,June,SRADA,15
1988,EN,June,PRCP,1613.1
1989,LA,June,TMAXA,26.3
1989,LA,June,TMINA,16.6
1989,LA,June,SRADA,15.8
1989,LA,June,PRCP,1295.7
1990,NE,June,TMAXA,27.1
1990,NE,June,TMINA,16.9
1990,NE,June,SRADA,16.5
1990,NE,June,PRCP,1224.8
1991,NE,June,TMAXA,27.2
1991,NE,June,TMINA,16.7
1991,NE,June,SRADA,15.8
1991,NE,June,PRCP,1266.8
1992,EN,June,TMAXA,27.2
1992,EN,June,TMINA,16.8
1992,EN,June,SRADA,16
1992,EN,June,PRCP,1365
1993,NE,June,TMAXA,26.3
1993,NE,June,TMINA,16.9
1993,NE,June,SRADA,15.4
1993,NE,June,PRCP,1517.6
1994,NE,June,TMAXA,26.9
1994,NE,June,TMINA,17.3
1994,NE,June,SRADA,16
1994,NE,June,PRCP,1580.6
1995,EN,June,TMAXA,27
1995,EN,June,TMINA,16.9
1995,EN,June,SRADA,16.8
1995,EN,June,PRCP,1424.4
1996,LA,June,TMAXA,27
1996,LA,June,TMINA,17
1996,LA,June,SRADA,16.5
1996,LA,June,PRCP,1625.6
1997,NE,June,TMAXA,25.7
1997,NE,June,TMINA,16.3
1997,NE,June,SRADA,15
1997,NE,June,PRCP,1429.9
1998,EN,June,TMAXA,27.8
1998,EN,June,TMINA,17.4
1998,EN,June,SRADA,16.3
1998,EN,June,PRCP,1502.8
1999,LA,June,TMAXA,26.6
1999,LA,June,TMINA,17.1
1999,LA,June,SRADA,15.5
1999,LA,June,PRCP,1508.1
2000,LA,June,TMAXA,26.2
2000,LA,June,TMINA,16.2
2000,LA,June,SRADA,15.8
2000,LA,June,PRCP,1237.8
2001,LA,June,TMAXA,27.8
2001,LA,June,TMINA,16.5
2001,LA,June,SRADA,17
2001,LA,June,PRCP,1468.2
2002,NE,June,TMAXA,27.4
2002,NE,June,TMINA,16
2002,NE,June,SRADA,16.1
2002,NE,June,PRCP,1419.5
2003,EN,June,TMAXA,28
2003,EN,June,TMINA,17.8
2003,EN,June,SRADA,16.1
2003,EN,June,PRCP,1869.7
2004,NE,June,TMAXA,26.5
2004,NE,June,TMINA,16.7
2004,NE,June,SRADA,15.1
2004,NE,June,PRCP,2020.9
2005,EN,June,TMAXA,26.8
2005,EN,June,TMINA,17.1
2005,EN,June,SRADA,15.4
2005,EN,June,PRCP,1769.6
2006,NE,June,TMAXA,26.9
2006,NE,June,TMINA,17.2
2006,NE,June,SRADA,14.6
2006,NE,June,PRCP,1342.1
2007,NE,June,TMAXA,27
2007,NE,June,TMINA,17.4
2007,NE,June,SRADA,15.7
2007,NE,June,PRCP,1611.6
2008,LA,June,TMAXA,27.1
2008,LA,June,TMINA,17.5
2008,LA,June,SRADA,16.3
2008,LA,June,PRCP,1695.4
2009,NE,June,TMAXA,26.5
2009,NE,June,TMINA,17.4
2009,NE,June,SRADA,15.3
2009,NE,June,PRCP,1821.4
2010,EN,June,TMAXA,27.1
2010,EN,June,TMINA,18.1
2010,EN,June,SRADA,15.5
2010,EN,June,PRCP,2034.7
2011,LA,June,TMAXA,26.5
2011,LA,June,TMINA,17.8
2011,LA,June,SRADA,15.9
2011,LA,June,PRCP,1796
2012,LA,June,TMAXA,26.4
2012,LA,June,TMINA,17.4
2012,LA,June,SRADA,15.7
2012,LA,June,PRCP,1628.1
2013,NE,June,TMAXA,26.8
2013,NE,June,TMINA,17.8
2013,NE,June,SRADA,16.5
2013,NE,June,PRCP,1553.3
2014,NE,June,TMAXA,26.9
2014,NE,June,TMINA,17.6
2014,NE,June,SRADA,17.2
2014,NE,June,PRCP,1314.1
2015,EN,June,TMAXA,27.6
2015,EN,June,TMINA,17.7
2015,EN,June,SRADA,16.7
2015,EN,June,PRCP,1002.4
2016,EN,June,TMAXA,27.9
2016,EN,June,TMINA,18.6
2016,EN,June,SRADA,15.8
2016,EN,June,PRCP,1584
2017,NE,June,TMAXA,27.5
2017,NE,June,TMINA,16.7
2017,NE,June,SRADA,16.3
2017,NE,June,PRCP,1436.4
2018,LA,June,TMAXA,27.3
2018,LA,June,TMINA,16.8
2018,LA,June,SRADA,15.7
2018,LA,June,PRCP,1334.1
2019,EN,June,TMAXA,28
2019,EN,June,TMINA,18.3
2019,EN,June,SRADA,16
2019,EN,June,PRCP,1556.3
1963,NE,July,TMAXA,28.8
1963,NE,July,TMINA,17.7
1963,NE,July,SRADA,19
1963,NE,July,PRCP,1577.1
1964,EN,July,TMAXA,29.7
1964,EN,July,TMINA,18.6
1964,EN,July,SRADA,18.3
1964,EN,July,PRCP,1515.2
1965,LA,July,TMAXA,28.1
1965,LA,July,TMINA,17.9
1965,LA,July,SRADA,18.1
1965,LA,July,PRCP,1745.7
1966,EN,July,TMAXA,28.8
1966,EN,July,TMINA,18
1966,EN,July,SRADA,18.7
1966,EN,July,PRCP,1731.8
1967,NE,July,TMAXA,29.1
1967,NE,July,TMINA,18.1
1967,NE,July,SRADA,18.7
1967,NE,July,PRCP,1471.1
1968,NE,July,TMAXA,28.5
1968,NE,July,TMINA,17.7
1968,NE,July,SRADA,18.6
1968,NE,July,PRCP,1380.9
1969,EN,July,TMAXA,29
1969,EN,July,TMINA,18.1
1969,EN,July,SRADA,19.8
1969,EN,July,PRCP,1157.9
1970,NE,July,TMAXA,29.4
1970,NE,July,TMINA,18.5
1970,NE,July,SRADA,18.8
1970,NE,July,PRCP,1324.7
1971,LA,July,TMAXA,29.4
1971,LA,July,TMINA,18.3
1971,LA,July,SRADA,19.7
1971,LA,July,PRCP,951.9
1972,LA,July,TMAXA,28.6
1972,LA,July,TMINA,17.8
1972,LA,July,SRADA,18.5
1972,LA,July,PRCP,1527.1
1973,EN,July,TMAXA,30
1973,EN,July,TMINA,18.9
1973,EN,July,SRADA,18.9
1973,EN,July,PRCP,1616.6
1974,LA,July,TMAXA,29.1
1974,LA,July,TMINA,18.2
1974,LA,July,SRADA,18.2
1974,LA,July,PRCP,1388
1975,LA,July,TMAXA,29.5
1975,LA,July,TMINA,18.1
1975,LA,July,SRADA,19.4
1975,LA,July,PRCP,1251.6
1976,LA,July,TMAXA,29.5
1976,LA,July,TMINA,17.9
1976,LA,July,SRADA,18.8
1976,LA,July,PRCP,1152.3
1977,NE,July,TMAXA,28.8
1977,NE,July,TMINA,17.3
1977,NE,July,SRADA,17.9
1977,NE,July,PRCP,1386.6
1978,NE,July,TMAXA,29.4
1978,NE,July,TMINA,16.7
1978,NE,July,SRADA,17.9
1978,NE,July,PRCP,1459.1
1979,NE,July,TMAXA,29.1
1979,NE,July,TMINA,17.3
1979,NE,July,SRADA,17.6
1979,NE,July,PRCP,1510.9
1980,NE,July,TMAXA,29.4
1980,NE,July,TMINA,17.3
1980,NE,July,SRADA,17.4
1980,NE,July,PRCP,1589.2
1981,NE,July,TMAXA,29.7
1981,NE,July,TMINA,17.3
1981,NE,July,SRADA,17.8
1981,NE,July,PRCP,1172.4
1982,NE,July,TMAXA,28.9
1982,NE,July,TMINA,17.3
1982,NE,July,SRADA,17.5
1982,NE,July,PRCP,1637
1983,EN,July,TMAXA,29.6
1983,EN,July,TMINA,17.6
1983,EN,July,SRADA,16.8
1983,EN,July,PRCP,1632.9
1984,NE,July,TMAXA,29.6
1984,NE,July,TMINA,17.1
1984,NE,July,SRADA,17.6
1984,NE,July,PRCP,1419.9
1985,LA,July,TMAXA,29.4
1985,LA,July,TMINA,17.8
1985,LA,July,SRADA,17.9
1985,LA,July,PRCP,1487.1
1986,NE,July,TMAXA,29.6
1986,NE,July,TMINA,18
1986,NE,July,SRADA,18.6
1986,NE,July,PRCP,1313.7
1987,EN,July,TMAXA,29.5
1987,EN,July,TMINA,18.2
1987,EN,July,SRADA,17.9
1987,EN,July,PRCP,1358.3
1988,EN,July,TMAXA,30.1
1988,EN,July,TMINA,18.9
1988,EN,July,SRADA,18
1988,EN,July,PRCP,1476.7
1989,LA,July,TMAXA,29.4
1989,LA,July,TMINA,18
1989,LA,July,SRADA,18.8
1989,LA,July,PRCP,1247.1
1990,NE,July,TMAXA,29.5
1990,NE,July,TMINA,18.2
1990,NE,July,SRADA,18.2
1990,NE,July,PRCP,1760.6
1991,NE,July,TMAXA,29.6
1991,NE,July,TMINA,18.4
1991,NE,July,SRADA,18.1
1991,NE,July,PRCP,1486.8
1992,EN,July,TMAXA,29.5
1992,EN,July,TMINA,18.1
1992,EN,July,SRADA,17.6
1992,EN,July,PRCP,1707.7
1993,NE,July,TMAXA,29.4
1993,NE,July,TMINA,18.1
1993,NE,July,SRADA,17.6
1993,NE,July,PRCP,1443
1994,NE,July,TMAXA,30.4
1994,NE,July,TMINA,17.8
1994,NE,July,SRADA,17.9
1994,NE,July,PRCP,1687.3
1995,EN,July,TMAXA,30.8
1995,EN,July,TMINA,18.2
1995,EN,July,SRADA,18.3
1995,EN,July,PRCP,1478.4
1996,LA,July,TMAXA,29.9
1996,LA,July,TMINA,18.5
1996,LA,July,SRADA,18.5
1996,LA,July,PRCP,1330.6
1997,NE,July,TMAXA,29.2
1997,NE,July,TMINA,18.1
1997,NE,July,SRADA,17.9
1997,NE,July,PRCP,1565.9
1998,EN,July,TMAXA,30.7
1998,EN,July,TMINA,18.8
1998,EN,July,SRADA,18.6
1998,EN,July,PRCP,1530.8
1999,LA,July,TMAXA,30.6
1999,LA,July,TMINA,18.7
1999,LA,July,SRADA,18.4
1999,LA,July,PRCP,1256.5
2000,LA,July,TMAXA,30
2000,LA,July,TMINA,18.3
2000,LA,July,SRADA,19.1
2000,LA,July,PRCP,1428.1
2001,LA,July,TMAXA,30.5
2001,LA,July,TMINA,18.2
2001,LA,July,SRADA,19.2
2001,LA,July,PRCP,1299.4
2002,NE,July,TMAXA,30
2002,NE,July,TMINA,18.6
2002,NE,July,SRADA,18.9
2002,NE,July,PRCP,1543
2003,EN,July,TMAXA,30.5
2003,EN,July,TMINA,19
2003,EN,July,SRADA,18.6
2003,EN,July,PRCP,1432.9
2004,NE,July,TMAXA,29.7
2004,NE,July,TMINA,18.7
2004,NE,July,SRADA,17.9
2004,NE,July,PRCP,1783
2005,EN,July,TMAXA,30
2005,EN,July,TMINA,18.6
2005,EN,July,SRADA,18.9
2005,EN,July,PRCP,1461.1
2006,NE,July,TMAXA,29.9
2006,NE,July,TMINA,18.8
2006,NE,July,SRADA,18.5
2006,NE,July,PRCP,1895.2
2007,NE,July,TMAXA,30.1
2007,NE,July,TMINA,18.6
2007,NE,July,SRADA,19
2007,NE,July,PRCP,1899.2
2008,LA,July,TMAXA,30.1
2008,LA,July,TMINA,18.6
2008,LA,July,SRADA,19.1
2008,LA,July,PRCP,1419
2009,NE,July,TMAXA,30.2
2009,NE,July,TMINA,18.7
2009,NE,July,SRADA,18.5
2009,NE,July,PRCP,1439.5
2010,EN,July,TMAXA,30.6
2010,EN,July,TMINA,19
2010,EN,July,SRADA,19
2010,EN,July,PRCP,1154.7
2011,LA,July,TMAXA,30.3
2011,LA,July,TMINA,18.6
2011,LA,July,SRADA,18.9
2011,LA,July,PRCP,1415.6
2012,LA,July,TMAXA,30
2012,LA,July,TMINA,18.7
2012,LA,July,SRADA,18.6
2012,LA,July,PRCP,1620.2
2013,NE,July,TMAXA,30.4
2013,NE,July,TMINA,19
2013,NE,July,SRADA,19.1
2013,NE,July,PRCP,1321.7
2014,NE,July,TMAXA,30.3
2014,NE,July,TMINA,18.7
2014,NE,July,SRADA,19.3
2014,NE,July,PRCP,1173.5
2015,EN,July,TMAXA,30.4
2015,EN,July,TMINA,19.2
2015,EN,July,SRADA,18.9
2015,EN,July,PRCP,1495.8
2016,EN,July,TMAXA,31.7
2016,EN,July,TMINA,19.5
2016,EN,July,SRADA,19.1
2016,EN,July,PRCP,1330.3
2017,NE,July,TMAXA,30.8
2017,NE,July,TMINA,19.3
2017,NE,July,SRADA,19.1
2017,NE,July,PRCP,1277.4
2018,LA,July,TMAXA,30.4
2018,LA,July,TMINA,18.9
2018,LA,July,SRADA,18.9
2018,LA,July,PRCP,1485.1
2019,EN,July,TMAXA,30.8
2019,EN,July,TMINA,19.2
2019,EN,July,SRADA,18.6
2019,EN,July,PRCP,1335.2
1963,NE,July,TMAXA,30.9
1963,NE,July,TMINA,16.7
1963,NE,July,SRADA,19
1963,NE,July,PRCP,1459.1
1964,EN,July,TMAXA,31.4
1964,EN,July,TMINA,17.2
1964,EN,July,SRADA,18.5
1964,EN,July,PRCP,1111.9
1965,LA,July,TMAXA,30.1
1965,LA,July,TMINA,17.1
1965,LA,July,SRADA,18.1
1965,LA,July,PRCP,1696
1966,EN,July,TMAXA,30.7
1966,EN,July,TMINA,17.2
1966,EN,July,SRADA,18.9
1966,EN,July,PRCP,1595.2
1967,NE,July,TMAXA,30.5
1967,NE,July,TMINA,17.1
1967,NE,July,SRADA,19.3
1967,NE,July,PRCP,1539.5
1968,NE,July,TMAXA,29.9
1968,NE,July,TMINA,16.7
1968,NE,July,SRADA,19.3
1968,NE,July,PRCP,1052.3
1969,EN,July,TMAXA,30.1
1969,EN,July,TMINA,17.6
1969,EN,July,SRADA,19.8
1969,EN,July,PRCP,1306.9
1970,NE,July,TMAXA,30.3
1970,NE,July,TMINA,18
1970,NE,July,SRADA,18.9
1970,NE,July,PRCP,1358
1971,LA,July,TMAXA,30.3
1971,LA,July,TMINA,17.9
1971,LA,July,SRADA,19.4
1971,LA,July,PRCP,1345
1972,LA,July,TMAXA,29.6
1972,LA,July,TMINA,17.4
1972,LA,July,SRADA,18.2
1972,LA,July,PRCP,1321.4
1973,EN,July,TMAXA,29.9
1973,EN,July,TMINA,19.1
1973,EN,July,SRADA,18.8
1973,EN,July,PRCP,1797.5
1974,LA,July,TMAXA,28.2
1974,LA,July,TMINA,18.5
1974,LA,July,SRADA,18.1
1974,LA,July,PRCP,1569
1975,LA,July,TMAXA,29.9
1975,LA,July,TMINA,16.9
1975,LA,July,SRADA,19.2
1975,LA,July,PRCP,1248.8
1976,LA,July,TMAXA,29.8
1976,LA,July,TMINA,17.3
1976,LA,July,SRADA,18.4
1976,LA,July,PRCP,1523.6
1977,NE,July,TMAXA,28.9
1977,NE,July,TMINA,16.6
1977,NE,July,SRADA,17.9
1977,NE,July,PRCP,1551.1
1978,NE,July,TMAXA,29.4
1978,NE,July,TMINA,18.1
1978,NE,July,SRADA,17.8
1978,NE,July,PRCP,1614.5
1979,NE,July,TMAXA,29.5
1979,NE,July,TMINA,16.8
1979,NE,July,SRADA,17.6
1979,NE,July,PRCP,1784.3
1980,NE,July,TMAXA,29.9
1980,NE,July,TMINA,16.6
1980,NE,July,SRADA,17
1980,NE,July,PRCP,1704.6
1981,NE,July,TMAXA,30.1
1981,NE,July,TMINA,16.4
1981,NE,July,SRADA,17.1
1981,NE,July,PRCP,1435.6
1982,NE,July,TMAXA,29.9
1982,NE,July,TMINA,16.7
1982,NE,July,SRADA,16.6
1982,NE,July,PRCP,1771.3
1983,EN,July,TMAXA,30
1983,EN,July,TMINA,17.3
1983,EN,July,SRADA,16.9
1983,EN,July,PRCP,2054.7
1984,NE,July,TMAXA,29.8
1984,NE,July,TMINA,16.5
1984,NE,July,SRADA,17.1
1984,NE,July,PRCP,1790.4
1985,LA,July,TMAXA,29.9
1985,LA,July,TMINA,16.1
1985,LA,July,SRADA,17.6
1985,LA,July,PRCP,1788.5
1986,NE,July,TMAXA,30.7
1986,NE,July,TMINA,16.4
1986,NE,July,SRADA,18.1
1986,NE,July,PRCP,1078
1987,EN,July,TMAXA,30.1
1987,EN,July,TMINA,16.8
1987,EN,July,SRADA,17.1
1987,EN,July,PRCP,1921.7
1988,EN,July,TMAXA,30.5
1988,EN,July,TMINA,17
1988,EN,July,SRADA,17.4
1988,EN,July,PRCP,1894
1989,LA,July,TMAXA,30.3
1989,LA,July,TMINA,16.3
1989,LA,July,SRADA,17.8
1989,LA,July,PRCP,1783.8
1990,NE,July,TMAXA,30.3
1990,NE,July,TMINA,16.7
1990,NE,July,SRADA,18.1
1990,NE,July,PRCP,1337.1
1991,NE,July,TMAXA,30.3
1991,NE,July,TMINA,16.9
1991,NE,July,SRADA,17.9
1991,NE,July,PRCP,1814.9
1992,EN,July,TMAXA,30.6
1992,EN,July,TMINA,17
1992,EN,July,SRADA,16.9
1992,EN,July,PRCP,1682.6
1993,NE,July,TMAXA,29.9
1993,NE,July,TMINA,16.7
1993,NE,July,SRADA,17
1993,NE,July,PRCP,1729.3
1994,NE,July,TMAXA,30.6
1994,NE,July,TMINA,16.8
1994,NE,July,SRADA,17.8
1994,NE,July,PRCP,1494.5
1995,EN,July,TMAXA,31.1
1995,EN,July,TMINA,17.1
1995,EN,July,SRADA,18.1
1995,EN,July,PRCP,1337.4
1996,LA,July,TMAXA,30.7
1996,LA,July,TMINA,16.9
1996,LA,July,SRADA,18.5
1996,LA,July,PRCP,1628.5
1997,NE,July,TMAXA,29.7
1997,NE,July,TMINA,17
1997,NE,July,SRADA,17.2
1997,NE,July,PRCP,2021.5
1998,EN,July,TMAXA,31.2
1998,EN,July,TMINA,17.6
1998,EN,July,SRADA,17.7
1998,EN,July,PRCP,1611.9
1999,LA,July,TMAXA,30.8
1999,LA,July,TMINA,17.1
1999,LA,July,SRADA,17.7
1999,LA,July,PRCP,1236.5
2000,LA,July,TMAXA,30.9
2000,LA,July,TMINA,16.8
2000,LA,July,SRADA,18.3
2000,LA,July,PRCP,1615.1
2001,LA,July,TMAXA,30.6
2001,LA,July,TMINA,17
2001,LA,July,SRADA,17.9
2001,LA,July,PRCP,1577.6
2002,NE,July,TMAXA,30.7
2002,NE,July,TMINA,17.1
2002,NE,July,SRADA,18.1
2002,NE,July,PRCP,2055.4
2003,EN,July,TMAXA,30.9
2003,EN,July,TMINA,17.2
2003,EN,July,SRADA,17.7
2003,EN,July,PRCP,1447.9
2004,NE,July,TMAXA,30.4
2004,NE,July,TMINA,17
2004,NE,July,SRADA,17.7
2004,NE,July,PRCP,1509
2005,EN,July,TMAXA,30.9
2005,EN,July,TMINA,16.9
2005,EN,July,SRADA,18.2
2005,EN,July,PRCP,1509.7
2006,NE,July,TMAXA,30.5
2006,NE,July,TMINA,16.9
2006,NE,July,SRADA,17.6
2006,NE,July,PRCP,1598.8
2007,NE,July,TMAXA,30.9
2007,NE,July,TMINA,17.2
2007,NE,July,SRADA,18.2
2007,NE,July,PRCP,1743.5
2008,LA,July,TMAXA,30.5
2008,LA,July,TMINA,17
2008,LA,July,SRADA,17.9
2008,LA,July,PRCP,1931.7
2009,NE,July,TMAXA,31
2009,NE,July,TMINA,16.7
2009,NE,July,SRADA,18.7
2009,NE,July,PRCP,1252.5
2010,EN,July,TMAXA,30.9
2010,EN,July,TMINA,17.3
2010,EN,July,SRADA,18.3
2010,EN,July,PRCP,1988.5
2011,LA,July,TMAXA,31
2011,LA,July,TMINA,16.8
2011,LA,July,SRADA,18.6
2011,LA,July,PRCP,1616.7
2012,LA,July,TMAXA,30.7
2012,LA,July,TMINA,17.2
2012,LA,July,SRADA,18.6
2012,LA,July,PRCP,1722.4
2013,NE,July,TMAXA,31.2
2013,NE,July,TMINA,17.5
2013,NE,July,SRADA,18.4
2013,NE,July,PRCP,1656.1
2014,NE,July,TMAXA,31
2014,NE,July,TMINA,17
2014,NE,July,SRADA,18.5
2014,NE,July,PRCP,1291.2
2015,EN,July,TMAXA,31.1
2015,EN,July,TMINA,17.7
2015,EN,July,SRADA,18.6
2015,EN,July,PRCP,1750.6
2016,EN,July,TMAXA,31.8
2016,EN,July,TMINA,17.6
2016,EN,July,SRADA,18.6
2016,EN,July,PRCP,1455.5
2017,NE,July,TMAXA,30.9
2017,NE,July,TMINA,17.3
2017,NE,July,SRADA,18.3
2017,NE,July,PRCP,1368.4
2018,LA,July,TMAXA,31.4
2018,LA,July,TMINA,17.2
2018,LA,July,SRADA,18.5
2018,LA,July,PRCP,1609.6
2019,EN,July,TMAXA,31.2
2019,EN,July,TMINA,17.6
2019,EN,July,SRADA,18.2
2019,EN,July,PRCP,1497.3
1963,NE,July,TMAXA,28.5
1963,NE,July,TMINA,15.2
1963,NE,July,SRADA,19.1
1963,NE,July,PRCP,1478.4
1964,EN,July,TMAXA,29.4
1964,EN,July,TMINA,16.4
1964,EN,July,SRADA,18.3
1964,EN,July,PRCP,1219.6
1965,LA,July,TMAXA,27.8
1965,LA,July,TMINA,16
1965,LA,July,SRADA,18.1
1965,LA,July,PRCP,1717.9
1966,EN,July,TMAXA,28.4
1966,EN,July,TMINA,16.1
1966,EN,July,SRADA,18.6
1966,EN,July,PRCP,1687.6
1967,NE,July,TMAXA,28.3
1967,NE,July,TMINA,16.2
1967,NE,July,SRADA,18.7
1967,NE,July,PRCP,1441.7
1968,NE,July,TMAXA,28.1
1968,NE,July,TMINA,15.6
1968,NE,July,SRADA,18.7
1968,NE,July,PRCP,1269.9
1969,EN,July,TMAXA,28.6
1969,EN,July,TMINA,16.2
1969,EN,July,SRADA,19.9
1969,EN,July,PRCP,1332.9
1970,NE,July,TMAXA,28.6
1970,NE,July,TMINA,16.7
1970,NE,July,SRADA,18.8
1970,NE,July,PRCP,1642.1
1971,LA,July,TMAXA,28.6
1971,LA,July,TMINA,16.2
1971,LA,July,SRADA,19.7
1971,LA,July,PRCP,1364.1
1972,LA,July,TMAXA,27.9
1972,LA,July,TMINA,15.8
1972,LA,July,SRADA,18.5
1972,LA,July,PRCP,1532.8
1973,EN,July,TMAXA,28.3
1973,EN,July,TMINA,17.3
1973,EN,July,SRADA,18.7
1973,EN,July,PRCP,2007.9
1974,LA,July,TMAXA,27.5
1974,LA,July,TMINA,16.3
1974,LA,July,SRADA,18.5
1974,LA,July,PRCP,1488.2
1975,LA,July,TMAXA,28.2
1975,LA,July,TMINA,15.8
1975,LA,July,SRADA,19.7
1975,LA,July,PRCP,1165.4
1976,LA,July,TMAXA,28.6
1976,LA,July,TMINA,16.1
1976,LA,July,SRADA,18.9
1976,LA,July,PRCP,1313
1977,NE,July,TMAXA,28
1977,NE,July,TMINA,16.2
1977,NE,July,SRADA,18.6
1977,NE,July,PRCP,1485.4
1978,NE,July,TMAXA,28.3
1978,NE,July,TMINA,16.6
1978,NE,July,SRADA,18.4
1978,NE,July,PRCP,1529.3
1979,NE,July,TMAXA,28
1979,NE,July,TMINA,16
1979,NE,July,SRADA,18.2
1979,NE,July,PRCP,1599.1
1980,NE,July,TMAXA,28.4
1980,NE,July,TMINA,16.6
1980,NE,July,SRADA,18.2
1980,NE,July,PRCP,1487.1
1981,NE,July,TMAXA,28.6
1981,NE,July,TMINA,17.1
1981,NE,July,SRADA,18.6
1981,NE,July,PRCP,1291
1982,NE,July,TMAXA,28.2
1982,NE,July,TMINA,17.2
1982,NE,July,SRADA,17.9
1982,NE,July,PRCP,1933.1
1983,EN,July,TMAXA,28.7
1983,EN,July,TMINA,18.1
1983,EN,July,SRADA,17.9
1983,EN,July,PRCP,1939.3
1984,NE,July,TMAXA,28.7
1984,NE,July,TMINA,17.6
1984,NE,July,SRADA,18
1984,NE,July,PRCP,1435.4
1985,LA,July,TMAXA,28.2
1985,LA,July,TMINA,16.7
1985,LA,July,SRADA,18
1985,LA,July,PRCP,1711.6
1986,NE,July,TMAXA,28.5
1986,NE,July,TMINA,17.3
1986,NE,July,SRADA,18.7
1986,NE,July,PRCP,1158.1
1987,EN,July,TMAXA,28.5
1987,EN,July,TMINA,17.4
1987,EN,July,SRADA,17.8
1987,EN,July,PRCP,1601.2
1988,EN,July,TMAXA,29
1988,EN,July,TMINA,17.7
1988,EN,July,SRADA,18
1988,EN,July,PRCP,1813.2
1989,LA,July,TMAXA,28.7
1989,LA,July,TMINA,16.8
1989,LA,July,SRADA,18.5
1989,LA,July,PRCP,1201.5
1990,NE,July,TMAXA,28.5
1990,NE,July,TMINA,16.5
1990,NE,July,SRADA,18.7
1990,NE,July,PRCP,1563.3
1991,NE,July,TMAXA,28.6
1991,NE,July,TMINA,16.9
1991,NE,July,SRADA,18.4
1991,NE,July,PRCP,1665
1992,EN,July,TMAXA,29
1992,EN,July,TMINA,17.5
1992,EN,July,SRADA,17.7
1992,EN,July,PRCP,1484.4
1993,NE,July,TMAXA,28.6
1993,NE,July,TMINA,17.2
1993,NE,July,SRADA,17.6
1993,NE,July,PRCP,1668.2
1994,NE,July,TMAXA,29.3
1994,NE,July,TMINA,17.6
1994,NE,July,SRADA,17.8
1994,NE,July,PRCP,1506.9
1995,EN,July,TMAXA,29.8
1995,EN,July,TMINA,18
1995,EN,July,SRADA,18.4
1995,EN,July,PRCP,1463.4
1996,LA,July,TMAXA,29.5
1996,LA,July,TMINA,17.4
1996,LA,July,SRADA,18.6
1996,LA,July,PRCP,1099.7
1997,NE,July,TMAXA,28.8
1997,NE,July,TMINA,17.2
1997,NE,July,SRADA,17.5
1997,NE,July,PRCP,1532.7
1998,EN,July,TMAXA,30.4
1998,EN,July,TMINA,18.3
1998,EN,July,SRADA,18.1
1998,EN,July,PRCP,1370.8
1999,LA,July,TMAXA,29.6
1999,LA,July,TMINA,17.9
1999,LA,July,SRADA,18.2
1999,LA,July,PRCP,1308.1
2000,LA,July,TMAXA,29.5
2000,LA,July,TMINA,17.6
2000,LA,July,SRADA,19.1
2000,LA,July,PRCP,1513
2001,LA,July,TMAXA,30.1
2001,LA,July,TMINA,18.2
2001,LA,July,SRADA,19.1
2001,LA,July,PRCP,1316.8
2002,NE,July,TMAXA,30.2
2002,NE,July,TMINA,17.4
2002,NE,July,SRADA,18.9
2002,NE,July,PRCP,1568
2003,EN,July,TMAXA,29.7
2003,EN,July,TMINA,18.5
2003,EN,July,SRADA,18.5
2003,EN,July,PRCP,1780.9
2004,NE,July,TMAXA,28.7
2004,NE,July,TMINA,18.3
2004,NE,July,SRADA,18.2
2004,NE,July,PRCP,1378.3
2005,EN,July,TMAXA,29.1
2005,EN,July,TMINA,18.3
2005,EN,July,SRADA,18.7
2005,EN,July,PRCP,1489
2006,NE,July,TMAXA,28.6
2006,NE,July,TMINA,18.3
2006,NE,July,SRADA,19.4
2006,NE,July,PRCP,1229.3
2007,NE,July,TMAXA,28.5
2007,NE,July,TMINA,18.2
2007,NE,July,SRADA,19.8
2007,NE,July,PRCP,1818.4
2008,LA,July,TMAXA,28.4
2008,LA,July,TMINA,18
2008,LA,July,SRADA,19.3
2008,LA,July,PRCP,1738.1
2009,NE,July,TMAXA,28.8
2009,NE,July,TMINA,18.5
2009,NE,July,SRADA,18.2
2009,NE,July,PRCP,1260.1
2010,EN,July,TMAXA,29
2010,EN,July,TMINA,18.8
2010,EN,July,SRADA,18.5
2010,EN,July,PRCP,1341.8
2011,LA,July,TMAXA,29
2011,LA,July,TMINA,18.5
2011,LA,July,SRADA,18.6
2011,LA,July,PRCP,1689
2012,LA,July,TMAXA,28.6
2012,LA,July,TMINA,18.5
2012,LA,July,SRADA,18.6
2012,LA,July,PRCP,1434.6
2013,NE,July,TMAXA,29.1
2013,NE,July,TMINA,18.9
2013,NE,July,SRADA,18.8
2013,NE,July,PRCP,1587.7
2014,NE,July,TMAXA,29
2014,NE,July,TMINA,18.5
2014,NE,July,SRADA,19.3
2014,NE,July,PRCP,1153.8
2015,EN,July,TMAXA,29
2015,EN,July,TMINA,19.1
2015,EN,July,SRADA,18.4
2015,EN,July,PRCP,1504
2016,EN,July,TMAXA,30.1
2016,EN,July,TMINA,19.6
2016,EN,July,SRADA,18.9
2016,EN,July,PRCP,1610.5
2017,NE,July,TMAXA,29.4
2017,NE,July,TMINA,18.9
2017,NE,July,SRADA,19.1
2017,NE,July,PRCP,1450
2018,LA,July,TMAXA,29.3
2018,LA,July,TMINA,18.9
2018,LA,July,SRADA,18.9
2018,LA,July,PRCP,1259.8
2019,EN,July,TMAXA,29.6
2019,EN,July,TMINA,19.2
2019,EN,July,SRADA,18.7
2019,EN,July,PRCP,1539.8
1963,NE,July,TMAXA,30.9
1963,NE,July,TMINA,17.1
1963,NE,July,SRADA,18.9
1963,NE,July,PRCP,1106.5
1964,EN,July,TMAXA,32
1964,EN,July,TMINA,18.3
1964,EN,July,SRADA,17.9
1964,EN,July,PRCP,835.2
1965,LA,July,TMAXA,30
1965,LA,July,TMINA,17.3
1965,LA,July,SRADA,18.1
1965,LA,July,PRCP,1104.7
1966,EN,July,TMAXA,31.1
1966,EN,July,TMINA,18
1966,EN,July,SRADA,18.9
1966,EN,July,PRCP,1115.5
1967,NE,July,TMAXA,30.5
1967,NE,July,TMINA,17.7
1967,NE,July,SRADA,18.9
1967,NE,July,PRCP,1302.7
1968,NE,July,TMAXA,30.6
1968,NE,July,TMINA,17.5
1968,NE,July,SRADA,19.2
1968,NE,July,PRCP,920.9
1969,EN,July,TMAXA,31.3
1969,EN,July,TMINA,18.3
1969,EN,July,SRADA,19.7
1969,EN,July,PRCP,933.8
1970,NE,July,TMAXA,31
1970,NE,July,TMINA,18.6
1970,NE,July,SRADA,18.9
1970,NE,July,PRCP,1054.9
1971,LA,July,TMAXA,30.5
1971,LA,July,TMINA,17.8
1971,LA,July,SRADA,19.4
1971,LA,July,PRCP,1114
1972,LA,July,TMAXA,30.3
1972,LA,July,TMINA,17
1972,LA,July,SRADA,18.5
1972,LA,July,PRCP,1526.7
1973,EN,July,TMAXA,30.7
1973,EN,July,TMINA,18.3
1973,EN,July,SRADA,18.8
1973,EN,July,PRCP,1679.1
1974,LA,July,TMAXA,29.8
1974,LA,July,TMINA,16.9
1974,LA,July,SRADA,18.4
1974,LA,July,PRCP,1370.3
1975,LA,July,TMAXA,30.3
1975,LA,July,TMINA,16.2
1975,LA,July,SRADA,19.4
1975,LA,July,PRCP,1183.6
1976,LA,July,TMAXA,30.5
1976,LA,July,TMINA,18.3
1976,LA,July,SRADA,18.9
1976,LA,July,PRCP,1548.2
1977,NE,July,TMAXA,30.1
1977,NE,July,TMINA,17.9
1977,NE,July,SRADA,18.4
1977,NE,July,PRCP,1452.5
1978,NE,July,TMAXA,30.7
1978,NE,July,TMINA,18.5
1978,NE,July,SRADA,18.7
1978,NE,July,PRCP,1651.9
1979,NE,July,TMAXA,30.4
1979,NE,July,TMINA,17.9
1979,NE,July,SRADA,19
1979,NE,July,PRCP,1305.3
1980,NE,July,TMAXA,30.1
1980,NE,July,TMINA,18.3
1980,NE,July,SRADA,18.3
1980,NE,July,PRCP,1745.9
1981,NE,July,TMAXA,30.7
1981,NE,July,TMINA,18.2
1981,NE,July,SRADA,18.7
1981,NE,July,PRCP,1152.5
1982,NE,July,TMAXA,30.3
1982,NE,July,TMINA,18.1
1982,NE,July,SRADA,17.9
1982,NE,July,PRCP,1490.2
1983,EN,July,TMAXA,30.6
1983,EN,July,TMINA,18.4
1983,EN,July,SRADA,17.8
1983,EN,July,PRCP,1763.5
1984,NE,July,TMAXA,30.7
1984,NE,July,TMINA,18.1
1984,NE,July,SRADA,18.7
1984,NE,July,PRCP,1401.2
1985,LA,July,TMAXA,29.9
1985,LA,July,TMINA,17.9
1985,LA,July,SRADA,18.8
1985,LA,July,PRCP,1400.2
1986,NE,July,TMAXA,31.3
1986,NE,July,TMINA,19.1
1986,NE,July,SRADA,19.5
1986,NE,July,PRCP,987.1
1987,EN,July,TMAXA,30.4
1987,EN,July,TMINA,18.9
1987,EN,July,SRADA,18.1
1987,EN,July,PRCP,1348.5
1988,EN,July,TMAXA,30.6
1988,EN,July,TMINA,18.9
1988,EN,July,SRADA,18.1
1988,EN,July,PRCP,1430.7
1989,LA,July,TMAXA,30.5
1989,LA,July,TMINA,18.7
1989,LA,July,SRADA,18.1
1989,LA,July,PRCP,1213.3
1990,NE,July,TMAXA,29.9
1990,NE,July,TMINA,18.6
1990,NE,July,SRADA,18.8
1990,NE,July,PRCP,1163.1
1991,NE,July,TMAXA,30.1
1991,NE,July,TMINA,18.6
1991,NE,July,SRADA,18.5
1991,NE,July,PRCP,1342.3
1992,EN,July,TMAXA,30.7
1992,EN,July,TMINA,19.2
1992,EN,July,SRADA,17.8
1992,EN,July,PRCP,1008.4
1993,NE,July,TMAXA,30.3
1993,NE,July,TMINA,19.1
1993,NE,July,SRADA,18
1993,NE,July,PRCP,1303.1
1994,NE,July,TMAXA,30.9
1994,NE,July,TMINA,19.5
1994,NE,July,SRADA,18.4
1994,NE,July,PRCP,1346.2
1995,EN,July,TMAXA,31.6
1995,EN,July,TMINA,19.9
1995,EN,July,SRADA,18.9
1995,EN,July,PRCP,1285.2
1996,LA,July,TMAXA,31.2
1996,LA,July,TMINA,19.9
1996,LA,July,SRADA,18.9
1996,LA,July,PRCP,1136.2
1997,NE,July,TMAXA,30.3
1997,NE,July,TMINA,19.4
1997,NE,July,SRADA,18.3
1997,NE,July,PRCP,1656.5
1998,EN,July,TMAXA,31.7
1998,EN,July,TMINA,20.3
1998,EN,July,SRADA,18.6
1998,EN,July,PRCP,1379.7
1999,LA,July,TMAXA,31.3
1999,LA,July,TMINA,20.1
1999,LA,July,SRADA,18.7
1999,LA,July,PRCP,1290.3
2000,LA,July,TMAXA,31.6
2000,LA,July,TMINA,19.3
2000,LA,July,SRADA,19
2000,LA,July,PRCP,1321.9
2001,LA,July,TMAXA,31.1
2001,LA,July,TMINA,17.3
2001,LA,July,SRADA,19
2001,LA,July,PRCP,1223
2002,NE,July,TMAXA,31.4
2002,NE,July,TMINA,19.5
2002,NE,July,SRADA,19
2002,NE,July,PRCP,1390.2
2003,EN,July,TMAXA,31.5
2003,EN,July,TMINA,19.6
2003,EN,July,SRADA,18.5
2003,EN,July,PRCP,1440.4
2004,NE,July,TMAXA,31
2004,NE,July,TMINA,19.1
2004,NE,July,SRADA,18.6
2004,NE,July,PRCP,1196.6
2005,EN,July,TMAXA,31.2
2005,EN,July,TMINA,19.1
2005,EN,July,SRADA,19.1
2005,EN,July,PRCP,1391.9
2006,NE,July,TMAXA,30.7
2006,NE,July,TMINA,19.1
2006,NE,July,SRADA,18.4
2006,NE,July,PRCP,1693.9
2007,NE,July,TMAXA,31.3
2007,NE,July,TMINA,18.7
2007,NE,July,SRADA,18.8
2007,NE,July,PRCP,1851.4
2008,LA,July,TMAXA,30.8
2008,LA,July,TMINA,19
2008,LA,July,SRADA,18.2
2008,LA,July,PRCP,1438.6
2009,NE,July,TMAXA,31.2
2009,NE,July,TMINA,19
2009,NE,July,SRADA,18.8
2009,NE,July,PRCP,1234.3
2010,EN,July,TMAXA,30.9
2010,EN,July,TMINA,19.1
2010,EN,July,SRADA,17.9
2010,EN,July,PRCP,1834.8
2011,LA,July,TMAXA,30.9
2011,LA,July,TMINA,18.8
2011,LA,July,SRADA,18.6
2011,LA,July,PRCP,1702
2012,LA,July,TMAXA,31.3
2012,LA,July,TMINA,19
2012,LA,July,SRADA,19.3
2012,LA,July,PRCP,920.5
2013,NE,July,TMAXA,31.7
2013,NE,July,TMINA,19.6
2013,NE,July,SRADA,19
2013,NE,July,PRCP,1335.2
2014,NE,July,TMAXA,31.4
2014,NE,July,TMINA,18.8
2014,NE,July,SRADA,19.2
2014,NE,July,PRCP,998.9
2015,EN,July,TMAXA,31.4
2015,EN,July,TMINA,19.3
2015,EN,July,SRADA,18.6
2015,EN,July,PRCP,1593
2016,EN,July,TMAXA,31.8
2016,EN,July,TMINA,18.9
2016,EN,July,SRADA,18.3
2016,EN,July,PRCP,1275.2
2017,NE,July,TMAXA,31
2017,NE,July,TMINA,18.7
2017,NE,July,SRADA,18.8
2017,NE,July,PRCP,1249
2018,LA,July,TMAXA,31.7
2018,LA,July,TMINA,18.9
2018,LA,July,SRADA,18.9
2018,LA,July,PRCP,1146.4
2019,EN,July,TMAXA,31.7
2019,EN,July,TMINA,19.4
2019,EN,July,SRADA,18.9
2019,EN,July,PRCP,1257.1
1963,NE,July,TMAXA,31.3
1963,NE,July,TMINA,17.3
1963,NE,July,SRADA,19.2
1963,NE,July,PRCP,1142.3
1964,EN,July,TMAXA,32.3
1964,EN,July,TMINA,18.6
1964,EN,July,SRADA,18.2
1964,EN,July,PRCP,869.5
1965,LA,July,TMAXA,30.5
1965,LA,July,TMINA,18
1965,LA,July,SRADA,18.3
1965,LA,July,PRCP,1424.7
1966,EN,July,TMAXA,31.3
1966,EN,July,TMINA,18.1
1966,EN,July,SRADA,19
1966,EN,July,PRCP,1330.4
1967,NE,July,TMAXA,30.8
1967,NE,July,TMINA,17.8
1967,NE,July,SRADA,19.2
1967,NE,July,PRCP,1230.1
1968,NE,July,TMAXA,31.2
1968,NE,July,TMINA,17.4
1968,NE,July,SRADA,19.4
1968,NE,July,PRCP,1011.2
1969,EN,July,TMAXA,32.1
1969,EN,July,TMINA,18.3
1969,EN,July,SRADA,20.1
1969,EN,July,PRCP,861.1
1970,NE,July,TMAXA,31.8
1970,NE,July,TMINA,18.7
1970,NE,July,SRADA,19
1970,NE,July,PRCP,1018.5
1971,LA,July,TMAXA,31.6
1971,LA,July,TMINA,18.3
1971,LA,July,SRADA,19.6
1971,LA,July,PRCP,929.6
1972,LA,July,TMAXA,30.9
1972,LA,July,TMINA,17.7
1972,LA,July,SRADA,18.8
1972,LA,July,PRCP,1389.5
1973,EN,July,TMAXA,31.1
1973,EN,July,TMINA,18.9
1973,EN,July,SRADA,19.2
1973,EN,July,PRCP,1484.9
1974,LA,July,TMAXA,30.1
1974,LA,July,TMINA,18.4
1974,LA,July,SRADA,18.3
1974,LA,July,PRCP,1472.2
1975,LA,July,TMAXA,30.8
1975,LA,July,TMINA,17.8
1975,LA,July,SRADA,19.4
1975,LA,July,PRCP,1168.1
1976,LA,July,TMAXA,31.4
1976,LA,July,TMINA,18.1
1976,LA,July,SRADA,18.9
1976,LA,July,PRCP,1432.9
1977,NE,July,TMAXA,31.2
1977,NE,July,TMINA,15.8
1977,NE,July,SRADA,18.7
1977,NE,July,PRCP,1368.8
1978,NE,July,TMAXA,31.7
1978,NE,July,TMINA,18.8
1978,NE,July,SRADA,18.8
1978,NE,July,PRCP,1595.2
1979,NE,July,TMAXA,30.3
1979,NE,July,TMINA,18.3
1979,NE,July,SRADA,18.9
1979,NE,July,PRCP,1359.7
1980,NE,July,TMAXA,30.3
1980,NE,July,TMINA,19.1
1980,NE,July,SRADA,18.5
1980,NE,July,PRCP,1432.1
1981,NE,July,TMAXA,31
1981,NE,July,TMINA,19.7
1981,NE,July,SRADA,18.8
1981,NE,July,PRCP,1112.7
1982,NE,July,TMAXA,30.3
1982,NE,July,TMINA,19.1
1982,NE,July,SRADA,18
1982,NE,July,PRCP,1276.5
1983,EN,July,TMAXA,30.1
1983,EN,July,TMINA,19.7
1983,EN,July,SRADA,17.9
1983,EN,July,PRCP,1833.2
1984,NE,July,TMAXA,30.7
1984,NE,July,TMINA,19.1
1984,NE,July,SRADA,18.7
1984,NE,July,PRCP,1373.4
1985,LA,July,TMAXA,30.4
1985,LA,July,TMINA,18.4
1985,LA,July,SRADA,18.7
1985,LA,July,PRCP,1560.3
1986,NE,July,TMAXA,31.2
1986,NE,July,TMINA,19.5
1986,NE,July,SRADA,19.5
1986,NE,July,PRCP,1085.1
1987,EN,July,TMAXA,30.4
1987,EN,July,TMINA,19.3
1987,EN,July,SRADA,18.1
1987,EN,July,PRCP,1165.2
1988,EN,July,TMAXA,30.9
1988,EN,July,TMINA,19.6
1988,EN,July,SRADA,18.2
1988,EN,July,PRCP,1437.6
1989,LA,July,TMAXA,30.6
1989,LA,July,TMINA,19
1989,LA,July,SRADA,18.2
1989,LA,July,PRCP,1192.4
1990,NE,July,TMAXA,30.3
1990,NE,July,TMINA,19
1990,NE,July,SRADA,18.9
1990,NE,July,PRCP,1309.7
1991,NE,July,TMAXA,30.3
1991,NE,July,TMINA,19
1991,NE,July,SRADA,18.6
1991,NE,July,PRCP,1478
1992,EN,July,TMAXA,30.4
1992,EN,July,TMINA,19.6
1992,EN,July,SRADA,17.8
1992,EN,July,PRCP,1078.5
1993,NE,July,TMAXA,30.2
1993,NE,July,TMINA,19.3
1993,NE,July,SRADA,18
1993,NE,July,PRCP,1442.1
1994,NE,July,TMAXA,30.9
1994,NE,July,TMINA,19.5
1994,NE,July,SRADA,18.4
1994,NE,July,PRCP,1418.6
1995,EN,July,TMAXA,31.4
1995,EN,July,TMINA,19.9
1995,EN,July,SRADA,18.9
1995,EN,July,PRCP,1384.1
1996,LA,July,TMAXA,31.3
1996,LA,July,TMINA,19.6
1996,LA,July,SRADA,18.9
1996,LA,July,PRCP,1153.7
1997,NE,July,TMAXA,30.9
1997,NE,July,TMINA,19.3
1997,NE,July,SRADA,18.3
1997,NE,July,PRCP,1430.5
1998,EN,July,TMAXA,31.8
1998,EN,July,TMINA,20.1
1998,EN,July,SRADA,18.7
1998,EN,July,PRCP,1125.5
1999,LA,July,TMAXA,31.3
1999,LA,July,TMINA,19.7
1999,LA,July,SRADA,18.5
1999,LA,July,PRCP,1569.4
2000,LA,July,TMAXA,31.5
2000,LA,July,TMINA,19.2
2000,LA,July,SRADA,18.9
2000,LA,July,PRCP,1234.1
2001,LA,July,TMAXA,31.4
2001,LA,July,TMINA,19.2
2001,LA,July,SRADA,19.1
2001,LA,July,PRCP,1351.4
2002,NE,July,TMAXA,32
2002,NE,July,TMINA,19.8
2002,NE,July,SRADA,19.1
2002,NE,July,PRCP,1209.3
2003,EN,July,TMAXA,32.2
2003,EN,July,TMINA,20.2
2003,EN,July,SRADA,18.7
2003,EN,July,PRCP,1537.5
2004,NE,July,TMAXA,31.4
2004,NE,July,TMINA,19.5
2004,NE,July,SRADA,18.6
2004,NE,July,PRCP,1208
2005,EN,July,TMAXA,31.9
2005,EN,July,TMINA,19.9
2005,EN,July,SRADA,19.2
2005,EN,July,PRCP,1163.1
2006,NE,July,TMAXA,31.3
2006,NE,July,TMINA,19.6
2006,NE,July,SRADA,18.5
2006,NE,July,PRCP,1367.9
2007,NE,July,TMAXA,31.7
2007,NE,July,TMINA,19.7
2007,NE,July,SRADA,20.1
2007,NE,July,PRCP,1654.3
2008,LA,July,TMAXA,31.1
2008,LA,July,TMINA,19.5
2008,LA,July,SRADA,18.6
2008,LA,July,PRCP,1361.5
2009,NE,July,TMAXA,31.5
2009,NE,July,TMINA,19.2
2009,NE,July,SRADA,18.9
2009,NE,July,PRCP,1172.7
2010,EN,July,TMAXA,31.5
2010,EN,July,TMINA,19.1
2010,EN,July,SRADA,18.4
2010,EN,July,PRCP,1352
2011,LA,July,TMAXA,31.4
2011,LA,July,TMINA,19
2011,LA,July,SRADA,18.8
2011,LA,July,PRCP,1553
2012,LA,July,TMAXA,31.7
2012,LA,July,TMINA,19.1
2012,LA,July,SRADA,19.2
2012,LA,July,PRCP,1249.6
2013,NE,July,TMAXA,32
2013,NE,July,TMINA,19.5
2013,NE,July,SRADA,18.7
2013,NE,July,PRCP,1303.1
2014,NE,July,TMAXA,31.7
2014,NE,July,TMINA,18.5
2014,NE,July,SRADA,19.3
2014,NE,July,PRCP,1002.7
2015,EN,July,TMAXA,31.8
2015,EN,July,TMINA,19
2015,EN,July,SRADA,18.9
2015,EN,July,PRCP,1360.7
2016,EN,July,TMAXA,32.5
2016,EN,July,TMINA,18.9
2016,EN,July,SRADA,18.6
2016,EN,July,PRCP,1822
2017,NE,July,TMAXA,31.9
2017,NE,July,TMINA,17.9
2017,NE,July,SRADA,19
2017,NE,July,PRCP,1201.5
2018,LA,July,TMAXA,32.5
2018,LA,July,TMINA,18.1
2018,LA,July,SRADA,19
2018,LA,July,PRCP,1141
2019,EN,July,TMAXA,32.5
2019,EN,July,TMINA,18.5
2019,EN,July,SRADA,18.9
2019,EN,July,PRCP,1162.7
1963,NE,July,TMAXA,30.5
1963,NE,July,TMINA,17.6
1963,NE,July,SRADA,18.8
1963,NE,July,PRCP,1247.1
1964,EN,July,TMAXA,30.2
1964,EN,July,TMINA,19.1
1964,EN,July,SRADA,18
1964,EN,July,PRCP,1061.8
1965,LA,July,TMAXA,28.6
1965,LA,July,TMINA,17.6
1965,LA,July,SRADA,17.5
1965,LA,July,PRCP,1658.9
1966,EN,July,TMAXA,29.6
1966,EN,July,TMINA,18.7
1966,EN,July,SRADA,18.2
1966,EN,July,PRCP,1391
1967,NE,July,TMAXA,29.3
1967,NE,July,TMINA,18.2
1967,NE,July,SRADA,18.4
1967,NE,July,PRCP,1312.8
1968,NE,July,TMAXA,29.5
1968,NE,July,TMINA,17.5
1968,NE,July,SRADA,18.8
1968,NE,July,PRCP,1091.1
1969,EN,July,TMAXA,29.5
1969,EN,July,TMINA,18
1969,EN,July,SRADA,18.7
1969,EN,July,PRCP,1285.7
1970,NE,July,TMAXA,29.5
1970,NE,July,TMINA,18.1
1970,NE,July,SRADA,18.4
1970,NE,July,PRCP,1314.3
1971,LA,July,TMAXA,28.4
1971,LA,July,TMINA,17.9
1971,LA,July,SRADA,18.4
1971,LA,July,PRCP,1272.2
1972,LA,July,TMAXA,29.3
1972,LA,July,TMINA,17.5
1972,LA,July,SRADA,18.3
1972,LA,July,PRCP,1269.6
1973,EN,July,TMAXA,29.5
1973,EN,July,TMINA,19
1973,EN,July,SRADA,18
1973,EN,July,PRCP,1439.9
1974,LA,July,TMAXA,27.9
1974,LA,July,TMINA,18.8
1974,LA,July,SRADA,17.9
1974,LA,July,PRCP,1523
1975,LA,July,TMAXA,29.5
1975,LA,July,TMINA,17.9
1975,LA,July,SRADA,18.4
1975,LA,July,PRCP,1351.6
1976,LA,July,TMAXA,30
1976,LA,July,TMINA,18.5
1976,LA,July,SRADA,17.9
1976,LA,July,PRCP,1655
1977,NE,July,TMAXA,29.9
1977,NE,July,TMINA,18.5
1977,NE,July,SRADA,18.4
1977,NE,July,PRCP,1950.1
1978,NE,July,TMAXA,30.8
1978,NE,July,TMINA,19.2
1978,NE,July,SRADA,18.2
1978,NE,July,PRCP,1531.8
1979,NE,July,TMAXA,29.8
1979,NE,July,TMINA,18.6
1979,NE,July,SRADA,17.9
1979,NE,July,PRCP,1547.8
1980,NE,July,TMAXA,30
1980,NE,July,TMINA,18.9
1980,NE,July,SRADA,17.9
1980,NE,July,PRCP,1878.1
1981,NE,July,TMAXA,30
1981,NE,July,TMINA,18.7
1981,NE,July,SRADA,18.2
1981,NE,July,PRCP,1592.7
1982,NE,July,TMAXA,29.9
1982,NE,July,TMINA,19.1
1982,NE,July,SRADA,17.2
1982,NE,July,PRCP,1658.5
1983,EN,July,TMAXA,29.9
1983,EN,July,TMINA,19.5
1983,EN,July,SRADA,17.3
1983,EN,July,PRCP,1717
1984,NE,July,TMAXA,30.1
1984,NE,July,TMINA,19
1984,NE,July,SRADA,17.9
1984,NE,July,PRCP,1296.1
1985,LA,July,TMAXA,30.2
1985,LA,July,TMINA,18.9
1985,LA,July,SRADA,18.2
1985,LA,July,PRCP,1363.9
1986,NE,July,TMAXA,31.6
1986,NE,July,TMINA,19.5
1986,NE,July,SRADA,18.6
1986,NE,July,PRCP,1204.2
1987,EN,July,TMAXA,30.8
1987,EN,July,TMINA,18.9
1987,EN,July,SRADA,17.5
1987,EN,July,PRCP,1731.4
1988,EN,July,TMAXA,29.8
1988,EN,July,TMINA,18.5
1988,EN,July,SRADA,17.4
1988,EN,July,PRCP,1698.4
1989,LA,July,TMAXA,29.4
1989,LA,July,TMINA,18.1
1989,LA,July,SRADA,17.9
1989,LA,July,PRCP,1427.4
1990,NE,July,TMAXA,29.4
1990,NE,July,TMINA,18.2
1990,NE,July,SRADA,18.3
1990,NE,July,PRCP,1179.8
1991,NE,July,TMAXA,30
1991,NE,July,TMINA,18.3
1991,NE,July,SRADA,18.2
1991,NE,July,PRCP,1669.1
1992,EN,July,TMAXA,30.5
1992,EN,July,TMINA,18.9
1992,EN,July,SRADA,17.5
1992,EN,July,PRCP,1474.6
1993,NE,July,TMAXA,30
1993,NE,July,TMINA,18.9
1993,NE,July,SRADA,17.9
1993,NE,July,PRCP,1324.9
1994,NE,July,TMAXA,30.5
1994,NE,July,TMINA,19.4
1994,NE,July,SRADA,18.1
1994,NE,July,PRCP,1397.1
1995,EN,July,TMAXA,31.1
1995,EN,July,TMINA,19.3
1995,EN,July,SRADA,18.4
1995,EN,July,PRCP,1257.4
1996,LA,July,TMAXA,30.9
1996,LA,July,TMINA,19.7
1996,LA,July,SRADA,18.5
1996,LA,July,PRCP,1259.9
1997,NE,July,TMAXA,30.4
1997,NE,July,TMINA,19.7
1997,NE,July,SRADA,18.2
1997,NE,July,PRCP,1248
1998,EN,July,TMAXA,31.2
1998,EN,July,TMINA,20.3
1998,EN,July,SRADA,18.1
1998,EN,July,PRCP,1328.5
1999,LA,July,TMAXA,30.8
1999,LA,July,TMINA,19.7
1999,LA,July,SRADA,18.2
1999,LA,July,PRCP,1012.4
2000,LA,July,TMAXA,31.5
2000,LA,July,TMINA,19.8
2000,LA,July,SRADA,18.5
2000,LA,July,PRCP,973.5
2001,LA,July,TMAXA,30.5
2001,LA,July,TMINA,19.7
2001,LA,July,SRADA,18.3
2001,LA,July,PRCP,1238.4
2002,NE,July,TMAXA,31.4
2002,NE,July,TMINA,20.3
2002,NE,July,SRADA,18.6
2002,NE,July,PRCP,1452.6
2003,EN,July,TMAXA,31.1
2003,EN,July,TMINA,20.3
2003,EN,July,SRADA,17.6
2003,EN,July,PRCP,1482.8
2004,NE,July,TMAXA,30.4
2004,NE,July,TMINA,19.5
2004,NE,July,SRADA,18.5
2004,NE,July,PRCP,1333.9
2005,EN,July,TMAXA,31.2
2005,EN,July,TMINA,19.9
2005,EN,July,SRADA,18.5
2005,EN,July,PRCP,1409.5
2006,NE,July,TMAXA,30.4
2006,NE,July,TMINA,19.6
2006,NE,July,SRADA,17.8
2006,NE,July,PRCP,1345.6
2007,NE,July,TMAXA,31.2
2007,NE,July,TMINA,19.6
2007,NE,July,SRADA,18.1
2007,NE,July,PRCP,1507.2
2008,LA,July,TMAXA,30.9
2008,LA,July,TMINA,19.5
2008,LA,July,SRADA,17.7
2008,LA,July,PRCP,1342.6
2009,NE,July,TMAXA,31.6
2009,NE,July,TMINA,19.4
2009,NE,July,SRADA,18.9
2009,NE,July,PRCP,1325.2
2010,EN,July,TMAXA,30.7
2010,EN,July,TMINA,19.7
2010,EN,July,SRADA,17.9
2010,EN,July,PRCP,1670.4
2011,LA,July,TMAXA,31
2011,LA,July,TMINA,19.1
2011,LA,July,SRADA,17.9
2011,LA,July,PRCP,1686.1
2012,LA,July,TMAXA,31.3
2012,LA,July,TMINA,19.4
2012,LA,July,SRADA,18.6
2012,LA,July,PRCP,1642
2013,NE,July,TMAXA,31.7
2013,NE,July,TMINA,20
2013,NE,July,SRADA,18.8
2013,NE,July,PRCP,1703.6
2014,NE,July,TMAXA,30.8
2014,NE,July,TMINA,19.2
2014,NE,July,SRADA,18.4
2014,NE,July,PRCP,1374.8
2015,EN,July,TMAXA,31.3
2015,EN,July,TMINA,20.5
2015,EN,July,SRADA,18
2015,EN,July,PRCP,1646
2016,EN,July,TMAXA,31.6
2016,EN,July,TMINA,20.2
2016,EN,July,SRADA,17.8
2016,EN,July,PRCP,1756.2
2017,NE,July,TMAXA,31.1
2017,NE,July,TMINA,19.5
2017,NE,July,SRADA,18.2
2017,NE,July,PRCP,1347.6
2018,LA,July,TMAXA,31.8
2018,LA,July,TMINA,19.8
2018,LA,July,SRADA,17.9
2018,LA,July,PRCP,1426.6
2019,EN,July,TMAXA,31.6
2019,EN,July,TMINA,19.9
2019,EN,July,SRADA,17.3
2019,EN,July,PRCP,1443.1
1963,NE,July,TMAXA,27.5
1963,NE,July,TMINA,15.4
1963,NE,July,SRADA,19
1963,NE,July,PRCP,1514.9
1964,EN,July,TMAXA,28.2
1964,EN,July,TMINA,16.3
1964,EN,July,SRADA,18.2
1964,EN,July,PRCP,1046.9
1965,LA,July,TMAXA,26.2
1965,LA,July,TMINA,15.6
1965,LA,July,SRADA,17.7
1965,LA,July,PRCP,1929
1966,EN,July,TMAXA,27.1
1966,EN,July,TMINA,15.8
1966,EN,July,SRADA,18.3
1966,EN,July,PRCP,1716.5
1967,NE,July,TMAXA,28.2
1967,NE,July,TMINA,15.3
1967,NE,July,SRADA,18.6
1967,NE,July,PRCP,2082.5
1968,NE,July,TMAXA,28.5
1968,NE,July,TMINA,14.5
1968,NE,July,SRADA,18.9
1968,NE,July,PRCP,1372.4
1969,EN,July,TMAXA,29
1969,EN,July,TMINA,14.9
1969,EN,July,SRADA,19.6
1969,EN,July,PRCP,1423.9
1970,NE,July,TMAXA,28.6
1970,NE,July,TMINA,15.9
1970,NE,July,SRADA,18.5
1970,NE,July,PRCP,1731.9
1971,LA,July,TMAXA,28
1971,LA,July,TMINA,15.4
1971,LA,July,SRADA,19.3
1971,LA,July,PRCP,1193
1972,LA,July,TMAXA,27.2
1972,LA,July,TMINA,15.5
1972,LA,July,SRADA,18.3
1972,LA,July,PRCP,1695.1
1973,EN,July,TMAXA,28.1
1973,EN,July,TMINA,16.7
1973,EN,July,SRADA,18.5
1973,EN,July,PRCP,1812.1
1974,LA,July,TMAXA,27.6
1974,LA,July,TMINA,15.3
1974,LA,July,SRADA,18.1
1974,LA,July,PRCP,1724.7
1975,LA,July,TMAXA,28.2
1975,LA,July,TMINA,14.7
1975,LA,July,SRADA,19.1
1975,LA,July,PRCP,1347.1
1976,LA,July,TMAXA,27.7
1976,LA,July,TMINA,15.2
1976,LA,July,SRADA,18.4
1976,LA,July,PRCP,1613.3
1977,NE,July,TMAXA,27.3
1977,NE,July,TMINA,16.1
1977,NE,July,SRADA,18.6
1977,NE,July,PRCP,1812.2
1978,NE,July,TMAXA,27.4
1978,NE,July,TMINA,16.4
1978,NE,July,SRADA,18.5
1978,NE,July,PRCP,1659.3
1979,NE,July,TMAXA,26.2
1979,NE,July,TMINA,15.3
1979,NE,July,SRADA,18.4
1979,NE,July,PRCP,1676.3
1980,NE,July,TMAXA,27.2
1980,NE,July,TMINA,16.6
1980,NE,July,SRADA,17.9
1980,NE,July,PRCP,1665.6
1981,NE,July,TMAXA,27.4
1981,NE,July,TMINA,15.9
1981,NE,July,SRADA,18.2
1981,NE,July,PRCP,1446.8
1982,NE,July,TMAXA,27.1
1982,NE,July,TMINA,15.9
1982,NE,July,SRADA,17.3
1982,NE,July,PRCP,2120.3
1983,EN,July,TMAXA,27.2
1983,EN,July,TMINA,17
1983,EN,July,SRADA,17
1983,EN,July,PRCP,2339.9
1984,NE,July,TMAXA,27.7
1984,NE,July,TMINA,16.1
1984,NE,July,SRADA,17.7
1984,NE,July,PRCP,1657.9
1985,LA,July,TMAXA,27.3
1985,LA,July,TMINA,15.8
1985,LA,July,SRADA,17.5
1985,LA,July,PRCP,1762.5
1986,NE,July,TMAXA,28
1986,NE,July,TMINA,16
1986,NE,July,SRADA,18.2
1986,NE,July,PRCP,1557.8
1987,EN,July,TMAXA,27.6
1987,EN,July,TMINA,16
1987,EN,July,SRADA,17.4
1987,EN,July,PRCP,1541.4
1988,EN,July,TMAXA,28.2
1988,EN,July,TMINA,16.1
1988,EN,July,SRADA,18.4
1988,EN,July,PRCP,1608.3
1989,LA,July,TMAXA,27.4
1989,LA,July,TMINA,15.7
1989,LA,July,SRADA,18.2
1989,LA,July,PRCP,1553.6
1990,NE,July,TMAXA,27.3
1990,NE,July,TMINA,16.2
1990,NE,July,SRADA,18.4
1990,NE,July,PRCP,1443.7
1991,NE,July,TMAXA,27.4
1991,NE,July,TMINA,16.6
1991,NE,July,SRADA,17.7
1991,NE,July,PRCP,1742.4
1992,EN,July,TMAXA,27.7
1992,EN,July,TMINA,16.2
1992,EN,July,SRADA,17.6
1992,EN,July,PRCP,1487.8
1993,NE,July,TMAXA,27.1
1993,NE,July,TMINA,15.8
1993,NE,July,SRADA,17.1
1993,NE,July,PRCP,1705.8
1994,NE,July,TMAXA,27.9
1994,NE,July,TMINA,16.1
1994,NE,July,SRADA,17.5
1994,NE,July,PRCP,1528.5
1995,EN,July,TMAXA,28.7
1995,EN,July,TMINA,16.6
1995,EN,July,SRADA,18.1
1995,EN,July,PRCP,1597.5
1996,LA,July,TMAXA,28.4
1996,LA,July,TMINA,16.1
1996,LA,July,SRADA,18.5
1996,LA,July,PRCP,1581.8
1997,NE,July,TMAXA,27.4
1997,NE,July,TMINA,15.8
1997,NE,July,SRADA,17.8
1997,NE,July,PRCP,1831.1
1998,EN,July,TMAXA,29
1998,EN,July,TMINA,16.6
1998,EN,July,SRADA,18.2
1998,EN,July,PRCP,1478
1999,LA,July,TMAXA,28.2
1999,LA,July,TMINA,16.2
1999,LA,July,SRADA,17.9
1999,LA,July,PRCP,1417.8
2000,LA,July,TMAXA,28.3
2000,LA,July,TMINA,15.9
2000,LA,July,SRADA,18.6
2000,LA,July,PRCP,1665.2
2001,LA,July,TMAXA,28.7
2001,LA,July,TMINA,16.5
2001,LA,July,SRADA,18.4
2001,LA,July,PRCP,1287.1
2002,NE,July,TMAXA,28.5
2002,NE,July,TMINA,16.3
2002,NE,July,SRADA,18.2
2002,NE,July,PRCP,1659.5
2003,EN,July,TMAXA,29
2003,EN,July,TMINA,17.1
2003,EN,July,SRADA,18
2003,EN,July,PRCP,1822.9
2004,NE,July,TMAXA,28.2
2004,NE,July,TMINA,16.6
2004,NE,July,SRADA,17.7
2004,NE,July,PRCP,1541.5
2005,EN,July,TMAXA,28.3
2005,EN,July,TMINA,16.9
2005,EN,July,SRADA,18.4
2005,EN,July,PRCP,1821.4
2006,NE,July,TMAXA,28.2
2006,NE,July,TMINA,16.7
2006,NE,July,SRADA,17.8
2006,NE,July,PRCP,1678.5
2007,NE,July,TMAXA,28.4
2007,NE,July,TMINA,16.8
2007,NE,July,SRADA,18.1
2007,NE,July,PRCP,2157.5
2008,LA,July,TMAXA,28.3
2008,LA,July,TMINA,16.5
2008,LA,July,SRADA,17.9
2008,LA,July,PRCP,1611.3
2009,NE,July,TMAXA,28.4
2009,NE,July,TMINA,16.4
2009,NE,July,SRADA,17.9
2009,NE,July,PRCP,1782.7
2010,EN,July,TMAXA,28.8
2010,EN,July,TMINA,17
2010,EN,July,SRADA,17.6
2010,EN,July,PRCP,1916.4
2011,LA,July,TMAXA,28.7
2011,LA,July,TMINA,16.8
2011,LA,July,SRADA,18
2011,LA,July,PRCP,1679
2012,LA,July,TMAXA,28.3
2012,LA,July,TMINA,16.3
2012,LA,July,SRADA,18.4
2012,LA,July,PRCP,1575.9
2013,NE,July,TMAXA,28.8
2013,NE,July,TMINA,17.8
2013,NE,July,SRADA,18.1
2013,NE,July,PRCP,1743.5
2014,NE,July,TMAXA,28.8
2014,NE,July,TMINA,17.3
2014,NE,July,SRADA,18.8
2014,NE,July,PRCP,1110.7
2015,EN,July,TMAXA,29
2015,EN,July,TMINA,17.9
2015,EN,July,SRADA,17.8
2015,EN,July,PRCP,1515.7
2016,EN,July,TMAXA,29.2
2016,EN,July,TMINA,17.4
2016,EN,July,SRADA,17.5
2016,EN,July,PRCP,1833.3
2017,NE,July,TMAXA,28.7
2017,NE,July,TMINA,16.7
2017,NE,July,SRADA,18.2
2017,NE,July,PRCP,1559.8
2018,LA,July,TMAXA,28.9
2018,LA,July,TMINA,16.7
2018,LA,July,SRADA,18.1
2018,LA,July,PRCP,1485.9
2019,EN,July,TMAXA,28.9
2019,EN,July,TMINA,16.7
2019,EN,July,SRADA,17.7
2019,EN,July,PRCP,1981.5
1963,NE,July,TMAXA,28
1963,NE,July,TMINA,16.4
1963,NE,July,SRADA,16.8
1963,NE,July,PRCP,1410
1964,EN,July,TMAXA,28.2
1964,EN,July,TMINA,17.2
1964,EN,July,SRADA,15.6
1964,EN,July,PRCP,1432
1965,LA,July,TMAXA,26.8
1965,LA,July,TMINA,16.9
1965,LA,July,SRADA,15
1965,LA,July,PRCP,2141.8
1966,EN,July,TMAXA,28.2
1966,EN,July,TMINA,17.2
1966,EN,July,SRADA,16.3
1966,EN,July,PRCP,1580
1967,NE,July,TMAXA,28.1
1967,NE,July,TMINA,17.1
1967,NE,July,SRADA,16
1967,NE,July,PRCP,1624.1
1968,NE,July,TMAXA,27.7
1968,NE,July,TMINA,15.7
1968,NE,July,SRADA,16.6
1968,NE,July,PRCP,1359.8
1969,EN,July,TMAXA,27.9
1969,EN,July,TMINA,16.8
1969,EN,July,SRADA,16.7
1969,EN,July,PRCP,1585.1
1970,NE,July,TMAXA,27.8
1970,NE,July,TMINA,16.4
1970,NE,July,SRADA,15.7
1970,NE,July,PRCP,1284.3
1971,LA,July,TMAXA,28.3
1971,LA,July,TMINA,17.1
1971,LA,July,SRADA,16.5
1971,LA,July,PRCP,667.8
1972,LA,July,TMAXA,27.2
1972,LA,July,TMINA,16.3
1972,LA,July,SRADA,16.2
1972,LA,July,PRCP,1745.3
1973,EN,July,TMAXA,26.8
1973,EN,July,TMINA,17.5
1973,EN,July,SRADA,15.8
1973,EN,July,PRCP,1932
1974,LA,July,TMAXA,25.8
1974,LA,July,TMINA,16.7
1974,LA,July,SRADA,15.2
1974,LA,July,PRCP,1504.4
1975,LA,July,TMAXA,26.5
1975,LA,July,TMINA,16.2
1975,LA,July,SRADA,16
1975,LA,July,PRCP,1381.8
1976,LA,July,TMAXA,26.6
1976,LA,July,TMINA,16.6
1976,LA,July,SRADA,16.1
1976,LA,July,PRCP,1507.6
1977,NE,July,TMAXA,25.9
1977,NE,July,TMINA,17
1977,NE,July,SRADA,15.6
1977,NE,July,PRCP,1434
1978,NE,July,TMAXA,26.1
1978,NE,July,TMINA,16.7
1978,NE,July,SRADA,15.2
1978,NE,July,PRCP,1428.2
1979,NE,July,TMAXA,25.7
1979,NE,July,TMINA,16.1
1979,NE,July,SRADA,14.8
1979,NE,July,PRCP,1515.4
1980,NE,July,TMAXA,26.5
1980,NE,July,TMINA,17
1980,NE,July,SRADA,14.9
1980,NE,July,PRCP,1358.3
1981,NE,July,TMAXA,26.2
1981,NE,July,TMINA,16.7
1981,NE,July,SRADA,15.5
1981,NE,July,PRCP,1206
1982,NE,July,TMAXA,25.4
1982,NE,July,TMINA,16.7
1982,NE,July,SRADA,14.8
1982,NE,July,PRCP,1626.8
1983,EN,July,TMAXA,26.2
1983,EN,July,TMINA,17.4
1983,EN,July,SRADA,14.7
1983,EN,July,PRCP,2005.8
1984,NE,July,TMAXA,26.9
1984,NE,July,TMINA,16.7
1984,NE,July,SRADA,15.8
1984,NE,July,PRCP,1907.9
1985,LA,July,TMAXA,26.1
1985,LA,July,TMINA,17
1985,LA,July,SRADA,15.8
1985,LA,July,PRCP,2093.1
1986,NE,July,TMAXA,27.3
1986,NE,July,TMINA,16.8
1986,NE,July,SRADA,17
1986,NE,July,PRCP,1581.7
1987,EN,July,TMAXA,26.9
1987,EN,July,TMINA,16.9
1987,EN,July,SRADA,15.8
1987,EN,July,PRCP,1533.7
1988,EN,July,TMAXA,26.2
1988,EN,July,TMINA,17
1988,EN,July,SRADA,14.9
1988,EN,July,PRCP,1597.8
1989,LA,July,TMAXA,26.3
1989,LA,July,TMINA,16.7
1989,LA,July,SRADA,15.8
1989,LA,July,PRCP,1324.9
1990,NE,July,TMAXA,27.3
1990,NE,July,TMINA,16.8
1990,NE,July,SRADA,16.6
1990,NE,July,PRCP,1235.4
1991,NE,July,TMAXA,27.2
1991,NE,July,TMINA,16.9
1991,NE,July,SRADA,15.8
1991,NE,July,PRCP,1241.9
1992,EN,July,TMAXA,27.3
1992,EN,July,TMINA,16.7
1992,EN,July,SRADA,16
1992,EN,July,PRCP,1355.5
1993,NE,July,TMAXA,26.3
1993,NE,July,TMINA,17
1993,NE,July,SRADA,15.6
1993,NE,July,PRCP,1509.3
1994,NE,July,TMAXA,26.7
1994,NE,July,TMINA,17.1
1994,NE,July,SRADA,15.9
1994,NE,July,PRCP,1600.4
1995,EN,July,TMAXA,27.2
1995,EN,July,TMINA,17.1
1995,EN,July,SRADA,16.8
1995,EN,July,PRCP,1421.7
1996,LA,July,TMAXA,27
1996,LA,July,TMINA,17
1996,LA,July,SRADA,16.4
1996,LA,July,PRCP,1613.7
1997,NE,July,TMAXA,25.8
1997,NE,July,TMINA,16.4
1997,NE,July,SRADA,15.2
1997,NE,July,PRCP,1424.9
1998,EN,July,TMAXA,27.5
1998,EN,July,TMINA,17.3
1998,EN,July,SRADA,16.1
1998,EN,July,PRCP,1514.2
1999,LA,July,TMAXA,26.6
1999,LA,July,TMINA,17.2
1999,LA,July,SRADA,15.4
1999,LA,July,PRCP,1508.1
2000,LA,July,TMAXA,26.4
2000,LA,July,TMINA,16.2
2000,LA,July,SRADA,15.9
2000,LA,July,PRCP,1227.5
2001,LA,July,TMAXA,27.8
2001,LA,July,TMINA,16.5
2001,LA,July,SRADA,17
2001,LA,July,PRCP,1459.5
2002,NE,July,TMAXA,27.4
2002,NE,July,TMINA,16.2
2002,NE,July,SRADA,16
2002,NE,July,PRCP,1424.3
2003,EN,July,TMAXA,28
2003,EN,July,TMINA,17.7
2003,EN,July,SRADA,16.3
2003,EN,July,PRCP,1898.9
2004,NE,July,TMAXA,26.5
2004,NE,July,TMINA,16.8
2004,NE,July,SRADA,15
2004,NE,July,PRCP,2007.1
2005,EN,July,TMAXA,26.7
2005,EN,July,TMINA,17
2005,EN,July,SRADA,15.3
2005,EN,July,PRCP,1780.7
2006,NE,July,TMAXA,26.9
2006,NE,July,TMINA,17.2
2006,NE,July,SRADA,14.7
2006,NE,July,PRCP,1320.6
2007,NE,July,TMAXA,27.1
2007,NE,July,TMINA,17.5
2007,NE,July,SRADA,15.8
2007,NE,July,PRCP,1605
2008,LA,July,TMAXA,26.9
2008,LA,July,TMINA,17.4
2008,LA,July,SRADA,16.1
2008,LA,July,PRCP,1702.8
2009,NE,July,TMAXA,26.6
2009,NE,July,TMINA,17.5
2009,NE,July,SRADA,15.3
2009,NE,July,PRCP,1852.4
2010,EN,July,TMAXA,27.1
2010,EN,July,TMINA,18.2
2010,EN,July,SRADA,15.6
2010,EN,July,PRCP,2011.7
2011,LA,July,TMAXA,26.5
2011,LA,July,TMINA,17.7
2011,LA,July,SRADA,15.8
2011,LA,July,PRCP,1778.4
2012,LA,July,TMAXA,26.4
2012,LA,July,TMINA,17.4
2012,LA,July,SRADA,15.7
2012,LA,July,PRCP,1639.1
2013,NE,July,TMAXA,26.8
2013,NE,July,TMINA,17.9
2013,NE,July,SRADA,16.5
2013,NE,July,PRCP,1596.1
2014,NE,July,TMAXA,26.9
2014,NE,July,TMINA,17.4
2014,NE,July,SRADA,17.2
2014,NE,July,PRCP,1292.5
2015,EN,July,TMAXA,27.5
2015,EN,July,TMINA,17.8
2015,EN,July,SRADA,16.6
2015,EN,July,PRCP,973.8
2016,EN,July,TMAXA,27.9
2016,EN,July,TMINA,18.5
2016,EN,July,SRADA,15.8
2016,EN,July,PRCP,1590.7
2017,NE,July,TMAXA,27.4
2017,NE,July,TMINA,16.5
2017,NE,July,SRADA,16.2
2017,NE,July,PRCP,1430.8
2018,LA,July,TMAXA,27.6
2018,LA,July,TMINA,17
2018,LA,July,SRADA,15.8
2018,LA,July,PRCP,1348
2019,EN,July,TMAXA,28
2019,EN,July,TMINA,18.3
2019,EN,July,SRADA,15.9
2019,EN,July,PRCP,1545.1
1963,NE,August,TMAXA,28.9
1963,NE,August,TMINA,17.7
1963,NE,August,SRADA,18.9
1963,NE,August,PRCP,1556.7
1964,EN,August,TMAXA,29.5
1964,EN,August,TMINA,18.5
1964,EN,August,SRADA,18.2
1964,EN,August,PRCP,1525.3
1965,LA,August,TMAXA,28.3
1965,LA,August,TMINA,18
1965,LA,August,SRADA,18.2
1965,LA,August,PRCP,1744.6
1966,EN,August,TMAXA,28.8
1966,EN,August,TMINA,18
1966,EN,August,SRADA,18.7
1966,EN,August,PRCP,1723.9
1967,NE,August,TMAXA,29.1
1967,NE,August,TMINA,18.1
1967,NE,August,SRADA,18.7
1967,NE,August,PRCP,1469.8
1968,NE,August,TMAXA,28.4
1968,NE,August,TMINA,17.6
1968,NE,August,SRADA,18.6
1968,NE,August,PRCP,1414.7
1969,EN,August,TMAXA,29.2
1969,EN,August,TMINA,18.2
1969,EN,August,SRADA,19.8
1969,EN,August,PRCP,1125.9
1970,EN,August,TMAXA,29.2
1970,EN,August,TMINA,18.4
1970,EN,August,SRADA,18.7
1970,EN,August,PRCP,1323.6
1971,LA,August,TMAXA,29.6
1971,LA,August,TMINA,18.4
1971,LA,August,SRADA,19.6
1971,LA,August,PRCP,981.1
1972,LA,August,TMAXA,28.6
1972,LA,August,TMINA,17.8
1972,LA,August,SRADA,18.5
1972,LA,August,PRCP,1505.7
1973,EN,August,TMAXA,30
1973,EN,August,TMINA,18.8
1973,EN,August,SRADA,18.9
1973,EN,August,PRCP,1608
1974,LA,August,TMAXA,29
1974,LA,August,TMINA,18.2
1974,LA,August,SRADA,18.2
1974,LA,August,PRCP,1399.2
1975,LA,August,TMAXA,29.5
1975,LA,August,TMINA,18
1975,LA,August,SRADA,19.4
1975,LA,August,PRCP,1212.3
1976,LA,August,TMAXA,29.5
1976,LA,August,TMINA,18
1976,LA,August,SRADA,18.7
1976,LA,August,PRCP,1150.4
1977,EN,August,TMAXA,28.9
1977,EN,August,TMINA,17
1977,EN,August,SRADA,18
1977,EN,August,PRCP,1386.1
1978,NE,August,TMAXA,29.1
1978,NE,August,TMINA,16.8
1978,NE,August,SRADA,17.7
1978,NE,August,PRCP,1490
1979,NE,August,TMAXA,29.3
1979,NE,August,TMINA,17.2
1979,NE,August,SRADA,17.6
1979,NE,August,PRCP,1502.6
1980,NE,August,TMAXA,29.4
1980,NE,August,TMINA,17.4
1980,NE,August,SRADA,17.5
1980,NE,August,PRCP,1576.4
1981,NE,August,TMAXA,29.5
1981,NE,August,TMINA,17
1981,NE,August,SRADA,17.8
1981,NE,August,PRCP,1171.3
1982,NE,August,TMAXA,28.9
1982,NE,August,TMINA,17.5
1982,NE,August,SRADA,17.2
1982,NE,August,PRCP,1637.3
1983,EN,August,TMAXA,29.5
1983,EN,August,TMINA,17.4
1983,EN,August,SRADA,16.9
1983,EN,August,PRCP,1661.8
1984,NE,August,TMAXA,29.8
1984,NE,August,TMINA,17.4
1984,NE,August,SRADA,17.5
1984,NE,August,PRCP,1390.7
1985,LA,August,TMAXA,29.2
1985,LA,August,TMINA,17.7
1985,LA,August,SRADA,18
1985,LA,August,PRCP,1487.1
1986,NE,August,TMAXA,29.8
1986,NE,August,TMINA,18
1986,NE,August,SRADA,18.4
1986,NE,August,PRCP,1314.9
1987,EN,August,TMAXA,29.5
1987,EN,August,TMINA,18.2
1987,EN,August,SRADA,18.1
1987,EN,August,PRCP,1361.5
1988,EN,August,TMAXA,29.8
1988,EN,August,TMINA,18.7
1988,EN,August,SRADA,18.1
1988,EN,August,PRCP,1469.9
1989,LA,August,TMAXA,29.5
1989,LA,August,TMINA,18
1989,LA,August,SRADA,18.7
1989,LA,August,PRCP,1283.8
1990,NE,August,TMAXA,29.5
1990,NE,August,TMINA,18.2
1990,NE,August,SRADA,18.2
1990,NE,August,PRCP,1723.9
1991,NE,August,TMAXA,29.6
1991,NE,August,TMINA,18.5
1991,NE,August,SRADA,18
1991,NE,August,PRCP,1486.8
1992,EN,August,TMAXA,29.5
1992,EN,August,TMINA,18.1
1992,EN,August,SRADA,17.6
1992,EN,August,PRCP,1707.7
1993,NE,August,TMAXA,29.6
1993,NE,August,TMINA,18.2
1993,NE,August,SRADA,17.6
1993,NE,August,PRCP,1443
1994,NE,August,TMAXA,30.4
1994,NE,August,TMINA,17.7
1994,NE,August,SRADA,18.1
1994,NE,August,PRCP,1675.9
1995,EN,August,TMAXA,30.8
1995,EN,August,TMINA,18.4
1995,EN,August,SRADA,18.2
1995,EN,August,PRCP,1475
1996,LA,August,TMAXA,29.9
1996,LA,August,TMINA,18.4
1996,LA,August,SRADA,18.6
1996,LA,August,PRCP,1330.9
1997,NE,August,TMAXA,29.1
1997,NE,August,TMINA,18
1997,NE,August,SRADA,17.8
1997,NE,August,PRCP,1560
1998,EN,August,TMAXA,30.8
1998,EN,August,TMINA,18.9
1998,EN,August,SRADA,18.6
1998,EN,August,PRCP,1535.2
1999,LA,August,TMAXA,30.5
1999,LA,August,TMINA,18.6
1999,LA,August,SRADA,18.5
1999,LA,August,PRCP,1252.1
2000,LA,August,TMAXA,30
2000,LA,August,TMINA,18.3
2000,LA,August,SRADA,19.1
2000,LA,August,PRCP,1431
2001,LA,August,TMAXA,30.4
2001,LA,August,TMINA,18.2
2001,LA,August,SRADA,19.2
2001,LA,August,PRCP,1312.5
2002,NE,August,TMAXA,30.2
2002,NE,August,TMINA,18.7
2002,NE,August,SRADA,18.8
2002,NE,August,PRCP,1529
2003,EN,August,TMAXA,30.4
2003,EN,August,TMINA,18.9
2003,EN,August,SRADA,18.6
2003,EN,August,PRCP,1432.6
2004,NE,August,TMAXA,29.5
2004,NE,August,TMINA,18.5
2004,NE,August,SRADA,18
2004,NE,August,PRCP,1782.6
2005,EN,August,TMAXA,30.2
2005,EN,August,TMINA,18.8
2005,EN,August,SRADA,18.9
2005,EN,August,PRCP,1460.2
2006,NE,August,TMAXA,30
2006,NE,August,TMINA,18.8
2006,NE,August,SRADA,18.5
2006,NE,August,PRCP,1900.2
2007,NE,August,TMAXA,30
2007,NE,August,TMINA,18.5
2007,NE,August,SRADA,19
2007,NE,August,PRCP,1896.8
2008,LA,August,TMAXA,30.1
2008,LA,August,TMINA,18.6
2008,LA,August,SRADA,19
2008,LA,August,PRCP,1416.1
2009,NE,August,TMAXA,30.3
2009,NE,August,TMINA,18.8
2009,NE,August,SRADA,18.5
2009,NE,August,PRCP,1439.5
2010,EN,August,TMAXA,30.5
2010,EN,August,TMINA,18.9
2010,EN,August,SRADA,19
2010,EN,August,PRCP,1154.7
2011,LA,August,TMAXA,30.4
2011,LA,August,TMINA,18.6
2011,LA,August,SRADA,18.8
2011,LA,August,PRCP,1415.6
2012,LA,August,TMAXA,29.9
2012,LA,August,TMINA,18.6
2012,LA,August,SRADA,18.7
2012,LA,August,PRCP,1621.3
2013,NE,August,TMAXA,30.5
2013,NE,August,TMINA,19
2013,NE,August,SRADA,19
2013,NE,August,PRCP,1320.6
2014,NE,August,TMAXA,30.2
2014,NE,August,TMINA,18.7
2014,NE,August,SRADA,19.3
2014,NE,August,PRCP,1214.1
2015,EN,August,TMAXA,30.5
2015,EN,August,TMINA,19.2
2015,EN,August,SRADA,19.1
2015,EN,August,PRCP,1455.2
2016,EN,August,TMAXA,31.8
2016,EN,August,TMINA,19.6
2016,EN,August,SRADA,19.1
2016,EN,August,PRCP,1330.3
2017,NE,August,TMAXA,30.6
2017,NE,August,TMINA,19.1
2017,NE,August,SRADA,19.1
2017,NE,August,PRCP,1277.4
2018,LA,August,TMAXA,30.5
2018,LA,August,TMINA,18.9
2018,LA,August,SRADA,18.8
2018,LA,August,PRCP,1493.3
2019,EN,August,TMAXA,30.7
2019,EN,August,TMINA,19.2
2019,EN,August,SRADA,18.6
2019,EN,August,PRCP,1327
1963,NE,August,TMAXA,30.8
1963,NE,August,TMINA,16.6
1963,NE,August,SRADA,19
1963,NE,August,PRCP,1444.6
1964,EN,August,TMAXA,31.2
1964,EN,August,TMINA,17.2
1964,EN,August,SRADA,18.4
1964,EN,August,PRCP,1146.2
1965,LA,August,TMAXA,30.3
1965,LA,August,TMINA,17.2
1965,LA,August,SRADA,18.2
1965,LA,August,PRCP,1674.7
1966,EN,August,TMAXA,30.7
1966,EN,August,TMINA,17.1
1966,EN,August,SRADA,19
1966,EN,August,PRCP,1592.8
1967,NE,August,TMAXA,30.4
1967,NE,August,TMINA,17.1
1967,NE,August,SRADA,19.3
1967,NE,August,PRCP,1533
1968,NE,August,TMAXA,29.7
1968,NE,August,TMINA,16.6
1968,NE,August,SRADA,19.2
1968,NE,August,PRCP,1070.9
1969,EN,August,TMAXA,30.3
1969,EN,August,TMINA,17.8
1969,EN,August,SRADA,19.8
1969,EN,August,PRCP,1295
1970,EN,August,TMAXA,30.3
1970,EN,August,TMINA,17.9
1970,EN,August,SRADA,19
1970,EN,August,PRCP,1351.6
1971,LA,August,TMAXA,30.3
1971,LA,August,TMINA,17.9
1971,LA,August,SRADA,19.2
1971,LA,August,PRCP,1367.2
1972,LA,August,TMAXA,29.6
1972,LA,August,TMINA,17.6
1972,LA,August,SRADA,18.2
1972,LA,August,PRCP,1333
1973,EN,August,TMAXA,29.6
1973,EN,August,TMINA,19
1973,EN,August,SRADA,18.7
1973,EN,August,PRCP,1763.6
1974,LA,August,TMAXA,28.5
1974,LA,August,TMINA,18.4
1974,LA,August,SRADA,18.1
1974,LA,August,PRCP,1585.3
1975,LA,August,TMAXA,29.9
1975,LA,August,TMINA,17
1975,LA,August,SRADA,19.3
1975,LA,August,PRCP,1220.2
1976,LA,August,TMAXA,29.8
1976,LA,August,TMINA,17.2
1976,LA,August,SRADA,18.4
1976,LA,August,PRCP,1538.3
1977,EN,August,TMAXA,28.9
1977,EN,August,TMINA,16.9
1977,EN,August,SRADA,17.9
1977,EN,August,PRCP,1528.2
1978,NE,August,TMAXA,29.2
1978,NE,August,TMINA,17.8
1978,NE,August,SRADA,17.6
1978,NE,August,PRCP,1634.3
1979,NE,August,TMAXA,29.7
1979,NE,August,TMINA,16.7
1979,NE,August,SRADA,17.5
1979,NE,August,PRCP,1783.1
1980,NE,August,TMAXA,29.9
1980,NE,August,TMINA,16.6
1980,NE,August,SRADA,17
1980,NE,August,PRCP,1695.4
1981,NE,August,TMAXA,30
1981,NE,August,TMINA,16
1981,NE,August,SRADA,17.1
1981,NE,August,PRCP,1434.8
1982,NE,August,TMAXA,29.8
1982,NE,August,TMINA,16.9
1982,NE,August,SRADA,16.5
1982,NE,August,PRCP,1815.1
1983,EN,August,TMAXA,30
1983,EN,August,TMINA,17.1
1983,EN,August,SRADA,17
1983,EN,August,PRCP,2048.4
1984,NE,August,TMAXA,30
1984,NE,August,TMINA,16.6
1984,NE,August,SRADA,17
1984,NE,August,PRCP,1758.5
1985,LA,August,TMAXA,29.8
1985,LA,August,TMINA,15.9
1985,LA,August,SRADA,17.7
1985,LA,August,PRCP,1784.6
1986,NE,August,TMAXA,30.6
1986,NE,August,TMINA,16.7
1986,NE,August,SRADA,17.8
1986,NE,August,PRCP,1096.3
1987,EN,August,TMAXA,30.3
1987,EN,August,TMINA,16.6
1987,EN,August,SRADA,17.4
1987,EN,August,PRCP,1890.9
1988,EN,August,TMAXA,30.4
1988,EN,August,TMINA,16.8
1988,EN,August,SRADA,17.5
1988,EN,August,PRCP,1883.6
1989,LA,August,TMAXA,30.2
1989,LA,August,TMINA,16.4
1989,LA,August,SRADA,17.6
1989,LA,August,PRCP,1824.1
1990,NE,August,TMAXA,30.3
1990,NE,August,TMINA,16.5
1990,NE,August,SRADA,18.1
1990,NE,August,PRCP,1302.9
1991,NE,August,TMAXA,30.3
1991,NE,August,TMINA,17.1
1991,NE,August,SRADA,17.8
1991,NE,August,PRCP,1814.9
1992,EN,August,TMAXA,30.5
1992,EN,August,TMINA,17
1992,EN,August,SRADA,16.9
1992,EN,August,PRCP,1682.6
1993,NE,August,TMAXA,29.9
1993,NE,August,TMINA,16.6
1993,NE,August,SRADA,17.1
1993,NE,August,PRCP,1729.3
1994,NE,August,TMAXA,30.7
1994,NE,August,TMINA,16.8
1994,NE,August,SRADA,17.9
1994,NE,August,PRCP,1469.1
1995,EN,August,TMAXA,31.2
1995,EN,August,TMINA,17.2
1995,EN,August,SRADA,18
1995,EN,August,PRCP,1332.2
1996,LA,August,TMAXA,30.6
1996,LA,August,TMINA,16.8
1996,LA,August,SRADA,18.5
1996,LA,August,PRCP,1630
1997,NE,August,TMAXA,29.6
1997,NE,August,TMINA,16.9
1997,NE,August,SRADA,17.1
1997,NE,August,PRCP,2012.6
1998,EN,August,TMAXA,31.3
1998,EN,August,TMINA,17.8
1998,EN,August,SRADA,17.7
1998,EN,August,PRCP,1654.1
1999,LA,August,TMAXA,30.9
1999,LA,August,TMINA,17
1999,LA,August,SRADA,17.8
1999,LA,August,PRCP,1194.3
2000,LA,August,TMAXA,30.8
2000,LA,August,TMINA,16.7
2000,LA,August,SRADA,18.3
2000,LA,August,PRCP,1618.3
2001,LA,August,TMAXA,30.7
2001,LA,August,TMINA,17
2001,LA,August,SRADA,17.9
2001,LA,August,PRCP,1577
2002,NE,August,TMAXA,30.6
2002,NE,August,TMINA,17.2
2002,NE,August,SRADA,18
2002,NE,August,PRCP,2095.8
2003,EN,August,TMAXA,30.9
2003,EN,August,TMINA,17
2003,EN,August,SRADA,17.8
2003,EN,August,PRCP,1406.4
2004,NE,August,TMAXA,30.3
2004,NE,August,TMINA,16.9
2004,NE,August,SRADA,17.6
2004,NE,August,PRCP,1512.7
2005,EN,August,TMAXA,31
2005,EN,August,TMINA,16.9
2005,EN,August,SRADA,18.2
2005,EN,August,PRCP,1502
2006,NE,August,TMAXA,30.7
2006,NE,August,TMINA,16.9
2006,NE,August,SRADA,17.7
2006,NE,August,PRCP,1598.8
2007,NE,August,TMAXA,30.7
2007,NE,August,TMINA,17.2
2007,NE,August,SRADA,18.1
2007,NE,August,PRCP,1774.7
2008,LA,August,TMAXA,30.6
2008,LA,August,TMINA,17
2008,LA,August,SRADA,17.9
2008,LA,August,PRCP,1901.1
2009,NE,August,TMAXA,31
2009,NE,August,TMINA,16.8
2009,NE,August,SRADA,18.6
2009,NE,August,PRCP,1251.9
2010,EN,August,TMAXA,30.9
2010,EN,August,TMINA,17.2
2010,EN,August,SRADA,18.3
2010,EN,August,PRCP,1988.5
2011,LA,August,TMAXA,31
2011,LA,August,TMINA,16.9
2011,LA,August,SRADA,18.5
2011,LA,August,PRCP,1622.2
2012,LA,August,TMAXA,30.6
2012,LA,August,TMINA,17
2012,LA,August,SRADA,18.7
2012,LA,August,PRCP,1716.9
2013,NE,August,TMAXA,31.1
2013,NE,August,TMINA,17.3
2013,NE,August,SRADA,18.2
2013,NE,August,PRCP,1656.4
2014,NE,August,TMAXA,31
2014,NE,August,TMINA,17.3
2014,NE,August,SRADA,18.5
2014,NE,August,PRCP,1347.2
2015,EN,August,TMAXA,31.2
2015,EN,August,TMINA,17.6
2015,EN,August,SRADA,18.7
2015,EN,August,PRCP,1694.4
2016,EN,August,TMAXA,31.8
2016,EN,August,TMINA,17.5
2016,EN,August,SRADA,18.6
2016,EN,August,PRCP,1456.4
2017,NE,August,TMAXA,30.8
2017,NE,August,TMINA,17.3
2017,NE,August,SRADA,18.3
2017,NE,August,PRCP,1367.4
2018,LA,August,TMAXA,31.4
2018,LA,August,TMINA,17.2
2018,LA,August,SRADA,18.4
2018,LA,August,PRCP,1609.6
2019,EN,August,TMAXA,31.1
2019,EN,August,TMINA,17.6
2019,EN,August,SRADA,18.3
2019,EN,August,PRCP,1500.3
1963,NE,August,TMAXA,28.6
1963,NE,August,TMINA,15.3
1963,NE,August,SRADA,19
1963,NE,August,PRCP,1470
1964,EN,August,TMAXA,29.2
1964,EN,August,TMINA,16.4
1964,EN,August,SRADA,18.2
1964,EN,August,PRCP,1234
1965,LA,August,TMAXA,28
1965,LA,August,TMINA,16.1
1965,LA,August,SRADA,18.2
1965,LA,August,PRCP,1719
1966,EN,August,TMAXA,28.4
1966,EN,August,TMINA,16.1
1966,EN,August,SRADA,18.6
1966,EN,August,PRCP,1663.1
1967,NE,August,TMAXA,28.4
1967,NE,August,TMINA,16.2
1967,NE,August,SRADA,18.8
1967,NE,August,PRCP,1441.5
1968,NE,August,TMAXA,27.9
1968,NE,August,TMINA,15.5
1968,NE,August,SRADA,18.7
1968,NE,August,PRCP,1280.1
1969,EN,August,TMAXA,28.7
1969,EN,August,TMINA,16.3
1969,EN,August,SRADA,20
1969,EN,August,PRCP,1326.4
1970,EN,August,TMAXA,28.4
1970,EN,August,TMINA,16.6
1970,EN,August,SRADA,18.7
1970,EN,August,PRCP,1638.7
1971,LA,August,TMAXA,28.7
1971,LA,August,TMINA,16.3
1971,LA,August,SRADA,19.6
1971,LA,August,PRCP,1384.1
1972,LA,August,TMAXA,27.9
1972,LA,August,TMINA,15.9
1972,LA,August,SRADA,18.5
1972,LA,August,PRCP,1533.7
1973,EN,August,TMAXA,28.2
1973,EN,August,TMINA,17.2
1973,EN,August,SRADA,18.6
1973,EN,August,PRCP,1990.9
1974,LA,August,TMAXA,27.6
1974,LA,August,TMINA,16.3
1974,LA,August,SRADA,18.6
1974,LA,August,PRCP,1502.7
1975,LA,August,TMAXA,28.3
1975,LA,August,TMINA,15.8
1975,LA,August,SRADA,19.7
1975,LA,August,PRCP,1144.7
1976,LA,August,TMAXA,28.6
1976,LA,August,TMINA,16.1
1976,LA,August,SRADA,18.8
1976,LA,August,PRCP,1319
1977,EN,August,TMAXA,28.1
1977,EN,August,TMINA,16.3
1977,EN,August,SRADA,18.6
1977,EN,August,PRCP,1478.6
1978,NE,August,TMAXA,28.1
1978,NE,August,TMINA,16.5
1978,NE,August,SRADA,18.2
1978,NE,August,PRCP,1536.7
1979,NE,August,TMAXA,28.1
1979,NE,August,TMINA,15.9
1979,NE,August,SRADA,18.3
1979,NE,August,PRCP,1614.1
1980,NE,August,TMAXA,28.4
1980,NE,August,TMINA,16.7
1980,NE,August,SRADA,18.2
1980,NE,August,PRCP,1486.4
1981,NE,August,TMAXA,28.4
1981,NE,August,TMINA,16.9
1981,NE,August,SRADA,18.6
1981,NE,August,PRCP,1270.8
1982,NE,August,TMAXA,28.1
1982,NE,August,TMINA,17.3
1982,NE,August,SRADA,17.8
1982,NE,August,PRCP,1972.1
1983,EN,August,TMAXA,28.6
1983,EN,August,TMINA,18
1983,EN,August,SRADA,17.9
1983,EN,August,PRCP,1950.3
1984,NE,August,TMAXA,28.9
1984,NE,August,TMINA,17.6
1984,NE,August,SRADA,18
1984,NE,August,PRCP,1386
1985,LA,August,TMAXA,28
1985,LA,August,TMINA,16.5
1985,LA,August,SRADA,18.1
1985,LA,August,PRCP,1711
1986,NE,August,TMAXA,28.6
1986,NE,August,TMINA,17.5
1986,NE,August,SRADA,18.4
1986,NE,August,PRCP,1173
1987,EN,August,TMAXA,28.5
1987,EN,August,TMINA,17.3
1987,EN,August,SRADA,18
1987,EN,August,PRCP,1585.4
1988,EN,August,TMAXA,28.9
1988,EN,August,TMINA,17.5
1988,EN,August,SRADA,18.1
1988,EN,August,PRCP,1807.9
1989,LA,August,TMAXA,28.7
1989,LA,August,TMINA,16.8
1989,LA,August,SRADA,18.4
1989,LA,August,PRCP,1247
1990,NE,August,TMAXA,28.5
1990,NE,August,TMINA,16.3
1990,NE,August,SRADA,18.7
1990,NE,August,PRCP,1521.8
1991,NE,August,TMAXA,28.7
1991,NE,August,TMINA,17.1
1991,NE,August,SRADA,18.3
1991,NE,August,PRCP,1661
1992,EN,August,TMAXA,29
1992,EN,August,TMINA,17.5
1992,EN,August,SRADA,17.6
1992,EN,August,PRCP,1484.4
1993,NE,August,TMAXA,28.6
1993,NE,August,TMINA,17.3
1993,NE,August,SRADA,17.5
1993,NE,August,PRCP,1668.2
1994,NE,August,TMAXA,29.4
1994,NE,August,TMINA,17.6
1994,NE,August,SRADA,18
1994,NE,August,PRCP,1504.2
1995,EN,August,TMAXA,29.9
1995,EN,August,TMINA,18.1
1995,EN,August,SRADA,18.3
1995,EN,August,PRCP,1456.9
1996,LA,August,TMAXA,29.4
1996,LA,August,TMINA,17.2
1996,LA,August,SRADA,18.7
1996,LA,August,PRCP,1108.1
1997,NE,August,TMAXA,28.7
1997,NE,August,TMINA,17.3
1997,NE,August,SRADA,17.5
1997,NE,August,PRCP,1518.1
1998,EN,August,TMAXA,30.4
1998,EN,August,TMINA,18.6
1998,EN,August,SRADA,18.1
1998,EN,August,PRCP,1436.4
1999,LA,August,TMAXA,29.7
1999,LA,August,TMINA,17.9
1999,LA,August,SRADA,18.4
1999,LA,August,PRCP,1242.5
2000,LA,August,TMAXA,29.5
2000,LA,August,TMINA,17.5
2000,LA,August,SRADA,19.1
2000,LA,August,PRCP,1526.2
2001,LA,August,TMAXA,30.1
2001,LA,August,TMINA,18.2
2001,LA,August,SRADA,19.1
2001,LA,August,PRCP,1306.6
2002,NE,August,TMAXA,30.3
2002,NE,August,TMINA,17.6
2002,NE,August,SRADA,18.8
2002,NE,August,PRCP,1568.3
2003,EN,August,TMAXA,29.4
2003,EN,August,TMINA,18.5
2003,EN,August,SRADA,18.5
2003,EN,August,PRCP,1779
2004,NE,August,TMAXA,28.5
2004,NE,August,TMINA,18.1
2004,NE,August,SRADA,18.3
2004,NE,August,PRCP,1383.3
2005,EN,August,TMAXA,29.2
2005,EN,August,TMINA,18.4
2005,EN,August,SRADA,18.8
2005,EN,August,PRCP,1483.2
2006,NE,August,TMAXA,28.7
2006,NE,August,TMINA,18.4
2006,NE,August,SRADA,19.3
2006,NE,August,PRCP,1229.1
2007,NE,August,TMAXA,28.3
2007,NE,August,TMINA,18.1
2007,NE,August,SRADA,19.8
2007,NE,August,PRCP,1847.2
2008,LA,August,TMAXA,28.6
2008,LA,August,TMINA,18.1
2008,LA,August,SRADA,19.1
2008,LA,August,PRCP,1709.5
2009,NE,August,TMAXA,28.8
2009,NE,August,TMINA,18.5
2009,NE,August,SRADA,18.2
2009,NE,August,PRCP,1259.9
2010,EN,August,TMAXA,29
2010,EN,August,TMINA,18.7
2010,EN,August,SRADA,18.5
2010,EN,August,PRCP,1341.8
2011,LA,August,TMAXA,29
2011,LA,August,TMINA,18.5
2011,LA,August,SRADA,18.6
2011,LA,August,PRCP,1690
2012,LA,August,TMAXA,28.5
2012,LA,August,TMINA,18.4
2012,LA,August,SRADA,18.7
2012,LA,August,PRCP,1452.8
2013,NE,August,TMAXA,29.1
2013,NE,August,TMINA,18.8
2013,NE,August,SRADA,18.7
2013,NE,August,PRCP,1568.9
2014,NE,August,TMAXA,28.9
2014,NE,August,TMINA,18.6
2014,NE,August,SRADA,19.2
2014,NE,August,PRCP,1228.2
2015,EN,August,TMAXA,29.1
2015,EN,August,TMINA,19.2
2015,EN,August,SRADA,18.6
2015,EN,August,PRCP,1429.2
2016,EN,August,TMAXA,30.2
2016,EN,August,TMINA,19.5
2016,EN,August,SRADA,18.9
2016,EN,August,PRCP,1610.5
2017,NE,August,TMAXA,29.3
2017,NE,August,TMINA,18.8
2017,NE,August,SRADA,19
2017,NE,August,PRCP,1450
2018,LA,August,TMAXA,29.4
2018,LA,August,TMINA,19
2018,LA,August,SRADA,18.8
2018,LA,August,PRCP,1264.6
2019,EN,August,TMAXA,29.4
2019,EN,August,TMINA,19.2
2019,EN,August,SRADA,18.6
2019,EN,August,PRCP,1541.8
1963,NE,August,TMAXA,31.1
1963,NE,August,TMINA,17.1
1963,NE,August,SRADA,18.8
1963,NE,August,PRCP,1084.7
1964,EN,August,TMAXA,31.7
1964,EN,August,TMINA,18.2
1964,EN,August,SRADA,17.9
1964,EN,August,PRCP,852.5
1965,LA,August,TMAXA,30.2
1965,LA,August,TMINA,17.5
1965,LA,August,SRADA,18.1
1965,LA,August,PRCP,1094.3
1966,EN,August,TMAXA,31
1966,EN,August,TMINA,17.9
1966,EN,August,SRADA,18.8
1966,EN,August,PRCP,1127.6
1967,NE,August,TMAXA,30.6
1967,NE,August,TMINA,17.8
1967,NE,August,SRADA,19
1967,NE,August,PRCP,1281.8
1968,NE,August,TMAXA,30.4
1968,NE,August,TMINA,17.3
1968,NE,August,SRADA,19.2
1968,NE,August,PRCP,955.6
1969,EN,August,TMAXA,31.6
1969,EN,August,TMINA,18.5
1969,EN,August,SRADA,19.8
1969,EN,August,PRCP,899.1
1970,EN,August,TMAXA,30.8
1970,EN,August,TMINA,18.5
1970,EN,August,SRADA,18.9
1970,EN,August,PRCP,1054.9
1971,LA,August,TMAXA,30.6
1971,LA,August,TMINA,17.8
1971,LA,August,SRADA,19.2
1971,LA,August,PRCP,1120
1972,LA,August,TMAXA,30.2
1972,LA,August,TMINA,17.1
1972,LA,August,SRADA,18.4
1972,LA,August,PRCP,1541.1
1973,EN,August,TMAXA,30.6
1973,EN,August,TMINA,18.1
1973,EN,August,SRADA,18.7
1973,EN,August,PRCP,1672.9
1974,LA,August,TMAXA,29.9
1974,LA,August,TMINA,16.9
1974,LA,August,SRADA,18.5
1974,LA,August,PRCP,1382.7
1975,LA,August,TMAXA,30.4
1975,LA,August,TMINA,16.5
1975,LA,August,SRADA,19.5
1975,LA,August,PRCP,1162.8
1976,LA,August,TMAXA,30.4
1976,LA,August,TMINA,18.3
1976,LA,August,SRADA,18.7
1976,LA,August,PRCP,1584.8
1977,EN,August,TMAXA,30.4
1977,EN,August,TMINA,18
1977,EN,August,SRADA,18.4
1977,EN,August,PRCP,1413.9
1978,NE,August,TMAXA,30.3
1978,NE,August,TMINA,18.4
1978,NE,August,SRADA,18.6
1978,NE,August,PRCP,1706.4
1979,NE,August,TMAXA,30.4
1979,NE,August,TMINA,17.9
1979,NE,August,SRADA,19
1979,NE,August,PRCP,1325.4
1980,NE,August,TMAXA,30.2
1980,NE,August,TMINA,18.4
1980,NE,August,SRADA,18.2
1980,NE,August,PRCP,1688.1
1981,NE,August,TMAXA,30.5
1981,NE,August,TMINA,17.9
1981,NE,August,SRADA,18.7
1981,NE,August,PRCP,1152.3
1982,NE,August,TMAXA,30.1
1982,NE,August,TMINA,18.2
1982,NE,August,SRADA,17.8
1982,NE,August,PRCP,1507.5
1983,EN,August,TMAXA,30.5
1983,EN,August,TMINA,18.3
1983,EN,August,SRADA,17.8
1983,EN,August,PRCP,1813.2
1984,NE,August,TMAXA,30.9
1984,NE,August,TMINA,18.3
1984,NE,August,SRADA,18.7
1984,NE,August,PRCP,1345.8
1985,LA,August,TMAXA,29.8
1985,LA,August,TMINA,17.8
1985,LA,August,SRADA,18.9
1985,LA,August,PRCP,1392.8
1986,NE,August,TMAXA,31.4
1986,NE,August,TMINA,19.4
1986,NE,August,SRADA,19.2
1986,NE,August,PRCP,1031.7
1987,EN,August,TMAXA,30.5
1987,EN,August,TMINA,18.7
1987,EN,August,SRADA,18.4
1987,EN,August,PRCP,1301.7
1988,EN,August,TMAXA,30.5
1988,EN,August,TMINA,18.8
1988,EN,August,SRADA,18.1
1988,EN,August,PRCP,1415.9
1989,LA,August,TMAXA,30.4
1989,LA,August,TMINA,18.7
1989,LA,August,SRADA,17.9
1989,LA,August,PRCP,1236.5
1990,NE,August,TMAXA,29.9
1990,NE,August,TMINA,18.4
1990,NE,August,SRADA,18.8
1990,NE,August,PRCP,1155.5
1991,NE,August,TMAXA,30.2
1991,NE,August,TMINA,18.8
1991,NE,August,SRADA,18.4
1991,NE,August,PRCP,1327.1
1992,EN,August,TMAXA,30.6
1992,EN,August,TMINA,19.2
1992,EN,August,SRADA,17.7
1992,EN,August,PRCP,1008.2
1993,NE,August,TMAXA,30.3
1993,NE,August,TMINA,19.1
1993,NE,August,SRADA,18
1993,NE,August,PRCP,1303.7
1994,NE,August,TMAXA,31
1994,NE,August,TMINA,19.6
1994,NE,August,SRADA,18.5
1994,NE,August,PRCP,1360.7
1995,EN,August,TMAXA,31.8
1995,EN,August,TMINA,20
1995,EN,August,SRADA,18.9
1995,EN,August,PRCP,1268.6
1996,LA,August,TMAXA,31.1
1996,LA,August,TMINA,19.8
1996,LA,August,SRADA,18.9
1996,LA,August,PRCP,1141.6
1997,NE,August,TMAXA,30.2
1997,NE,August,TMINA,19.3
1997,NE,August,SRADA,18.2
1997,NE,August,PRCP,1650.5
1998,EN,August,TMAXA,31.8
1998,EN,August,TMINA,20.6
1998,EN,August,SRADA,18.5
1998,EN,August,PRCP,1411.3
1999,LA,August,TMAXA,31.4
1999,LA,August,TMINA,20
1999,LA,August,SRADA,18.8
1999,LA,August,PRCP,1259.1
2000,LA,August,TMAXA,31.3
2000,LA,August,TMINA,19
2000,LA,August,SRADA,18.9
2000,LA,August,PRCP,1352.5
2001,LA,August,TMAXA,31.1
2001,LA,August,TMINA,17.5
2001,LA,August,SRADA,19
2001,LA,August,PRCP,1197.6
2002,NE,August,TMAXA,31.4
2002,NE,August,TMINA,19.6
2002,NE,August,SRADA,18.8
2002,NE,August,PRCP,1435.4
2003,EN,August,TMAXA,31.5
2003,EN,August,TMINA,19.6
2003,EN,August,SRADA,18.6
2003,EN,August,PRCP,1409.8
2004,NE,August,TMAXA,30.7
2004,NE,August,TMINA,18.8
2004,NE,August,SRADA,18.6
2004,NE,August,PRCP,1177.2
2005,EN,August,TMAXA,31.2
2005,EN,August,TMINA,19.1
2005,EN,August,SRADA,19
2005,EN,August,PRCP,1433.1
2006,NE,August,TMAXA,31
2006,NE,August,TMINA,19.3
2006,NE,August,SRADA,18.4
2006,NE,August,PRCP,1693.9
2007,NE,August,TMAXA,31
2007,NE,August,TMINA,18.5
2007,NE,August,SRADA,18.6
2007,NE,August,PRCP,1889.2
2008,LA,August,TMAXA,31
2008,LA,August,TMINA,19.3
2008,LA,August,SRADA,18.2
2008,LA,August,PRCP,1423.2
2009,NE,August,TMAXA,31.1
2009,NE,August,TMINA,18.9
2009,NE,August,SRADA,18.8
2009,NE,August,PRCP,1213.5
2010,EN,August,TMAXA,30.9
2010,EN,August,TMINA,19.1
2010,EN,August,SRADA,18
2010,EN,August,PRCP,1833.4
2011,LA,August,TMAXA,31
2011,LA,August,TMINA,18.9
2011,LA,August,SRADA,18.6
2011,LA,August,PRCP,1714.8
2012,LA,August,TMAXA,31.1
2012,LA,August,TMINA,18.8
2012,LA,August,SRADA,19.4
2012,LA,August,PRCP,907.7
2013,NE,August,TMAXA,31.5
2013,NE,August,TMINA,19.3
2013,NE,August,SRADA,18.9
2013,NE,August,PRCP,1354.4
2014,NE,August,TMAXA,31.4
2014,NE,August,TMINA,19
2014,NE,August,SRADA,19
2014,NE,August,PRCP,1079.5
2015,EN,August,TMAXA,31.5
2015,EN,August,TMINA,19.3
2015,EN,August,SRADA,18.8
2015,EN,August,PRCP,1493.2
2016,EN,August,TMAXA,31.8
2016,EN,August,TMINA,18.8
2016,EN,August,SRADA,18.2
2016,EN,August,PRCP,1276.4
2017,NE,August,TMAXA,30.9
2017,NE,August,TMINA,18.6
2017,NE,August,SRADA,18.8
2017,NE,August,PRCP,1247.8
2018,LA,August,TMAXA,31.8
2018,LA,August,TMINA,19
2018,LA,August,SRADA,18.8
2018,LA,August,PRCP,1148.4
2019,EN,August,TMAXA,31.7
2019,EN,August,TMINA,19.4
2019,EN,August,SRADA,18.9
2019,EN,August,PRCP,1311.3
1963,NE,August,TMAXA,31.5
1963,NE,August,TMINA,17.4
1963,NE,August,SRADA,19.1
1963,NE,August,PRCP,1122.3
1964,EN,August,TMAXA,32
1964,EN,August,TMINA,18.5
1964,EN,August,SRADA,18.2
1964,EN,August,PRCP,888.6
1965,LA,August,TMAXA,30.8
1965,LA,August,TMINA,18.1
1965,LA,August,SRADA,18.4
1965,LA,August,PRCP,1425.9
1966,EN,August,TMAXA,31.2
1966,EN,August,TMINA,18
1966,EN,August,SRADA,18.9
1966,EN,August,PRCP,1313.7
1967,NE,August,TMAXA,30.9
1967,NE,August,TMINA,17.8
1967,NE,August,SRADA,19.3
1967,NE,August,PRCP,1222.6
1968,NE,August,TMAXA,31.1
1968,NE,August,TMINA,17.3
1968,NE,August,SRADA,19.4
1968,NE,August,PRCP,1027.2
1969,EN,August,TMAXA,32.4
1969,EN,August,TMINA,18.4
1969,EN,August,SRADA,20.1
1969,EN,August,PRCP,845.4
1970,EN,August,TMAXA,31.6
1970,EN,August,TMINA,18.6
1970,EN,August,SRADA,19
1970,EN,August,PRCP,1017.7
1971,LA,August,TMAXA,31.6
1971,LA,August,TMINA,18.4
1971,LA,August,SRADA,19.5
1971,LA,August,PRCP,949.8
1972,LA,August,TMAXA,30.8
1972,LA,August,TMINA,17.8
1972,LA,August,SRADA,18.7
1972,LA,August,PRCP,1398.6
1973,EN,August,TMAXA,31
1973,EN,August,TMINA,18.8
1973,EN,August,SRADA,19.1
1973,EN,August,PRCP,1477.5
1974,LA,August,TMAXA,30.2
1974,LA,August,TMINA,18.5
1974,LA,August,SRADA,18.4
1974,LA,August,PRCP,1469.5
1975,LA,August,TMAXA,30.9
1975,LA,August,TMINA,17.7
1975,LA,August,SRADA,19.4
1975,LA,August,PRCP,1167.1
1976,LA,August,TMAXA,31.4
1976,LA,August,TMINA,18.1
1976,LA,August,SRADA,18.7
1976,LA,August,PRCP,1482.7
1977,EN,August,TMAXA,31.3
1977,EN,August,TMINA,16
1977,EN,August,SRADA,18.7
1977,EN,August,PRCP,1319.3
1978,NE,August,TMAXA,31.4
1978,NE,August,TMINA,18.7
1978,NE,August,SRADA,18.7
1978,NE,August,PRCP,1724.6
1979,NE,August,TMAXA,30.3
1979,NE,August,TMINA,18.3
1979,NE,August,SRADA,18.9
1979,NE,August,PRCP,1276
1980,NE,August,TMAXA,30.4
1980,NE,August,TMINA,19.2
1980,NE,August,SRADA,18.4
1980,NE,August,PRCP,1403.9
1981,NE,August,TMAXA,30.8
1981,NE,August,TMINA,19.4
1981,NE,August,SRADA,18.8
1981,NE,August,PRCP,1106.7
1982,NE,August,TMAXA,30.2
1982,NE,August,TMINA,19.3
1982,NE,August,SRADA,18
1982,NE,August,PRCP,1287.9
1983,EN,August,TMAXA,30
1983,EN,August,TMINA,19.5
1983,EN,August,SRADA,17.9
1983,EN,August,PRCP,1882.5
1984,NE,August,TMAXA,31.1
1984,NE,August,TMINA,19.2
1984,NE,August,SRADA,18.7
1984,NE,August,PRCP,1337.8
1985,LA,August,TMAXA,30.1
1985,LA,August,TMINA,18.3
1985,LA,August,SRADA,18.8
1985,LA,August,PRCP,1540.3
1986,NE,August,TMAXA,31.2
1986,NE,August,TMINA,19.7
1986,NE,August,SRADA,19.2
1986,NE,August,PRCP,1113.6
1987,EN,August,TMAXA,30.6
1987,EN,August,TMINA,19.2
1987,EN,August,SRADA,18.4
1987,EN,August,PRCP,1130.9
1988,EN,August,TMAXA,30.7
1988,EN,August,TMINA,19.4
1988,EN,August,SRADA,18.2
1988,EN,August,PRCP,1427.8
1989,LA,August,TMAXA,30.6
1989,LA,August,TMINA,19
1989,LA,August,SRADA,18.1
1989,LA,August,PRCP,1214.2
1990,NE,August,TMAXA,30.4
1990,NE,August,TMINA,18.9
1990,NE,August,SRADA,18.9
1990,NE,August,PRCP,1287.9
1991,NE,August,TMAXA,30.3
1991,NE,August,TMINA,19.2
1991,NE,August,SRADA,18.5
1991,NE,August,PRCP,1478.7
1992,EN,August,TMAXA,30.3
1992,EN,August,TMINA,19.6
1992,EN,August,SRADA,17.7
1992,EN,August,PRCP,1078.6
1993,NE,August,TMAXA,30.3
1993,NE,August,TMINA,19.3
1993,NE,August,SRADA,18
1993,NE,August,PRCP,1442.8
1994,NE,August,TMAXA,30.9
1994,NE,August,TMINA,19.5
1994,NE,August,SRADA,18.5
1994,NE,August,PRCP,1422.3
1995,EN,August,TMAXA,31.6
1995,EN,August,TMINA,20.1
1995,EN,August,SRADA,18.9
1995,EN,August,PRCP,1379.7
1996,LA,August,TMAXA,31.3
1996,LA,August,TMINA,19.3
1996,LA,August,SRADA,18.9
1996,LA,August,PRCP,1160.1
1997,NE,August,TMAXA,30.7
1997,NE,August,TMINA,19.3
1997,NE,August,SRADA,18.3
1997,NE,August,PRCP,1415.9
1998,EN,August,TMAXA,31.9
1998,EN,August,TMINA,20.3
1998,EN,August,SRADA,18.5
1998,EN,August,PRCP,1205.1
1999,LA,August,TMAXA,31.4
1999,LA,August,TMINA,19.6
1999,LA,August,SRADA,18.6
1999,LA,August,PRCP,1485.8
2000,LA,August,TMAXA,31.3
2000,LA,August,TMINA,18.9
2000,LA,August,SRADA,18.9
2000,LA,August,PRCP,1255.2
2001,LA,August,TMAXA,31.5
2001,LA,August,TMINA,19.3
2001,LA,August,SRADA,19.1
2001,LA,August,PRCP,1335
2002,NE,August,TMAXA,32.1
2002,NE,August,TMINA,19.9
2002,NE,August,SRADA,19
2002,NE,August,PRCP,1233.6
2003,EN,August,TMAXA,32.1
2003,EN,August,TMINA,20.1
2003,EN,August,SRADA,18.7
2003,EN,August,PRCP,1525
2004,NE,August,TMAXA,31.2
2004,NE,August,TMINA,19.2
2004,NE,August,SRADA,18.6
2004,NE,August,PRCP,1195.4
2005,EN,August,TMAXA,32
2005,EN,August,TMINA,20.1
2005,EN,August,SRADA,19.1
2005,EN,August,PRCP,1220.3
2006,NE,August,TMAXA,31.6
2006,NE,August,TMINA,19.7
2006,NE,August,SRADA,18.7
2006,NE,August,PRCP,1310.7
2007,NE,August,TMAXA,31.4
2007,NE,August,TMINA,19.5
2007,NE,August,SRADA,20
2007,NE,August,PRCP,1718.4
2008,LA,August,TMAXA,31.3
2008,LA,August,TMINA,19.6
2008,LA,August,SRADA,18.5
2008,LA,August,PRCP,1310.9
2009,NE,August,TMAXA,31.5
2009,NE,August,TMINA,19.2
2009,NE,August,SRADA,18.8
2009,NE,August,PRCP,1163.5
2010,EN,August,TMAXA,31.5
2010,EN,August,TMINA,19
2010,EN,August,SRADA,18.5
2010,EN,August,PRCP,1347.7
2011,LA,August,TMAXA,31.5
2011,LA,August,TMINA,19
2011,LA,August,SRADA,18.6
2011,LA,August,PRCP,1570.8
2012,LA,August,TMAXA,31.6
2012,LA,August,TMINA,19
2012,LA,August,SRADA,19.3
2012,LA,August,PRCP,1231.8
2013,NE,August,TMAXA,31.9
2013,NE,August,TMINA,19.3
2013,NE,August,SRADA,18.6
2013,NE,August,PRCP,1326.9
2014,NE,August,TMAXA,31.8
2014,NE,August,TMINA,18.7
2014,NE,August,SRADA,19.2
2014,NE,August,PRCP,1029.1
2015,EN,August,TMAXA,32
2015,EN,August,TMINA,19.1
2015,EN,August,SRADA,19
2015,EN,August,PRCP,1310.5
2016,EN,August,TMAXA,32.5
2016,EN,August,TMINA,18.7
2016,EN,August,SRADA,18.6
2016,EN,August,PRCP,1822.4
2017,NE,August,TMAXA,31.8
2017,NE,August,TMINA,17.8
2017,NE,August,SRADA,18.9
2017,NE,August,PRCP,1201.1
2018,LA,August,TMAXA,32.6
2018,LA,August,TMINA,18.2
2018,LA,August,SRADA,19
2018,LA,August,PRCP,1155
2019,EN,August,TMAXA,32.5
2019,EN,August,TMINA,18.6
2019,EN,August,SRADA,19
2019,EN,August,PRCP,1195.1
1963,NE,August,TMAXA,30.5
1963,NE,August,TMINA,17.6
1963,NE,August,SRADA,18.7
1963,NE,August,PRCP,1237.4
1964,EN,August,TMAXA,29.9
1964,EN,August,TMINA,19
1964,EN,August,SRADA,18
1964,EN,August,PRCP,1091.1
1965,LA,August,TMAXA,28.8
1965,LA,August,TMINA,17.9
1965,LA,August,SRADA,17.6
1965,LA,August,PRCP,1633.9
1966,EN,August,TMAXA,29.5
1966,EN,August,TMINA,18.5
1966,EN,August,SRADA,18.1
1966,EN,August,PRCP,1390.7
1967,NE,August,TMAXA,29.4
1967,NE,August,TMINA,18.3
1967,NE,August,SRADA,18.4
1967,NE,August,PRCP,1311.2
1968,NE,August,TMAXA,29.3
1968,NE,August,TMINA,17.4
1968,NE,August,SRADA,18.9
1968,NE,August,PRCP,1133.6
1969,EN,August,TMAXA,29.7
1969,EN,August,TMINA,18
1969,EN,August,SRADA,18.7
1969,EN,August,PRCP,1231.2
1970,EN,August,TMAXA,29.3
1970,EN,August,TMINA,18.2
1970,EN,August,SRADA,18.4
1970,EN,August,PRCP,1313.1
1971,LA,August,TMAXA,28.4
1971,LA,August,TMINA,17.9
1971,LA,August,SRADA,18.2
1971,LA,August,PRCP,1355.9
1972,LA,August,TMAXA,29.2
1972,LA,August,TMINA,17.5
1972,LA,August,SRADA,18.2
1972,LA,August,PRCP,1253.5
1973,EN,August,TMAXA,29.2
1973,EN,August,TMINA,19
1973,EN,August,SRADA,17.8
1973,EN,August,PRCP,1384.4
1974,LA,August,TMAXA,28.1
1974,LA,August,TMINA,19
1974,LA,August,SRADA,18
1974,LA,August,PRCP,1545.6
1975,LA,August,TMAXA,29.8
1975,LA,August,TMINA,18
1975,LA,August,SRADA,18.4
1975,LA,August,PRCP,1349.1
1976,LA,August,TMAXA,29.9
1976,LA,August,TMINA,18.5
1976,LA,August,SRADA,17.9
1976,LA,August,PRCP,1712.7
1977,EN,August,TMAXA,30.1
1977,EN,August,TMINA,18.7
1977,EN,August,SRADA,18.4
1977,EN,August,PRCP,1889.6
1978,NE,August,TMAXA,30.6
1978,NE,August,TMINA,19.1
1978,NE,August,SRADA,18.2
1978,NE,August,PRCP,1563.7
1979,NE,August,TMAXA,29.8
1979,NE,August,TMINA,18.6
1979,NE,August,SRADA,17.9
1979,NE,August,PRCP,1581.3
1980,NE,August,TMAXA,29.7
1980,NE,August,TMINA,18.7
1980,NE,August,SRADA,17.8
1980,NE,August,PRCP,1845.6
1981,NE,August,TMAXA,29.9
1981,NE,August,TMINA,18.4
1981,NE,August,SRADA,18.1
1981,NE,August,PRCP,1592.9
1982,NE,August,TMAXA,29.8
1982,NE,August,TMINA,19.3
1982,NE,August,SRADA,17.2
1982,NE,August,PRCP,1727.7
1983,EN,August,TMAXA,29.7
1983,EN,August,TMINA,19.3
1983,EN,August,SRADA,17.1
1983,EN,August,PRCP,1675.6
1984,NE,August,TMAXA,30.3
1984,NE,August,TMINA,19
1984,NE,August,SRADA,18
1984,NE,August,PRCP,1306.7
1985,LA,August,TMAXA,30
1985,LA,August,TMINA,19
1985,LA,August,SRADA,18.2
1985,LA,August,PRCP,1369
1986,NE,August,TMAXA,31.8
1986,NE,August,TMINA,19.5
1986,NE,August,SRADA,18.5
1986,NE,August,PRCP,1258.1
1987,EN,August,TMAXA,30.8
1987,EN,August,TMINA,18.8
1987,EN,August,SRADA,17.5
1987,EN,August,PRCP,1658.5
1988,EN,August,TMAXA,29.5
1988,EN,August,TMINA,18.3
1988,EN,August,SRADA,17.6
1988,EN,August,PRCP,1664.4
1989,LA,August,TMAXA,29.4
1989,LA,August,TMINA,18.1
1989,LA,August,SRADA,17.8
1989,LA,August,PRCP,1483.6
1990,NE,August,TMAXA,29.4
1990,NE,August,TMINA,18
1990,NE,August,SRADA,18.3
1990,NE,August,PRCP,1139.9
1991,NE,August,TMAXA,30.1
1991,NE,August,TMINA,18.5
1991,NE,August,SRADA,18.1
1991,NE,August,PRCP,1651.9
1992,EN,August,TMAXA,30.3
1992,EN,August,TMINA,18.7
1992,EN,August,SRADA,17.3
1992,EN,August,PRCP,1484.2
1993,NE,August,TMAXA,30.1
1993,NE,August,TMINA,19
1993,NE,August,SRADA,17.8
1993,NE,August,PRCP,1317.6
1994,NE,August,TMAXA,30.6
1994,NE,August,TMINA,19.4
1994,NE,August,SRADA,18.2
1994,NE,August,PRCP,1442.6
1995,EN,August,TMAXA,31.2
1995,EN,August,TMINA,19.5
1995,EN,August,SRADA,18.4
1995,EN,August,PRCP,1211.3
1996,LA,August,TMAXA,30.8
1996,LA,August,TMINA,19.6
1996,LA,August,SRADA,18.6
1996,LA,August,PRCP,1275.5
1997,NE,August,TMAXA,30.3
1997,NE,August,TMINA,19.7
1997,NE,August,SRADA,18.1
1997,NE,August,PRCP,1250.5
1998,EN,August,TMAXA,31.3
1998,EN,August,TMINA,20.5
1998,EN,August,SRADA,18
1998,EN,August,PRCP,1408.2
1999,LA,August,TMAXA,30.9
1999,LA,August,TMINA,19.5
1999,LA,August,SRADA,18.4
1999,LA,August,PRCP,913.2
2000,LA,August,TMAXA,31.2
2000,LA,August,TMINA,19.6
2000,LA,August,SRADA,18.3
2000,LA,August,PRCP,997.2
2001,LA,August,TMAXA,30.6
2001,LA,August,TMINA,19.8
2001,LA,August,SRADA,18.4
2001,LA,August,PRCP,1236.1
2002,NE,August,TMAXA,31.4
2002,NE,August,TMINA,20.3
2002,NE,August,SRADA,18.3
2002,NE,August,PRCP,1560.9
2003,EN,August,TMAXA,31.1
2003,EN,August,TMINA,20.3
2003,EN,August,SRADA,17.7
2003,EN,August,PRCP,1434.3
2004,NE,August,TMAXA,30.2
2004,NE,August,TMINA,19.4
2004,NE,August,SRADA,18.5
2004,NE,August,PRCP,1239.9
2005,EN,August,TMAXA,31.3
2005,EN,August,TMINA,19.9
2005,EN,August,SRADA,18.5
2005,EN,August,PRCP,1422.1
2006,NE,August,TMAXA,30.8
2006,NE,August,TMINA,19.8
2006,NE,August,SRADA,17.8
2006,NE,August,PRCP,1330.6
2007,NE,August,TMAXA,31
2007,NE,August,TMINA,19.3
2007,NE,August,SRADA,18.1
2007,NE,August,PRCP,1542.4
2008,LA,August,TMAXA,31.1
2008,LA,August,TMINA,19.7
2008,LA,August,SRADA,17.6
2008,LA,August,PRCP,1343.2
2009,NE,August,TMAXA,31.3
2009,NE,August,TMINA,19.3
2009,NE,August,SRADA,18.8
2009,NE,August,PRCP,1311.2
2010,EN,August,TMAXA,30.6
2010,EN,August,TMINA,19.5
2010,EN,August,SRADA,17.8
2010,EN,August,PRCP,1646.6
2011,LA,August,TMAXA,31.1
2011,LA,August,TMINA,19.3
2011,LA,August,SRADA,17.9
2011,LA,August,PRCP,1704.7
2012,LA,August,TMAXA,31.3
2012,LA,August,TMINA,19.3
2012,LA,August,SRADA,18.8
2012,LA,August,PRCP,1623.4
2013,NE,August,TMAXA,31.4
2013,NE,August,TMINA,19.7
2013,NE,August,SRADA,18.7
2013,NE,August,PRCP,1710
2014,NE,August,TMAXA,30.8
2014,NE,August,TMINA,19.6
2014,NE,August,SRADA,18.3
2014,NE,August,PRCP,1491.2
2015,EN,August,TMAXA,31.6
2015,EN,August,TMINA,20.6
2015,EN,August,SRADA,18.2
2015,EN,August,PRCP,1525.6
2016,EN,August,TMAXA,31.5
2016,EN,August,TMINA,20
2016,EN,August,SRADA,17.7
2016,EN,August,PRCP,1766.6
2017,NE,August,TMAXA,31.1
2017,NE,August,TMINA,19.5
2017,NE,August,SRADA,18.2
2017,NE,August,PRCP,1336.8
2018,LA,August,TMAXA,31.7
2018,LA,August,TMINA,19.7
2018,LA,August,SRADA,17.7
2018,LA,August,PRCP,1499.2
2019,EN,August,TMAXA,31.6
2019,EN,August,TMINA,19.9
2019,EN,August,SRADA,17.3
2019,EN,August,PRCP,1377.3
1963,NE,August,TMAXA,27.7
1963,NE,August,TMINA,15.5
1963,NE,August,SRADA,19
1963,NE,August,PRCP,1510.2
1964,EN,August,TMAXA,27.9
1964,EN,August,TMINA,16.1
1964,EN,August,SRADA,18.1
1964,EN,August,PRCP,1061.5
1965,LA,August,TMAXA,26.3
1965,LA,August,TMINA,15.8
1965,LA,August,SRADA,17.7
1965,LA,August,PRCP,1938
1966,EN,August,TMAXA,27.2
1966,EN,August,TMINA,15.8
1966,EN,August,SRADA,18.2
1966,EN,August,PRCP,1700.3
1967,NE,August,TMAXA,28.2
1967,NE,August,TMINA,15.3
1967,NE,August,SRADA,18.7
1967,NE,August,PRCP,2079.8
1968,NE,August,TMAXA,28.3
1968,NE,August,TMINA,14.4
1968,NE,August,SRADA,18.8
1968,NE,August,PRCP,1414.2
1969,EN,August,TMAXA,29.1
1969,EN,August,TMINA,15
1969,EN,August,SRADA,19.6
1969,EN,August,PRCP,1400.2
1970,EN,August,TMAXA,28.4
1970,EN,August,TMINA,15.8
1970,EN,August,SRADA,18.5
1970,EN,August,PRCP,1711.3
1971,LA,August,TMAXA,28.1
1971,LA,August,TMINA,15.6
1971,LA,August,SRADA,19.1
1971,LA,August,PRCP,1226
1972,LA,August,TMAXA,27
1972,LA,August,TMINA,15.4
1972,LA,August,SRADA,18.2
1972,LA,August,PRCP,1750.9
1973,EN,August,TMAXA,28.1
1973,EN,August,TMINA,16.4
1973,EN,August,SRADA,18.5
1973,EN,August,PRCP,1779.8
1974,LA,August,TMAXA,27.7
1974,LA,August,TMINA,15.6
1974,LA,August,SRADA,18.2
1974,LA,August,PRCP,1717.9
1975,LA,August,TMAXA,28.2
1975,LA,August,TMINA,14.5
1975,LA,August,SRADA,19.2
1975,LA,August,PRCP,1340.4
1976,LA,August,TMAXA,27.5
1976,LA,August,TMINA,15.3
1976,LA,August,SRADA,18.3
1976,LA,August,PRCP,1686.3
1977,EN,August,TMAXA,27.5
1977,EN,August,TMINA,16.3
1977,EN,August,SRADA,18.7
1977,EN,August,PRCP,1736.6
1978,NE,August,TMAXA,27
1978,NE,August,TMINA,16.1
1978,NE,August,SRADA,18.3
1978,NE,August,PRCP,1740.3
1979,NE,August,TMAXA,26.3
1979,NE,August,TMINA,15.2
1979,NE,August,SRADA,18.3
1979,NE,August,PRCP,1684.1
1980,NE,August,TMAXA,27.1
1980,NE,August,TMINA,16.6
1980,NE,August,SRADA,17.9
1980,NE,August,PRCP,1664.8
1981,NE,August,TMAXA,27.3
1981,NE,August,TMINA,15.7
1981,NE,August,SRADA,18.1
1981,NE,August,PRCP,1442.6
1982,NE,August,TMAXA,27
1982,NE,August,TMINA,15.9
1982,NE,August,SRADA,17.3
1982,NE,August,PRCP,2155
1983,EN,August,TMAXA,27.1
1983,EN,August,TMINA,16.9
1983,EN,August,SRADA,16.9
1983,EN,August,PRCP,2340.8
1984,NE,August,TMAXA,27.9
1984,NE,August,TMINA,16.2
1984,NE,August,SRADA,17.7
1984,NE,August,PRCP,1627.8
1985,LA,August,TMAXA,27.1
1985,LA,August,TMINA,15.6
1985,LA,August,SRADA,17.6
1985,LA,August,PRCP,1757.2
1986,NE,August,TMAXA,28
1986,NE,August,TMINA,16
1986,NE,August,SRADA,18
1986,NE,August,PRCP,1634.5
1987,EN,August,TMAXA,27.7
1987,EN,August,TMINA,15.9
1987,EN,August,SRADA,17.6
1987,EN,August,PRCP,1458
1988,EN,August,TMAXA,28
1988,EN,August,TMINA,16
1988,EN,August,SRADA,18.4
1988,EN,August,PRCP,1598.8
1989,LA,August,TMAXA,27.4
1989,LA,August,TMINA,15.8
1989,LA,August,SRADA,18
1989,LA,August,PRCP,1583.2
1990,NE,August,TMAXA,27.3
1990,NE,August,TMINA,16.3
1990,NE,August,SRADA,18.3
1990,NE,August,PRCP,1416.9
1991,NE,August,TMAXA,27.5
1991,NE,August,TMINA,16.6
1991,NE,August,SRADA,17.7
1991,NE,August,PRCP,1749.3
1992,EN,August,TMAXA,27.7
1992,EN,August,TMINA,16.1
1992,EN,August,SRADA,17.5
1992,EN,August,PRCP,1488.2
1993,NE,August,TMAXA,27.2
1993,NE,August,TMINA,15.8
1993,NE,August,SRADA,17.1
1993,NE,August,PRCP,1705.4
1994,NE,August,TMAXA,28
1994,NE,August,TMINA,16.1
1994,NE,August,SRADA,17.6
1994,NE,August,PRCP,1503.7
1995,EN,August,TMAXA,28.8
1995,EN,August,TMINA,16.8
1995,EN,August,SRADA,18
1995,EN,August,PRCP,1589.9
1996,LA,August,TMAXA,28.3
1996,LA,August,TMINA,15.8
1996,LA,August,SRADA,18.5
1996,LA,August,PRCP,1605.6
1997,NE,August,TMAXA,27.4
1997,NE,August,TMINA,15.7
1997,NE,August,SRADA,17.7
1997,NE,August,PRCP,1777.3
1998,EN,August,TMAXA,29
1998,EN,August,TMINA,16.8
1998,EN,August,SRADA,18.1
1998,EN,August,PRCP,1532.4
1999,LA,August,TMAXA,28.2
1999,LA,August,TMINA,16.2
1999,LA,August,SRADA,18
1999,LA,August,PRCP,1364.1
2000,LA,August,TMAXA,28.2
2000,LA,August,TMINA,15.8
2000,LA,August,SRADA,18.5
2000,LA,August,PRCP,1695.8
2001,LA,August,TMAXA,28.7
2001,LA,August,TMINA,16.5
2001,LA,August,SRADA,18.4
2001,LA,August,PRCP,1268.2
2002,NE,August,TMAXA,28.6
2002,NE,August,TMINA,16.5
2002,NE,August,SRADA,18.1
2002,NE,August,PRCP,1655
2003,EN,August,TMAXA,28.8
2003,EN,August,TMINA,17
2003,EN,August,SRADA,18
2003,EN,August,PRCP,1832.1
2004,NE,August,TMAXA,28
2004,NE,August,TMINA,16.4
2004,NE,August,SRADA,17.8
2004,NE,August,PRCP,1543.5
2005,EN,August,TMAXA,28.5
2005,EN,August,TMINA,17
2005,EN,August,SRADA,18.3
2005,EN,August,PRCP,1820.3
2006,NE,August,TMAXA,28.4
2006,NE,August,TMINA,16.8
2006,NE,August,SRADA,17.8
2006,NE,August,PRCP,1689.3
2007,NE,August,TMAXA,28.2
2007,NE,August,TMINA,16.7
2007,NE,August,SRADA,17.9
2007,NE,August,PRCP,2222
2008,LA,August,TMAXA,28.5
2008,LA,August,TMINA,16.5
2008,LA,August,SRADA,17.9
2008,LA,August,PRCP,1566.6
2009,NE,August,TMAXA,28.4
2009,NE,August,TMINA,16.4
2009,NE,August,SRADA,17.9
2009,NE,August,PRCP,1752.5
2010,EN,August,TMAXA,28.7
2010,EN,August,TMINA,17
2010,EN,August,SRADA,17.7
2010,EN,August,PRCP,1916.4
2011,LA,August,TMAXA,28.7
2011,LA,August,TMINA,16.7
2011,LA,August,SRADA,17.9
2011,LA,August,PRCP,1704
2012,LA,August,TMAXA,28.2
2012,LA,August,TMINA,16.4
2012,LA,August,SRADA,18.5
2012,LA,August,PRCP,1578.6
2013,NE,August,TMAXA,28.8
2013,NE,August,TMINA,17.7
2013,NE,August,SRADA,17.9
2013,NE,August,PRCP,1749.9
2014,NE,August,TMAXA,28.8
2014,NE,August,TMINA,17.4
2014,NE,August,SRADA,18.7
2014,NE,August,PRCP,1149.8
2015,EN,August,TMAXA,29.1
2015,EN,August,TMINA,17.9
2015,EN,August,SRADA,17.9
2015,EN,August,PRCP,1470.2
2016,EN,August,TMAXA,29.1
2016,EN,August,TMINA,17.2
2016,EN,August,SRADA,17.5
2016,EN,August,PRCP,1833.3
2017,NE,August,TMAXA,28.6
2017,NE,August,TMINA,16.6
2017,NE,August,SRADA,18.2
2017,NE,August,PRCP,1560.2
2018,LA,August,TMAXA,29
2018,LA,August,TMINA,16.7
2018,LA,August,SRADA,18.1
2018,LA,August,PRCP,1506.2
2019,EN,August,TMAXA,28.8
2019,EN,August,TMINA,16.7
2019,EN,August,SRADA,17.7
2019,EN,August,PRCP,2014
1963,NE,August,TMAXA,28.2
1963,NE,August,TMINA,16.4
1963,NE,August,SRADA,16.8
1963,NE,August,PRCP,1394.5
1964,EN,August,TMAXA,27.8
1964,EN,August,TMINA,17.1
1964,EN,August,SRADA,15.5
1964,EN,August,PRCP,1450.1
1965,LA,August,TMAXA,26.9
1965,LA,August,TMINA,16.9
1965,LA,August,SRADA,15
1965,LA,August,PRCP,2127.5
1966,EN,August,TMAXA,28.2
1966,EN,August,TMINA,17.3
1966,EN,August,SRADA,16.2
1966,EN,August,PRCP,1579.3
1967,NE,August,TMAXA,28.1
1967,NE,August,TMINA,16.8
1967,NE,August,SRADA,16.1
1967,NE,August,PRCP,1630.5
1968,NE,August,TMAXA,27.5
1968,NE,August,TMINA,15.7
1968,NE,August,SRADA,16.6
1968,NE,August,PRCP,1392.7
1969,EN,August,TMAXA,28
1969,EN,August,TMINA,16.8
1969,EN,August,SRADA,16.7
1969,EN,August,PRCP,1580.8
1970,EN,August,TMAXA,27.7
1970,EN,August,TMINA,16.4
1970,EN,August,SRADA,15.7
1970,EN,August,PRCP,1266.9
1971,LA,August,TMAXA,28.4
1971,LA,August,TMINA,16.8
1971,LA,August,SRADA,16.5
1971,LA,August,PRCP,655
1972,LA,August,TMAXA,27
1972,LA,August,TMINA,16.5
1972,LA,August,SRADA,16.2
1972,LA,August,PRCP,1827.9
1973,EN,August,TMAXA,26.9
1973,EN,August,TMINA,17.5
1973,EN,August,SRADA,15.8
1973,EN,August,PRCP,1860.8
1974,LA,August,TMAXA,25.9
1974,LA,August,TMINA,16.7
1974,LA,August,SRADA,15.3
1974,LA,August,PRCP,1492.5
1975,LA,August,TMAXA,26.5
1975,LA,August,TMINA,16.1
1975,LA,August,SRADA,16.1
1975,LA,August,PRCP,1378.9
1976,LA,August,TMAXA,26.4
1976,LA,August,TMINA,16.7
1976,LA,August,SRADA,16
1976,LA,August,PRCP,1597.7
1977,EN,August,TMAXA,26.2
1977,EN,August,TMINA,17.1
1977,EN,August,SRADA,15.6
1977,EN,August,PRCP,1370.5
1978,NE,August,TMAXA,25.9
1978,NE,August,TMINA,16.6
1978,NE,August,SRADA,15
1978,NE,August,PRCP,1437.9
1979,NE,August,TMAXA,25.7
1979,NE,August,TMINA,16.1
1979,NE,August,SRADA,14.9
1979,NE,August,PRCP,1513.5
1980,NE,August,TMAXA,26.4
1980,NE,August,TMINA,17
1980,NE,August,SRADA,14.8
1980,NE,August,PRCP,1334.1
1981,NE,August,TMAXA,26.1
1981,NE,August,TMINA,16.6
1981,NE,August,SRADA,15.5
1981,NE,August,PRCP,1189
1982,NE,August,TMAXA,25.4
1982,NE,August,TMINA,16.7
1982,NE,August,SRADA,14.8
1982,NE,August,PRCP,1636.6
1983,EN,August,TMAXA,26.1
1983,EN,August,TMINA,17.4
1983,EN,August,SRADA,14.7
1983,EN,August,PRCP,2020.7
1984,NE,August,TMAXA,27.2
1984,NE,August,TMINA,16.9
1984,NE,August,SRADA,15.8
1984,NE,August,PRCP,1863.2
1985,LA,August,TMAXA,25.9
1985,LA,August,TMINA,16.9
1985,LA,August,SRADA,15.9
1985,LA,August,PRCP,2087.3
1986,NE,August,TMAXA,27.3
1986,NE,August,TMINA,16.7
1986,NE,August,SRADA,16.8
1986,NE,August,PRCP,1667.1
1987,EN,August,TMAXA,26.9
1987,EN,August,TMINA,16.9
1987,EN,August,SRADA,15.8
1987,EN,August,PRCP,1445.6
1988,EN,August,TMAXA,25.9
1988,EN,August,TMINA,16.8
1988,EN,August,SRADA,14.9
1988,EN,August,PRCP,1597.7
1989,LA,August,TMAXA,26.3
1989,LA,August,TMINA,16.8
1989,LA,August,SRADA,15.7
1989,LA,August,PRCP,1333.5
1990,NE,August,TMAXA,27.3
1990,NE,August,TMINA,16.7
1990,NE,August,SRADA,16.4
1990,NE,August,PRCP,1229.9
1991,NE,August,TMAXA,27.2
1991,NE,August,TMINA,17
1991,NE,August,SRADA,15.8
1991,NE,August,PRCP,1241.2
1992,EN,August,TMAXA,27.3
1992,EN,August,TMINA,16.7
1992,EN,August,SRADA,15.9
1992,EN,August,PRCP,1391
1993,NE,August,TMAXA,26.3
1993,NE,August,TMINA,17.1
1993,NE,August,SRADA,15.6
1993,NE,August,PRCP,1471.7
1994,NE,August,TMAXA,26.7
1994,NE,August,TMINA,17.1
1994,NE,August,SRADA,16.1
1994,NE,August,PRCP,1599
1995,EN,August,TMAXA,27.4
1995,EN,August,TMINA,17.3
1995,EN,August,SRADA,16.9
1995,EN,August,PRCP,1422.9
1996,LA,August,TMAXA,26.7
1996,LA,August,TMINA,16.7
1996,LA,August,SRADA,16.2
1996,LA,August,PRCP,1619.7
1997,NE,August,TMAXA,26
1997,NE,August,TMINA,16.6
1997,NE,August,SRADA,15.3
1997,NE,August,PRCP,1416
1998,EN,August,TMAXA,27.5
1998,EN,August,TMINA,17.4
1998,EN,August,SRADA,15.9
1998,EN,August,PRCP,1548.2
1999,LA,August,TMAXA,26.5
1999,LA,August,TMINA,17
1999,LA,August,SRADA,15.4
1999,LA,August,PRCP,1470
2000,LA,August,TMAXA,26.3
2000,LA,August,TMINA,16.1
2000,LA,August,SRADA,15.9
2000,LA,August,PRCP,1231.8
2001,LA,August,TMAXA,28
2001,LA,August,TMINA,16.6
2001,LA,August,SRADA,17.1
2001,LA,August,PRCP,1449.2
2002,NE,August,TMAXA,27.5
2002,NE,August,TMINA,16.5
2002,NE,August,SRADA,16
2002,NE,August,PRCP,1435.7
2003,EN,August,TMAXA,27.9
2003,EN,August,TMINA,17.6
2003,EN,August,SRADA,16.2
2003,EN,August,PRCP,1888.1
2004,NE,August,TMAXA,26.2
2004,NE,August,TMINA,16.6
2004,NE,August,SRADA,15
2004,NE,August,PRCP,2014.1
2005,EN,August,TMAXA,27
2005,EN,August,TMINA,17.3
2005,EN,August,SRADA,15.2
2005,EN,August,PRCP,1798.1
2006,NE,August,TMAXA,27.1
2006,NE,August,TMINA,17.2
2006,NE,August,SRADA,14.9
2006,NE,August,PRCP,1300.9
2007,NE,August,TMAXA,26.8
2007,NE,August,TMINA,17.4
2007,NE,August,SRADA,15.7
2007,NE,August,PRCP,1582.3
2008,LA,August,TMAXA,27
2008,LA,August,TMINA,17.5
2008,LA,August,SRADA,16.1
2008,LA,August,PRCP,1698.4
2009,NE,August,TMAXA,26.5
2009,NE,August,TMINA,17.5
2009,NE,August,SRADA,15.1
2009,NE,August,PRCP,1863.2
2010,EN,August,TMAXA,27
2010,EN,August,TMINA,18.1
2010,EN,August,SRADA,15.6
2010,EN,August,PRCP,2004.1
2011,LA,August,TMAXA,26.7
2011,LA,August,TMINA,17.8
2011,LA,August,SRADA,15.9
2011,LA,August,PRCP,1789
2012,LA,August,TMAXA,26.3
2012,LA,August,TMINA,17.4
2012,LA,August,SRADA,15.7
2012,LA,August,PRCP,1632.7
2013,NE,August,TMAXA,26.9
2013,NE,August,TMINA,17.8
2013,NE,August,SRADA,16.4
2013,NE,August,PRCP,1599.7
2014,NE,August,TMAXA,26.8
2014,NE,August,TMINA,17.4
2014,NE,August,SRADA,17.2
2014,NE,August,PRCP,1295.7
2015,EN,August,TMAXA,27.7
2015,EN,August,TMINA,18
2015,EN,August,SRADA,16.7
2015,EN,August,PRCP,970.8
2016,EN,August,TMAXA,27.9
2016,EN,August,TMINA,18.4
2016,EN,August,SRADA,15.7
2016,EN,August,PRCP,1567.9
2017,NE,August,TMAXA,27.3
2017,NE,August,TMINA,16.3
2017,NE,August,SRADA,16.2
2017,NE,August,PRCP,1432.7
2018,LA,August,TMAXA,27.6
2018,LA,August,TMINA,17.2
2018,LA,August,SRADA,15.8
2018,LA,August,PRCP,1403.1
2019,EN,August,TMAXA,28.1
2019,EN,August,TMINA,18.2
2019,EN,August,SRADA,16.1
2019,EN,August,PRCP,1480.9
1963,NE,September,TMAXA,29.1
1963,NE,September,TMINA,17.8
1963,NE,September,SRADA,18.9
1963,NE,September,PRCP,1520.1
1964,EN,September,TMAXA,29.3
1964,EN,September,TMINA,18.5
1964,EN,September,SRADA,18.4
1964,EN,September,PRCP,1525.4
1965,LA,September,TMAXA,28.3
1965,LA,September,TMINA,18
1965,LA,September,SRADA,18.1
1965,LA,September,PRCP,1745
1966,EN,September,TMAXA,28.8
1966,EN,September,TMINA,18
1966,EN,September,SRADA,18.6
1966,EN,September,PRCP,1727.2
1967,NE,September,TMAXA,29.1
1967,NE,September,TMINA,18.1
1967,NE,September,SRADA,18.7
1967,NE,September,PRCP,1478.8
1968,NE,September,TMAXA,28
1968,NE,September,TMINA,17.3
1968,NE,September,SRADA,18.6
1968,NE,September,PRCP,1401.6
1969,EN,September,TMAXA,29.7
1969,EN,September,TMINA,18.5
1969,EN,September,SRADA,19.8
1969,EN,September,PRCP,1118.3
1970,NE,September,TMAXA,28.9
1970,NE,September,TMINA,18.3
1970,NE,September,SRADA,18.5
1970,NE,September,PRCP,1352.4
1971,LA,September,TMAXA,29.5
1971,LA,September,TMINA,18.2
1971,LA,September,SRADA,19.8
1971,LA,September,PRCP,1000.3
1972,LA,September,TMAXA,28.7
1972,LA,September,TMINA,17.9
1972,LA,September,SRADA,18.5
1972,LA,September,PRCP,1509.5
1973,EN,September,TMAXA,30.1
1973,EN,September,TMINA,18.8
1973,EN,September,SRADA,18.8
1973,EN,September,PRCP,1562.4
1974,LA,September,TMAXA,29.1
1974,LA,September,TMINA,18.2
1974,LA,September,SRADA,18.4
1974,LA,September,PRCP,1413.4
1975,LA,September,TMAXA,29.5
1975,LA,September,TMINA,17.9
1975,LA,September,SRADA,19.5
1975,LA,September,PRCP,1212.3
1976,LA,September,TMAXA,29.3
1976,LA,September,TMINA,18
1976,LA,September,SRADA,18.2
1976,LA,September,PRCP,1190.5
1977,EN,September,TMAXA,29.1
1977,EN,September,TMINA,16.8
1977,EN,September,SRADA,18
1977,EN,September,PRCP,1346.8
1978,NE,September,TMAXA,29.1
1978,NE,September,TMINA,16.8
1978,NE,September,SRADA,17.7
1978,NE,September,PRCP,1482.2
1979,NE,September,TMAXA,29.2
1979,NE,September,TMINA,17.1
1979,NE,September,SRADA,17.3
1979,NE,September,PRCP,1534.5
1980,NE,September,TMAXA,29.7
1980,NE,September,TMINA,17.6
1980,NE,September,SRADA,17.6
1980,NE,September,PRCP,1527.9
1981,NE,September,TMAXA,29.3
1981,NE,September,TMINA,16.8
1981,NE,September,SRADA,18
1981,NE,September,PRCP,1175.2
1982,NE,September,TMAXA,28.9
1982,NE,September,TMINA,17.6
1982,NE,September,SRADA,16.9
1982,NE,September,PRCP,1634.3
1983,EN,September,TMAXA,29.4
1983,EN,September,TMINA,17.3
1983,EN,September,SRADA,17
1983,EN,September,PRCP,1721.6
1984,NE,September,TMAXA,29.5
1984,NE,September,TMINA,17.3
1984,NE,September,SRADA,17.5
1984,NE,September,PRCP,1454.3
1985,LA,September,TMAXA,29.5
1985,LA,September,TMINA,18
1985,LA,September,SRADA,18.2
1985,LA,September,PRCP,1364.9
1986,NE,September,TMAXA,29.5
1986,NE,September,TMINA,17.8
1986,NE,September,SRADA,18.2
1986,NE,September,PRCP,1397.2
1987,EN,September,TMAXA,29.8
1987,EN,September,TMINA,18.4
1987,EN,September,SRADA,18.1
1987,EN,September,PRCP,1279.2
1988,EN,September,TMAXA,29.7
1988,EN,September,TMINA,18.4
1988,EN,September,SRADA,18.5
1988,EN,September,PRCP,1469.9
1989,LA,September,TMAXA,29.4
1989,LA,September,TMINA,18.2
1989,LA,September,SRADA,18.4
1989,LA,September,PRCP,1377.9
1990,NE,September,TMAXA,29.4
1990,NE,September,TMINA,18.1
1990,NE,September,SRADA,18.1
1990,NE,September,PRCP,1683.1
1991,NE,September,TMAXA,29.6
1991,NE,September,TMINA,18.4
1991,NE,September,SRADA,18.1
1991,NE,September,PRCP,1433.5
1992,EN,September,TMAXA,29.5
1992,EN,September,TMINA,18.1
1992,EN,September,SRADA,17.4
1992,EN,September,PRCP,1753.2
1993,NE,September,TMAXA,29.7
1993,NE,September,TMINA,18.1
1993,NE,September,SRADA,17.7
1993,NE,September,PRCP,1468
1994,NE,September,TMAXA,30.7
1994,NE,September,TMINA,17.6
1994,NE,September,SRADA,18.4
1994,NE,September,PRCP,1617.1
1995,EN,September,TMAXA,30.6
1995,EN,September,TMINA,18.4
1995,EN,September,SRADA,18.2
1995,EN,September,PRCP,1475
1996,LA,September,TMAXA,29.7
1996,LA,September,TMINA,18.5
1996,LA,September,SRADA,18.3
1996,LA,September,PRCP,1406
1997,NE,September,TMAXA,29.3
1997,NE,September,TMINA,18
1997,NE,September,SRADA,18
1997,NE,September,PRCP,1510.5
1998,EN,September,TMAXA,30.9
1998,EN,September,TMINA,19
1998,EN,September,SRADA,18.6
1998,EN,September,PRCP,1511.9
1999,LA,September,TMAXA,30.3
1999,LA,September,TMINA,18.5
1999,LA,September,SRADA,18.4
1999,LA,September,PRCP,1310.1
2000,LA,September,TMAXA,29.9
2000,LA,September,TMINA,18.3
2000,LA,September,SRADA,18.9
2000,LA,September,PRCP,1494.4
2001,NE,September,TMAXA,30.6
2001,NE,September,TMINA,18.2
2001,NE,September,SRADA,19.5
2001,NE,September,PRCP,1204.7
2002,NE,September,TMAXA,30.1
2002,NE,September,TMINA,18.7
2002,NE,September,SRADA,18.8
2002,NE,September,PRCP,1533.9
2003,EN,September,TMAXA,30.4
2003,EN,September,TMINA,18.8
2003,EN,September,SRADA,18.5
2003,EN,September,PRCP,1412.4
2004,NE,September,TMAXA,29.6
2004,NE,September,TMINA,18.4
2004,NE,September,SRADA,18.3
2004,NE,September,PRCP,1775.2
2005,NE,September,TMAXA,30.1
2005,NE,September,TMINA,18.9
2005,NE,September,SRADA,18.7
2005,NE,September,PRCP,1486.6
2006,NE,September,TMAXA,29.8
2006,NE,September,TMINA,18.7
2006,NE,September,SRADA,18.6
2006,NE,September,PRCP,1914.6
2007,EN,September,TMAXA,30
2007,EN,September,TMINA,18.5
2007,EN,September,SRADA,19.2
2007,EN,September,PRCP,1856.3
2008,LA,September,TMAXA,30.2
2008,LA,September,TMINA,18.7
2008,LA,September,SRADA,18.9
2008,LA,September,PRCP,1416.3
2009,NE,September,TMAXA,30.1
2009,NE,September,TMINA,18.9
2009,NE,September,SRADA,18.2
2009,NE,September,PRCP,1519.8
2010,EN,September,TMAXA,30.6
2010,EN,September,TMINA,18.7
2010,EN,September,SRADA,19.3
2010,EN,September,PRCP,1074.2
2011,LA,September,TMAXA,30.5
2011,LA,September,TMINA,18.7
2011,LA,September,SRADA,18.8
2011,LA,September,PRCP,1415.6
2012,LA,September,TMAXA,29.8
2012,LA,September,TMINA,18.6
2012,LA,September,SRADA,18.6
2012,LA,September,PRCP,1621.3
2013,NE,September,TMAXA,30.3
2013,NE,September,TMINA,18.9
2013,NE,September,SRADA,19
2013,NE,September,PRCP,1322.8
2014,NE,September,TMAXA,30.3
2014,NE,September,TMINA,18.8
2014,NE,September,SRADA,19.4
2014,NE,September,PRCP,1236.7
2015,EN,September,TMAXA,30.5
2015,EN,September,TMINA,19.3
2015,EN,September,SRADA,18.9
2015,EN,September,PRCP,1469.7
2016,EN,September,TMAXA,31.8
2016,EN,September,TMINA,19.6
2016,EN,September,SRADA,19.2
2016,EN,September,PRCP,1292.1
2017,NE,September,TMAXA,30.5
2017,NE,September,TMINA,19
2017,NE,September,SRADA,19.2
2017,NE,September,PRCP,1276.3
2018,LA,September,TMAXA,30.5
2018,LA,September,TMINA,18.9
2018,LA,September,SRADA,18.6
2018,LA,September,PRCP,1523.2
2019,EN,September,TMAXA,30.9
2019,EN,September,TMINA,19.4
2019,EN,September,SRADA,18.7
2019,EN,September,PRCP,1293.1
1963,NE,September,TMAXA,30.9
1963,NE,September,TMINA,16.5
1963,NE,September,SRADA,19
1963,NE,September,PRCP,1409
1964,EN,September,TMAXA,31.1
1964,EN,September,TMINA,17.2
1964,EN,September,SRADA,18.5
1964,EN,September,PRCP,1150
1965,LA,September,TMAXA,30.2
1965,LA,September,TMINA,17.2
1965,LA,September,SRADA,18.1
1965,LA,September,PRCP,1684.7
1966,EN,September,TMAXA,30.6
1966,EN,September,TMINA,17.1
1966,EN,September,SRADA,18.9
1966,EN,September,PRCP,1592.9
1967,NE,September,TMAXA,30.4
1967,NE,September,TMINA,17.3
1967,NE,September,SRADA,19.4
1967,NE,September,PRCP,1556.6
1968,NE,September,TMAXA,29.4
1968,NE,September,TMINA,16.4
1968,NE,September,SRADA,19.2
1968,NE,September,PRCP,1065.7
1969,EN,September,TMAXA,30.7
1969,EN,September,TMINA,17.9
1969,EN,September,SRADA,19.8
1969,EN,September,PRCP,1263.3
1970,NE,September,TMAXA,30.1
1970,NE,September,TMINA,17.8
1970,NE,September,SRADA,18.9
1970,NE,September,PRCP,1402.8
1971,LA,September,TMAXA,30.2
1971,LA,September,TMINA,17.8
1971,LA,September,SRADA,19.3
1971,LA,September,PRCP,1342.4
1972,LA,September,TMAXA,29.7
1972,LA,September,TMINA,17.7
1972,LA,September,SRADA,18.1
1972,LA,September,PRCP,1321.9
1973,EN,September,TMAXA,29.5
1973,EN,September,TMINA,19.2
1973,EN,September,SRADA,18.4
1973,EN,September,PRCP,1747.9
1974,LA,September,TMAXA,28.6
1974,LA,September,TMINA,18.1
1974,LA,September,SRADA,18.3
1974,LA,September,PRCP,1596.2
1975,LA,September,TMAXA,30
1975,LA,September,TMINA,17
1975,LA,September,SRADA,19.4
1975,LA,September,PRCP,1219.5
1976,LA,September,TMAXA,29.4
1976,LA,September,TMINA,17.1
1976,LA,September,SRADA,18.1
1976,LA,September,PRCP,1595.4
1977,EN,September,TMAXA,28.8
1977,EN,September,TMINA,17.2
1977,EN,September,SRADA,17.8
1977,EN,September,PRCP,1527
1978,NE,September,TMAXA,29.3
1978,NE,September,TMINA,17.6
1978,NE,September,SRADA,17.7
1978,NE,September,PRCP,1641.3
1979,NE,September,TMAXA,29.6
1979,NE,September,TMINA,16.6
1979,NE,September,SRADA,17.5
1979,NE,September,PRCP,1845.2
1980,NE,September,TMAXA,30.1
1980,NE,September,TMINA,16.6
1980,NE,September,SRADA,16.9
1980,NE,September,PRCP,1578
1981,NE,September,TMAXA,30
1981,NE,September,TMINA,15.9
1981,NE,September,SRADA,17.4
1981,NE,September,PRCP,1405.9
1982,NE,September,TMAXA,29.7
1982,NE,September,TMINA,17.1
1982,NE,September,SRADA,16.5
1982,NE,September,PRCP,1890.4
1983,EN,September,TMAXA,30
1983,EN,September,TMINA,17
1983,EN,September,SRADA,16.8
1983,EN,September,PRCP,1981.8
1984,NE,September,TMAXA,29.8
1984,NE,September,TMINA,16.4
1984,NE,September,SRADA,17.2
1984,NE,September,PRCP,1920.8
1985,LA,September,TMAXA,30.2
1985,LA,September,TMINA,16.1
1985,LA,September,SRADA,17.6
1985,LA,September,PRCP,1626.9
1986,NE,September,TMAXA,30.3
1986,NE,September,TMINA,16.7
1986,NE,September,SRADA,17.8
1986,NE,September,PRCP,1176.2
1987,EN,September,TMAXA,30.5
1987,EN,September,TMINA,16.5
1987,EN,September,SRADA,17.5
1987,EN,September,PRCP,1843.3
1988,EN,September,TMAXA,30.6
1988,EN,September,TMINA,16.7
1988,EN,September,SRADA,17.9
1988,EN,September,PRCP,1855.6
1989,LA,September,TMAXA,30
1989,LA,September,TMINA,16.7
1989,LA,September,SRADA,17.4
1989,LA,September,PRCP,1875.2
1990,NE,September,TMAXA,30.2
1990,NE,September,TMINA,16.5
1990,NE,September,SRADA,18
1990,NE,September,PRCP,1347.4
1991,NE,September,TMAXA,30.5
1991,NE,September,TMINA,16.9
1991,NE,September,SRADA,17.8
1991,NE,September,PRCP,1732.6
1992,EN,September,TMAXA,30.3
1992,EN,September,TMINA,17.1
1992,EN,September,SRADA,16.7
1992,EN,September,PRCP,1814.5
1993,NE,September,TMAXA,30.1
1993,NE,September,TMINA,16.6
1993,NE,September,SRADA,17.3
1993,NE,September,PRCP,1656.9
1994,NE,September,TMAXA,31
1994,NE,September,TMINA,16.7
1994,NE,September,SRADA,18.1
1994,NE,September,PRCP,1408.5
1995,EN,September,TMAXA,31.1
1995,EN,September,TMINA,17.3
1995,EN,September,SRADA,18.2
1995,EN,September,PRCP,1330.1
1996,LA,September,TMAXA,30.3
1996,LA,September,TMINA,16.8
1996,LA,September,SRADA,18.1
1996,LA,September,PRCP,1703.1
1997,NE,September,TMAXA,29.9
1997,NE,September,TMINA,16.8
1997,NE,September,SRADA,17.3
1997,NE,September,PRCP,1948.9
1998,EN,September,TMAXA,31.3
1998,EN,September,TMINA,17.8
1998,EN,September,SRADA,17.6
1998,EN,September,PRCP,1683.7
1999,LA,September,TMAXA,30.8
1999,LA,September,TMINA,16.9
1999,LA,September,SRADA,17.9
1999,LA,September,PRCP,1186
2000,LA,September,TMAXA,30.6
2000,LA,September,TMINA,16.7
2000,LA,September,SRADA,18.1
2000,LA,September,PRCP,1648.8
2001,NE,September,TMAXA,30.9
2001,NE,September,TMINA,16.9
2001,NE,September,SRADA,18.1
2001,NE,September,PRCP,1554.4
2002,NE,September,TMAXA,30.5
2002,NE,September,TMINA,17.3
2002,NE,September,SRADA,17.9
2002,NE,September,PRCP,2065.1
2003,EN,September,TMAXA,30.9
2003,EN,September,TMINA,16.7
2003,EN,September,SRADA,17.9
2003,EN,September,PRCP,1391.1
2004,NE,September,TMAXA,30.5
2004,NE,September,TMINA,16.9
2004,NE,September,SRADA,17.8
2004,NE,September,PRCP,1499.2
2005,NE,September,TMAXA,30.8
2005,NE,September,TMINA,17.1
2005,NE,September,SRADA,17.9
2005,NE,September,PRCP,1526.1
2006,NE,September,TMAXA,30.6
2006,NE,September,TMINA,16.8
2006,NE,September,SRADA,17.8
2006,NE,September,PRCP,1608.2
2007,EN,September,TMAXA,30.9
2007,EN,September,TMINA,17.2
2007,EN,September,SRADA,18.3
2007,EN,September,PRCP,1735.2
2008,LA,September,TMAXA,30.7
2008,LA,September,TMINA,16.9
2008,LA,September,SRADA,17.9
2008,LA,September,PRCP,1902.1
2009,NE,September,TMAXA,30.8
2009,NE,September,TMINA,17.1
2009,NE,September,SRADA,18.3
2009,NE,September,PRCP,1359.5
2010,EN,September,TMAXA,31.1
2010,EN,September,TMINA,16.9
2010,EN,September,SRADA,18.5
2010,EN,September,PRCP,1883.3
2011,LA,September,TMAXA,30.9
2011,LA,September,TMINA,16.9
2011,LA,September,SRADA,18.5
2011,LA,September,PRCP,1618.8
2012,LA,September,TMAXA,30.6
2012,LA,September,TMINA,17
2012,LA,September,SRADA,18.6
2012,LA,September,PRCP,1708.9
2013,NE,September,TMAXA,31
2013,NE,September,TMINA,17.1
2013,NE,September,SRADA,18.1
2013,NE,September,PRCP,1659
2014,NE,September,TMAXA,31.1
2014,NE,September,TMINA,17.3
2014,NE,September,SRADA,18.6
2014,NE,September,PRCP,1345.9
2015,EN,September,TMAXA,31.2
2015,EN,September,TMINA,17.7
2015,EN,September,SRADA,18.6
2015,EN,September,PRCP,1733.7
2016,EN,September,TMAXA,31.6
2016,EN,September,TMINA,17.5
2016,EN,September,SRADA,18.4
2016,EN,September,PRCP,1461.1
2017,NE,September,TMAXA,31.1
2017,NE,September,TMINA,17.3
2017,NE,September,SRADA,18.6
2017,NE,September,PRCP,1324.8
2018,LA,September,TMAXA,31.3
2018,LA,September,TMINA,17.1
2018,LA,September,SRADA,18.2
2018,LA,September,PRCP,1615.8
2019,EN,September,TMAXA,31.3
2019,EN,September,TMINA,17.9
2019,EN,September,SRADA,18.3
2019,EN,September,PRCP,1484.1
1963,NE,September,TMAXA,28.9
1963,NE,September,TMINA,15.4
1963,NE,September,SRADA,19
1963,NE,September,PRCP,1426.9
1964,EN,September,TMAXA,29.1
1964,EN,September,TMINA,16.4
1964,EN,September,SRADA,18.4
1964,EN,September,PRCP,1234
1965,LA,September,TMAXA,28
1965,LA,September,TMINA,16
1965,LA,September,SRADA,18.1
1965,LA,September,PRCP,1733.4
1966,EN,September,TMAXA,28.3
1966,EN,September,TMINA,16.1
1966,EN,September,SRADA,18.5
1966,EN,September,PRCP,1661.6
1967,NE,September,TMAXA,28.4
1967,NE,September,TMINA,16.2
1967,NE,September,SRADA,18.7
1967,NE,September,PRCP,1462.5
1968,NE,September,TMAXA,27.5
1968,NE,September,TMINA,15.2
1968,NE,September,SRADA,18.7
1968,NE,September,PRCP,1268.8
1969,EN,September,TMAXA,29.1
1969,EN,September,TMINA,16.5
1969,EN,September,SRADA,20
1969,EN,September,PRCP,1312.5
1970,NE,September,TMAXA,28.1
1970,NE,September,TMINA,16.5
1970,NE,September,SRADA,18.6
1970,NE,September,PRCP,1679.7
1971,LA,September,TMAXA,28.6
1971,LA,September,TMINA,16.1
1971,LA,September,SRADA,19.8
1971,LA,September,PRCP,1348.1
1972,LA,September,TMAXA,28
1972,LA,September,TMINA,16
1972,LA,September,SRADA,18.4
1972,LA,September,PRCP,1545.1
1973,EN,September,TMAXA,28.2
1973,EN,September,TMINA,17.3
1973,EN,September,SRADA,18.6
1973,EN,September,PRCP,1957.6
1974,LA,September,TMAXA,27.7
1974,LA,September,TMINA,16.2
1974,LA,September,SRADA,18.8
1974,LA,September,PRCP,1502.4
1975,LA,September,TMAXA,28.3
1975,LA,September,TMINA,15.8
1975,LA,September,SRADA,19.8
1975,LA,September,PRCP,1144.7
1976,LA,September,TMAXA,28.4
1976,LA,September,TMINA,16
1976,LA,September,SRADA,18.4
1976,LA,September,PRCP,1362.2
1977,EN,September,TMAXA,28.1
1977,EN,September,TMINA,16.4
1977,EN,September,SRADA,18.7
1977,EN,September,PRCP,1442.8
1978,NE,September,TMAXA,28.1
1978,NE,September,TMINA,16.3
1978,NE,September,SRADA,18.2
1978,NE,September,PRCP,1557.6
1979,NE,September,TMAXA,28
1979,NE,September,TMINA,16
1979,NE,September,SRADA,18.2
1979,NE,September,PRCP,1601.1
1980,NE,September,TMAXA,28.6
1980,NE,September,TMINA,16.8
1980,NE,September,SRADA,18.3
1980,NE,September,PRCP,1456
1981,NE,September,TMAXA,28.4
1981,NE,September,TMINA,16.8
1981,NE,September,SRADA,18.8
1981,NE,September,PRCP,1267
1982,NE,September,TMAXA,28
1982,NE,September,TMINA,17.4
1982,NE,September,SRADA,17.7
1982,NE,September,PRCP,1980.7
1983,EN,September,TMAXA,28.5
1983,EN,September,TMINA,17.9
1983,EN,September,SRADA,17.7
1983,EN,September,PRCP,1980.9
1984,NE,September,TMAXA,28.7
1984,NE,September,TMINA,17.5
1984,NE,September,SRADA,18
1984,NE,September,PRCP,1406.1
1985,LA,September,TMAXA,28.3
1985,LA,September,TMINA,16.7
1985,LA,September,SRADA,18.3
1985,LA,September,PRCP,1649.7
1986,NE,September,TMAXA,28.3
1986,NE,September,TMINA,17.4
1986,NE,September,SRADA,18.3
1986,NE,September,PRCP,1241.4
1987,EN,September,TMAXA,28.8
1987,EN,September,TMINA,17.4
1987,EN,September,SRADA,18
1987,EN,September,PRCP,1517.3
1988,EN,September,TMAXA,28.9
1988,EN,September,TMINA,17.4
1988,EN,September,SRADA,18.4
1988,EN,September,PRCP,1801.6
1989,LA,September,TMAXA,28.5
1989,LA,September,TMINA,16.9
1989,LA,September,SRADA,18.2
1989,LA,September,PRCP,1298.7
1990,NE,September,TMAXA,28.3
1990,NE,September,TMINA,16.1
1990,NE,September,SRADA,18.6
1990,NE,September,PRCP,1559.4
1991,NE,September,TMAXA,28.9
1991,NE,September,TMINA,17.1
1991,NE,September,SRADA,18.3
1991,NE,September,PRCP,1573
1992,EN,September,TMAXA,28.8
1992,EN,September,TMINA,17.6
1992,EN,September,SRADA,17.4
1992,EN,September,PRCP,1518.4
1993,NE,September,TMAXA,28.8
1993,NE,September,TMINA,17.3
1993,NE,September,SRADA,17.6
1993,NE,September,PRCP,1650.8
1994,NE,September,TMAXA,29.6
1994,NE,September,TMINA,17.6
1994,NE,September,SRADA,18.4
1994,NE,September,PRCP,1477
1995,EN,September,TMAXA,29.8
1995,EN,September,TMINA,18
1995,EN,September,SRADA,18.3
1995,EN,September,PRCP,1453.5
1996,LA,September,TMAXA,29.2
1996,LA,September,TMINA,17.2
1996,LA,September,SRADA,18.4
1996,LA,September,PRCP,1196
1997,NE,September,TMAXA,29
1997,NE,September,TMINA,17.3
1997,NE,September,SRADA,17.7
1997,NE,September,PRCP,1435.4
1998,EN,September,TMAXA,30.4
1998,EN,September,TMINA,18.6
1998,EN,September,SRADA,18.1
1998,EN,September,PRCP,1436.2
1999,LA,September,TMAXA,29.5
1999,LA,September,TMINA,17.7
1999,LA,September,SRADA,18.4
1999,LA,September,PRCP,1285.5
2000,LA,September,TMAXA,29.3
2000,LA,September,TMINA,17.5
2000,LA,September,SRADA,18.9
2000,LA,September,PRCP,1617.1
2001,NE,September,TMAXA,30.3
2001,NE,September,TMINA,18.1
2001,NE,September,SRADA,19.4
2001,NE,September,PRCP,1215.1
2002,NE,September,TMAXA,30.3
2002,NE,September,TMINA,17.6
2002,NE,September,SRADA,18.8
2002,NE,September,PRCP,1529.3
2003,EN,September,TMAXA,29.4
2003,EN,September,TMINA,18.5
2003,EN,September,SRADA,18.6
2003,EN,September,PRCP,1761.3
2004,NE,September,TMAXA,28.7
2004,NE,September,TMINA,18.3
2004,NE,September,SRADA,18.5
2004,NE,September,PRCP,1349.6
2005,NE,September,TMAXA,29.1
2005,NE,September,TMINA,18.4
2005,NE,September,SRADA,18.7
2005,NE,September,PRCP,1498.3
2006,NE,September,TMAXA,28.5
2006,NE,September,TMINA,18.1
2006,NE,September,SRADA,19.4
2006,NE,September,PRCP,1215
2007,EN,September,TMAXA,28.4
2007,EN,September,TMINA,18.2
2007,EN,September,SRADA,20
2007,EN,September,PRCP,1846
2008,LA,September,TMAXA,28.7
2008,LA,September,TMINA,18.1
2008,LA,September,SRADA,18.8
2008,LA,September,PRCP,1709.5
2009,NE,September,TMAXA,28.6
2009,NE,September,TMINA,18.6
2009,NE,September,SRADA,17.9
2009,NE,September,PRCP,1337.9
2010,EN,September,TMAXA,29.1
2010,EN,September,TMINA,18.6
2010,EN,September,SRADA,18.9
2010,EN,September,PRCP,1263.8
2011,LA,September,TMAXA,29.1
2011,LA,September,TMINA,18.6
2011,LA,September,SRADA,18.4
2011,LA,September,PRCP,1694.4
2012,LA,September,TMAXA,28.4
2012,LA,September,TMINA,18.4
2012,LA,September,SRADA,18.7
2012,LA,September,PRCP,1448.4
2013,NE,September,TMAXA,29
2013,NE,September,TMINA,18.7
2013,NE,September,SRADA,18.7
2013,NE,September,PRCP,1575.7
2014,NE,September,TMAXA,29
2014,NE,September,TMINA,18.7
2014,NE,September,SRADA,19.2
2014,NE,September,PRCP,1231.6
2015,EN,September,TMAXA,29.1
2015,EN,September,TMINA,19.2
2015,EN,September,SRADA,18.4
2015,EN,September,PRCP,1456.4
2016,EN,September,TMAXA,30.2
2016,EN,September,TMINA,19.5
2016,EN,September,SRADA,18.9
2016,EN,September,PRCP,1616.5
2017,NE,September,TMAXA,29.3
2017,NE,September,TMINA,18.8
2017,NE,September,SRADA,19.1
2017,NE,September,PRCP,1404.8
2018,LA,September,TMAXA,29.3
2018,LA,September,TMINA,19
2018,LA,September,SRADA,18.7
2018,LA,September,PRCP,1283.4
2019,EN,September,TMAXA,29.6
2019,EN,September,TMINA,19.4
2019,EN,September,SRADA,18.7
2019,EN,September,PRCP,1517
1963,NE,September,TMAXA,31.5
1963,NE,September,TMINA,17.3
1963,NE,September,SRADA,18.7
1963,NE,September,PRCP,1044.2
1964,EN,September,TMAXA,31.4
1964,EN,September,TMINA,18.1
1964,EN,September,SRADA,18
1964,EN,September,PRCP,861.4
1965,LA,September,TMAXA,30.3
1965,LA,September,TMINA,17.5
1965,LA,September,SRADA,18.1
1965,LA,September,PRCP,1087.3
1966,EN,September,TMAXA,30.8
1966,EN,September,TMINA,17.9
1966,EN,September,SRADA,18.7
1966,EN,September,PRCP,1168.9
1967,NE,September,TMAXA,30.8
1967,NE,September,TMINA,17.9
1967,NE,September,SRADA,19
1967,NE,September,PRCP,1265.3
1968,NE,September,TMAXA,30
1968,NE,September,TMINA,17.1
1968,NE,September,SRADA,19.3
1968,NE,September,PRCP,936
1969,EN,September,TMAXA,31.9
1969,EN,September,TMINA,18.6
1969,EN,September,SRADA,19.7
1969,EN,September,PRCP,891.1
1970,NE,September,TMAXA,30.4
1970,NE,September,TMINA,18.4
1970,NE,September,SRADA,18.9
1970,NE,September,PRCP,1116.6
1971,LA,September,TMAXA,30.7
1971,LA,September,TMINA,17.6
1971,LA,September,SRADA,19.4
1971,LA,September,PRCP,1088.5
1972,LA,September,TMAXA,30.1
1972,LA,September,TMINA,17.1
1972,LA,September,SRADA,18.3
1972,LA,September,PRCP,1539.7
1973,EN,September,TMAXA,30.7
1973,EN,September,TMINA,18.1
1973,EN,September,SRADA,18.6
1973,EN,September,PRCP,1662.5
1974,LA,September,TMAXA,30
1974,LA,September,TMINA,16.6
1974,LA,September,SRADA,18.7
1974,LA,September,PRCP,1369.1
1975,LA,September,TMAXA,30.7
1975,LA,September,TMINA,17
1975,LA,September,SRADA,19.6
1975,LA,September,PRCP,1162.8
1976,LA,September,TMAXA,29.9
1976,LA,September,TMINA,18
1976,LA,September,SRADA,18.4
1976,LA,September,PRCP,1662.4
1977,EN,September,TMAXA,30.6
1977,EN,September,TMINA,18.1
1977,EN,September,SRADA,18.4
1977,EN,September,PRCP,1353.8
1978,NE,September,TMAXA,30.3
1978,NE,September,TMINA,18.3
1978,NE,September,SRADA,18.6
1978,NE,September,PRCP,1742.2
1979,NE,September,TMAXA,30.3
1979,NE,September,TMINA,18
1979,NE,September,SRADA,19
1979,NE,September,PRCP,1343
1980,NE,September,TMAXA,30.5
1980,NE,September,TMINA,18.5
1980,NE,September,SRADA,18.1
1980,NE,September,PRCP,1597.7
1981,NE,September,TMAXA,30.5
1981,NE,September,TMINA,17.8
1981,NE,September,SRADA,18.9
1981,NE,September,PRCP,1146.5
1982,NE,September,TMAXA,30.2
1982,NE,September,TMINA,18.3
1982,NE,September,SRADA,17.8
1982,NE,September,PRCP,1502.2
1983,EN,September,TMAXA,30.3
1983,EN,September,TMINA,18.1
1983,EN,September,SRADA,17.6
1983,EN,September,PRCP,1857.4
1984,NE,September,TMAXA,30.7
1984,NE,September,TMINA,18.1
1984,NE,September,SRADA,18.9
1984,NE,September,PRCP,1343.4
1985,LA,September,TMAXA,30.1
1985,LA,September,TMINA,18
1985,LA,September,SRADA,18.9
1985,LA,September,PRCP,1344
1986,NE,September,TMAXA,31.1
1986,NE,September,TMINA,19.4
1986,NE,September,SRADA,19.1
1986,NE,September,PRCP,1117.9
1987,EN,September,TMAXA,30.7
1987,EN,September,TMINA,18.7
1987,EN,September,SRADA,18.3
1987,EN,September,PRCP,1265.5
1988,EN,September,TMAXA,30.7
1988,EN,September,TMINA,18.8
1988,EN,September,SRADA,18.5
1988,EN,September,PRCP,1377.9
1989,LA,September,TMAXA,30.1
1989,LA,September,TMINA,18.7
1989,LA,September,SRADA,17.7
1989,LA,September,PRCP,1324.2
1990,NE,September,TMAXA,29.7
1990,NE,September,TMINA,18.2
1990,NE,September,SRADA,18.7
1990,NE,September,PRCP,1198.5
1991,NE,September,TMAXA,30.5
1991,NE,September,TMINA,19
1991,NE,September,SRADA,18.5
1991,NE,September,PRCP,1195.5
1992,EN,September,TMAXA,30.3
1992,EN,September,TMINA,19.2
1992,EN,September,SRADA,17.4
1992,EN,September,PRCP,1093.7
1993,NE,September,TMAXA,30.5
1993,NE,September,TMINA,19.1
1993,NE,September,SRADA,18.2
1993,NE,September,PRCP,1255.1
1994,NE,September,TMAXA,31.4
1994,NE,September,TMINA,19.6
1994,NE,September,SRADA,18.8
1994,NE,September,PRCP,1316.5
1995,EN,September,TMAXA,31.8
1995,EN,September,TMINA,19.9
1995,EN,September,SRADA,19
1995,EN,September,PRCP,1263.2
1996,LA,September,TMAXA,30.6
1996,LA,September,TMINA,19.8
1996,LA,September,SRADA,18.6
1996,LA,September,PRCP,1252.2
1997,NE,September,TMAXA,30.5
1997,NE,September,TMINA,19.4
1997,NE,September,SRADA,18.5
1997,NE,September,PRCP,1551.1
1998,EN,September,TMAXA,31.7
1998,EN,September,TMINA,20.6
1998,EN,September,SRADA,18.4
1998,EN,September,PRCP,1423.1
1999,LA,September,TMAXA,31.4
1999,LA,September,TMINA,19.9
1999,LA,September,SRADA,18.8
1999,LA,September,PRCP,1265.2
2000,LA,September,TMAXA,31.1
2000,LA,September,TMINA,18.8
2000,LA,September,SRADA,18.7
2000,LA,September,PRCP,1461.8
2001,NE,September,TMAXA,31.3
2001,NE,September,TMINA,17.6
2001,NE,September,SRADA,19.2
2001,NE,September,PRCP,1084.4
2002,NE,September,TMAXA,31.4
2002,NE,September,TMINA,19.6
2002,NE,September,SRADA,18.7
2002,NE,September,PRCP,1397.2
2003,EN,September,TMAXA,31.5
2003,EN,September,TMINA,19.4
2003,EN,September,SRADA,18.7
2003,EN,September,PRCP,1403.3
2004,NE,September,TMAXA,30.9
2004,NE,September,TMINA,19
2004,NE,September,SRADA,18.7
2004,NE,September,PRCP,1160.1
2005,NE,September,TMAXA,30.9
2005,NE,September,TMINA,19.1
2005,NE,September,SRADA,18.7
2005,NE,September,PRCP,1454.5
2006,NE,September,TMAXA,30.9
2006,NE,September,TMINA,19.1
2006,NE,September,SRADA,18.6
2006,NE,September,PRCP,1706.7
2007,EN,September,TMAXA,31.2
2007,EN,September,TMINA,18.5
2007,EN,September,SRADA,18.7
2007,EN,September,PRCP,1855
2008,LA,September,TMAXA,31
2008,LA,September,TMINA,19.4
2008,LA,September,SRADA,18.1
2008,LA,September,PRCP,1423.2
2009,NE,September,TMAXA,30.9
2009,NE,September,TMINA,18.9
2009,NE,September,SRADA,18.6
2009,NE,September,PRCP,1452.3
2010,EN,September,TMAXA,31.1
2010,EN,September,TMINA,19
2010,EN,September,SRADA,18.2
2010,EN,September,PRCP,1595.2
2011,LA,September,TMAXA,30.9
2011,LA,September,TMINA,18.8
2011,LA,September,SRADA,18.4
2011,LA,September,PRCP,1714.2
2012,LA,September,TMAXA,31.1
2012,LA,September,TMINA,18.9
2012,LA,September,SRADA,19.5
2012,LA,September,PRCP,904.5
2013,NE,September,TMAXA,31.3
2013,NE,September,TMINA,19.1
2013,NE,September,SRADA,18.9
2013,NE,September,PRCP,1359.2
2014,NE,September,TMAXA,31.5
2014,NE,September,TMINA,19.1
2014,NE,September,SRADA,19
2014,NE,September,PRCP,1074.9
2015,EN,September,TMAXA,31.4
2015,EN,September,TMINA,19.2
2015,EN,September,SRADA,18.6
2015,EN,September,PRCP,1561
2016,EN,September,TMAXA,31.6
2016,EN,September,TMINA,18.7
2016,EN,September,SRADA,18.1
2016,EN,September,PRCP,1298.8
2017,NE,September,TMAXA,31.2
2017,NE,September,TMINA,18.7
2017,NE,September,SRADA,18.9
2017,NE,September,PRCP,1180.2
2018,LA,September,TMAXA,31.6
2018,LA,September,TMINA,18.9
2018,LA,September,SRADA,18.7
2018,LA,September,PRCP,1159.2
2019,EN,September,TMAXA,31.9
2019,EN,September,TMINA,19.6
2019,EN,September,SRADA,18.9
2019,EN,September,PRCP,1312.1
1963,NE,September,TMAXA,31.9
1963,NE,September,TMINA,17.5
1963,NE,September,SRADA,19.1
1963,NE,September,PRCP,1100.3
1964,EN,September,TMAXA,31.9
1964,EN,September,TMINA,18.5
1964,EN,September,SRADA,18.3
1964,EN,September,PRCP,888.9
1965,LA,September,TMAXA,30.8
1965,LA,September,TMINA,18
1965,LA,September,SRADA,18.3
1965,LA,September,PRCP,1429.9
1966,EN,September,TMAXA,31
1966,EN,September,TMINA,18.1
1966,EN,September,SRADA,18.9
1966,EN,September,PRCP,1350.1
1967,NE,September,TMAXA,31.1
1967,NE,September,TMINA,17.9
1967,NE,September,SRADA,19.3
1967,NE,September,PRCP,1241
1968,NE,September,TMAXA,30.8
1968,NE,September,TMINA,17.1
1968,NE,September,SRADA,19.4
1968,NE,September,PRCP,984.1
1969,EN,September,TMAXA,32.7
1969,EN,September,TMINA,18.7
1969,EN,September,SRADA,20
1969,EN,September,PRCP,835.3
1970,NE,September,TMAXA,31.2
1970,NE,September,TMINA,18.5
1970,NE,September,SRADA,18.9
1970,NE,September,PRCP,1061.5
1971,LA,September,TMAXA,31.7
1971,LA,September,TMINA,18.2
1971,LA,September,SRADA,19.7
1971,LA,September,PRCP,944.7
1972,LA,September,TMAXA,30.7
1972,LA,September,TMINA,17.8
1972,LA,September,SRADA,18.6
1972,LA,September,PRCP,1416.8
1973,EN,September,TMAXA,31
1973,EN,September,TMINA,18.8
1973,EN,September,SRADA,18.9
1973,EN,September,PRCP,1424.2
1974,LA,September,TMAXA,30.3
1974,LA,September,TMINA,18.5
1974,LA,September,SRADA,18.6
1974,LA,September,PRCP,1461.7
1975,LA,September,TMAXA,31.2
1975,LA,September,TMINA,17.8
1975,LA,September,SRADA,19.5
1975,LA,September,PRCP,1167.1
1976,LA,September,TMAXA,31
1976,LA,September,TMINA,17.8
1976,LA,September,SRADA,18.4
1976,LA,September,PRCP,1575.5
1977,EN,September,TMAXA,31.5
1977,EN,September,TMINA,16.2
1977,EN,September,SRADA,18.8
1977,EN,September,PRCP,1303.5
1978,NE,September,TMAXA,31.2
1978,NE,September,TMINA,18.5
1978,NE,September,SRADA,18.7
1978,NE,September,PRCP,1628.7
1979,NE,September,TMAXA,30.1
1979,NE,September,TMINA,18.4
1979,NE,September,SRADA,18.8
1979,NE,September,PRCP,1363.3
1980,NE,September,TMAXA,30.7
1980,NE,September,TMINA,19.4
1980,NE,September,SRADA,18.4
1980,NE,September,PRCP,1296.5
1981,NE,September,TMAXA,30.8
1981,NE,September,TMINA,19.3
1981,NE,September,SRADA,19.1
1981,NE,September,PRCP,1087.7
1982,NE,September,TMAXA,30.2
1982,NE,September,TMINA,19.4
1982,NE,September,SRADA,18
1982,NE,September,PRCP,1330.5
1983,EN,September,TMAXA,29.7
1983,EN,September,TMINA,19.4
1983,EN,September,SRADA,17.6
1983,EN,September,PRCP,1917.2
1984,NE,September,TMAXA,31
1984,NE,September,TMINA,19
1984,NE,September,SRADA,18.8
1984,NE,September,PRCP,1337.7
1985,LA,September,TMAXA,30.5
1985,LA,September,TMINA,18.6
1985,LA,September,SRADA,18.9
1985,LA,September,PRCP,1467.9
1986,NE,September,TMAXA,30.8
1986,NE,September,TMINA,19.6
1986,NE,September,SRADA,19.1
1986,NE,September,PRCP,1158.4
1987,EN,September,TMAXA,30.9
1987,EN,September,TMINA,19.2
1987,EN,September,SRADA,18.3
1987,EN,September,PRCP,1104.8
1988,EN,September,TMAXA,30.9
1988,EN,September,TMINA,19.4
1988,EN,September,SRADA,18.6
1988,EN,September,PRCP,1414.7
1989,LA,September,TMAXA,30.3
1989,LA,September,TMINA,19
1989,LA,September,SRADA,17.9
1989,LA,September,PRCP,1268.6
1990,NE,September,TMAXA,30.2
1990,NE,September,TMINA,18.8
1990,NE,September,SRADA,18.8
1990,NE,September,PRCP,1295.3
1991,NE,September,TMAXA,30.5
1991,NE,September,TMINA,19.3
1991,NE,September,SRADA,18.6
1991,NE,September,PRCP,1416.9
1992,EN,September,TMAXA,30.1
1992,EN,September,TMINA,19.6
1992,EN,September,SRADA,17.5
1992,EN,September,PRCP,1164.6
1993,NE,September,TMAXA,30.5
1993,NE,September,TMINA,19.3
1993,NE,September,SRADA,18.1
1993,NE,September,PRCP,1376.2
1994,NE,September,TMAXA,31.2
1994,NE,September,TMINA,19.6
1994,NE,September,SRADA,18.9
1994,NE,September,PRCP,1358.1
1995,EN,September,TMAXA,31.6
1995,EN,September,TMINA,20.1
1995,EN,September,SRADA,18.9
1995,EN,September,PRCP,1379.5
1996,LA,September,TMAXA,31
1996,LA,September,TMINA,19.2
1996,LA,September,SRADA,18.6
1996,LA,September,PRCP,1269.5
1997,NE,September,TMAXA,31
1997,NE,September,TMINA,19.5
1997,NE,September,SRADA,18.5
1997,NE,September,PRCP,1318.9
1998,EN,September,TMAXA,31.8
1998,EN,September,TMINA,20.3
1998,EN,September,SRADA,18.5
1998,EN,September,PRCP,1232.2
1999,LA,September,TMAXA,31.4
1999,LA,September,TMINA,19.5
1999,LA,September,SRADA,18.7
1999,LA,September,PRCP,1488.8
2000,LA,September,TMAXA,31.1
2000,LA,September,TMINA,18.8
2000,LA,September,SRADA,18.8
2000,LA,September,PRCP,1522.1
2001,NE,September,TMAXA,31.7
2001,NE,September,TMINA,19.4
2001,NE,September,SRADA,19.3
2001,NE,September,PRCP,1077.2
2002,NE,September,TMAXA,32.1
2002,NE,September,TMINA,19.9
2002,NE,September,SRADA,18.9
2002,NE,September,PRCP,1214.9
2003,EN,September,TMAXA,32
2003,EN,September,TMINA,19.9
2003,EN,September,SRADA,18.8
2003,EN,September,PRCP,1507.2
2004,NE,September,TMAXA,31.5
2004,NE,September,TMINA,19.5
2004,NE,September,SRADA,18.8
2004,NE,September,PRCP,1183.8
2005,NE,September,TMAXA,31.8
2005,NE,September,TMINA,20
2005,NE,September,SRADA,18.9
2005,NE,September,PRCP,1230.1
2006,NE,September,TMAXA,31.5
2006,NE,September,TMINA,19.5
2006,NE,September,SRADA,19
2006,NE,September,PRCP,1325.9
2007,EN,September,TMAXA,31.5
2007,EN,September,TMINA,19.6
2007,EN,September,SRADA,20
2007,EN,September,PRCP,1692
2008,LA,September,TMAXA,31.3
2008,LA,September,TMINA,19.7
2008,LA,September,SRADA,18.4
2008,LA,September,PRCP,1314.6
2009,NE,September,TMAXA,31.3
2009,NE,September,TMINA,19.1
2009,NE,September,SRADA,18.5
2009,NE,September,PRCP,1313.6
2010,EN,September,TMAXA,31.7
2010,EN,September,TMINA,19
2010,EN,September,SRADA,18.8
2010,EN,September,PRCP,1193.9
2011,LA,September,TMAXA,31.5
2011,LA,September,TMINA,18.9
2011,LA,September,SRADA,18.5
2011,LA,September,PRCP,1570.8
2012,LA,September,TMAXA,31.5
2012,LA,September,TMINA,19
2012,LA,September,SRADA,19.4
2012,LA,September,PRCP,1227.4
2013,NE,September,TMAXA,31.7
2013,NE,September,TMINA,19.1
2013,NE,September,SRADA,18.6
2013,NE,September,PRCP,1328.9
2014,NE,September,TMAXA,31.9
2014,NE,September,TMINA,18.8
2014,NE,September,SRADA,19.3
2014,NE,September,PRCP,1032.7
2015,EN,September,TMAXA,31.9
2015,EN,September,TMINA,19.1
2015,EN,September,SRADA,18.8
2015,EN,September,PRCP,1402.5
2016,EN,September,TMAXA,32.4
2016,EN,September,TMINA,18.6
2016,EN,September,SRADA,18.5
2016,EN,September,PRCP,1777.5
2017,NE,September,TMAXA,32
2017,NE,September,TMINA,17.9
2017,NE,September,SRADA,19.1
2017,NE,September,PRCP,1173.5
2018,LA,September,TMAXA,32.5
2018,LA,September,TMINA,18.1
2018,LA,September,SRADA,18.9
2018,LA,September,PRCP,1151.9
2019,EN,September,TMAXA,32.6
2019,EN,September,TMINA,18.8
2019,EN,September,SRADA,19
2019,EN,September,PRCP,1199.5
1963,NE,September,TMAXA,30.5
1963,NE,September,TMINA,17.9
1963,NE,September,SRADA,18.4
1963,NE,September,PRCP,1173.2
1964,EN,September,TMAXA,29.7
1964,EN,September,TMINA,18.9
1964,EN,September,SRADA,18.1
1964,EN,September,PRCP,1138.1
1965,LA,September,TMAXA,28.8
1965,LA,September,TMINA,17.7
1965,LA,September,SRADA,17.5
1965,LA,September,PRCP,1661.3
1966,EN,September,TMAXA,29.5
1966,EN,September,TMINA,18.5
1966,EN,September,SRADA,18.1
1966,EN,September,PRCP,1389.4
1967,NE,September,TMAXA,29.6
1967,NE,September,TMINA,18.3
1967,NE,September,SRADA,18.4
1967,NE,September,PRCP,1256.4
1968,NE,September,TMAXA,28.9
1968,NE,September,TMINA,17.1
1968,NE,September,SRADA,18.9
1968,NE,September,PRCP,1145.9
1969,EN,September,TMAXA,30
1969,EN,September,TMINA,18.1
1969,EN,September,SRADA,18.7
1969,EN,September,PRCP,1220.2
1970,NE,September,TMAXA,28.9
1970,NE,September,TMINA,18.2
1970,NE,September,SRADA,18.4
1970,NE,September,PRCP,1337.6
1971,LA,September,TMAXA,28.6
1971,LA,September,TMINA,17.9
1971,LA,September,SRADA,18.4
1971,LA,September,PRCP,1333.3
1972,LA,September,TMAXA,29.1
1972,LA,September,TMINA,17.4
1972,LA,September,SRADA,18
1972,LA,September,PRCP,1309.3
1973,EN,September,TMAXA,29.1
1973,EN,September,TMINA,19
1973,EN,September,SRADA,17.8
1973,EN,September,PRCP,1329.8
1974,LA,September,TMAXA,28.3
1974,LA,September,TMINA,19
1974,LA,September,SRADA,18.2
1974,LA,September,PRCP,1535.4
1975,LA,September,TMAXA,30.1
1975,LA,September,TMINA,18.2
1975,LA,September,SRADA,18.2
1975,LA,September,PRCP,1354.9
1976,LA,September,TMAXA,29.4
1976,LA,September,TMINA,18.2
1976,LA,September,SRADA,17.9
1976,LA,September,PRCP,1761.6
1977,EN,September,TMAXA,30.4
1977,EN,September,TMINA,18.8
1977,EN,September,SRADA,18.4
1977,EN,September,PRCP,1829.1
1978,NE,September,TMAXA,30.5
1978,NE,September,TMINA,19
1978,NE,September,SRADA,18
1978,NE,September,PRCP,1544.5
1979,NE,September,TMAXA,29.8
1979,NE,September,TMINA,18.6
1979,NE,September,SRADA,18.1
1979,NE,September,PRCP,1747.5
1980,NE,September,TMAXA,29.9
1980,NE,September,TMINA,18.8
1980,NE,September,SRADA,17.7
1980,NE,September,PRCP,1690.4
1981,NE,September,TMAXA,30.1
1981,NE,September,TMINA,18.5
1981,NE,September,SRADA,18.1
1981,NE,September,PRCP,1471.6
1982,NE,September,TMAXA,29.9
1982,NE,September,TMINA,19.5
1982,NE,September,SRADA,17.5
1982,NE,September,PRCP,1750.1
1983,EN,September,TMAXA,29.4
1983,EN,September,TMINA,19.1
1983,EN,September,SRADA,16.8
1983,EN,September,PRCP,1674.1
1984,NE,September,TMAXA,30.3
1984,NE,September,TMINA,18.8
1984,NE,September,SRADA,18.2
1984,NE,September,PRCP,1390.6
1985,LA,September,TMAXA,30.3
1985,LA,September,TMINA,19.2
1985,LA,September,SRADA,18.1
1985,LA,September,PRCP,1280.2
1986,NE,September,TMAXA,31.6
1986,NE,September,TMINA,19.4
1986,NE,September,SRADA,18.5
1986,NE,September,PRCP,1339.9
1987,EN,September,TMAXA,30.8
1987,EN,September,TMINA,18.6
1987,EN,September,SRADA,17.4
1987,EN,September,PRCP,1627.9
1988,EN,September,TMAXA,29.7
1988,EN,September,TMINA,18.4
1988,EN,September,SRADA,17.9
1988,EN,September,PRCP,1635.6
1989,LA,September,TMAXA,29.1
1989,LA,September,TMINA,18.2
1989,LA,September,SRADA,17.6
1989,LA,September,PRCP,1555.8
1990,NE,September,TMAXA,29.3
1990,NE,September,TMINA,17.9
1990,NE,September,SRADA,18.2
1990,NE,September,PRCP,1207.5
1991,NE,September,TMAXA,30.5
1991,NE,September,TMINA,18.6
1991,NE,September,SRADA,18.3
1991,NE,September,PRCP,1513.5
1992,EN,September,TMAXA,30
1992,EN,September,TMINA,18.7
1992,EN,September,SRADA,17
1992,EN,September,PRCP,1607.8
1993,NE,September,TMAXA,30.1
1993,NE,September,TMINA,19
1993,NE,September,SRADA,17.8
1993,NE,September,PRCP,1207.8
1994,NE,September,TMAXA,31
1994,NE,September,TMINA,19.5
1994,NE,September,SRADA,18.5
1994,NE,September,PRCP,1407
1995,EN,September,TMAXA,31.3
1995,EN,September,TMINA,19.6
1995,EN,September,SRADA,18.4
1995,EN,September,PRCP,1210.5
1996,LA,September,TMAXA,30.5
1996,LA,September,TMINA,19.5
1996,LA,September,SRADA,18.5
1996,LA,September,PRCP,1380.2
1997,NE,September,TMAXA,30.6
1997,NE,September,TMINA,19.9
1997,NE,September,SRADA,18.1
1997,NE,September,PRCP,1140.4
1998,EN,September,TMAXA,31
1998,EN,September,TMINA,20.4
1998,EN,September,SRADA,17.8
1998,EN,September,PRCP,1439.2
1999,LA,September,TMAXA,31.2
1999,LA,September,TMINA,19.6
1999,LA,September,SRADA,18.4
1999,LA,September,PRCP,901.9
2000,LA,September,TMAXA,30.8
2000,LA,September,TMINA,19.5
2000,LA,September,SRADA,18.3
2000,LA,September,PRCP,1125.3
2001,NE,September,TMAXA,30.9
2001,NE,September,TMINA,19.9
2001,NE,September,SRADA,18.6
2001,NE,September,PRCP,1161.1
2002,NE,September,TMAXA,31.3
2002,NE,September,TMINA,20.3
2002,NE,September,SRADA,18.1
2002,NE,September,PRCP,1508
2003,EN,September,TMAXA,30.8
2003,EN,September,TMINA,19.9
2003,EN,September,SRADA,17.8
2003,EN,September,PRCP,1467.1
2004,NE,September,TMAXA,30.7
2004,NE,September,TMINA,19.6
2004,NE,September,SRADA,18.7
2004,NE,September,PRCP,1194.3
2005,NE,September,TMAXA,31
2005,NE,September,TMINA,19.9
2005,NE,September,SRADA,18.3
2005,NE,September,PRCP,1451.2
2006,NE,September,TMAXA,30.8
2006,NE,September,TMINA,19.8
2006,NE,September,SRADA,18
2006,NE,September,PRCP,1416.3
2007,EN,September,TMAXA,31.3
2007,EN,September,TMINA,19.5
2007,EN,September,SRADA,18.2
2007,EN,September,PRCP,1427.2
2008,LA,September,TMAXA,31
2008,LA,September,TMINA,19.6
2008,LA,September,SRADA,17.7
2008,LA,September,PRCP,1375.2
2009,NE,September,TMAXA,31.1
2009,NE,September,TMINA,19.4
2009,NE,September,SRADA,18.6
2009,NE,September,PRCP,1446.8
2010,EN,September,TMAXA,30.9
2010,EN,September,TMINA,19.5
2010,EN,September,SRADA,18
2010,EN,September,PRCP,1490
2011,LA,September,TMAXA,31
2011,LA,September,TMINA,19.1
2011,LA,September,SRADA,17.8
2011,LA,September,PRCP,1744.5
2012,LA,September,TMAXA,31.4
2012,LA,September,TMINA,19.4
2012,LA,September,SRADA,18.9
2012,LA,September,PRCP,1573.2
2013,NE,September,TMAXA,31.2
2013,NE,September,TMINA,19.4
2013,NE,September,SRADA,18.7
2013,NE,September,PRCP,1732.6
2014,NE,September,TMAXA,30.9
2014,NE,September,TMINA,20
2014,NE,September,SRADA,18.3
2014,NE,September,PRCP,1489.8
2015,EN,September,TMAXA,31.5
2015,EN,September,TMINA,20.3
2015,EN,September,SRADA,18
2015,EN,September,PRCP,1662.4
2016,EN,September,TMAXA,31.2
2016,EN,September,TMINA,19.8
2016,EN,September,SRADA,17.5
2016,EN,September,PRCP,1703.4
2017,NE,September,TMAXA,31.5
2017,NE,September,TMINA,19.8
2017,NE,September,SRADA,18.3
2017,NE,September,PRCP,1277.8
2018,LA,September,TMAXA,31.5
2018,LA,September,TMINA,19.3
2018,LA,September,SRADA,17.7
2018,LA,September,PRCP,1535
2019,EN,September,TMAXA,31.8
2019,EN,September,TMINA,20.3
2019,EN,September,SRADA,17.3
2019,EN,September,PRCP,1314.5
1963,NE,September,TMAXA,28
1963,NE,September,TMINA,15.6
1963,NE,September,SRADA,18.9
1963,NE,September,PRCP,1443.4
1964,EN,September,TMAXA,27.7
1964,EN,September,TMINA,16
1964,EN,September,SRADA,18.3
1964,EN,September,PRCP,1061.5
1965,LA,September,TMAXA,26.4
1965,LA,September,TMINA,15.8
1965,LA,September,SRADA,17.7
1965,LA,September,PRCP,1938.3
1966,EN,September,TMAXA,27.2
1966,EN,September,TMINA,15.8
1966,EN,September,SRADA,18.1
1966,EN,September,PRCP,1700.5
1967,NE,September,TMAXA,28.4
1967,NE,September,TMINA,15.4
1967,NE,September,SRADA,18.7
1967,NE,September,PRCP,2109.2
1968,NE,September,TMAXA,28
1968,NE,September,TMINA,14
1968,NE,September,SRADA,18.9
1968,NE,September,PRCP,1411.7
1969,EN,September,TMAXA,29.5
1969,EN,September,TMINA,15.3
1969,EN,September,SRADA,19.6
1969,EN,September,PRCP,1372.8
1970,NE,September,TMAXA,28
1970,NE,September,TMINA,15.6
1970,NE,September,SRADA,18.4
1970,NE,September,PRCP,1781.8
1971,LA,September,TMAXA,28.1
1971,LA,September,TMINA,15.6
1971,LA,September,SRADA,19.3
1971,LA,September,PRCP,1258.9
1972,LA,September,TMAXA,27.1
1972,LA,September,TMINA,15.5
1972,LA,September,SRADA,18.1
1972,LA,September,PRCP,1663.4
1973,EN,September,TMAXA,28.1
1973,EN,September,TMINA,16.3
1973,EN,September,SRADA,18.4
1973,EN,September,PRCP,1767.4
1974,LA,September,TMAXA,27.9
1974,LA,September,TMINA,15.7
1974,LA,September,SRADA,18.5
1974,LA,September,PRCP,1690.2
1975,LA,September,TMAXA,28.2
1975,LA,September,TMINA,14.3
1975,LA,September,SRADA,19.2
1975,LA,September,PRCP,1333.9
1976,LA,September,TMAXA,27
1976,LA,September,TMINA,15.4
1976,LA,September,SRADA,17.9
1976,LA,September,PRCP,1768.2
1977,EN,September,TMAXA,27.8
1977,EN,September,TMINA,16.4
1977,EN,September,SRADA,18.8
1977,EN,September,PRCP,1687
1978,NE,September,TMAXA,26.9
1978,NE,September,TMINA,15.9
1978,NE,September,SRADA,18.2
1978,NE,September,PRCP,1672
1979,NE,September,TMAXA,26.2
1979,NE,September,TMINA,15.3
1979,NE,September,SRADA,18.3
1979,NE,September,PRCP,1728.3
1980,NE,September,TMAXA,27.4
1980,NE,September,TMINA,16.7
1980,NE,September,SRADA,17.9
1980,NE,September,PRCP,1600.2
1981,NE,September,TMAXA,27.4
1981,NE,September,TMINA,15.5
1981,NE,September,SRADA,18.3
1981,NE,September,PRCP,1400.6
1982,NE,September,TMAXA,26.9
1982,NE,September,TMINA,16.1
1982,NE,September,SRADA,17.3
1982,NE,September,PRCP,2186.1
1983,EN,September,TMAXA,27
1983,EN,September,TMINA,16.8
1983,EN,September,SRADA,16.7
1983,EN,September,PRCP,2395.3
1984,NE,September,TMAXA,27.7
1984,NE,September,TMINA,16.1
1984,NE,September,SRADA,17.7
1984,NE,September,PRCP,1598.8
1985,LA,September,TMAXA,27.5
1985,LA,September,TMINA,15.9
1985,LA,September,SRADA,17.7
1985,LA,September,PRCP,1707
1986,NE,September,TMAXA,27.7
1986,NE,September,TMINA,15.8
1986,NE,September,SRADA,18
1986,NE,September,PRCP,1703.9
1987,EN,September,TMAXA,27.9
1987,EN,September,TMINA,16
1987,EN,September,SRADA,17.7
1987,EN,September,PRCP,1424.7
1988,EN,September,TMAXA,28.1
1988,EN,September,TMINA,15.8
1988,EN,September,SRADA,18.7
1988,EN,September,PRCP,1561.9
1989,LA,September,TMAXA,27.1
1989,LA,September,TMINA,15.9
1989,LA,September,SRADA,17.8
1989,LA,September,PRCP,1647.3
1990,NE,September,TMAXA,27.2
1990,NE,September,TMINA,16.3
1990,NE,September,SRADA,18.1
1990,NE,September,PRCP,1446.3
1991,NE,September,TMAXA,27.7
1991,NE,September,TMINA,16.5
1991,NE,September,SRADA,17.9
1991,NE,September,PRCP,1661.4
1992,EN,September,TMAXA,27.5
1992,EN,September,TMINA,16.2
1992,EN,September,SRADA,17.1
1992,EN,September,PRCP,1526.9
1993,NE,September,TMAXA,27.3
1993,NE,September,TMINA,15.7
1993,NE,September,SRADA,17.2
1993,NE,September,PRCP,1712.3
1994,NE,September,TMAXA,28.2
1994,NE,September,TMINA,16.2
1994,NE,September,SRADA,18
1994,NE,September,PRCP,1460.8
1995,EN,September,TMAXA,28.8
1995,EN,September,TMINA,16.7
1995,EN,September,SRADA,18.1
1995,EN,September,PRCP,1589.9
1996,LA,September,TMAXA,27.9
1996,LA,September,TMINA,15.9
1996,LA,September,SRADA,18.2
1996,LA,September,PRCP,1757
1997,NE,September,TMAXA,27.8
1997,NE,September,TMINA,15.7
1997,NE,September,SRADA,17.9
1997,NE,September,PRCP,1655.9
1998,EN,September,TMAXA,28.9
1998,EN,September,TMINA,16.9
1998,EN,September,SRADA,18
1998,EN,September,PRCP,1539.3
1999,LA,September,TMAXA,28.1
1999,LA,September,TMINA,16
1999,LA,September,SRADA,18.1
1999,LA,September,PRCP,1424.8
2000,LA,September,TMAXA,28
2000,LA,September,TMINA,15.8
2000,LA,September,SRADA,18.2
2000,LA,September,PRCP,1746.7
2001,NE,September,TMAXA,28.9
2001,NE,September,TMINA,16.4
2001,NE,September,SRADA,18.6
2001,NE,September,PRCP,1212.7
2002,NE,September,TMAXA,28.6
2002,NE,September,TMINA,16.5
2002,NE,September,SRADA,18.1
2002,NE,September,PRCP,1600.9
2003,EN,September,TMAXA,28.8
2003,EN,September,TMINA,16.8
2003,EN,September,SRADA,18.1
2003,EN,September,PRCP,1809.3
2004,NE,September,TMAXA,28.2
2004,NE,September,TMINA,16.6
2004,NE,September,SRADA,18.1
2004,NE,September,PRCP,1509.6
2005,NE,September,TMAXA,28.3
2005,NE,September,TMINA,17
2005,NE,September,SRADA,18.1
2005,NE,September,PRCP,1834.7
2006,NE,September,TMAXA,28.2
2006,NE,September,TMINA,16.5
2006,NE,September,SRADA,17.9
2006,NE,September,PRCP,1691.7
2007,EN,September,TMAXA,28.2
2007,EN,September,TMINA,16.8
2007,EN,September,SRADA,18
2007,EN,September,PRCP,2180.8
2008,LA,September,TMAXA,28.5
2008,LA,September,TMINA,16.5
2008,LA,September,SRADA,17.8
2008,LA,September,PRCP,1588.7
2009,NE,September,TMAXA,28.2
2009,NE,September,TMINA,16.4
2009,NE,September,SRADA,17.5
2009,NE,September,PRCP,1864
2010,EN,September,TMAXA,29
2010,EN,September,TMINA,17.1
2010,EN,September,SRADA,18.1
2010,EN,September,PRCP,1792.2
2011,LA,September,TMAXA,28.7
2011,LA,September,TMINA,16.5
2011,LA,September,SRADA,17.8
2011,LA,September,PRCP,1710.4
2012,LA,September,TMAXA,28.1
2012,LA,September,TMINA,16.5
2012,LA,September,SRADA,18.5
2012,LA,September,PRCP,1562.8
2013,NE,September,TMAXA,28.6
2013,NE,September,TMINA,17.5
2013,NE,September,SRADA,18
2013,NE,September,PRCP,1781.1
2014,NE,September,TMAXA,29
2014,NE,September,TMINA,17.5
2014,NE,September,SRADA,18.8
2014,NE,September,PRCP,1128.6
2015,EN,September,TMAXA,28.9
2015,EN,September,TMINA,17.8
2015,EN,September,SRADA,17.6
2015,EN,September,PRCP,1590.1
2016,EN,September,TMAXA,29.2
2016,EN,September,TMINA,17.2
2016,EN,September,SRADA,17.6
2016,EN,September,PRCP,1732
2017,NE,September,TMAXA,28.7
2017,NE,September,TMINA,16.5
2017,NE,September,SRADA,18.3
2017,NE,September,PRCP,1537.1
2018,LA,September,TMAXA,28.8
2018,LA,September,TMINA,16.7
2018,LA,September,SRADA,17.9
2018,LA,September,PRCP,1567.4
2019,EN,September,TMAXA,29
2019,EN,September,TMINA,16.7
2019,EN,September,SRADA,17.8
2019,EN,September,PRCP,1961.6
1963,NE,September,TMAXA,28.5
1963,NE,September,TMINA,16.4
1963,NE,September,SRADA,16.8
1963,NE,September,PRCP,1347.6
1964,EN,September,TMAXA,27.5
1964,EN,September,TMINA,17.2
1964,EN,September,SRADA,15.4
1964,EN,September,PRCP,1492.5
1965,LA,September,TMAXA,27.2
1965,LA,September,TMINA,17
1965,LA,September,SRADA,15.1
1965,LA,September,PRCP,2117.8
1966,EN,September,TMAXA,28.1
1966,EN,September,TMINA,17.1
1966,EN,September,SRADA,16.2
1966,EN,September,PRCP,1549.7
1967,NE,September,TMAXA,28.2
1967,NE,September,TMINA,16.9
1967,NE,September,SRADA,16.2
1967,NE,September,PRCP,1644.7
1968,NE,September,TMAXA,27.1
1968,NE,September,TMINA,15.6
1968,NE,September,SRADA,16.4
1968,NE,September,PRCP,1480.5
1969,EN,September,TMAXA,28.1
1969,EN,September,TMINA,16.8
1969,EN,September,SRADA,16.5
1969,EN,September,PRCP,1486
1970,NE,September,TMAXA,27.6
1970,NE,September,TMINA,16.5
1970,NE,September,SRADA,15.6
1970,NE,September,PRCP,1283.7
1971,LA,September,TMAXA,28.3
1971,LA,September,TMINA,16.8
1971,LA,September,SRADA,16.6
1971,LA,September,PRCP,725
1972,LA,September,TMAXA,27.1
1972,LA,September,TMINA,16.5
1972,LA,September,SRADA,16.1
1972,LA,September,PRCP,1768.2
1973,EN,September,TMAXA,26.8
1973,EN,September,TMINA,17.4
1973,EN,September,SRADA,15.7
1973,EN,September,PRCP,1816.9
1974,LA,September,TMAXA,26
1974,LA,September,TMINA,16.7
1974,LA,September,SRADA,15.4
1974,LA,September,PRCP,1481.6
1975,LA,September,TMAXA,26.5
1975,LA,September,TMINA,16.1
1975,LA,September,SRADA,16.2
1975,LA,September,PRCP,1378.9
1976,LA,September,TMAXA,26
1976,LA,September,TMINA,16.6
1976,LA,September,SRADA,15.6
1976,LA,September,PRCP,1677.3
1977,EN,September,TMAXA,26.3
1977,EN,September,TMINA,17
1977,EN,September,SRADA,15.6
1977,EN,September,PRCP,1300.3
1978,NE,September,TMAXA,25.8
1978,NE,September,TMINA,16.5
1978,NE,September,SRADA,15
1978,NE,September,PRCP,1424.2
1979,NE,September,TMAXA,25.7
1979,NE,September,TMINA,16.1
1979,NE,September,SRADA,14.9
1979,NE,September,PRCP,1558.7
1980,NE,September,TMAXA,26.7
1980,NE,September,TMINA,17.1
1980,NE,September,SRADA,14.9
1980,NE,September,PRCP,1236.2
1981,NE,September,TMAXA,26
1981,NE,September,TMINA,16.5
1981,NE,September,SRADA,15.6
1981,NE,September,PRCP,1196
1982,NE,September,TMAXA,25.4
1982,NE,September,TMINA,16.7
1982,NE,September,SRADA,14.8
1982,NE,September,PRCP,1650.1
1983,EN,September,TMAXA,25.9
1983,EN,September,TMINA,17.3
1983,EN,September,SRADA,14.3
1983,EN,September,PRCP,2116.5
1984,NE,September,TMAXA,27
1984,NE,September,TMINA,16.8
1984,NE,September,SRADA,15.8
1984,NE,September,PRCP,1763.6
1985,LA,September,TMAXA,26.2
1985,LA,September,TMINA,16.9
1985,LA,September,SRADA,16.1
1985,LA,September,PRCP,2077.6
1986,NE,September,TMAXA,27.2
1986,NE,September,TMINA,16.6
1986,NE,September,SRADA,16.7
1986,NE,September,PRCP,1664.5
1987,EN,September,TMAXA,26.8
1987,EN,September,TMINA,17
1987,EN,September,SRADA,15.7
1987,EN,September,PRCP,1448.6
1988,EN,September,TMAXA,26.2
1988,EN,September,TMINA,16.8
1988,EN,September,SRADA,15.3
1988,EN,September,PRCP,1560.3
1989,LA,September,TMAXA,26.2
1989,LA,September,TMINA,16.9
1989,LA,September,SRADA,15.5
1989,LA,September,PRCP,1352.8
1990,NE,September,TMAXA,27.2
1990,NE,September,TMINA,16.6
1990,NE,September,SRADA,16.2
1990,NE,September,PRCP,1302.4
1991,NE,September,TMAXA,27.3
1991,NE,September,TMINA,16.9
1991,NE,September,SRADA,16.2
1991,NE,September,PRCP,1154.4
1992,EN,September,TMAXA,27.1
1992,EN,September,TMINA,16.7
1992,EN,September,SRADA,15.6
1992,EN,September,PRCP,1475.6
1993,NE,September,TMAXA,26.5
1993,NE,September,TMINA,17.2
1993,NE,September,SRADA,15.7
1993,NE,September,PRCP,1397.3
1994,NE,September,TMAXA,26.7
1994,NE,September,TMINA,16.9
1994,NE,September,SRADA,16.2
1994,NE,September,PRCP,1578.5
1995,EN,September,TMAXA,27.6
1995,EN,September,TMINA,17.4
1995,EN,September,SRADA,17
1995,EN,September,PRCP,1421.6
1996,LA,September,TMAXA,26.3
1996,LA,September,TMINA,16.5
1996,LA,September,SRADA,15.9
1996,LA,September,PRCP,1733.7
1997,NE,September,TMAXA,26.5
1997,NE,September,TMINA,16.8
1997,NE,September,SRADA,15.7
1997,NE,September,PRCP,1318.3
1998,EN,September,TMAXA,27.5
1998,EN,September,TMINA,17.5
1998,EN,September,SRADA,15.8
1998,EN,September,PRCP,1539.3
1999,LA,September,TMAXA,26.5
1999,LA,September,TMINA,16.8
1999,LA,September,SRADA,15.5
1999,LA,September,PRCP,1484.7
2000,LA,September,TMAXA,26.1
2000,LA,September,TMINA,16
2000,LA,September,SRADA,15.7
2000,LA,September,PRCP,1342.8
2001,NE,September,TMAXA,28.1
2001,NE,September,TMINA,16.5
2001,NE,September,SRADA,17.2
2001,NE,September,PRCP,1317.5
2002,NE,September,TMAXA,27.5
2002,NE,September,TMINA,16.6
2002,NE,September,SRADA,16
2002,NE,September,PRCP,1454.9
2003,EN,September,TMAXA,27.6
2003,EN,September,TMINA,17.4
2003,EN,September,SRADA,16.1
2003,EN,September,PRCP,1937.1
2004,NE,September,TMAXA,26.5
2004,NE,September,TMINA,16.7
2004,NE,September,SRADA,15.5
2004,NE,September,PRCP,1941.1
2005,NE,September,TMAXA,26.9
2005,NE,September,TMINA,17.4
2005,NE,September,SRADA,14.8
2005,NE,September,PRCP,1801
2006,NE,September,TMAXA,27
2006,NE,September,TMINA,17
2006,NE,September,SRADA,15.1
2006,NE,September,PRCP,1320
2007,EN,September,TMAXA,26.9
2007,EN,September,TMINA,17.6
2007,EN,September,SRADA,15.8
2007,EN,September,PRCP,1556.5
2008,LA,September,TMAXA,27
2008,LA,September,TMINA,17.4
2008,LA,September,SRADA,16.2
2008,LA,September,PRCP,1701.6
2009,NE,September,TMAXA,26.5
2009,NE,September,TMINA,17.6
2009,NE,September,SRADA,14.9
2009,NE,September,PRCP,1869.4
2010,EN,September,TMAXA,27
2010,EN,September,TMINA,17.9
2010,EN,September,SRADA,16
2010,EN,September,PRCP,1989.7
2011,LA,September,TMAXA,26.6
2011,LA,September,TMINA,17.7
2011,LA,September,SRADA,15.7
2011,LA,September,PRCP,1773.8
2012,LA,September,TMAXA,26.3
2012,LA,September,TMINA,17.4
2012,LA,September,SRADA,15.8
2012,LA,September,PRCP,1635.5
2013,NE,September,TMAXA,26.7
2013,NE,September,TMINA,17.7
2013,NE,September,SRADA,16.4
2013,NE,September,PRCP,1645.3
2014,NE,September,TMAXA,26.9
2014,NE,September,TMINA,17.4
2014,NE,September,SRADA,17.1
2014,NE,September,PRCP,1271.7
2015,EN,September,TMAXA,27.5
2015,EN,September,TMINA,18
2015,EN,September,SRADA,16.2
2015,EN,September,PRCP,1107.3
2016,EN,September,TMAXA,28.2
2016,EN,September,TMINA,18.3
2016,EN,September,SRADA,16.1
2016,EN,September,PRCP,1463.4
2017,NE,September,TMAXA,27.1
2017,NE,September,TMINA,16.1
2017,NE,September,SRADA,16.2
2017,NE,September,PRCP,1406.3
2018,LA,September,TMAXA,27.5
2018,LA,September,TMINA,17.3
2018,LA,September,SRADA,15.5
2018,LA,September,PRCP,1416.4
2019,EN,September,TMAXA,28.2
2019,EN,September,TMINA,18.3
2019,EN,September,SRADA,16.1
2019,EN,September,PRCP,1465.2
1963,NE,October,TMAXA,29.4
1963,NE,October,TMINA,18
1963,NE,October,SRADA,18.6
1963,NE,October,PRCP,1417.2
1964,NE,October,TMAXA,29
1964,NE,October,TMINA,18.3
1964,NE,October,SRADA,18.7
1964,NE,October,PRCP,1671
1965,EN,October,TMAXA,28.4
1965,EN,October,TMINA,18
1965,EN,October,SRADA,18
1965,EN,October,PRCP,1772.5
1966,EN,October,TMAXA,28.9
1966,EN,October,TMINA,18
1966,EN,October,SRADA,18.8
1966,EN,October,PRCP,1648.5
1967,NE,October,TMAXA,29.3
1967,NE,October,TMINA,18.3
1967,NE,October,SRADA,18.8
1967,NE,October,PRCP,1381.4
1968,NE,October,TMAXA,27.8
1968,NE,October,TMINA,17.2
1968,NE,October,SRADA,18.7
1968,NE,October,PRCP,1401.2
1969,EN,October,TMAXA,29.8
1969,EN,October,TMINA,18.5
1969,EN,October,SRADA,19.7
1969,EN,October,PRCP,1187.6
1970,NE,October,TMAXA,28.8
1970,NE,October,TMINA,18.2
1970,NE,October,SRADA,18.5
1970,NE,October,PRCP,1339.1
1971,LA,October,TMAXA,29.3
1971,LA,October,TMINA,18.2
1971,LA,October,SRADA,19.6
1971,LA,October,PRCP,1021
1972,EN,October,TMAXA,28.8
1972,EN,October,TMINA,17.9
1972,EN,October,SRADA,18.6
1972,EN,October,PRCP,1541.8
1973,EN,October,TMAXA,30.2
1973,EN,October,TMINA,18.9
1973,EN,October,SRADA,18.7
1973,EN,October,PRCP,1502
1974,LA,October,TMAXA,29.2
1974,LA,October,TMINA,18.1
1974,LA,October,SRADA,18.5
1974,LA,October,PRCP,1355.4
1975,LA,October,TMAXA,29.5
1975,LA,October,TMINA,18
1975,LA,October,SRADA,19.4
1975,LA,October,PRCP,1233.3
1976,LA,October,TMAXA,29.1
1976,LA,October,TMINA,17.8
1976,LA,October,SRADA,18.3
1976,LA,October,PRCP,1271.1
1977,EN,October,TMAXA,29.2
1977,EN,October,TMINA,16.7
1977,EN,October,SRADA,18
1977,EN,October,PRCP,1308.6
1978,NE,October,TMAXA,29.2
1978,NE,October,TMINA,16.9
1978,NE,October,SRADA,17.7
1978,NE,October,PRCP,1458.7
1979,NE,October,TMAXA,29.2
1979,NE,October,TMINA,17.1
1979,NE,October,SRADA,17.3
1979,NE,October,PRCP,1614.1
1980,NE,October,TMAXA,29.7
1980,NE,October,TMINA,17.5
1980,NE,October,SRADA,17.7
1980,NE,October,PRCP,1484.1
1981,NE,October,TMAXA,29.4
1981,NE,October,TMINA,16.9
1981,NE,October,SRADA,17.9
1981,NE,October,PRCP,1145.1
1982,NE,October,TMAXA,28.8
1982,NE,October,TMINA,17.5
1982,NE,October,SRADA,16.7
1982,NE,October,PRCP,1695.4
1983,EN,October,TMAXA,29.4
1983,EN,October,TMINA,17.4
1983,EN,October,SRADA,17
1983,EN,October,PRCP,1686.4
1984,NE,October,TMAXA,29.6
1984,NE,October,TMINA,17.3
1984,NE,October,SRADA,17.9
1984,NE,October,PRCP,1359.2
1985,LA,October,TMAXA,29.5
1985,LA,October,TMINA,18.1
1985,LA,October,SRADA,18.1
1985,LA,October,PRCP,1390.8
1986,NE,October,TMAXA,29.5
1986,NE,October,TMINA,17.7
1986,NE,October,SRADA,18.4
1986,NE,October,PRCP,1374.1
1987,EN,October,TMAXA,29.9
1987,EN,October,TMINA,18.6
1987,EN,October,SRADA,18.1
1987,EN,October,PRCP,1337
1988,NE,October,TMAXA,29.7
1988,NE,October,TMINA,18.4
1988,NE,October,SRADA,18.4
1988,NE,October,PRCP,1410.6
1989,LA,October,TMAXA,29.3
1989,LA,October,TMINA,18.1
1989,LA,October,SRADA,18.4
1989,LA,October,PRCP,1384.1
1990,NE,October,TMAXA,29.4
1990,NE,October,TMINA,18.1
1990,NE,October,SRADA,18.1
1990,NE,October,PRCP,1681.1
1991,NE,October,TMAXA,29.6
1991,NE,October,TMINA,18.3
1991,NE,October,SRADA,17.9
1991,NE,October,PRCP,1542.5
1992,EN,October,TMAXA,29.3
1992,EN,October,TMINA,18.1
1992,EN,October,SRADA,17.3
1992,EN,October,PRCP,1766.4
1993,NE,October,TMAXA,29.8
1993,NE,October,TMINA,18.1
1993,NE,October,SRADA,17.9
1993,NE,October,PRCP,1405.5
1994,NE,October,TMAXA,31
1994,NE,October,TMINA,17.5
1994,NE,October,SRADA,18.7
1994,NE,October,PRCP,1552.3
1995,EN,October,TMAXA,30.3
1995,EN,October,TMINA,18.6
1995,EN,October,SRADA,17.8
1995,EN,October,PRCP,1543.5
1996,LA,October,TMAXA,29.8
1996,LA,October,TMINA,18.4
1996,LA,October,SRADA,18.6
1996,LA,October,PRCP,1326.2
1997,NE,October,TMAXA,29.4
1997,NE,October,TMINA,18
1997,NE,October,SRADA,18
1997,NE,October,PRCP,1517.2
1998,EN,October,TMAXA,30.8
1998,EN,October,TMINA,19
1998,EN,October,SRADA,18.4
1998,EN,October,PRCP,1547.2
1999,LA,October,TMAXA,30.3
1999,LA,October,TMINA,18.5
1999,LA,October,SRADA,18.7
1999,LA,October,PRCP,1308.7
2000,LA,October,TMAXA,29.8
2000,LA,October,TMINA,18.3
2000,LA,October,SRADA,19
2000,LA,October,PRCP,1486.8
2001,NE,October,TMAXA,30.4
2001,NE,October,TMINA,18.1
2001,NE,October,SRADA,19.1
2001,NE,October,PRCP,1322
2002,NE,October,TMAXA,30.4
2002,NE,October,TMINA,18.8
2002,NE,October,SRADA,19
2002,NE,October,PRCP,1404.4
2003,NE,October,TMAXA,30.3
2003,NE,October,TMINA,18.7
2003,NE,October,SRADA,18.3
2003,NE,October,PRCP,1458
2004,NE,October,TMAXA,29.8
2004,NE,October,TMINA,18.4
2004,NE,October,SRADA,18.4
2004,NE,October,PRCP,1748.6
2005,NE,October,TMAXA,30.1
2005,NE,October,TMINA,18.9
2005,NE,October,SRADA,18.6
2005,NE,October,PRCP,1493.6
2006,NE,October,TMAXA,29.6
2006,NE,October,TMINA,18.6
2006,NE,October,SRADA,18.3
2006,NE,October,PRCP,2082.3
2007,NE,October,TMAXA,30.4
2007,NE,October,TMINA,18.5
2007,NE,October,SRADA,19.7
2007,NE,October,PRCP,1617.9
2008,LA,October,TMAXA,30
2008,LA,October,TMINA,18.6
2008,LA,October,SRADA,18.7
2008,LA,October,PRCP,1466.9
2009,LA,October,TMAXA,30.1
2009,LA,October,TMINA,19
2009,LA,October,SRADA,18
2009,LA,October,PRCP,1550.1
2010,EN,October,TMAXA,30.8
2010,EN,October,TMINA,18.7
2010,EN,October,SRADA,19.4
2010,EN,October,PRCP,1024.4
2011,LA,October,TMAXA,30.4
2011,LA,October,TMINA,18.6
2011,LA,October,SRADA,18.8
2011,LA,October,PRCP,1503.4
2012,LA,October,TMAXA,29.8
2012,LA,October,TMINA,18.6
2012,LA,October,SRADA,18.8
2012,LA,October,PRCP,1497.7
2013,NE,October,TMAXA,30.3
2013,NE,October,TMINA,18.9
2013,NE,October,SRADA,18.8
2013,NE,October,PRCP,1347
2014,NE,October,TMAXA,30.5
2014,NE,October,TMINA,18.9
2014,NE,October,SRADA,19.7
2014,NE,October,PRCP,1156.9
2015,EN,October,TMAXA,30.6
2015,EN,October,TMINA,19.3
2015,EN,October,SRADA,18.8
2015,EN,October,PRCP,1470.7
2016,EN,October,TMAXA,31.6
2016,EN,October,TMINA,19.5
2016,EN,October,SRADA,19
2016,EN,October,PRCP,1361
2017,NE,October,TMAXA,30.5
2017,NE,October,TMINA,19
2017,NE,October,SRADA,19.3
2017,NE,October,PRCP,1260
2018,LA,October,TMAXA,30.6
2018,LA,October,TMINA,19
2018,LA,October,SRADA,18.3
2018,LA,October,PRCP,1538.9
2019,EN,October,TMAXA,30.9
2019,EN,October,TMINA,19.4
2019,EN,October,SRADA,18.9
2019,EN,October,PRCP,1306.4
1963,NE,October,TMAXA,31.2
1963,NE,October,TMINA,16.5
1963,NE,October,SRADA,18.9
1963,NE,October,PRCP,1337.7
1964,NE,October,TMAXA,30.9
1964,NE,October,TMINA,17.2
1964,NE,October,SRADA,18.7
1964,NE,October,PRCP,1257.4
1965,EN,October,TMAXA,30.3
1965,EN,October,TMINA,17.2
1965,EN,October,SRADA,18.1
1965,EN,October,PRCP,1652.7
1966,EN,October,TMAXA,30.7
1966,EN,October,TMINA,17
1966,EN,October,SRADA,19
1966,EN,October,PRCP,1592.6
1967,NE,October,TMAXA,30.5
1967,NE,October,TMINA,17.4
1967,NE,October,SRADA,19.4
1967,NE,October,PRCP,1505.5
1968,NE,October,TMAXA,29.2
1968,NE,October,TMINA,16.3
1968,NE,October,SRADA,19.2
1968,NE,October,PRCP,1038.4
1969,EN,October,TMAXA,30.8
1969,EN,October,TMINA,18
1969,EN,October,SRADA,19.6
1969,EN,October,PRCP,1351.2
1970,NE,October,TMAXA,30
1970,NE,October,TMINA,17.9
1970,NE,October,SRADA,19
1970,NE,October,PRCP,1437.7
1971,LA,October,TMAXA,30.1
1971,LA,October,TMINA,17.7
1971,LA,October,SRADA,19.2
1971,LA,October,PRCP,1284.1
1972,EN,October,TMAXA,29.7
1972,EN,October,TMINA,17.7
1972,EN,October,SRADA,18.1
1972,EN,October,PRCP,1446.8
1973,EN,October,TMAXA,29.7
1973,EN,October,TMINA,19.4
1973,EN,October,SRADA,18.4
1973,EN,October,PRCP,1568.3
1974,LA,October,TMAXA,28.6
1974,LA,October,TMINA,17.8
1974,LA,October,SRADA,18.5
1974,LA,October,PRCP,1588.7
1975,LA,October,TMAXA,30
1975,LA,October,TMINA,17
1975,LA,October,SRADA,19.3
1975,LA,October,PRCP,1226.3
1976,LA,October,TMAXA,29.3
1976,LA,October,TMINA,17
1976,LA,October,SRADA,18.2
1976,LA,October,PRCP,1622.9
1977,EN,October,TMAXA,28.8
1977,EN,October,TMINA,17.4
1977,EN,October,SRADA,17.7
1977,EN,October,PRCP,1541.3
1978,NE,October,TMAXA,29.4
1978,NE,October,TMINA,17.5
1978,NE,October,SRADA,17.7
1978,NE,October,PRCP,1611.8
1979,NE,October,TMAXA,29.6
1979,NE,October,TMINA,16.6
1979,NE,October,SRADA,17.3
1979,NE,October,PRCP,1825.5
1980,NE,October,TMAXA,30.1
1980,NE,October,TMINA,16.4
1980,NE,October,SRADA,17.1
1980,NE,October,PRCP,1586.3
1981,NE,October,TMAXA,30.1
1981,NE,October,TMINA,16
1981,NE,October,SRADA,17
1981,NE,October,PRCP,1406.7
1982,NE,October,TMAXA,29.5
1982,NE,October,TMINA,17.1
1982,NE,October,SRADA,16.7
1982,NE,October,PRCP,1904.7
1983,EN,October,TMAXA,30.1
1983,EN,October,TMINA,17
1983,EN,October,SRADA,16.8
1983,EN,October,PRCP,2016.7
1984,NE,October,TMAXA,29.8
1984,NE,October,TMINA,16.3
1984,NE,October,SRADA,17.4
1984,NE,October,PRCP,1829.4
1985,LA,October,TMAXA,30.3
1985,LA,October,TMINA,16
1985,LA,October,SRADA,17.5
1985,LA,October,PRCP,1580
1986,NE,October,TMAXA,30.2
1986,NE,October,TMINA,16.7
1986,NE,October,SRADA,17.8
1986,NE,October,PRCP,1212.7
1987,EN,October,TMAXA,30.5
1987,EN,October,TMINA,16.5
1987,EN,October,SRADA,17.4
1987,EN,October,PRCP,1932.7
1988,NE,October,TMAXA,30.6
1988,NE,October,TMINA,16.7
1988,NE,October,SRADA,17.8
1988,NE,October,PRCP,1750.7
1989,LA,October,TMAXA,29.8
1989,LA,October,TMINA,16.5
1989,LA,October,SRADA,17.5
1989,LA,October,PRCP,1908.8
1990,NE,October,TMAXA,30.2
1990,NE,October,TMINA,16.5
1990,NE,October,SRADA,18
1990,NE,October,PRCP,1415.5
1991,NE,October,TMAXA,30.5
1991,NE,October,TMINA,17
1991,NE,October,SRADA,17.6
1991,NE,October,PRCP,1723.2
1992,EN,October,TMAXA,30.1
1992,EN,October,TMINA,17.1
1992,EN,October,SRADA,16.6
1992,EN,October,PRCP,1890.4
1993,NE,October,TMAXA,30.3
1993,NE,October,TMINA,16.6
1993,NE,October,SRADA,17.4
1993,NE,October,PRCP,1594.5
1994,NE,October,TMAXA,31.3
1994,NE,October,TMINA,16.6
1994,NE,October,SRADA,18.4
1994,NE,October,PRCP,1294.1
1995,EN,October,TMAXA,30.9
1995,EN,October,TMINA,17.4
1995,EN,October,SRADA,18
1995,EN,October,PRCP,1467.4
1996,LA,October,TMAXA,30.4
1996,LA,October,TMINA,16.8
1996,LA,October,SRADA,18.3
1996,LA,October,PRCP,1577
1997,NE,October,TMAXA,30
1997,NE,October,TMINA,16.8
1997,NE,October,SRADA,17.2
1997,NE,October,PRCP,2005.1
1998,EN,October,TMAXA,31.1
1998,EN,October,TMINA,17.8
1998,EN,October,SRADA,17.5
1998,EN,October,PRCP,1671.9
1999,LA,October,TMAXA,30.9
1999,LA,October,TMINA,16.8
1999,LA,October,SRADA,18.1
1999,LA,October,PRCP,1183.3
2000,LA,October,TMAXA,30.5
2000,LA,October,TMINA,16.8
2000,LA,October,SRADA,18
2000,LA,October,PRCP,1600.6
2001,NE,October,TMAXA,30.8
2001,NE,October,TMINA,16.9
2001,NE,October,SRADA,18
2001,NE,October,PRCP,1626.1
2002,NE,October,TMAXA,30.8
2002,NE,October,TMINA,17.3
2002,NE,October,SRADA,18.1
2002,NE,October,PRCP,2007.4
2003,NE,October,TMAXA,30.8
2003,NE,October,TMINA,16.7
2003,NE,October,SRADA,17.9
2003,NE,October,PRCP,1494.7
2004,NE,October,TMAXA,30.5
2004,NE,October,TMINA,16.9
2004,NE,October,SRADA,17.8
2004,NE,October,PRCP,1371.3
2005,NE,October,TMAXA,30.7
2005,NE,October,TMINA,17.2
2005,NE,October,SRADA,17.9
2005,NE,October,PRCP,1594.3
2006,NE,October,TMAXA,30.5
2006,NE,October,TMINA,16.8
2006,NE,October,SRADA,17.7
2006,NE,October,PRCP,1696.3
2007,NE,October,TMAXA,31.1
2007,NE,October,TMINA,17.1
2007,NE,October,SRADA,18.5
2007,NE,October,PRCP,1592.7
2008,LA,October,TMAXA,30.4
2008,LA,October,TMINA,16.8
2008,LA,October,SRADA,18
2008,LA,October,PRCP,1951.2
2009,LA,October,TMAXA,30.8
2009,LA,October,TMINA,17.2
2009,LA,October,SRADA,18.2
2009,LA,October,PRCP,1422.1
2010,EN,October,TMAXA,31.3
2010,EN,October,TMINA,16.8
2010,EN,October,SRADA,18.6
2010,EN,October,PRCP,1916.8
2011,LA,October,TMAXA,30.8
2011,LA,October,TMINA,16.9
2011,LA,October,SRADA,18.6
2011,LA,October,PRCP,1546.4
2012,LA,October,TMAXA,30.6
2012,LA,October,TMINA,17
2012,LA,October,SRADA,18.7
2012,LA,October,PRCP,1697.8
2013,NE,October,TMAXA,30.9
2013,NE,October,TMINA,17.1
2013,NE,October,SRADA,18
2013,NE,October,PRCP,1596.4
2014,NE,October,TMAXA,31.3
2014,NE,October,TMINA,17.2
2014,NE,October,SRADA,18.9
2014,NE,October,PRCP,1436
2015,EN,October,TMAXA,31.2
2015,EN,October,TMINA,17.8
2015,EN,October,SRADA,18.5
2015,EN,October,PRCP,1697
2016,EN,October,TMAXA,31.5
2016,EN,October,TMINA,17.3
2016,EN,October,SRADA,18.4
2016,EN,October,PRCP,1437.6
2017,NE,October,TMAXA,31.2
2017,NE,October,TMINA,17.4
2017,NE,October,SRADA,18.6
2017,NE,October,PRCP,1298.7
2018,LA,October,TMAXA,31.1
2018,LA,October,TMINA,17.3
2018,LA,October,SRADA,17.9
2018,LA,October,PRCP,1740.3
2019,EN,October,TMAXA,31.5
2019,EN,October,TMINA,17.8
2019,EN,October,SRADA,18.3
2019,EN,October,PRCP,1360.7
1963,NE,October,TMAXA,29.2
1963,NE,October,TMINA,15.6
1963,NE,October,SRADA,18.7
1963,NE,October,PRCP,1303.9
1964,NE,October,TMAXA,28.8
1964,NE,October,TMINA,16.3
1964,NE,October,SRADA,18.7
1964,NE,October,PRCP,1401.6
1965,EN,October,TMAXA,28
1965,EN,October,TMINA,16
1965,EN,October,SRADA,18
1965,EN,October,PRCP,1729.3
1966,EN,October,TMAXA,28.3
1966,EN,October,TMINA,16
1966,EN,October,SRADA,18.7
1966,EN,October,PRCP,1576.1
1967,NE,October,TMAXA,28.6
1967,NE,October,TMINA,16.4
1967,NE,October,SRADA,18.8
1967,NE,October,PRCP,1391.9
1968,NE,October,TMAXA,27.4
1968,NE,October,TMINA,15.1
1968,NE,October,SRADA,18.8
1968,NE,October,PRCP,1263
1969,EN,October,TMAXA,29.1
1969,EN,October,TMINA,16.6
1969,EN,October,SRADA,19.8
1969,EN,October,PRCP,1362
1970,NE,October,TMAXA,28
1970,NE,October,TMINA,16.4
1970,NE,October,SRADA,18.6
1970,NE,October,PRCP,1744.3
1971,LA,October,TMAXA,28.5
1971,LA,October,TMINA,16.1
1971,LA,October,SRADA,19.7
1971,LA,October,PRCP,1357.4
1972,EN,October,TMAXA,28
1972,EN,October,TMINA,16
1972,EN,October,SRADA,18.4
1972,EN,October,PRCP,1675.6
1973,EN,October,TMAXA,28.3
1973,EN,October,TMINA,17.3
1973,EN,October,SRADA,18.5
1973,EN,October,PRCP,1787
1974,LA,October,TMAXA,27.7
1974,LA,October,TMINA,16.2
1974,LA,October,SRADA,19
1974,LA,October,PRCP,1407.7
1975,LA,October,TMAXA,28.4
1975,LA,October,TMINA,15.8
1975,LA,October,SRADA,19.7
1975,LA,October,PRCP,1180.5
1976,LA,October,TMAXA,28.2
1976,LA,October,TMINA,15.9
1976,LA,October,SRADA,18.5
1976,LA,October,PRCP,1399.6
1977,EN,October,TMAXA,28.2
1977,EN,October,TMINA,16.5
1977,EN,October,SRADA,18.5
1977,EN,October,PRCP,1440.1
1978,NE,October,TMAXA,28.2
1978,NE,October,TMINA,16.2
1978,NE,October,SRADA,18.3
1978,NE,October,PRCP,1529.9
1979,NE,October,TMAXA,28
1979,NE,October,TMINA,16
1979,NE,October,SRADA,18
1979,NE,October,PRCP,1639.7
1980,NE,October,TMAXA,28.6
1980,NE,October,TMINA,16.7
1980,NE,October,SRADA,18.4
1980,NE,October,PRCP,1456.8
1981,NE,October,TMAXA,28.6
1981,NE,October,TMINA,16.9
1981,NE,October,SRADA,18.6
1981,NE,October,PRCP,1277.4
1982,NE,October,TMAXA,27.9
1982,NE,October,TMINA,17.3
1982,NE,October,SRADA,17.7
1982,NE,October,PRCP,1904.2
1983,EN,October,TMAXA,28.5
1983,EN,October,TMINA,18
1983,EN,October,SRADA,17.7
1983,EN,October,PRCP,2045.6
1984,NE,October,TMAXA,28.8
1984,NE,October,TMINA,17.4
1984,NE,October,SRADA,18.2
1984,NE,October,PRCP,1326.2
1985,LA,October,TMAXA,28.3
1985,LA,October,TMINA,16.6
1985,LA,October,SRADA,18.2
1985,LA,October,PRCP,1651.7
1986,NE,October,TMAXA,28.2
1986,NE,October,TMINA,17.4
1986,NE,October,SRADA,18.4
1986,NE,October,PRCP,1208.6
1987,EN,October,TMAXA,28.9
1987,EN,October,TMINA,17.4
1987,EN,October,SRADA,17.9
1987,EN,October,PRCP,1569.5
1988,NE,October,TMAXA,28.9
1988,NE,October,TMINA,17.5
1988,NE,October,SRADA,18.3
1988,NE,October,PRCP,1775.7
1989,LA,October,TMAXA,28.5
1989,LA,October,TMINA,16.8
1989,LA,October,SRADA,18.3
1989,LA,October,PRCP,1303.1
1990,NE,October,TMAXA,28.2
1990,NE,October,TMINA,16.1
1990,NE,October,SRADA,18.6
1990,NE,October,PRCP,1550.7
1991,NE,October,TMAXA,28.9
1991,NE,October,TMINA,17.3
1991,NE,October,SRADA,18.1
1991,NE,October,PRCP,1604.9
1992,EN,October,TMAXA,28.6
1992,EN,October,TMINA,17.5
1992,EN,October,SRADA,17.3
1992,EN,October,PRCP,1638.3
1993,NE,October,TMAXA,29
1993,NE,October,TMINA,17.3
1993,NE,October,SRADA,17.7
1993,NE,October,PRCP,1554.4
1994,NE,October,TMAXA,29.8
1994,NE,October,TMINA,17.7
1994,NE,October,SRADA,18.7
1994,NE,October,PRCP,1420.2
1995,EN,October,TMAXA,29.6
1995,EN,October,TMINA,18.1
1995,EN,October,SRADA,18
1995,EN,October,PRCP,1463.1
1996,LA,October,TMAXA,29.2
1996,LA,October,TMINA,17.1
1996,LA,October,SRADA,18.6
1996,LA,October,PRCP,1181.4
1997,NE,October,TMAXA,29.1
1997,NE,October,TMINA,17.4
1997,NE,October,SRADA,17.6
1997,NE,October,PRCP,1435.8
1998,EN,October,TMAXA,30.2
1998,EN,October,TMINA,18.5
1998,EN,October,SRADA,17.9
1998,EN,October,PRCP,1450.8
1999,LA,October,TMAXA,29.5
1999,LA,October,TMINA,17.7
1999,LA,October,SRADA,18.6
1999,LA,October,PRCP,1249.5
2000,LA,October,TMAXA,29.3
2000,LA,October,TMINA,17.6
2000,LA,October,SRADA,18.9
2000,LA,October,PRCP,1606.9
2001,NE,October,TMAXA,30.2
2001,NE,October,TMINA,17.9
2001,NE,October,SRADA,19.1
2001,NE,October,PRCP,1311.4
2002,NE,October,TMAXA,30.5
2002,NE,October,TMINA,17.8
2002,NE,October,SRADA,18.9
2002,NE,October,PRCP,1467.1
2003,NE,October,TMAXA,29.2
2003,NE,October,TMINA,18.4
2003,NE,October,SRADA,18.5
2003,NE,October,PRCP,1815.4
2004,NE,October,TMAXA,28.9
2004,NE,October,TMINA,18.2
2004,NE,October,SRADA,18.4
2004,NE,October,PRCP,1317.8
2005,NE,October,TMAXA,29
2005,NE,October,TMINA,18.5
2005,NE,October,SRADA,18.8
2005,NE,October,PRCP,1505.5
2006,NE,October,TMAXA,28.2
2006,NE,October,TMINA,18
2006,NE,October,SRADA,19.2
2006,NE,October,PRCP,1406.5
2007,NE,October,TMAXA,28.7
2007,NE,October,TMINA,18.3
2007,NE,October,SRADA,20.6
2007,NE,October,PRCP,1634.8
2008,LA,October,TMAXA,28.5
2008,LA,October,TMINA,17.9
2008,LA,October,SRADA,18.4
2008,LA,October,PRCP,1800.3
2009,LA,October,TMAXA,28.6
2009,LA,October,TMINA,18.7
2009,LA,October,SRADA,17.8
2009,LA,October,PRCP,1311.6
2010,EN,October,TMAXA,29.2
2010,EN,October,TMINA,18.7
2010,EN,October,SRADA,19
2010,EN,October,PRCP,1207.5
2011,LA,October,TMAXA,29
2011,LA,October,TMINA,18.5
2011,LA,October,SRADA,18.5
2011,LA,October,PRCP,1654.2
2012,LA,October,TMAXA,28.4
2012,LA,October,TMINA,18.4
2012,LA,October,SRADA,18.8
2012,LA,October,PRCP,1466.8
2013,NE,October,TMAXA,28.9
2013,NE,October,TMINA,18.6
2013,NE,October,SRADA,18.5
2013,NE,October,PRCP,1575.7
2014,NE,October,TMAXA,29.3
2014,NE,October,TMINA,18.9
2014,NE,October,SRADA,19.3
2014,NE,October,PRCP,1187.6
2015,EN,October,TMAXA,29.2
2015,EN,October,TMINA,19.3
2015,EN,October,SRADA,18.5
2015,EN,October,PRCP,1454.4
2016,EN,October,TMAXA,30
2016,EN,October,TMINA,19.3
2016,EN,October,SRADA,18.9
2016,EN,October,PRCP,1711.7
2017,NE,October,TMAXA,29.2
2017,NE,October,TMINA,18.8
2017,NE,October,SRADA,19.2
2017,NE,October,PRCP,1371.6
2018,LA,October,TMAXA,29.3
2018,LA,October,TMINA,19
2018,LA,October,SRADA,18.4
2018,LA,October,PRCP,1354.6
2019,EN,October,TMAXA,29.7
2019,EN,October,TMINA,19.4
2019,EN,October,SRADA,18.9
2019,EN,October,PRCP,1448.4
1963,NE,October,TMAXA,31.9
1963,NE,October,TMINA,17.6
1963,NE,October,SRADA,18.6
1963,NE,October,PRCP,920.6
1964,NE,October,TMAXA,31.2
1964,NE,October,TMINA,17.9
1964,NE,October,SRADA,18.2
1964,NE,October,PRCP,902.9
1965,EN,October,TMAXA,30.3
1965,EN,October,TMINA,17.5
1965,EN,October,SRADA,18.1
1965,EN,October,PRCP,1076.3
1966,EN,October,TMAXA,30.9
1966,EN,October,TMINA,17.8
1966,EN,October,SRADA,18.8
1966,EN,October,PRCP,1167.9
1967,NE,October,TMAXA,31
1967,NE,October,TMINA,18.2
1967,NE,October,SRADA,19.1
1967,NE,October,PRCP,1255.8
1968,NE,October,TMAXA,30
1968,NE,October,TMINA,16.9
1968,NE,October,SRADA,19.3
1968,NE,October,PRCP,949.9
1969,EN,October,TMAXA,31.7
1969,EN,October,TMINA,18.6
1969,EN,October,SRADA,19.4
1969,EN,October,PRCP,938.1
1970,NE,October,TMAXA,30.4
1970,NE,October,TMINA,18.4
1970,NE,October,SRADA,19
1970,NE,October,PRCP,1119.4
1971,LA,October,TMAXA,30.8
1971,LA,October,TMINA,17.6
1971,LA,October,SRADA,19.4
1971,LA,October,PRCP,1028.9
1972,EN,October,TMAXA,30
1972,EN,October,TMINA,17.2
1972,EN,October,SRADA,18.1
1972,EN,October,PRCP,1712.9
1973,EN,October,TMAXA,30.8
1973,EN,October,TMINA,18
1973,EN,October,SRADA,18.7
1973,EN,October,PRCP,1568.2
1974,LA,October,TMAXA,29.9
1974,LA,October,TMINA,16.4
1974,LA,October,SRADA,18.8
1974,LA,October,PRCP,1318
1975,LA,October,TMAXA,30.8
1975,LA,October,TMINA,17.4
1975,LA,October,SRADA,19.5
1975,LA,October,PRCP,1113.6
1976,LA,October,TMAXA,29.6
1976,LA,October,TMINA,17.8
1976,LA,October,SRADA,18.5
1976,LA,October,PRCP,1730.7
1977,EN,October,TMAXA,30.8
1977,EN,October,TMINA,18.3
1977,EN,October,SRADA,18.3
1977,EN,October,PRCP,1348.1
1978,NE,October,TMAXA,30.3
1978,NE,October,TMINA,18.2
1978,NE,October,SRADA,18.6
1978,NE,October,PRCP,1690.6
1979,NE,October,TMAXA,30.2
1979,NE,October,TMINA,18
1979,NE,October,SRADA,18.8
1979,NE,October,PRCP,1393.7
1980,NE,October,TMAXA,30.3
1980,NE,October,TMINA,18.2
1980,NE,October,SRADA,18.2
1980,NE,October,PRCP,1691.6
1981,NE,October,TMAXA,30.7
1981,NE,October,TMINA,17.9
1981,NE,October,SRADA,18.6
1981,NE,October,PRCP,1028.9
1982,NE,October,TMAXA,30
1982,NE,October,TMINA,18.2
1982,NE,October,SRADA,18
1982,NE,October,PRCP,1616.2
1983,EN,October,TMAXA,30.3
1983,EN,October,TMINA,18.1
1983,EN,October,SRADA,17.5
1983,EN,October,PRCP,1790.9
1984,NE,October,TMAXA,30.8
1984,NE,October,TMINA,18
1984,NE,October,SRADA,19.1
1984,NE,October,PRCP,1278.7
1985,LA,October,TMAXA,30.2
1985,LA,October,TMINA,18.1
1985,LA,October,SRADA,18.9
1985,LA,October,PRCP,1324.8
1986,NE,October,TMAXA,31
1986,NE,October,TMINA,19.4
1986,NE,October,SRADA,19
1986,NE,October,PRCP,1129.2
1987,EN,October,TMAXA,30.6
1987,EN,October,TMINA,18.7
1987,EN,October,SRADA,18.2
1987,EN,October,PRCP,1357.6
1988,NE,October,TMAXA,30.8
1988,NE,October,TMINA,19
1988,NE,October,SRADA,18.4
1988,NE,October,PRCP,1276.9
1989,LA,October,TMAXA,29.8
1989,LA,October,TMINA,18.5
1989,LA,October,SRADA,17.9
1989,LA,October,PRCP,1340.6
1990,NE,October,TMAXA,29.8
1990,NE,October,TMINA,18.3
1990,NE,October,SRADA,18.6
1990,NE,October,PRCP,1259
1991,NE,October,TMAXA,30.5
1991,NE,October,TMINA,19
1991,NE,October,SRADA,18.3
1991,NE,October,PRCP,1182.9
1992,EN,October,TMAXA,30.1
1992,EN,October,TMINA,19.2
1992,EN,October,SRADA,17.5
1992,EN,October,PRCP,1167.6
1993,NE,October,TMAXA,30.7
1993,NE,October,TMINA,19.2
1993,NE,October,SRADA,18.2
1993,NE,October,PRCP,1267.9
1994,NE,October,TMAXA,31.5
1994,NE,October,TMINA,19.7
1994,NE,October,SRADA,19.1
1994,NE,October,PRCP,1178.8
1995,EN,October,TMAXA,31.6
1995,EN,October,TMINA,19.8
1995,EN,October,SRADA,18.6
1995,EN,October,PRCP,1324.4
1996,LA,October,TMAXA,30.8
1996,LA,October,TMINA,19.9
1996,LA,October,SRADA,18.9
1996,LA,October,PRCP,1240.6
1997,NE,October,TMAXA,30.7
1997,NE,October,TMINA,19.5
1997,NE,October,SRADA,18.4
1997,NE,October,PRCP,1497.1
1998,EN,October,TMAXA,31.4
1998,EN,October,TMINA,20.5
1998,EN,October,SRADA,18.3
1998,EN,October,PRCP,1466.8
1999,LA,October,TMAXA,31.6
1999,LA,October,TMINA,19.7
1999,LA,October,SRADA,19.1
1999,LA,October,PRCP,1188.3
2000,LA,October,TMAXA,31
2000,LA,October,TMINA,18.8
2000,LA,October,SRADA,18.6
2000,LA,October,PRCP,1476.2
2001,NE,October,TMAXA,31.1
2001,NE,October,TMINA,17.5
2001,NE,October,SRADA,19
2001,NE,October,PRCP,1140.4
2002,NE,October,TMAXA,31.6
2002,NE,October,TMINA,19.7
2002,NE,October,SRADA,18.8
2002,NE,October,PRCP,1374.6
2003,NE,October,TMAXA,31.5
2003,NE,October,TMINA,19.3
2003,NE,October,SRADA,18.7
2003,NE,October,PRCP,1392.4
2004,NE,October,TMAXA,30.9
2004,NE,October,TMINA,19
2004,NE,October,SRADA,18.6
2004,NE,October,PRCP,1173.8
2005,NE,October,TMAXA,30.8
2005,NE,October,TMINA,19.1
2005,NE,October,SRADA,18.7
2005,NE,October,PRCP,1485.2
2006,NE,October,TMAXA,30.9
2006,NE,October,TMINA,19
2006,NE,October,SRADA,18.7
2006,NE,October,PRCP,1629.8
2007,NE,October,TMAXA,31.5
2007,NE,October,TMINA,18.6
2007,NE,October,SRADA,18.7
2007,NE,October,PRCP,1840.4
2008,LA,October,TMAXA,30.6
2008,LA,October,TMINA,19.1
2008,LA,October,SRADA,18.1
2008,LA,October,PRCP,1454.4
2009,LA,October,TMAXA,30.9
2009,LA,October,TMINA,19
2009,LA,October,SRADA,18.6
2009,LA,October,PRCP,1470.3
2010,EN,October,TMAXA,31.2
2010,EN,October,TMINA,19
2010,EN,October,SRADA,18.1
2010,EN,October,PRCP,1560
2011,LA,October,TMAXA,31.1
2011,LA,October,TMINA,18.8
2011,LA,October,SRADA,18.7
2011,LA,October,PRCP,1714.2
2012,LA,October,TMAXA,31
2012,LA,October,TMINA,18.8
2012,LA,October,SRADA,19.6
2012,LA,October,PRCP,929.1
2013,NE,October,TMAXA,31.2
2013,NE,October,TMINA,19
2013,NE,October,SRADA,18.7
2013,NE,October,PRCP,1351.8
2014,NE,October,TMAXA,31.8
2014,NE,October,TMINA,19.2
2014,NE,October,SRADA,19.2
2014,NE,October,PRCP,1042.7
2015,EN,October,TMAXA,31.5
2015,EN,October,TMINA,19.3
2015,EN,October,SRADA,18.7
2015,EN,October,PRCP,1508.8
2016,EN,October,TMAXA,31.3
2016,EN,October,TMINA,18.5
2016,EN,October,SRADA,18.2
2016,EN,October,PRCP,1328.2
2017,NE,October,TMAXA,31.4
2017,NE,October,TMINA,18.8
2017,NE,October,SRADA,18.9
2017,NE,October,PRCP,1170.5
2018,LA,October,TMAXA,31.5
2018,LA,October,TMINA,19.1
2018,LA,October,SRADA,18.5
2018,LA,October,PRCP,1300.7
2019,EN,October,TMAXA,32
2019,EN,October,TMINA,19.6
2019,EN,October,SRADA,19.1
2019,EN,October,PRCP,1193.5
1963,NE,October,TMAXA,32.2
1963,NE,October,TMINA,17.7
1963,NE,October,SRADA,18.9
1963,NE,October,PRCP,997.1
1964,NE,October,TMAXA,31.7
1964,NE,October,TMINA,18.4
1964,NE,October,SRADA,18.5
1964,NE,October,PRCP,943.9
1965,EN,October,TMAXA,30.7
1965,EN,October,TMINA,17.9
1965,EN,October,SRADA,18.3
1965,EN,October,PRCP,1437.4
1966,EN,October,TMAXA,31
1966,EN,October,TMINA,18
1966,EN,October,SRADA,19
1966,EN,October,PRCP,1337.5
1967,NE,October,TMAXA,31.3
1967,NE,October,TMINA,18.1
1967,NE,October,SRADA,19.4
1967,NE,October,PRCP,1191.9
1968,NE,October,TMAXA,30.7
1968,NE,October,TMINA,17
1968,NE,October,SRADA,19.5
1968,NE,October,PRCP,968.1
1969,EN,October,TMAXA,32.6
1969,EN,October,TMINA,18.7
1969,EN,October,SRADA,19.7
1969,EN,October,PRCP,903.9
1970,NE,October,TMAXA,31.2
1970,NE,October,TMINA,18.5
1970,NE,October,SRADA,19.1
1970,NE,October,PRCP,1037.6
1971,LA,October,TMAXA,31.7
1971,LA,October,TMINA,18.2
1971,LA,October,SRADA,19.7
1971,LA,October,PRCP,968.3
1972,EN,October,TMAXA,30.6
1972,EN,October,TMINA,17.8
1972,EN,October,SRADA,18.4
1972,EN,October,PRCP,1646.5
1973,EN,October,TMAXA,31.1
1973,EN,October,TMINA,18.8
1973,EN,October,SRADA,18.9
1973,EN,October,PRCP,1193.6
1974,LA,October,TMAXA,30.3
1974,LA,October,TMINA,18.5
1974,LA,October,SRADA,18.7
1974,LA,October,PRCP,1447.9
1975,LA,October,TMAXA,31.3
1975,LA,October,TMINA,17.9
1975,LA,October,SRADA,19.5
1975,LA,October,PRCP,1121.4
1976,LA,October,TMAXA,30.8
1976,LA,October,TMINA,17.4
1976,LA,October,SRADA,18.5
1976,LA,October,PRCP,1652.7
1977,EN,October,TMAXA,31.6
1977,EN,October,TMINA,16.6
1977,EN,October,SRADA,18.7
1977,EN,October,PRCP,1299.1
1978,NE,October,TMAXA,31.2
1978,NE,October,TMINA,18.4
1978,NE,October,SRADA,18.7
1978,NE,October,PRCP,1591.7
1979,NE,October,TMAXA,30
1979,NE,October,TMINA,18.5
1979,NE,October,SRADA,18.7
1979,NE,October,PRCP,1366.5
1980,NE,October,TMAXA,30.6
1980,NE,October,TMINA,19.2
1980,NE,October,SRADA,18.4
1980,NE,October,PRCP,1406.8
1981,NE,October,TMAXA,31.1
1981,NE,October,TMINA,19.5
1981,NE,October,SRADA,18.8
1981,NE,October,PRCP,1028.6
1982,NE,October,TMAXA,29.9
1982,NE,October,TMINA,19.3
1982,NE,October,SRADA,18.1
1982,NE,October,PRCP,1371.6
1983,EN,October,TMAXA,29.8
1983,EN,October,TMINA,19.5
1983,EN,October,SRADA,17.5
1983,EN,October,PRCP,1910.6
1984,NE,October,TMAXA,31.2
1984,NE,October,TMINA,18.9
1984,NE,October,SRADA,19.1
1984,NE,October,PRCP,1261.1
1985,LA,October,TMAXA,30.5
1985,LA,October,TMINA,18.6
1985,LA,October,SRADA,18.9
1985,LA,October,PRCP,1424.9
1986,NE,October,TMAXA,30.8
1986,NE,October,TMINA,19.6
1986,NE,October,SRADA,19.1
1986,NE,October,PRCP,1196.4
1987,EN,October,TMAXA,30.8
1987,EN,October,TMINA,19.2
1987,EN,October,SRADA,18.2
1987,EN,October,PRCP,1169.1
1988,NE,October,TMAXA,31
1988,NE,October,TMINA,19.6
1988,NE,October,SRADA,18.5
1988,NE,October,PRCP,1309.1
1989,LA,October,TMAXA,30.1
1989,LA,October,TMINA,18.7
1989,LA,October,SRADA,18
1989,LA,October,PRCP,1296.6
1990,NE,October,TMAXA,30.3
1990,NE,October,TMINA,18.9
1990,NE,October,SRADA,18.7
1990,NE,October,PRCP,1356.2
1991,NE,October,TMAXA,30.4
1991,NE,October,TMINA,19.3
1991,NE,October,SRADA,18.3
1991,NE,October,PRCP,1404.2
1992,EN,October,TMAXA,29.9
1992,EN,October,TMINA,19.5
1992,EN,October,SRADA,17.6
1992,EN,October,PRCP,1184.6
1993,NE,October,TMAXA,30.6
1993,NE,October,TMINA,19.4
1993,NE,October,SRADA,18.2
1993,NE,October,PRCP,1377.6
1994,NE,October,TMAXA,31.5
1994,NE,October,TMINA,19.7
1994,NE,October,SRADA,19.1
1994,NE,October,PRCP,1291
1995,EN,October,TMAXA,31.3
1995,EN,October,TMINA,20
1995,EN,October,SRADA,18.6
1995,EN,October,PRCP,1460
1996,LA,October,TMAXA,31.1
1996,LA,October,TMINA,19.2
1996,LA,October,SRADA,18.9
1996,LA,October,PRCP,1248
1997,NE,October,TMAXA,31.1
1997,NE,October,TMINA,19.6
1997,NE,October,SRADA,18.4
1997,NE,October,PRCP,1289.1
1998,EN,October,TMAXA,31.6
1998,EN,October,TMINA,20.2
1998,EN,October,SRADA,18.3
1998,EN,October,PRCP,1247.6
1999,LA,October,TMAXA,31.5
1999,LA,October,TMINA,19.4
1999,LA,October,SRADA,19
1999,LA,October,PRCP,1381.6
2000,LA,October,TMAXA,31
2000,LA,October,TMINA,19
2000,LA,October,SRADA,18.6
2000,LA,October,PRCP,1539.1
2001,NE,October,TMAXA,31.5
2001,NE,October,TMINA,19.3
2001,NE,October,SRADA,19.1
2001,NE,October,PRCP,1151
2002,NE,October,TMAXA,32.3
2002,NE,October,TMINA,20.1
2002,NE,October,SRADA,19
2002,NE,October,PRCP,1191
2003,NE,October,TMAXA,31.9
2003,NE,October,TMINA,19.8
2003,NE,October,SRADA,18.7
2003,NE,October,PRCP,1461.1
2004,NE,October,TMAXA,31.5
2004,NE,October,TMINA,19.6
2004,NE,October,SRADA,18.7
2004,NE,October,PRCP,1188.6
2005,NE,October,TMAXA,31.7
2005,NE,October,TMINA,20
2005,NE,October,SRADA,18.9
2005,NE,October,PRCP,1260
2006,NE,October,TMAXA,31.3
2006,NE,October,TMINA,19.4
2006,NE,October,SRADA,19
2006,NE,October,PRCP,1371.6
2007,NE,October,TMAXA,31.8
2007,NE,October,TMINA,19.7
2007,NE,October,SRADA,20.1
2007,NE,October,PRCP,1568.4
2008,LA,October,TMAXA,30.9
2008,LA,October,TMINA,19.4
2008,LA,October,SRADA,18.3
2008,LA,October,PRCP,1391.8
2009,LA,October,TMAXA,31.3
2009,LA,October,TMINA,19.2
2009,LA,October,SRADA,18.4
2009,LA,October,PRCP,1354.9
2010,EN,October,TMAXA,31.8
2010,EN,October,TMINA,19.1
2010,EN,October,SRADA,18.7
2010,EN,October,PRCP,1202.4
2011,LA,October,TMAXA,31.7
2011,LA,October,TMINA,18.9
2011,LA,October,SRADA,18.7
2011,LA,October,PRCP,1468
2012,LA,October,TMAXA,31.5
2012,LA,October,TMINA,19
2012,LA,October,SRADA,19.5
2012,LA,October,PRCP,1276.2
2013,NE,October,TMAXA,31.6
2013,NE,October,TMINA,19
2013,NE,October,SRADA,18.4
2013,NE,October,PRCP,1341.2
2014,NE,October,TMAXA,32.1
2014,NE,October,TMINA,18.8
2014,NE,October,SRADA,19.5
2014,NE,October,PRCP,1016
2015,EN,October,TMAXA,31.9
2015,EN,October,TMINA,19.2
2015,EN,October,SRADA,18.8
2015,EN,October,PRCP,1374.9
2016,EN,October,TMAXA,32.2
2016,EN,October,TMINA,18.2
2016,EN,October,SRADA,18.5
2016,EN,October,PRCP,1753.3
2017,NE,October,TMAXA,32.1
2017,NE,October,TMINA,18.1
2017,NE,October,SRADA,19
2017,NE,October,PRCP,1152.9
2018,LA,October,TMAXA,32.4
2018,LA,October,TMINA,18.2
2018,LA,October,SRADA,18.7
2018,LA,October,PRCP,1212.8
2019,EN,October,TMAXA,32.8
2019,EN,October,TMINA,18.8
2019,EN,October,SRADA,19.1
2019,EN,October,PRCP,1123.3
1963,NE,October,TMAXA,30.7
1963,NE,October,TMINA,18.1
1963,NE,October,SRADA,18.3
1963,NE,October,PRCP,1118.1
1964,NE,October,TMAXA,29.5
1964,NE,October,TMINA,18.7
1964,NE,October,SRADA,18.1
1964,NE,October,PRCP,1157
1965,EN,October,TMAXA,28.8
1965,EN,October,TMINA,17.7
1965,EN,October,SRADA,17.6
1965,EN,October,PRCP,1737.1
1966,EN,October,TMAXA,29.5
1966,EN,October,TMINA,18.4
1966,EN,October,SRADA,18.1
1966,EN,October,PRCP,1306.7
1967,NE,October,TMAXA,29.8
1967,NE,October,TMINA,18.5
1967,NE,October,SRADA,18.4
1967,NE,October,PRCP,1205.2
1968,NE,October,TMAXA,28.7
1968,NE,October,TMINA,16.9
1968,NE,October,SRADA,19
1968,NE,October,PRCP,1182
1969,EN,October,TMAXA,29.9
1969,EN,October,TMINA,18.1
1969,EN,October,SRADA,18.5
1969,EN,October,PRCP,1298.1
1970,NE,October,TMAXA,28.7
1970,NE,October,TMINA,18.2
1970,NE,October,SRADA,18.4
1970,NE,October,PRCP,1289.6
1971,LA,October,TMAXA,28.7
1971,LA,October,TMINA,17.7
1971,LA,October,SRADA,18.4
1971,LA,October,PRCP,1372.7
1972,EN,October,TMAXA,29
1972,EN,October,TMINA,17.5
1972,EN,October,SRADA,17.9
1972,EN,October,PRCP,1345.5
1973,EN,October,TMAXA,29.1
1973,EN,October,TMINA,19.3
1973,EN,October,SRADA,17.7
1973,EN,October,PRCP,1320.5
1974,LA,October,TMAXA,28.5
1974,LA,October,TMINA,18.8
1974,LA,October,SRADA,18.4
1974,LA,October,PRCP,1425.9
1975,LA,October,TMAXA,30.3
1975,LA,October,TMINA,18.3
1975,LA,October,SRADA,18
1975,LA,October,PRCP,1409
1976,LA,October,TMAXA,29.3
1976,LA,October,TMINA,18
1976,LA,October,SRADA,18.3
1976,LA,October,PRCP,1786.6
1977,EN,October,TMAXA,30.4
1977,EN,October,TMINA,18.9
1977,EN,October,SRADA,18.2
1977,EN,October,PRCP,1958.3
1978,NE,October,TMAXA,30.6
1978,NE,October,TMINA,19
1978,NE,October,SRADA,17.9
1978,NE,October,PRCP,1434.5
1979,NE,October,TMAXA,29.7
1979,NE,October,TMINA,18.6
1979,NE,October,SRADA,18.1
1979,NE,October,PRCP,1754.4
1980,NE,October,TMAXA,29.7
1980,NE,October,TMINA,18.6
1980,NE,October,SRADA,17.7
1980,NE,October,PRCP,1782.7
1981,NE,October,TMAXA,30.1
1981,NE,October,TMINA,18.5
1981,NE,October,SRADA,17.8
1981,NE,October,PRCP,1457.7
1982,NE,October,TMAXA,29.8
1982,NE,October,TMINA,19.4
1982,NE,October,SRADA,17.6
1982,NE,October,PRCP,1761.4
1983,EN,October,TMAXA,29.5
1983,EN,October,TMINA,19.2
1983,EN,October,SRADA,16.7
1983,EN,October,PRCP,1617.6
1984,NE,October,TMAXA,30.4
1984,NE,October,TMINA,18.7
1984,NE,October,SRADA,18.4
1984,NE,October,PRCP,1320.6
1985,LA,October,TMAXA,30.4
1985,LA,October,TMINA,19.2
1985,LA,October,SRADA,18
1985,LA,October,PRCP,1273.8
1986,NE,October,TMAXA,31.6
1986,NE,October,TMINA,19.4
1986,NE,October,SRADA,18.5
1986,NE,October,PRCP,1350.5
1987,EN,October,TMAXA,30.6
1987,EN,October,TMINA,18.5
1987,EN,October,SRADA,17.4
1987,EN,October,PRCP,1655.9
1988,NE,October,TMAXA,29.8
1988,NE,October,TMINA,18.4
1988,NE,October,SRADA,17.9
1988,NE,October,PRCP,1572.3
1989,LA,October,TMAXA,28.8
1989,LA,October,TMINA,18
1989,LA,October,SRADA,17.7
1989,LA,October,PRCP,1574.9
1990,NE,October,TMAXA,29.5
1990,NE,October,TMINA,18
1990,NE,October,SRADA,18.1
1990,NE,October,PRCP,1329.6
1991,NE,October,TMAXA,30.5
1991,NE,October,TMINA,18.6
1991,NE,October,SRADA,18.1
1991,NE,October,PRCP,1450.8
1992,EN,October,TMAXA,30
1992,EN,October,TMINA,18.7
1992,EN,October,SRADA,17.1
1992,EN,October,PRCP,1703.7
1993,NE,October,TMAXA,30.3
1993,NE,October,TMINA,19
1993,NE,October,SRADA,17.9
1993,NE,October,PRCP,1098.5
1994,NE,October,TMAXA,31.2
1994,NE,October,TMINA,19.6
1994,NE,October,SRADA,18.5
1994,NE,October,PRCP,1357.3
1995,EN,October,TMAXA,31.1
1995,EN,October,TMINA,19.5
1995,EN,October,SRADA,18.2
1995,EN,October,PRCP,1304.3
1996,LA,October,TMAXA,30.5
1996,LA,October,TMINA,19.5
1996,LA,October,SRADA,18.6
1996,LA,October,PRCP,1316.8
1997,NE,October,TMAXA,30.7
1997,NE,October,TMINA,20
1997,NE,October,SRADA,18.1
1997,NE,October,PRCP,1116.1
1998,EN,October,TMAXA,30.8
1998,EN,October,TMINA,20.1
1998,EN,October,SRADA,17.6
1998,EN,October,PRCP,1469.2
1999,LA,October,TMAXA,31.4
1999,LA,October,TMINA,19.6
1999,LA,October,SRADA,18.7
1999,LA,October,PRCP,838.8
2000,LA,October,TMAXA,30.7
2000,LA,October,TMINA,19.4
2000,LA,October,SRADA,18.2
2000,LA,October,PRCP,1124.8
2001,NE,October,TMAXA,30.7
2001,NE,October,TMINA,19.9
2001,NE,October,SRADA,18.4
2001,NE,October,PRCP,1329.7
2002,NE,October,TMAXA,31.5
2002,NE,October,TMINA,20.4
2002,NE,October,SRADA,18.2
2002,NE,October,PRCP,1413.5
2003,NE,October,TMAXA,30.7
2003,NE,October,TMINA,19.8
2003,NE,October,SRADA,17.9
2003,NE,October,PRCP,1509.2
2004,NE,October,TMAXA,30.8
2004,NE,October,TMINA,19.6
2004,NE,October,SRADA,18.5
2004,NE,October,PRCP,1138.9
2005,NE,October,TMAXA,30.9
2005,NE,October,TMINA,19.8
2005,NE,October,SRADA,18.3
2005,NE,October,PRCP,1510.1
2006,NE,October,TMAXA,30.7
2006,NE,October,TMINA,19.8
2006,NE,October,SRADA,18
2006,NE,October,PRCP,1360
2007,NE,October,TMAXA,31.6
2007,NE,October,TMINA,19.7
2007,NE,October,SRADA,18.1
2007,NE,October,PRCP,1391.2
2008,LA,October,TMAXA,30.7
2008,LA,October,TMINA,19.3
2008,LA,October,SRADA,17.8
2008,LA,October,PRCP,1434.4
2009,LA,October,TMAXA,31.1
2009,LA,October,TMINA,19.5
2009,LA,October,SRADA,18.5
2009,LA,October,PRCP,1468
2010,EN,October,TMAXA,31.1
2010,EN,October,TMINA,19.5
2010,EN,October,SRADA,17.9
2010,EN,October,PRCP,1524.4
2011,LA,October,TMAXA,31.1
2011,LA,October,TMINA,19.2
2011,LA,October,SRADA,18
2011,LA,October,PRCP,1756.5
2012,LA,October,TMAXA,31.3
2012,LA,October,TMINA,19.4
2012,LA,October,SRADA,18.8
2012,LA,October,PRCP,1565.6
2013,NE,October,TMAXA,31.1
2013,NE,October,TMINA,19.3
2013,NE,October,SRADA,18.7
2013,NE,October,PRCP,1696.2
2014,NE,October,TMAXA,31.2
2014,NE,October,TMINA,20.3
2014,NE,October,SRADA,18.5
2014,NE,October,PRCP,1380.2
2015,EN,October,TMAXA,31.4
2015,EN,October,TMINA,20.2
2015,EN,October,SRADA,17.8
2015,EN,October,PRCP,1700.6
2016,EN,October,TMAXA,31.2
2016,EN,October,TMINA,19.6
2016,EN,October,SRADA,17.8
2016,EN,October,PRCP,1636.4
2017,NE,October,TMAXA,31.6
2017,NE,October,TMINA,19.9
2017,NE,October,SRADA,18.2
2017,NE,October,PRCP,1369.4
2018,LA,October,TMAXA,31.3
2018,LA,October,TMINA,19.4
2018,LA,October,SRADA,17.2
2018,LA,October,PRCP,1606.4
2019,EN,October,TMAXA,32
2019,EN,October,TMINA,20.3
2019,EN,October,SRADA,17.4
2019,EN,October,PRCP,1130.3
1963,NE,October,TMAXA,28.4
1963,NE,October,TMINA,15.8
1963,NE,October,SRADA,18.7
1963,NE,October,PRCP,1294.7
1964,NE,October,TMAXA,27.2
1964,NE,October,TMINA,15.8
1964,NE,October,SRADA,18.5
1964,NE,October,PRCP,1143.9
1965,EN,October,TMAXA,26.4
1965,EN,October,TMINA,15.8
1965,EN,October,SRADA,17.6
1965,EN,October,PRCP,1932.6
1966,EN,October,TMAXA,27.3
1966,EN,October,TMINA,15.7
1966,EN,October,SRADA,18.3
1966,EN,October,PRCP,1691.7
1967,NE,October,TMAXA,28.6
1967,NE,October,TMINA,15.5
1967,NE,October,SRADA,18.8
1967,NE,October,PRCP,2054.1
1968,NE,October,TMAXA,27.9
1968,NE,October,TMINA,13.9
1968,NE,October,SRADA,18.9
1968,NE,October,PRCP,1366
1969,EN,October,TMAXA,29.3
1969,EN,October,TMINA,15.4
1969,EN,October,SRADA,19.3
1969,EN,October,PRCP,1427.1
1970,NE,October,TMAXA,27.8
1970,NE,October,TMINA,15.6
1970,NE,October,SRADA,18.4
1970,NE,October,PRCP,1867.8
1971,LA,October,TMAXA,28
1971,LA,October,TMINA,15.6
1971,LA,October,SRADA,19.3
1971,LA,October,PRCP,1271
1972,EN,October,TMAXA,27.1
1972,EN,October,TMINA,15.5
1972,EN,October,SRADA,17.9
1972,EN,October,PRCP,1703.3
1973,EN,October,TMAXA,28.3
1973,EN,October,TMINA,16.1
1973,EN,October,SRADA,18.4
1973,EN,October,PRCP,1632
1974,LA,October,TMAXA,28
1974,LA,October,TMINA,15.8
1974,LA,October,SRADA,18.6
1974,LA,October,PRCP,1658.8
1975,LA,October,TMAXA,28.1
1975,LA,October,TMINA,14.4
1975,LA,October,SRADA,19.1
1975,LA,October,PRCP,1411
1976,LA,October,TMAXA,26.9
1976,LA,October,TMINA,15.3
1976,LA,October,SRADA,18.1
1976,LA,October,PRCP,1860
1977,EN,October,TMAXA,27.8
1977,EN,October,TMINA,16.5
1977,EN,October,SRADA,18.7
1977,EN,October,PRCP,1711.8
1978,NE,October,TMAXA,27
1978,NE,October,TMINA,15.8
1978,NE,October,SRADA,18.3
1978,NE,October,PRCP,1562.4
1979,NE,October,TMAXA,26.1
1979,NE,October,TMINA,15.4
1979,NE,October,SRADA,18.1
1979,NE,October,PRCP,1795.9
1980,NE,October,TMAXA,27.3
1980,NE,October,TMINA,16.4
1980,NE,October,SRADA,17.9
1980,NE,October,PRCP,1642.2
1981,NE,October,TMAXA,27.6
1981,NE,October,TMINA,15.7
1981,NE,October,SRADA,18.1
1981,NE,October,PRCP,1424.3
1982,NE,October,TMAXA,26.7
1982,NE,October,TMINA,16
1982,NE,October,SRADA,17.3
1982,NE,October,PRCP,2119.3
1983,EN,October,TMAXA,27
1983,EN,October,TMINA,16.8
1983,EN,October,SRADA,16.6
1983,EN,October,PRCP,2555.3
1984,NE,October,TMAXA,27.9
1984,NE,October,TMINA,16
1984,NE,October,SRADA,18
1984,NE,October,PRCP,1352.6
1985,LA,October,TMAXA,27.5
1985,LA,October,TMINA,15.9
1985,LA,October,SRADA,17.6
1985,LA,October,PRCP,1649.2
1986,NE,October,TMAXA,27.6
1986,NE,October,TMINA,15.8
1986,NE,October,SRADA,18
1986,NE,October,PRCP,1723.7
1987,EN,October,TMAXA,27.9
1987,EN,October,TMINA,16
1987,EN,October,SRADA,17.7
1987,EN,October,PRCP,1497.2
1988,NE,October,TMAXA,28.1
1988,NE,October,TMINA,15.9
1988,NE,October,SRADA,18.5
1988,NE,October,PRCP,1507.5
1989,LA,October,TMAXA,26.9
1989,LA,October,TMINA,15.8
1989,LA,October,SRADA,17.9
1989,LA,October,PRCP,1631.5
1990,NE,October,TMAXA,27.2
1990,NE,October,TMINA,16.4
1990,NE,October,SRADA,18
1990,NE,October,PRCP,1425
1991,NE,October,TMAXA,27.7
1991,NE,October,TMINA,16.4
1991,NE,October,SRADA,17.8
1991,NE,October,PRCP,1743.3
1992,EN,October,TMAXA,27.4
1992,EN,October,TMINA,16.2
1992,EN,October,SRADA,17.1
1992,EN,October,PRCP,1632.4
1993,NE,October,TMAXA,27.5
1993,NE,October,TMINA,15.8
1993,NE,October,SRADA,17.2
1993,NE,October,PRCP,1586.4
1994,NE,October,TMAXA,28.6
1994,NE,October,TMINA,16.2
1994,NE,October,SRADA,18.2
1994,NE,October,PRCP,1442.8
1995,EN,October,TMAXA,28.5
1995,EN,October,TMINA,16.7
1995,EN,October,SRADA,17.8
1995,EN,October,PRCP,1661
1996,LA,October,TMAXA,28
1996,LA,October,TMINA,15.8
1996,LA,October,SRADA,18.5
1996,LA,October,PRCP,1682.4
1997,NE,October,TMAXA,27.9
1997,NE,October,TMINA,15.7
1997,NE,October,SRADA,17.9
1997,NE,October,PRCP,1665.3
1998,EN,October,TMAXA,28.8
1998,EN,October,TMINA,16.9
1998,EN,October,SRADA,17.8
1998,EN,October,PRCP,1539.8
1999,LA,October,TMAXA,28.2
1999,LA,October,TMINA,15.9
1999,LA,October,SRADA,18.4
1999,LA,October,PRCP,1273
2000,LA,October,TMAXA,28
2000,LA,October,TMINA,15.9
2000,LA,October,SRADA,18.2
2000,LA,October,PRCP,1767.1
2001,NE,October,TMAXA,28.6
2001,NE,October,TMINA,16.4
2001,NE,October,SRADA,18.3
2001,NE,October,PRCP,1318.4
2002,NE,October,TMAXA,28.9
2002,NE,October,TMINA,16.5
2002,NE,October,SRADA,18.3
2002,NE,October,PRCP,1542.1
2003,NE,October,TMAXA,28.8
2003,NE,October,TMINA,16.8
2003,NE,October,SRADA,18
2003,NE,October,PRCP,1838.2
2004,NE,October,TMAXA,28.2
2004,NE,October,TMINA,16.6
2004,NE,October,SRADA,17.9
2004,NE,October,PRCP,1574.4
2005,NE,October,TMAXA,28.3
2005,NE,October,TMINA,17.1
2005,NE,October,SRADA,18.1
2005,NE,October,PRCP,1777.5
2006,NE,October,TMAXA,28.2
2006,NE,October,TMINA,16.5
2006,NE,October,SRADA,17.8
2006,NE,October,PRCP,1911.2
2007,NE,October,TMAXA,28.5
2007,NE,October,TMINA,16.8
2007,NE,October,SRADA,18.4
2007,NE,October,PRCP,1930.3
2008,LA,October,TMAXA,28.1
2008,LA,October,TMINA,16.3
2008,LA,October,SRADA,17.6
2008,LA,October,PRCP,1662.1
2009,LA,October,TMAXA,28.3
2009,LA,October,TMINA,16.6
2009,LA,October,SRADA,17.5
2009,LA,October,PRCP,1823.5
2010,EN,October,TMAXA,29
2010,EN,October,TMINA,17.1
2010,EN,October,SRADA,18
2010,EN,October,PRCP,1873
2011,LA,October,TMAXA,28.8
2011,LA,October,TMINA,16.5
2011,LA,October,SRADA,18.1
2011,LA,October,PRCP,1616.2
2012,LA,October,TMAXA,28.1
2012,LA,October,TMINA,16.5
2012,LA,October,SRADA,18.5
2012,LA,October,PRCP,1537.9
2013,NE,October,TMAXA,28.4
2013,NE,October,TMINA,17.5
2013,NE,October,SRADA,17.8
2013,NE,October,PRCP,1766.8
2014,NE,October,TMAXA,29.3
2014,NE,October,TMINA,17.7
2014,NE,October,SRADA,19
2014,NE,October,PRCP,1068.2
2015,EN,October,TMAXA,29
2015,EN,October,TMINA,17.8
2015,EN,October,SRADA,17.6
2015,EN,October,PRCP,1563.3
2016,EN,October,TMAXA,29
2016,EN,October,TMINA,16.9
2016,EN,October,SRADA,17.6
2016,EN,October,PRCP,1821.4
2017,NE,October,TMAXA,28.7
2017,NE,October,TMINA,16.7
2017,NE,October,SRADA,18.3
2017,NE,October,PRCP,1519.1
2018,LA,October,TMAXA,28.7
2018,LA,October,TMINA,16.8
2018,LA,October,SRADA,17.6
2018,LA,October,PRCP,1640.8
2019,EN,October,TMAXA,29.1
2019,EN,October,TMINA,16.7
2019,EN,October,SRADA,18
2019,EN,October,PRCP,1921.2
1963,NE,October,TMAXA,28.8
1963,NE,October,TMINA,16.4
1963,NE,October,SRADA,16.8
1963,NE,October,PRCP,1212.4
1964,NE,October,TMAXA,27.2
1964,NE,October,TMINA,17.1
1964,NE,October,SRADA,15.4
1964,NE,October,PRCP,1676.4
1965,EN,October,TMAXA,27.2
1965,EN,October,TMINA,16.9
1965,EN,October,SRADA,15.1
1965,EN,October,PRCP,2032.7
1966,EN,October,TMAXA,28.2
1966,EN,October,TMINA,17
1966,EN,October,SRADA,16.3
1966,EN,October,PRCP,1499.3
1967,NE,October,TMAXA,28.4
1967,NE,October,TMINA,16.9
1967,NE,October,SRADA,16.5
1967,NE,October,PRCP,1602.6
1968,NE,October,TMAXA,26.8
1968,NE,October,TMINA,15.5
1968,NE,October,SRADA,16.2
1968,NE,October,PRCP,1539
1969,EN,October,TMAXA,28.1
1969,EN,October,TMINA,16.8
1969,EN,October,SRADA,16.4
1969,EN,October,PRCP,1449.9
1970,NE,October,TMAXA,27.6
1970,NE,October,TMINA,16.5
1970,NE,October,SRADA,15.6
1970,NE,October,PRCP,1253.7
1971,LA,October,TMAXA,28.3
1971,LA,October,TMINA,16.8
1971,LA,October,SRADA,16.6
1971,LA,October,PRCP,825.2
1972,EN,October,TMAXA,26.8
1972,EN,October,TMINA,16.5
1972,EN,October,SRADA,16
1972,EN,October,PRCP,1787.1
1973,EN,October,TMAXA,26.9
1973,EN,October,TMINA,17.5
1973,EN,October,SRADA,15.8
1973,EN,October,PRCP,1755.6
1974,LA,October,TMAXA,26.3
1974,LA,October,TMINA,16.7
1974,LA,October,SRADA,15.7
1974,LA,October,PRCP,1406.9
1975,LA,October,TMAXA,26.3
1975,LA,October,TMINA,16.1
1975,LA,October,SRADA,15.8
1975,LA,October,PRCP,1452.5
1976,LA,October,TMAXA,25.9
1976,LA,October,TMINA,16.5
1976,LA,October,SRADA,15.7
1976,LA,October,PRCP,1695.9
1977,EN,October,TMAXA,26.5
1977,EN,October,TMINA,17.2
1977,EN,October,SRADA,15.7
1977,EN,October,PRCP,1304.2
1978,NE,October,TMAXA,25.9
1978,NE,October,TMINA,16.4
1978,NE,October,SRADA,15.1
1978,NE,October,PRCP,1320.5
1979,NE,October,TMAXA,25.6
1979,NE,October,TMINA,16.3
1979,NE,October,SRADA,14.6
1979,NE,October,PRCP,1593.2
1980,NE,October,TMAXA,26.4
1980,NE,October,TMINA,16.8
1980,NE,October,SRADA,14.8
1980,NE,October,PRCP,1301.8
1981,NE,October,TMAXA,26.2
1981,NE,October,TMINA,16.7
1981,NE,October,SRADA,15.6
1981,NE,October,PRCP,1173.8
1982,NE,October,TMAXA,25.3
1982,NE,October,TMINA,16.7
1982,NE,October,SRADA,14.8
1982,NE,October,PRCP,1664.9
1983,EN,October,TMAXA,25.8
1983,EN,October,TMINA,17.4
1983,EN,October,SRADA,14.2
1983,EN,October,PRCP,2299.5
1984,NE,October,TMAXA,27.2
1984,NE,October,TMINA,16.8
1984,NE,October,SRADA,16.2
1984,NE,October,PRCP,1613
1985,LA,October,TMAXA,26.1
1985,LA,October,TMINA,16.8
1985,LA,October,SRADA,16.2
1985,LA,October,PRCP,2117.9
1986,NE,October,TMAXA,27.3
1986,NE,October,TMINA,16.6
1986,NE,October,SRADA,16.6
1986,NE,October,PRCP,1539.4
1987,EN,October,TMAXA,26.7
1987,EN,October,TMINA,16.9
1987,EN,October,SRADA,15.5
1987,EN,October,PRCP,1488.4
1988,NE,October,TMAXA,26.2
1988,NE,October,TMINA,16.8
1988,NE,October,SRADA,15.3
1988,NE,October,PRCP,1572.6
1989,LA,October,TMAXA,25.9
1989,LA,October,TMINA,16.8
1989,LA,October,SRADA,15.3
1989,LA,October,PRCP,1401.9
1990,NE,October,TMAXA,27.6
1990,NE,October,TMINA,16.6
1990,NE,October,SRADA,16.5
1990,NE,October,PRCP,1197.9
1991,NE,October,TMAXA,27
1991,NE,October,TMINA,16.9
1991,NE,October,SRADA,15.9
1991,NE,October,PRCP,1264.7
1992,EN,October,TMAXA,27
1992,EN,October,TMINA,16.7
1992,EN,October,SRADA,15.4
1992,EN,October,PRCP,1536
1993,NE,October,TMAXA,26.7
1993,NE,October,TMINA,17.2
1993,NE,October,SRADA,15.9
1993,NE,October,PRCP,1291
1994,NE,October,TMAXA,26.8
1994,NE,October,TMINA,16.8
1994,NE,October,SRADA,16.3
1994,NE,October,PRCP,1535
1995,EN,October,TMAXA,27.4
1995,EN,October,TMINA,17.5
1995,EN,October,SRADA,16.6
1995,EN,October,PRCP,1495.4
1996,LA,October,TMAXA,26.3
1996,LA,October,TMINA,16.3
1996,LA,October,SRADA,16.1
1996,LA,October,PRCP,1688.8
1997,NE,October,TMAXA,26.6
1997,NE,October,TMINA,16.8
1997,NE,October,SRADA,15.7
1997,NE,October,PRCP,1353.6
1998,EN,October,TMAXA,27.3
1998,EN,October,TMINA,17.5
1998,EN,October,SRADA,15.7
1998,EN,October,PRCP,1567.6
1999,LA,October,TMAXA,26.4
1999,LA,October,TMINA,16.6
1999,LA,October,SRADA,15.7
1999,LA,October,PRCP,1371.1
2000,LA,October,TMAXA,26.3
2000,LA,October,TMINA,16.2
2000,LA,October,SRADA,15.8
2000,LA,October,PRCP,1438.4
2001,NE,October,TMAXA,27.9
2001,NE,October,TMINA,16.3
2001,NE,October,SRADA,16.9
2001,NE,October,PRCP,1279.2
2002,NE,October,TMAXA,27.7
2002,NE,October,TMINA,16.8
2002,NE,October,SRADA,16.3
2002,NE,October,PRCP,1468.3
2003,NE,October,TMAXA,27.5
2003,NE,October,TMINA,17.3
2003,NE,October,SRADA,15.8
2003,NE,October,PRCP,2001.2
2004,NE,October,TMAXA,26.5
2004,NE,October,TMINA,16.7
2004,NE,October,SRADA,15.4
2004,NE,October,PRCP,1870
2005,NE,October,TMAXA,26.9
2005,NE,October,TMINA,17.4
2005,NE,October,SRADA,14.7
2005,NE,October,PRCP,1802.8
2006,NE,October,TMAXA,26.9
2006,NE,October,TMINA,17.1
2006,NE,October,SRADA,14.9
2006,NE,October,PRCP,1381.8
2007,NE,October,TMAXA,27.2
2007,NE,October,TMINA,17.5
2007,NE,October,SRADA,16.3
2007,NE,October,PRCP,1446.9
2008,LA,October,TMAXA,26.7
2008,LA,October,TMINA,17.4
2008,LA,October,SRADA,15.9
2008,LA,October,PRCP,1813.3
2009,LA,October,TMAXA,26.6
2009,LA,October,TMINA,17.7
2009,LA,October,SRADA,14.6
2009,LA,October,PRCP,1858.9
2010,EN,October,TMAXA,27
2010,EN,October,TMINA,17.9
2010,EN,October,SRADA,16.1
2010,EN,October,PRCP,1934.2
2011,LA,October,TMAXA,26.8
2011,LA,October,TMINA,17.7
2011,LA,October,SRADA,15.9
2011,LA,October,PRCP,1755.6
2012,LA,October,TMAXA,26.2
2012,LA,October,TMINA,17.3
2012,LA,October,SRADA,15.9
2012,LA,October,PRCP,1662
2013,NE,October,TMAXA,26.6
2013,NE,October,TMINA,17.7
2013,NE,October,SRADA,16.1
2013,NE,October,PRCP,1633.3
2014,NE,October,TMAXA,27.2
2014,NE,October,TMINA,17.4
2014,NE,October,SRADA,17.5
2014,NE,October,PRCP,1192.6
2015,EN,October,TMAXA,27.6
2015,EN,October,TMINA,18.2
2015,EN,October,SRADA,16.3
2015,EN,October,PRCP,1111.4
2016,EN,October,TMAXA,27.7
2016,EN,October,TMINA,18
2016,EN,October,SRADA,15.6
2016,EN,October,PRCP,1522.5
2017,NE,October,TMAXA,27.4
2017,NE,October,TMINA,16.1
2017,NE,October,SRADA,16.6
2017,NE,October,PRCP,1372.1
2018,LA,October,TMAXA,27.4
2018,LA,October,TMINA,17.6
2018,LA,October,SRADA,15.2
2018,LA,October,PRCP,1476.9
2019,EN,October,TMAXA,28.2
2019,EN,October,TMINA,18.2
2019,EN,October,SRADA,16.3
2019,EN,October,PRCP,1466.8
1963,NE,November,TMAXA,29.8
1963,NE,November,TMINA,18.3
1963,NE,November,SRADA,18.2
1963,NE,November,PRCP,1337.4
1964,LA,November,TMAXA,28.6
1964,LA,November,TMINA,18
1964,LA,November,SRADA,18.9
1964,LA,November,PRCP,1792.5
1965,EN,November,TMAXA,28.5
1965,EN,November,TMINA,18.1
1965,EN,November,SRADA,18.1
1965,EN,November,PRCP,1721
1966,EN,November,TMAXA,28.9
1966,EN,November,TMINA,17.9
1966,EN,November,SRADA,18.7
1966,EN,November,PRCP,1648.3
1967,NE,November,TMAXA,29.3
1967,NE,November,TMINA,18.3
1967,NE,November,SRADA,18.6
1967,NE,November,PRCP,1386.6
1968,NE,November,TMAXA,28
1968,NE,November,TMINA,17.3
1968,NE,November,SRADA,19
1968,NE,November,PRCP,1391.3
1969,EN,November,TMAXA,29.6
1969,EN,November,TMINA,18.4
1969,EN,November,SRADA,19.4
1969,EN,November,PRCP,1304.6
1970,NE,November,TMAXA,28.8
1970,NE,November,TMINA,18.3
1970,NE,November,SRADA,18.7
1970,NE,November,PRCP,1153.9
1971,LA,November,TMAXA,29.3
1971,LA,November,TMINA,18.1
1971,LA,November,SRADA,19.7
1971,LA,November,PRCP,1032.4
1972,EN,November,TMAXA,29
1972,EN,November,TMINA,18.1
1972,EN,November,SRADA,18.5
1972,EN,November,PRCP,1580
1973,LA,November,TMAXA,30.1
1973,LA,November,TMINA,18.8
1973,LA,November,SRADA,18.5
1973,LA,November,PRCP,1551.1
1974,LA,November,TMAXA,29.1
1974,LA,November,TMINA,18.1
1974,LA,November,SRADA,18.7
1974,LA,November,PRCP,1381.9
1975,LA,November,TMAXA,29.5
1975,LA,November,TMINA,17.9
1975,LA,November,SRADA,19.3
1975,LA,November,PRCP,1187.5
1976,LA,November,TMAXA,29
1976,LA,November,TMINA,17.9
1976,LA,November,SRADA,18.3
1976,LA,November,PRCP,1219.4
1977,EN,November,TMAXA,29.5
1977,EN,November,TMINA,16.8
1977,EN,November,SRADA,18.1
1977,EN,November,PRCP,1269.3
1978,NE,November,TMAXA,29
1978,NE,November,TMINA,16.8
1978,NE,November,SRADA,17.5
1978,NE,November,PRCP,1496
1979,NE,November,TMAXA,29.2
1979,NE,November,TMINA,17.1
1979,NE,November,SRADA,17.4
1979,NE,November,PRCP,1634.2
1980,NE,November,TMAXA,29.8
1980,NE,November,TMINA,17.5
1980,NE,November,SRADA,17.6
1980,NE,November,PRCP,1424.5
1981,NE,November,TMAXA,29.1
1981,NE,November,TMINA,16.9
1981,NE,November,SRADA,17.6
1981,NE,November,PRCP,1342.5
1982,EN,November,TMAXA,29.1
1982,EN,November,TMINA,17.5
1982,EN,November,SRADA,16.9
1982,EN,November,PRCP,1551.9
1983,EN,November,TMAXA,29.2
1983,EN,November,TMINA,17.3
1983,EN,November,SRADA,16.8
1983,EN,November,PRCP,1631.2
1984,NE,November,TMAXA,29.9
1984,NE,November,TMINA,17.3
1984,NE,November,SRADA,18.3
1984,NE,November,PRCP,1297.2
1985,LA,November,TMAXA,29.4
1985,LA,November,TMINA,18.1
1985,LA,November,SRADA,17.9
1985,LA,November,PRCP,1439.2
1986,NE,November,TMAXA,29.5
1986,NE,November,TMINA,17.6
1986,NE,November,SRADA,18.4
1986,NE,November,PRCP,1463
1987,EN,November,TMAXA,30
1987,EN,November,TMINA,18.8
1987,EN,November,SRADA,18
1987,EN,November,PRCP,1350.7
1988,LA,November,TMAXA,29.6
1988,LA,November,TMINA,18.3
1988,LA,November,SRADA,18.4
1988,LA,November,PRCP,1435.5
1989,LA,November,TMAXA,29.4
1989,LA,November,TMINA,18.1
1989,LA,November,SRADA,18.6
1989,LA,November,PRCP,1251.1
1990,NE,November,TMAXA,29.5
1990,NE,November,TMINA,18.2
1990,NE,November,SRADA,18.2
1990,NE,November,PRCP,1635.4
1991,EN,November,TMAXA,29.5
1991,EN,November,TMINA,18.3
1991,EN,November,SRADA,17.8
1991,EN,November,PRCP,1560.3
1992,EN,November,TMAXA,29.2
1992,EN,November,TMINA,18.2
1992,EN,November,SRADA,17.2
1992,EN,November,PRCP,1775.5
1993,NE,November,TMAXA,30.1
1993,NE,November,TMINA,18
1993,NE,November,SRADA,18.1
1993,NE,November,PRCP,1361.1
1994,NE,November,TMAXA,31
1994,NE,November,TMINA,17.6
1994,NE,November,SRADA,18.6
1994,NE,November,PRCP,1580
1995,EN,November,TMAXA,30
1995,EN,November,TMINA,18.5
1995,EN,November,SRADA,17.8
1995,EN,November,PRCP,1551.6
1996,NE,November,TMAXA,29.9
1996,NE,November,TMINA,18.5
1996,NE,November,SRADA,18.6
1996,NE,November,PRCP,1294.7
1997,EN,November,TMAXA,29.6
1997,EN,November,TMINA,18.1
1997,EN,November,SRADA,18.1
1997,EN,November,PRCP,1511.6
1998,EN,November,TMAXA,30.6
1998,EN,November,TMINA,18.9
1998,EN,November,SRADA,18.1
1998,EN,November,PRCP,1522.4
1999,LA,November,TMAXA,30.3
1999,LA,November,TMINA,18.5
1999,LA,November,SRADA,18.8
1999,LA,November,PRCP,1370.3
2000,LA,November,TMAXA,30
2000,LA,November,TMINA,18.3
2000,LA,November,SRADA,19
2000,LA,November,PRCP,1359.4
2001,NE,November,TMAXA,30.2
2001,NE,November,TMINA,18.1
2001,NE,November,SRADA,19.2
2001,NE,November,PRCP,1357.8
2002,NE,November,TMAXA,30.6
2002,NE,November,TMINA,18.9
2002,NE,November,SRADA,19
2002,NE,November,PRCP,1389.2
2003,NE,November,TMAXA,30.1
2003,NE,November,TMINA,18.6
2003,NE,November,SRADA,18.3
2003,NE,November,PRCP,1452.4
2004,NE,November,TMAXA,29.9
2004,NE,November,TMINA,18.5
2004,NE,November,SRADA,18.4
2004,NE,November,PRCP,1696.7
2005,NE,November,TMAXA,30.1
2005,NE,November,TMINA,19
2005,NE,November,SRADA,18.6
2005,NE,November,PRCP,1570.2
2006,NE,November,TMAXA,29.4
2006,NE,November,TMINA,18.5
2006,NE,November,SRADA,18.3
2006,NE,November,PRCP,2143.2
2007,LA,November,TMAXA,30.6
2007,LA,November,TMINA,18.6
2007,LA,November,SRADA,19.6
2007,LA,November,PRCP,1638.3
2008,LA,November,TMAXA,30.1
2008,LA,November,TMINA,18.6
2008,LA,November,SRADA,18.8
2008,LA,November,PRCP,1273.5
2009,LA,November,TMAXA,29.9
2009,LA,November,TMINA,18.9
2009,LA,November,SRADA,18
2009,LA,November,PRCP,1740.3
2010,EN,November,TMAXA,30.7
2010,EN,November,TMINA,18.7
2010,EN,November,SRADA,19.3
2010,EN,November,PRCP,1028.5
2011,LA,November,TMAXA,30.3
2011,LA,November,TMINA,18.6
2011,LA,November,SRADA,18.8
2011,LA,November,PRCP,1473.6
2012,NE,November,TMAXA,30.1
2012,NE,November,TMINA,18.7
2012,NE,November,SRADA,18.8
2012,NE,November,PRCP,1493.8
2013,NE,November,TMAXA,30.2
2013,NE,November,TMINA,18.9
2013,NE,November,SRADA,18.9
2013,NE,November,PRCP,1317.1
2014,NE,November,TMAXA,30.6
2014,NE,November,TMINA,18.9
2014,NE,November,SRADA,19.5
2014,NE,November,PRCP,1173.5
2015,EN,November,TMAXA,30.8
2015,EN,November,TMINA,19.4
2015,EN,November,SRADA,18.9
2015,EN,November,PRCP,1432
2016,EN,November,TMAXA,31.4
2016,EN,November,TMINA,19.4
2016,EN,November,SRADA,18.9
2016,EN,November,PRCP,1391.7
2017,NE,November,TMAXA,30.5
2017,NE,November,TMINA,19
2017,NE,November,SRADA,19.3
2017,NE,November,PRCP,1291.7
2018,LA,November,TMAXA,30.5
2018,LA,November,TMINA,19
2018,LA,November,SRADA,18.1
2018,LA,November,PRCP,1711.7
2019,EN,November,TMAXA,31.2
2019,EN,November,TMINA,19.4
2019,EN,November,SRADA,19.2
2019,EN,November,PRCP,1025
1963,NE,November,TMAXA,31.4
1963,NE,November,TMINA,16.7
1963,NE,November,SRADA,18.5
1963,NE,November,PRCP,1263.4
1964,LA,November,TMAXA,30.6
1964,LA,November,TMINA,17
1964,LA,November,SRADA,18.9
1964,LA,November,PRCP,1395.9
1965,EN,November,TMAXA,30.4
1965,EN,November,TMINA,17.3
1965,EN,November,SRADA,18.2
1965,EN,November,PRCP,1613.8
1966,EN,November,TMAXA,30.6
1966,EN,November,TMINA,17
1966,EN,November,SRADA,19
1966,EN,November,PRCP,1706.2
1967,NE,November,TMAXA,30.5
1967,NE,November,TMINA,17.4
1967,NE,November,SRADA,19.3
1967,NE,November,PRCP,1413.6
1968,NE,November,TMAXA,29.4
1968,NE,November,TMINA,16.3
1968,NE,November,SRADA,19.5
1968,NE,November,PRCP,939.1
1969,EN,November,TMAXA,30.5
1969,EN,November,TMINA,18
1969,EN,November,SRADA,19.4
1969,EN,November,PRCP,1383.7
1970,NE,November,TMAXA,30.2
1970,NE,November,TMINA,17.9
1970,NE,November,SRADA,19.1
1970,NE,November,PRCP,1400.4
1971,LA,November,TMAXA,30
1971,LA,November,TMINA,17.6
1971,LA,November,SRADA,19.2
1971,LA,November,PRCP,1315.3
1972,EN,November,TMAXA,29.8
1972,EN,November,TMINA,17.9
1972,EN,November,SRADA,18
1972,EN,November,PRCP,1474.7
1973,LA,November,TMAXA,29.5
1973,LA,November,TMINA,19.4
1973,LA,November,SRADA,18.4
1973,LA,November,PRCP,1599.9
1974,LA,November,TMAXA,28.8
1974,LA,November,TMINA,17.5
1974,LA,November,SRADA,18.6
1974,LA,November,PRCP,1472.2
1975,LA,November,TMAXA,30.1
1975,LA,November,TMINA,17.1
1975,LA,November,SRADA,19.2
1975,LA,November,PRCP,1383.1
1976,LA,November,TMAXA,29.2
1976,LA,November,TMINA,16.9
1976,LA,November,SRADA,18.2
1976,LA,November,PRCP,1544.2
1977,EN,November,TMAXA,28.9
1977,EN,November,TMINA,17.7
1977,EN,November,SRADA,17.6
1977,EN,November,PRCP,1477.2
1978,NE,November,TMAXA,29.4
1978,NE,November,TMINA,17.4
1978,NE,November,SRADA,17.6
1978,NE,November,PRCP,1620.2
1979,NE,November,TMAXA,29.7
1979,NE,November,TMINA,16.5
1979,NE,November,SRADA,17.4
1979,NE,November,PRCP,1822
1980,NE,November,TMAXA,30.1
1980,NE,November,TMINA,16.4
1980,NE,November,SRADA,17
1980,NE,November,PRCP,1522.4
1981,NE,November,TMAXA,30
1981,NE,November,TMINA,16
1981,NE,November,SRADA,16.9
1981,NE,November,PRCP,1460.3
1982,EN,November,TMAXA,29.6
1982,EN,November,TMINA,17.1
1982,EN,November,SRADA,16.9
1982,EN,November,PRCP,1900.8
1983,EN,November,TMAXA,29.8
1983,EN,November,TMINA,17
1983,EN,November,SRADA,16.5
1983,EN,November,PRCP,1998.2
1984,NE,November,TMAXA,30.2
1984,NE,November,TMINA,16.3
1984,NE,November,SRADA,17.8
1984,NE,November,PRCP,1799.3
1985,LA,November,TMAXA,30.3
1985,LA,November,TMINA,16
1985,LA,November,SRADA,17.3
1985,LA,November,PRCP,1544.5
1986,NE,November,TMAXA,30.1
1986,NE,November,TMINA,16.7
1986,NE,November,SRADA,17.8
1986,NE,November,PRCP,1235.7
1987,EN,November,TMAXA,30.6
1987,EN,November,TMINA,16.6
1987,EN,November,SRADA,17.2
1987,EN,November,PRCP,1950.7
1988,LA,November,TMAXA,30.7
1988,LA,November,TMINA,16.6
1988,LA,November,SRADA,18
1988,LA,November,PRCP,1732.4
1989,LA,November,TMAXA,29.7
1989,LA,November,TMINA,16.4
1989,LA,November,SRADA,17.5
1989,LA,November,PRCP,1882.6
1990,NE,November,TMAXA,30.3
1990,NE,November,TMINA,16.7
1990,NE,November,SRADA,18
1990,NE,November,PRCP,1485.8
1991,EN,November,TMAXA,30.4
1991,EN,November,TMINA,16.9
1991,EN,November,SRADA,17.4
1991,EN,November,PRCP,1657.1
1992,EN,November,TMAXA,30
1992,EN,November,TMINA,17.2
1992,EN,November,SRADA,16.6
1992,EN,November,PRCP,2017.7
1993,NE,November,TMAXA,30.5
1993,NE,November,TMINA,16.6
1993,NE,November,SRADA,17.6
1993,NE,November,PRCP,1452.6
1994,NE,November,TMAXA,31.3
1994,NE,November,TMINA,16.7
1994,NE,November,SRADA,18.1
1994,NE,November,PRCP,1290.5
1995,EN,November,TMAXA,30.7
1995,EN,November,TMINA,17.1
1995,EN,November,SRADA,18
1995,EN,November,PRCP,1527
1996,NE,November,TMAXA,30.3
1996,NE,November,TMINA,16.9
1996,NE,November,SRADA,18
1996,NE,November,PRCP,1556.2
1997,EN,November,TMAXA,30.2
1997,EN,November,TMINA,16.9
1997,EN,November,SRADA,17.5
1997,EN,November,PRCP,2035.8
1998,EN,November,TMAXA,31
1998,EN,November,TMINA,17.7
1998,EN,November,SRADA,17.4
1998,EN,November,PRCP,1601.1
1999,LA,November,TMAXA,31
1999,LA,November,TMINA,16.8
1999,LA,November,SRADA,18.2
1999,LA,November,PRCP,1209.7
2000,LA,November,TMAXA,30.6
2000,LA,November,TMINA,16.8
2000,LA,November,SRADA,18
2000,LA,November,PRCP,1666.6
2001,NE,November,TMAXA,30.6
2001,NE,November,TMINA,16.9
2001,NE,November,SRADA,18
2001,NE,November,PRCP,1571
2002,NE,November,TMAXA,30.9
2002,NE,November,TMINA,17.4
2002,NE,November,SRADA,18
2002,NE,November,PRCP,1937.4
2003,NE,November,TMAXA,30.8
2003,NE,November,TMINA,16.6
2003,NE,November,SRADA,17.9
2003,NE,November,PRCP,1470.1
2004,NE,November,TMAXA,30.5
2004,NE,November,TMINA,16.9
2004,NE,November,SRADA,17.6
2004,NE,November,PRCP,1495
2005,NE,November,TMAXA,30.7
2005,NE,November,TMINA,17.2
2005,NE,November,SRADA,17.9
2005,NE,November,PRCP,1490.7
2006,NE,November,TMAXA,30.4
2006,NE,November,TMINA,16.8
2006,NE,November,SRADA,17.7
2006,NE,November,PRCP,1849.3
2007,LA,November,TMAXA,31.2
2007,LA,November,TMINA,17.2
2007,LA,November,SRADA,18.3
2007,LA,November,PRCP,1532.6
2008,LA,November,TMAXA,30.4
2008,LA,November,TMINA,16.8
2008,LA,November,SRADA,18.2
2008,LA,November,PRCP,1925.8
2009,LA,November,TMAXA,30.7
2009,LA,November,TMINA,17.3
2009,LA,November,SRADA,18.2
2009,LA,November,PRCP,1516.1
2010,EN,November,TMAXA,31.4
2010,EN,November,TMINA,16.7
2010,EN,November,SRADA,18.7
2010,EN,November,PRCP,1737.3
2011,LA,November,TMAXA,30.7
2011,LA,November,TMINA,16.9
2011,LA,November,SRADA,18.4
2011,LA,November,PRCP,1532.8
2012,NE,November,TMAXA,30.8
2012,NE,November,TMINA,17.1
2012,NE,November,SRADA,18.7
2012,NE,November,PRCP,1869.7
2013,NE,November,TMAXA,30.9
2013,NE,November,TMINA,17.1
2013,NE,November,SRADA,18
2013,NE,November,PRCP,1431.2
2014,NE,November,TMAXA,31.2
2014,NE,November,TMINA,17.2
2014,NE,November,SRADA,18.8
2014,NE,November,PRCP,1505.8
2015,EN,November,TMAXA,31.3
2015,EN,November,TMINA,17.8
2015,EN,November,SRADA,18.6
2015,EN,November,PRCP,1709.6
2016,EN,November,TMAXA,31.3
2016,EN,November,TMINA,17.2
2016,EN,November,SRADA,18.4
2016,EN,November,PRCP,1413
2017,NE,November,TMAXA,31.3
2017,NE,November,TMINA,17.4
2017,NE,November,SRADA,18.6
2017,NE,November,PRCP,1351.5
2018,LA,November,TMAXA,30.9
2018,LA,November,TMINA,17.4
2018,LA,November,SRADA,17.8
2018,LA,November,PRCP,1713.6
2019,EN,November,TMAXA,31.7
2019,EN,November,TMINA,17.8
2019,EN,November,SRADA,18.4
2019,EN,November,PRCP,1250.4
1963,NE,November,TMAXA,29.5
1963,NE,November,TMINA,15.8
1963,NE,November,SRADA,18.4
1963,NE,November,PRCP,1273.7
1964,LA,November,TMAXA,28.5
1964,LA,November,TMINA,16.1
1964,LA,November,SRADA,18.9
1964,LA,November,PRCP,1518.7
1965,EN,November,TMAXA,28.1
1965,EN,November,TMINA,16.1
1965,EN,November,SRADA,18
1965,EN,November,PRCP,1650.5
1966,EN,November,TMAXA,28.3
1966,EN,November,TMINA,16
1966,EN,November,SRADA,18.6
1966,EN,November,PRCP,1607.9
1967,NE,November,TMAXA,28.6
1967,NE,November,TMINA,16.4
1967,NE,November,SRADA,18.7
1967,NE,November,PRCP,1332.1
1968,NE,November,TMAXA,27.7
1968,NE,November,TMINA,15.2
1968,NE,November,SRADA,19.2
1968,NE,November,PRCP,1272.7
1969,EN,November,TMAXA,28.9
1969,EN,November,TMINA,16.5
1969,EN,November,SRADA,19.4
1969,EN,November,PRCP,1504.4
1970,NE,November,TMAXA,28.1
1970,NE,November,TMINA,16.4
1970,NE,November,SRADA,18.8
1970,NE,November,PRCP,1562.6
1971,LA,November,TMAXA,28.5
1971,LA,November,TMINA,16
1971,LA,November,SRADA,19.8
1971,LA,November,PRCP,1326.1
1972,EN,November,TMAXA,28.1
1972,EN,November,TMINA,16.1
1972,EN,November,SRADA,18.3
1972,EN,November,PRCP,1770.8
1973,LA,November,TMAXA,28.1
1973,LA,November,TMINA,17.3
1973,LA,November,SRADA,18.5
1973,LA,November,PRCP,1714.5
1974,LA,November,TMAXA,27.7
1974,LA,November,TMINA,16.1
1974,LA,November,SRADA,19.1
1974,LA,November,PRCP,1394.7
1975,LA,November,TMAXA,28.5
1975,LA,November,TMINA,15.8
1975,LA,November,SRADA,19.6
1975,LA,November,PRCP,1172.5
1976,LA,November,TMAXA,28.1
1976,LA,November,TMINA,15.8
1976,LA,November,SRADA,18.5
1976,LA,November,PRCP,1408.7
1977,EN,November,TMAXA,28.3
1977,EN,November,TMINA,16.7
1977,EN,November,SRADA,18.6
1977,EN,November,PRCP,1393.5
1978,NE,November,TMAXA,28.2
1978,NE,November,TMINA,16.1
1978,NE,November,SRADA,18.2
1978,NE,November,PRCP,1588.5
1979,NE,November,TMAXA,28
1979,NE,November,TMINA,16
1979,NE,November,SRADA,18.2
1979,NE,November,PRCP,1574.5
1980,NE,November,TMAXA,28.6
1980,NE,November,TMINA,16.8
1980,NE,November,SRADA,18.3
1980,NE,November,PRCP,1450.9
1981,NE,November,TMAXA,28.3
1981,NE,November,TMINA,16.9
1981,NE,November,SRADA,18.3
1981,NE,November,PRCP,1350.4
1982,EN,November,TMAXA,28.2
1982,EN,November,TMINA,17.4
1982,EN,November,SRADA,18
1982,EN,November,PRCP,1927.4
1983,EN,November,TMAXA,28.3
1983,EN,November,TMINA,17.9
1983,EN,November,SRADA,17.5
1983,EN,November,PRCP,2054.2
1984,NE,November,TMAXA,29.1
1984,NE,November,TMINA,17.5
1984,NE,November,SRADA,18.6
1984,NE,November,PRCP,1231.2
1985,LA,November,TMAXA,28.2
1985,LA,November,TMINA,16.6
1985,LA,November,SRADA,18
1985,LA,November,PRCP,1630.6
1986,NE,November,TMAXA,28.2
1986,NE,November,TMINA,17.3
1986,NE,November,SRADA,18.4
1986,NE,November,PRCP,1296.4
1987,EN,November,TMAXA,29
1987,EN,November,TMINA,17.6
1987,EN,November,SRADA,17.7
1987,EN,November,PRCP,1589.8
1988,LA,November,TMAXA,28.8
1988,LA,November,TMINA,17.3
1988,LA,November,SRADA,18.3
1988,LA,November,PRCP,1757.4
1989,LA,November,TMAXA,28.5
1989,LA,November,TMINA,16.8
1989,LA,November,SRADA,18.4
1989,LA,November,PRCP,1256.4
1990,NE,November,TMAXA,28.3
1990,NE,November,TMINA,16.1
1990,NE,November,SRADA,18.7
1990,NE,November,PRCP,1523.3
1991,EN,November,TMAXA,28.9
1991,EN,November,TMINA,17.3
1991,EN,November,SRADA,18
1991,EN,November,PRCP,1600.5
1992,EN,November,TMAXA,28.6
1992,EN,November,TMINA,17.6
1992,EN,November,SRADA,17.2
1992,EN,November,PRCP,1782.4
1993,NE,November,TMAXA,29.1
1993,NE,November,TMINA,17.3
1993,NE,November,SRADA,18
1993,NE,November,PRCP,1422.8
1994,NE,November,TMAXA,29.9
1994,NE,November,TMINA,17.8
1994,NE,November,SRADA,18.5
1994,NE,November,PRCP,1414.2
1995,EN,November,TMAXA,29.4
1995,EN,November,TMINA,17.9
1995,EN,November,SRADA,18.1
1995,EN,November,PRCP,1420.2
1996,NE,November,TMAXA,29.3
1996,NE,November,TMINA,17.2
1996,NE,November,SRADA,18.5
1996,NE,November,PRCP,1226
1997,EN,November,TMAXA,29.3
1997,EN,November,TMINA,17.5
1997,EN,November,SRADA,17.8
1997,EN,November,PRCP,1428.9
1998,EN,November,TMAXA,29.9
1998,EN,November,TMINA,18.4
1998,EN,November,SRADA,17.7
1998,EN,November,PRCP,1494.7
1999,LA,November,TMAXA,29.6
1999,LA,November,TMINA,17.6
1999,LA,November,SRADA,18.7
1999,LA,November,PRCP,1229.7
2000,LA,November,TMAXA,29.5
2000,LA,November,TMINA,17.7
2000,LA,November,SRADA,18.9
2000,LA,November,PRCP,1551.8
2001,NE,November,TMAXA,30.1
2001,NE,November,TMINA,17.7
2001,NE,November,SRADA,19.1
2001,NE,November,PRCP,1315.7
2002,NE,November,TMAXA,30.6
2002,NE,November,TMINA,18.1
2002,NE,November,SRADA,18.9
2002,NE,November,PRCP,1460.8
2003,NE,November,TMAXA,29
2003,NE,November,TMINA,18.4
2003,NE,November,SRADA,18.5
2003,NE,November,PRCP,1747.3
2004,NE,November,TMAXA,28.9
2004,NE,November,TMINA,18.2
2004,NE,November,SRADA,18.4
2004,NE,November,PRCP,1338.8
2005,NE,November,TMAXA,29
2005,NE,November,TMINA,18.5
2005,NE,November,SRADA,18.8
2005,NE,November,PRCP,1528.1
2006,NE,November,TMAXA,28
2006,NE,November,TMINA,17.9
2006,NE,November,SRADA,19.2
2006,NE,November,PRCP,1520.2
2007,LA,November,TMAXA,28.9
2007,LA,November,TMINA,18.4
2007,LA,November,SRADA,20.5
2007,LA,November,PRCP,1651.7
2008,LA,November,TMAXA,28.6
2008,LA,November,TMINA,18
2008,LA,November,SRADA,18.4
2008,LA,November,PRCP,1613
2009,LA,November,TMAXA,28.5
2009,LA,November,TMINA,18.6
2009,LA,November,SRADA,17.9
2009,LA,November,PRCP,1441.6
2010,EN,November,TMAXA,29.2
2010,EN,November,TMINA,18.6
2010,EN,November,SRADA,19
2010,EN,November,PRCP,1289.5
2011,LA,November,TMAXA,28.9
2011,LA,November,TMINA,18.5
2011,LA,November,SRADA,18.5
2011,LA,November,PRCP,1557.6
2012,NE,November,TMAXA,28.7
2012,NE,November,TMINA,18.6
2012,NE,November,SRADA,18.9
2012,NE,November,PRCP,1474.2
2013,NE,November,TMAXA,28.8
2013,NE,November,TMINA,18.6
2013,NE,November,SRADA,18.6
2013,NE,November,PRCP,1582.5
2014,NE,November,TMAXA,29.4
2014,NE,November,TMINA,18.9
2014,NE,November,SRADA,19.1
2014,NE,November,PRCP,1221
2015,EN,November,TMAXA,29.4
2015,EN,November,TMINA,19.4
2015,EN,November,SRADA,18.7
2015,EN,November,PRCP,1481.6
2016,EN,November,TMAXA,29.7
2016,EN,November,TMINA,19.1
2016,EN,November,SRADA,18.8
2016,EN,November,PRCP,1685.7
2017,NE,November,TMAXA,29.3
2017,NE,November,TMINA,18.9
2017,NE,November,SRADA,19.2
2017,NE,November,PRCP,1343.8
2018,LA,November,TMAXA,29.2
2018,LA,November,TMINA,19
2018,LA,November,SRADA,18.2
2018,LA,November,PRCP,1412.4
2019,EN,November,TMAXA,30
2019,EN,November,TMINA,19.4
2019,EN,November,SRADA,19.1
2019,EN,November,PRCP,1342.4
1963,NE,November,TMAXA,32.1
1963,NE,November,TMINA,17.8
1963,NE,November,SRADA,18.2
1963,NE,November,PRCP,880
1964,LA,November,TMAXA,31.1
1964,LA,November,TMINA,17.7
1964,LA,November,SRADA,18.5
1964,LA,November,PRCP,993.8
1965,EN,November,TMAXA,30.4
1965,EN,November,TMINA,17.6
1965,EN,November,SRADA,18.2
1965,EN,November,PRCP,1037.1
1966,EN,November,TMAXA,30.8
1966,EN,November,TMINA,17.8
1966,EN,November,SRADA,18.6
1966,EN,November,PRCP,1290.8
1967,NE,November,TMAXA,31.1
1967,NE,November,TMINA,18.3
1967,NE,November,SRADA,19.1
1967,NE,November,PRCP,1172.6
1968,NE,November,TMAXA,30.2
1968,NE,November,TMINA,17
1968,NE,November,SRADA,19.6
1968,NE,November,PRCP,927.9
1969,EN,November,TMAXA,31.5
1969,EN,November,TMINA,18.5
1969,EN,November,SRADA,19.3
1969,EN,November,PRCP,901.6
1970,NE,November,TMAXA,30.5
1970,NE,November,TMINA,18.4
1970,NE,November,SRADA,19.2
1970,NE,November,PRCP,1064.4
1971,LA,November,TMAXA,30.8
1971,LA,November,TMINA,17.5
1971,LA,November,SRADA,19.3
1971,LA,November,PRCP,1039.1
1972,EN,November,TMAXA,30
1972,EN,November,TMINA,17.3
1972,EN,November,SRADA,17.9
1972,EN,November,PRCP,1740.9
1973,LA,November,TMAXA,30.8
1973,LA,November,TMINA,17.9
1973,LA,November,SRADA,18.8
1973,LA,November,PRCP,1525.2
1974,LA,November,TMAXA,29.8
1974,LA,November,TMINA,16
1974,LA,November,SRADA,18.8
1974,LA,November,PRCP,1313.8
1975,LA,November,TMAXA,30.9
1975,LA,November,TMINA,17.9
1975,LA,November,SRADA,19.5
1975,LA,November,PRCP,1224.8
1976,LA,November,TMAXA,29.6
1976,LA,November,TMINA,17.7
1976,LA,November,SRADA,18.5
1976,LA,November,PRCP,1683.6
1977,EN,November,TMAXA,30.9
1977,EN,November,TMINA,18.5
1977,EN,November,SRADA,18.3
1977,EN,November,PRCP,1373.3
1978,NE,November,TMAXA,30.2
1978,NE,November,TMINA,18.1
1978,NE,November,SRADA,18.6
1978,NE,November,PRCP,1665.4
1979,NE,November,TMAXA,30.2
1979,NE,November,TMINA,18
1979,NE,November,SRADA,18.9
1979,NE,November,PRCP,1390.5
1980,NE,November,TMAXA,30.4
1980,NE,November,TMINA,18.3
1980,NE,November,SRADA,18.2
1980,NE,November,PRCP,1617
1981,NE,November,TMAXA,30.5
1981,NE,November,TMINA,17.8
1981,NE,November,SRADA,18.5
1981,NE,November,PRCP,1198.6
1982,EN,November,TMAXA,30.2
1982,EN,November,TMINA,18.3
1982,EN,November,SRADA,18.1
1982,EN,November,PRCP,1595.8
1983,EN,November,TMAXA,30
1983,EN,November,TMINA,18
1983,EN,November,SRADA,17.4
1983,EN,November,PRCP,1725.4
1984,NE,November,TMAXA,31.1
1984,NE,November,TMINA,18.2
1984,NE,November,SRADA,19.3
1984,NE,November,PRCP,1252
1985,LA,November,TMAXA,30.2
1985,LA,November,TMINA,18.1
1985,LA,November,SRADA,18.9
1985,LA,November,PRCP,1282
1986,NE,November,TMAXA,30.9
1986,NE,November,TMINA,19.3
1986,NE,November,SRADA,18.9
1986,NE,November,PRCP,1134.3
1987,EN,November,TMAXA,30.6
1987,EN,November,TMINA,18.8
1987,EN,November,SRADA,17.9
1987,EN,November,PRCP,1435.7
1988,LA,November,TMAXA,30.8
1988,LA,November,TMINA,18.9
1988,LA,November,SRADA,18.5
1988,LA,November,PRCP,1203.6
1989,LA,November,TMAXA,29.8
1989,LA,November,TMINA,18.3
1989,LA,November,SRADA,18.1
1989,LA,November,PRCP,1362.6
1990,NE,November,TMAXA,29.9
1990,NE,November,TMINA,18.5
1990,NE,November,SRADA,18.5
1990,NE,November,PRCP,1224.2
1991,EN,November,TMAXA,30.5
1991,EN,November,TMINA,19
1991,EN,November,SRADA,18.2
1991,EN,November,PRCP,1168.4
1992,EN,November,TMAXA,30
1992,EN,November,TMINA,19.2
1992,EN,November,SRADA,17.5
1992,EN,November,PRCP,1243
1993,NE,November,TMAXA,30.9
1993,NE,November,TMINA,19.3
1993,NE,November,SRADA,18.4
1993,NE,November,PRCP,1170.6
1994,NE,November,TMAXA,31.5
1994,NE,November,TMINA,19.8
1994,NE,November,SRADA,18.9
1994,NE,November,PRCP,1322.4
1995,EN,November,TMAXA,31.4
1995,EN,November,TMINA,19.6
1995,EN,November,SRADA,18.8
1995,EN,November,PRCP,1214.4
1996,NE,November,TMAXA,30.8
1996,NE,November,TMINA,19.9
1996,NE,November,SRADA,18.7
1996,NE,November,PRCP,1381
1997,EN,November,TMAXA,30.8
1997,EN,November,TMINA,19.5
1997,EN,November,SRADA,18.5
1997,EN,November,PRCP,1479.7
1998,EN,November,TMAXA,31.3
1998,EN,November,TMINA,20.4
1998,EN,November,SRADA,18.3
1998,EN,November,PRCP,1494
1999,LA,November,TMAXA,31.7
1999,LA,November,TMINA,19.7
1999,LA,November,SRADA,19.1
1999,LA,November,PRCP,1055.7
2000,LA,November,TMAXA,31.2
2000,LA,November,TMINA,18.9
2000,LA,November,SRADA,18.8
2000,LA,November,PRCP,1520.6
2001,NE,November,TMAXA,30.9
2001,NE,November,TMINA,17.5
2001,NE,November,SRADA,18.9
2001,NE,November,PRCP,1161.2
2002,NE,November,TMAXA,31.7
2002,NE,November,TMINA,19.8
2002,NE,November,SRADA,18.8
2002,NE,November,PRCP,1342.2
2003,NE,November,TMAXA,31.5
2003,NE,November,TMINA,19.1
2003,NE,November,SRADA,18.8
2003,NE,November,PRCP,1367.1
2004,NE,November,TMAXA,30.7
2004,NE,November,TMINA,19.1
2004,NE,November,SRADA,18.6
2004,NE,November,PRCP,1282.5
2005,NE,November,TMAXA,30.9
2005,NE,November,TMINA,19.2
2005,NE,November,SRADA,18.7
2005,NE,November,PRCP,1435.8
2006,NE,November,TMAXA,30.8
2006,NE,November,TMINA,18.9
2006,NE,November,SRADA,18.8
2006,NE,November,PRCP,1784.4
2007,LA,November,TMAXA,31.5
2007,LA,November,TMINA,18.8
2007,LA,November,SRADA,18.3
2007,LA,November,PRCP,1682.8
2008,LA,November,TMAXA,30.7
2008,LA,November,TMINA,19.1
2008,LA,November,SRADA,18.3
2008,LA,November,PRCP,1528.4
2009,LA,November,TMAXA,30.8
2009,LA,November,TMINA,19
2009,LA,November,SRADA,18.7
2009,LA,November,PRCP,1451.1
2010,EN,November,TMAXA,31.2
2010,EN,November,TMINA,18.9
2010,EN,November,SRADA,18.3
2010,EN,November,PRCP,1536.7
2011,LA,November,TMAXA,31.1
2011,LA,November,TMINA,18.8
2011,LA,November,SRADA,18.6
2011,LA,November,PRCP,1656.7
2012,NE,November,TMAXA,31.3
2012,NE,November,TMINA,19
2012,NE,November,SRADA,19.6
2012,NE,November,PRCP,1020.7
2013,NE,November,TMAXA,31.1
2013,NE,November,TMINA,19
2013,NE,November,SRADA,18.8
2013,NE,November,PRCP,1269.6
2014,NE,November,TMAXA,31.7
2014,NE,November,TMINA,19.1
2014,NE,November,SRADA,18.9
2014,NE,November,PRCP,1166.3
2015,EN,November,TMAXA,31.6
2015,EN,November,TMINA,19.3
2015,EN,November,SRADA,18.7
2015,EN,November,PRCP,1413.2
2016,EN,November,TMAXA,31.2
2016,EN,November,TMINA,18.4
2016,EN,November,SRADA,18.2
2016,EN,November,PRCP,1322
2017,NE,November,TMAXA,31.4
2017,NE,November,TMINA,18.8
2017,NE,November,SRADA,18.9
2017,NE,November,PRCP,1255.4
2018,LA,November,TMAXA,31.4
2018,LA,November,TMINA,19.2
2018,LA,November,SRADA,18.4
2018,LA,November,PRCP,1379
2019,EN,November,TMAXA,32.2
2019,EN,November,TMINA,19.7
2019,EN,November,SRADA,19.1
2019,EN,November,PRCP,1100.3
1963,NE,November,TMAXA,32.4
1963,NE,November,TMINA,17.9
1963,NE,November,SRADA,18.5
1963,NE,November,PRCP,964.9
1964,LA,November,TMAXA,31.5
1964,LA,November,TMINA,18.2
1964,LA,November,SRADA,18.8
1964,LA,November,PRCP,1041.5
1965,EN,November,TMAXA,30.8
1965,EN,November,TMINA,18
1965,EN,November,SRADA,18.3
1965,EN,November,PRCP,1421.2
1966,EN,November,TMAXA,31
1966,EN,November,TMINA,18
1966,EN,November,SRADA,18.9
1966,EN,November,PRCP,1371.4
1967,NE,November,TMAXA,31.4
1967,NE,November,TMINA,18.2
1967,NE,November,SRADA,19.3
1967,NE,November,PRCP,1112.1
1968,NE,November,TMAXA,31
1968,NE,November,TMINA,17
1968,NE,November,SRADA,19.8
1968,NE,November,PRCP,969.8
1969,EN,November,TMAXA,32.4
1969,EN,November,TMINA,18.6
1969,EN,November,SRADA,19.5
1969,EN,November,PRCP,878.7
1970,NE,November,TMAXA,31.3
1970,NE,November,TMINA,18.5
1970,NE,November,SRADA,19.2
1970,NE,November,PRCP,989.2
1971,LA,November,TMAXA,31.6
1971,LA,November,TMINA,18.1
1971,LA,November,SRADA,19.6
1971,LA,November,PRCP,996.5
1972,EN,November,TMAXA,30.7
1972,EN,November,TMINA,18
1972,EN,November,SRADA,18.3
1972,EN,November,PRCP,1765.1
1973,LA,November,TMAXA,31
1973,LA,November,TMINA,18.7
1973,LA,November,SRADA,19
1973,LA,November,PRCP,1038.2
1974,LA,November,TMAXA,30.2
1974,LA,November,TMINA,18.3
1974,LA,November,SRADA,18.8
1974,LA,November,PRCP,1502.1
1975,LA,November,TMAXA,31.4
1975,LA,November,TMINA,18
1975,LA,November,SRADA,19.4
1975,LA,November,PRCP,1139.6
1976,LA,November,TMAXA,30.8
1976,LA,November,TMINA,16.9
1976,LA,November,SRADA,18.5
1976,LA,November,PRCP,1556.6
1977,EN,November,TMAXA,31.8
1977,EN,November,TMINA,17.3
1977,EN,November,SRADA,18.6
1977,EN,November,PRCP,1381.8
1978,NE,November,TMAXA,31.1
1978,NE,November,TMINA,18.4
1978,NE,November,SRADA,18.7
1978,NE,November,PRCP,1682.6
1979,NE,November,TMAXA,30
1979,NE,November,TMINA,18.5
1979,NE,November,SRADA,18.8
1979,NE,November,PRCP,1258.7
1980,NE,November,TMAXA,30.7
1980,NE,November,TMINA,19.4
1980,NE,November,SRADA,18.4
1980,NE,November,PRCP,1366.9
1981,NE,November,TMAXA,30.8
1981,NE,November,TMINA,19.3
1981,NE,November,SRADA,18.6
1981,NE,November,PRCP,1160.7
1982,EN,November,TMAXA,30.1
1982,EN,November,TMINA,19.4
1982,EN,November,SRADA,18.3
1982,EN,November,PRCP,1372.9
1983,EN,November,TMAXA,29.5
1983,EN,November,TMINA,19.3
1983,EN,November,SRADA,17.4
1983,EN,November,PRCP,1831.7
1984,NE,November,TMAXA,31.6
1984,NE,November,TMINA,19
1984,NE,November,SRADA,19.3
1984,NE,November,PRCP,1167.3
1985,LA,November,TMAXA,30.4
1985,LA,November,TMINA,18.6
1985,LA,November,SRADA,18.8
1985,LA,November,PRCP,1490.5
1986,NE,November,TMAXA,30.6
1986,NE,November,TMINA,19.4
1986,NE,November,SRADA,19
1986,NE,November,PRCP,1135.3
1987,EN,November,TMAXA,30.8
1987,EN,November,TMINA,19.4
1987,EN,November,SRADA,18
1987,EN,November,PRCP,1213.4
1988,LA,November,TMAXA,30.9
1988,LA,November,TMINA,19.4
1988,LA,November,SRADA,18.5
1988,LA,November,PRCP,1307.4
1989,LA,November,TMAXA,30.2
1989,LA,November,TMINA,18.6
1989,LA,November,SRADA,18.2
1989,LA,November,PRCP,1237.4
1990,NE,November,TMAXA,30.4
1990,NE,November,TMINA,19.1
1990,NE,November,SRADA,18.7
1990,NE,November,PRCP,1372.8
1991,EN,November,TMAXA,30.4
1991,EN,November,TMINA,19.3
1991,EN,November,SRADA,18.2
1991,EN,November,PRCP,1386.8
1992,EN,November,TMAXA,29.9
1992,EN,November,TMINA,19.5
1992,EN,November,SRADA,17.5
1992,EN,November,PRCP,1233.8
1993,NE,November,TMAXA,30.9
1993,NE,November,TMINA,19.4
1993,NE,November,SRADA,18.4
1993,NE,November,PRCP,1356.5
1994,NE,November,TMAXA,31.5
1994,NE,November,TMINA,19.7
1994,NE,November,SRADA,18.9
1994,NE,November,PRCP,1445.7
1995,EN,November,TMAXA,31.1
1995,EN,November,TMINA,19.7
1995,EN,November,SRADA,18.7
1995,EN,November,PRCP,1341.5
1996,NE,November,TMAXA,31.3
1996,NE,November,TMINA,19.3
1996,NE,November,SRADA,18.8
1996,NE,November,PRCP,1248.5
1997,EN,November,TMAXA,31.2
1997,EN,November,TMINA,19.6
1997,EN,November,SRADA,18.4
1997,EN,November,PRCP,1365.9
1998,EN,November,TMAXA,31.4
1998,EN,November,TMINA,20.1
1998,EN,November,SRADA,18.3
1998,EN,November,PRCP,1226.1
1999,LA,November,TMAXA,31.6
1999,LA,November,TMINA,19.3
1999,LA,November,SRADA,19
1999,LA,November,PRCP,1374.2
2000,LA,November,TMAXA,31.3
2000,LA,November,TMINA,19.2
2000,LA,November,SRADA,18.8
2000,LA,November,PRCP,1507.2
2001,NE,November,TMAXA,31.3
2001,NE,November,TMINA,19.2
2001,NE,November,SRADA,19
2001,NE,November,PRCP,1141.7
2002,NE,November,TMAXA,32.5
2002,NE,November,TMINA,20.1
2002,NE,November,SRADA,19
2002,NE,November,PRCP,1207.7
2003,NE,November,TMAXA,31.8
2003,NE,November,TMINA,19.7
2003,NE,November,SRADA,18.8
2003,NE,November,PRCP,1344.4
2004,NE,November,TMAXA,31.4
2004,NE,November,TMINA,19.6
2004,NE,November,SRADA,18.7
2004,NE,November,PRCP,1211.9
2005,NE,November,TMAXA,31.8
2005,NE,November,TMINA,20
2005,NE,November,SRADA,19
2005,NE,November,PRCP,1244.5
2006,NE,November,TMAXA,31.2
2006,NE,November,TMINA,19.4
2006,NE,November,SRADA,19.1
2006,NE,November,PRCP,1359.6
2007,LA,November,TMAXA,31.9
2007,LA,November,TMINA,19.8
2007,LA,November,SRADA,19.6
2007,LA,November,PRCP,1640.5
2008,LA,November,TMAXA,31
2008,LA,November,TMINA,19.4
2008,LA,November,SRADA,18.5
2008,LA,November,PRCP,1340.3
2009,LA,November,TMAXA,31.3
2009,LA,November,TMINA,19.1
2009,LA,November,SRADA,18.6
2009,LA,November,PRCP,1403.5
2010,EN,November,TMAXA,31.8
2010,EN,November,TMINA,19
2010,EN,November,SRADA,18.8
2010,EN,November,PRCP,1196.5
2011,LA,November,TMAXA,31.6
2011,LA,November,TMINA,18.9
2011,LA,November,SRADA,18.5
2011,LA,November,PRCP,1421.1
2012,NE,November,TMAXA,31.8
2012,NE,November,TMINA,19.2
2012,NE,November,SRADA,19.5
2012,NE,November,PRCP,1319.6
2013,NE,November,TMAXA,31.4
2013,NE,November,TMINA,18.9
2013,NE,November,SRADA,18.5
2013,NE,November,PRCP,1250.1
2014,NE,November,TMAXA,32.1
2014,NE,November,TMINA,18.9
2014,NE,November,SRADA,19.4
2014,NE,November,PRCP,1139.1
2015,EN,November,TMAXA,32.1
2015,EN,November,TMINA,19.2
2015,EN,November,SRADA,18.8
2015,EN,November,PRCP,1449
2016,EN,November,TMAXA,32.1
2016,EN,November,TMINA,18.1
2016,EN,November,SRADA,18.5
2016,EN,November,PRCP,1655.7
2017,NE,November,TMAXA,32.1
2017,NE,November,TMINA,18
2017,NE,November,SRADA,19.1
2017,NE,November,PRCP,1201.1
2018,LA,November,TMAXA,32.2
2018,LA,November,TMINA,18.3
2018,LA,November,SRADA,18.6
2018,LA,November,PRCP,1201.1
2019,EN,November,TMAXA,33
2019,EN,November,TMINA,18.9
2019,EN,November,SRADA,19.3
2019,EN,November,PRCP,1112
1963,NE,November,TMAXA,30.7
1963,NE,November,TMINA,18.4
1963,NE,November,SRADA,18.1
1963,NE,November,PRCP,1231
1964,LA,November,TMAXA,29.4
1964,LA,November,TMINA,18.5
1964,LA,November,SRADA,18.2
1964,LA,November,PRCP,1163.7
1965,EN,November,TMAXA,28.9
1965,EN,November,TMINA,17.7
1965,EN,November,SRADA,17.6
1965,EN,November,PRCP,1673.3
1966,EN,November,TMAXA,29.4
1966,EN,November,TMINA,18.6
1966,EN,November,SRADA,18
1966,EN,November,PRCP,1348.8
1967,NE,November,TMAXA,30.1
1967,NE,November,TMINA,18.5
1967,NE,November,SRADA,18.3
1967,NE,November,PRCP,1240.6
1968,NE,November,TMAXA,28.8
1968,NE,November,TMINA,16.9
1968,NE,November,SRADA,19.2
1968,NE,November,PRCP,1066
1969,EN,November,TMAXA,29.6
1969,EN,November,TMINA,18
1969,EN,November,SRADA,18.3
1969,EN,November,PRCP,1342
1970,NE,November,TMAXA,28.7
1970,NE,November,TMINA,18.2
1970,NE,November,SRADA,18.7
1970,NE,November,PRCP,1206
1971,LA,November,TMAXA,28.8
1971,LA,November,TMINA,17.7
1971,LA,November,SRADA,18.2
1971,LA,November,PRCP,1386.4
1972,EN,November,TMAXA,29.1
1972,EN,November,TMINA,17.6
1972,EN,November,SRADA,17.8
1972,EN,November,PRCP,1412.2
1973,LA,November,TMAXA,28.9
1973,LA,November,TMINA,19.4
1973,LA,November,SRADA,17.8
1973,LA,November,PRCP,1329.8
1974,LA,November,TMAXA,28.5
1974,LA,November,TMINA,18.5
1974,LA,November,SRADA,18.5
1974,LA,November,PRCP,1404.3
1975,LA,November,TMAXA,30.5
1975,LA,November,TMINA,18.3
1975,LA,November,SRADA,18
1975,LA,November,PRCP,1484.1
1976,LA,November,TMAXA,29.3
1976,LA,November,TMINA,18
1976,LA,November,SRADA,18.3
1976,LA,November,PRCP,1756.1
1977,EN,November,TMAXA,30.5
1977,EN,November,TMINA,19
1977,EN,November,SRADA,18
1977,EN,November,PRCP,1897.9
1978,NE,November,TMAXA,30.5
1978,NE,November,TMINA,18.9
1978,NE,November,SRADA,18.1
1978,NE,November,PRCP,1516
1979,NE,November,TMAXA,29.7
1979,NE,November,TMINA,18.6
1979,NE,November,SRADA,18.1
1979,NE,November,PRCP,1695.9
1980,NE,November,TMAXA,29.7
1980,NE,November,TMINA,18.6
1980,NE,November,SRADA,17.7
1980,NE,November,PRCP,1734.7
1981,NE,November,TMAXA,30.1
1981,NE,November,TMINA,18.6
1981,NE,November,SRADA,17.7
1981,NE,November,PRCP,1452.3
1982,EN,November,TMAXA,29.8
1982,EN,November,TMINA,19.4
1982,EN,November,SRADA,17.6
1982,EN,November,PRCP,1790
1983,EN,November,TMAXA,29.4
1983,EN,November,TMINA,19.1
1983,EN,November,SRADA,16.7
1983,EN,November,PRCP,1627.2
1984,NE,November,TMAXA,30.6
1984,NE,November,TMINA,18.9
1984,NE,November,SRADA,18.4
1984,NE,November,PRCP,1299.8
1985,LA,November,TMAXA,30.4
1985,LA,November,TMINA,19.1
1985,LA,November,SRADA,18.1
1985,LA,November,PRCP,1245.3
1986,NE,November,TMAXA,31.5
1986,NE,November,TMINA,19.3
1986,NE,November,SRADA,18.4
1986,NE,November,PRCP,1405
1987,EN,November,TMAXA,30.5
1987,EN,November,TMINA,18.6
1987,EN,November,SRADA,17.1
1987,EN,November,PRCP,1714.8
1988,LA,November,TMAXA,29.8
1988,LA,November,TMINA,18.3
1988,LA,November,SRADA,18.1
1988,LA,November,PRCP,1467.4
1989,LA,November,TMAXA,28.8
1989,LA,November,TMINA,17.9
1989,LA,November,SRADA,17.8
1989,LA,November,PRCP,1551.7
1990,NE,November,TMAXA,29.6
1990,NE,November,TMINA,18.2
1990,NE,November,SRADA,17.9
1990,NE,November,PRCP,1374.2
1991,EN,November,TMAXA,30.4
1991,EN,November,TMINA,18.5
1991,EN,November,SRADA,18.1
1991,EN,November,PRCP,1400.3
1992,EN,November,TMAXA,29.9
1992,EN,November,TMINA,18.8
1992,EN,November,SRADA,17.1
1992,EN,November,PRCP,1705.4
1993,NE,November,TMAXA,30.4
1993,NE,November,TMINA,19.1
1993,NE,November,SRADA,17.9
1993,NE,November,PRCP,1110.4
1994,NE,November,TMAXA,31.1
1994,NE,November,TMINA,19.6
1994,NE,November,SRADA,18.3
1994,NE,November,PRCP,1429.5
1995,EN,November,TMAXA,31
1995,EN,November,TMINA,19.4
1995,EN,November,SRADA,18.5
1995,EN,November,PRCP,1271.7
1996,NE,November,TMAXA,30.5
1996,NE,November,TMINA,19.6
1996,NE,November,SRADA,18.5
1996,NE,November,PRCP,1297
1997,EN,November,TMAXA,30.9
1997,EN,November,TMINA,20.2
1997,EN,November,SRADA,18.2
1997,EN,November,PRCP,1089.3
1998,EN,November,TMAXA,30.6
1998,EN,November,TMINA,20
1998,EN,November,SRADA,17.7
1998,EN,November,PRCP,1490.1
1999,LA,November,TMAXA,31.5
1999,LA,November,TMINA,19.6
1999,LA,November,SRADA,18.6
1999,LA,November,PRCP,850.2
2000,LA,November,TMAXA,30.8
2000,LA,November,TMINA,19.6
2000,LA,November,SRADA,18.2
2000,LA,November,PRCP,1107.8
2001,NE,November,TMAXA,30.6
2001,NE,November,TMINA,19.9
2001,NE,November,SRADA,18.3
2001,NE,November,PRCP,1440.7
2002,NE,November,TMAXA,31.6
2002,NE,November,TMINA,20.4
2002,NE,November,SRADA,18.2
2002,NE,November,PRCP,1309.8
2003,NE,November,TMAXA,30.7
2003,NE,November,TMINA,19.8
2003,NE,November,SRADA,18.1
2003,NE,November,PRCP,1481.7
2004,NE,November,TMAXA,30.7
2004,NE,November,TMINA,19.6
2004,NE,November,SRADA,18.4
2004,NE,November,PRCP,1207.6
2005,NE,November,TMAXA,30.8
2005,NE,November,TMINA,19.8
2005,NE,November,SRADA,18.1
2005,NE,November,PRCP,1439.2
2006,NE,November,TMAXA,30.8
2006,NE,November,TMINA,19.8
2006,NE,November,SRADA,18.2
2006,NE,November,PRCP,1360.2
2007,LA,November,TMAXA,31.6
2007,LA,November,TMINA,19.7
2007,LA,November,SRADA,17.8
2007,LA,November,PRCP,1433.4
2008,LA,November,TMAXA,30.8
2008,LA,November,TMINA,19.3
2008,LA,November,SRADA,18
2008,LA,November,PRCP,1336.8
2009,LA,November,TMAXA,31
2009,LA,November,TMINA,19.5
2009,LA,November,SRADA,18.5
2009,LA,November,PRCP,1554.8
2010,EN,November,TMAXA,31.1
2010,EN,November,TMINA,19.3
2010,EN,November,SRADA,18
2010,EN,November,PRCP,1509.6
2011,LA,November,TMAXA,31.1
2011,LA,November,TMINA,19.3
2011,LA,November,SRADA,18
2011,LA,November,PRCP,1764.5
2012,NE,November,TMAXA,31.4
2012,NE,November,TMINA,19.5
2012,NE,November,SRADA,18.7
2012,NE,November,PRCP,1550
2013,NE,November,TMAXA,31
2013,NE,November,TMINA,19.3
2013,NE,November,SRADA,18.8
2013,NE,November,PRCP,1762
2014,NE,November,TMAXA,31.2
2014,NE,November,TMINA,20.3
2014,NE,November,SRADA,18.3
2014,NE,November,PRCP,1265.8
2015,EN,November,TMAXA,31.6
2015,EN,November,TMINA,20.3
2015,EN,November,SRADA,17.9
2015,EN,November,PRCP,1764.8
2016,EN,November,TMAXA,31.1
2016,EN,November,TMINA,19.4
2016,EN,November,SRADA,17.8
2016,EN,November,PRCP,1587.6
2017,NE,November,TMAXA,31.5
2017,NE,November,TMINA,19.9
2017,NE,November,SRADA,18.2
2017,NE,November,PRCP,1523.6
2018,LA,November,TMAXA,31.3
2018,LA,November,TMINA,19.5
2018,LA,November,SRADA,17.2
2018,LA,November,PRCP,1509
2019,EN,November,TMAXA,32.2
2019,EN,November,TMINA,20.3
2019,EN,November,SRADA,17.4
2019,EN,November,PRCP,1078.5
1963,NE,November,TMAXA,28.6
1963,NE,November,TMINA,16.1
1963,NE,November,SRADA,18.5
1963,NE,November,PRCP,1239.2
1964,LA,November,TMAXA,27
1964,LA,November,TMINA,15.6
1964,LA,November,SRADA,18.7
1964,LA,November,PRCP,1113.9
1965,EN,November,TMAXA,26.5
1965,EN,November,TMINA,15.9
1965,EN,November,SRADA,17.6
1965,EN,November,PRCP,1834.4
1966,EN,November,TMAXA,27.3
1966,EN,November,TMINA,15.6
1966,EN,November,SRADA,18.2
1966,EN,November,PRCP,1830.5
1967,NE,November,TMAXA,28.6
1967,NE,November,TMINA,15.4
1967,NE,November,SRADA,18.7
1967,NE,November,PRCP,2000.2
1968,NE,November,TMAXA,28.2
1968,NE,November,TMINA,14
1968,NE,November,SRADA,19.3
1968,NE,November,PRCP,1198.7
1969,EN,November,TMAXA,29.1
1969,EN,November,TMINA,15.4
1969,EN,November,SRADA,19.1
1969,EN,November,PRCP,1609.3
1970,NE,November,TMAXA,27.9
1970,NE,November,TMINA,15.6
1970,NE,November,SRADA,18.5
1970,NE,November,PRCP,1617.1
1971,LA,November,TMAXA,27.9
1971,LA,November,TMINA,15.5
1971,LA,November,SRADA,19.3
1971,LA,November,PRCP,1273.7
1972,EN,November,TMAXA,27.2
1972,EN,November,TMINA,15.7
1972,EN,November,SRADA,17.8
1972,EN,November,PRCP,1767.4
1973,LA,November,TMAXA,28.3
1973,LA,November,TMINA,15.9
1973,LA,November,SRADA,18.4
1973,LA,November,PRCP,1762.3
1974,LA,November,TMAXA,27.9
1974,LA,November,TMINA,15.7
1974,LA,November,SRADA,18.8
1974,LA,November,PRCP,1465.9
1975,LA,November,TMAXA,28.1
1975,LA,November,TMINA,14.4
1975,LA,November,SRADA,19
1975,LA,November,PRCP,1424.3
1976,LA,November,TMAXA,26.8
1976,LA,November,TMINA,15.4
1976,LA,November,SRADA,18.1
1976,LA,November,PRCP,1980.4
1977,EN,November,TMAXA,27.9
1977,EN,November,TMINA,16.7
1977,EN,November,SRADA,18.7
1977,EN,November,PRCP,1645.8
1978,NE,November,TMAXA,26.9
1978,NE,November,TMINA,15.7
1978,NE,November,SRADA,18.3
1978,NE,November,PRCP,1625.8
1979,NE,November,TMAXA,26.1
1979,NE,November,TMINA,15.5
1979,NE,November,SRADA,18.1
1979,NE,November,PRCP,1725
1980,NE,November,TMAXA,27.4
1980,NE,November,TMINA,16.4
1980,NE,November,SRADA,17.8
1980,NE,November,PRCP,1630.7
1981,NE,November,TMAXA,27.4
1981,NE,November,TMINA,15.6
1981,NE,November,SRADA,18
1981,NE,November,PRCP,1612.3
1982,EN,November,TMAXA,26.8
1982,EN,November,TMINA,16.2
1982,EN,November,SRADA,17.4
1982,EN,November,PRCP,2004.4
1983,EN,November,TMAXA,26.8
1983,EN,November,TMINA,16.5
1983,EN,November,SRADA,16.3
1983,EN,November,PRCP,2576.8
1984,NE,November,TMAXA,28.2
1984,NE,November,TMINA,16.1
1984,NE,November,SRADA,18.3
1984,NE,November,PRCP,1204.7
1985,LA,November,TMAXA,27.5
1985,LA,November,TMINA,15.9
1985,LA,November,SRADA,17.5
1985,LA,November,PRCP,1684.7
1986,NE,November,TMAXA,27.5
1986,NE,November,TMINA,15.7
1986,NE,November,SRADA,17.9
1986,NE,November,PRCP,1678.9
1987,EN,November,TMAXA,28
1987,EN,November,TMINA,16.2
1987,EN,November,SRADA,17.6
1987,EN,November,PRCP,1605.4
1988,LA,November,TMAXA,27.9
1988,LA,November,TMINA,15.7
1988,LA,November,SRADA,18.4
1988,LA,November,PRCP,1509.1
1989,LA,November,TMAXA,27
1989,LA,November,TMINA,15.7
1989,LA,November,SRADA,18.2
1989,LA,November,PRCP,1528.8
1990,NE,November,TMAXA,27.3
1990,NE,November,TMINA,16.7
1990,NE,November,SRADA,17.8
1990,NE,November,PRCP,1462.1
1991,EN,November,TMAXA,27.6
1991,EN,November,TMINA,16.3
1991,EN,November,SRADA,17.8
1991,EN,November,PRCP,1665.8
1992,EN,November,TMAXA,27.3
1992,EN,November,TMINA,16.2
1992,EN,November,SRADA,16.9
1992,EN,November,PRCP,1809.5
1993,NE,November,TMAXA,27.6
1993,NE,November,TMINA,15.8
1993,NE,November,SRADA,17.5
1993,NE,November,PRCP,1496.5
1994,NE,November,TMAXA,28.6
1994,NE,November,TMINA,16.3
1994,NE,November,SRADA,18
1994,NE,November,PRCP,1525.6
1995,EN,November,TMAXA,28.3
1995,EN,November,TMINA,16.4
1995,EN,November,SRADA,17.9
1995,EN,November,PRCP,1604.2
1996,NE,November,TMAXA,28
1996,NE,November,TMINA,16
1996,NE,November,SRADA,18.5
1996,NE,November,PRCP,1698.5
1997,EN,November,TMAXA,28.2
1997,EN,November,TMINA,15.8
1997,EN,November,SRADA,17.9
1997,EN,November,PRCP,1575.2
1998,EN,November,TMAXA,28.5
1998,EN,November,TMINA,16.8
1998,EN,November,SRADA,17.6
1998,EN,November,PRCP,1658.7
1999,LA,November,TMAXA,28.2
1999,LA,November,TMINA,15.9
1999,LA,November,SRADA,18.4
1999,LA,November,PRCP,1219.6
2000,LA,November,TMAXA,28.2
2000,LA,November,TMINA,16.1
2000,LA,November,SRADA,18.3
2000,LA,November,PRCP,1720.7
2001,NE,November,TMAXA,28.5
2001,NE,November,TMINA,16.2
2001,NE,November,SRADA,18.3
2001,NE,November,PRCP,1413.6
2002,NE,November,TMAXA,29.1
2002,NE,November,TMINA,16.7
2002,NE,November,SRADA,18.2
2002,NE,November,PRCP,1473.7
2003,NE,November,TMAXA,28.6
2003,NE,November,TMINA,16.7
2003,NE,November,SRADA,18
2003,NE,November,PRCP,1898.3
2004,NE,November,TMAXA,28.1
2004,NE,November,TMINA,16.7
2004,NE,November,SRADA,17.9
2004,NE,November,PRCP,1501.9
2005,NE,November,TMAXA,28.3
2005,NE,November,TMINA,17.1
2005,NE,November,SRADA,18.1
2005,NE,November,PRCP,1933.3
2006,NE,November,TMAXA,28
2006,NE,November,TMINA,16.4
2006,NE,November,SRADA,17.8
2006,NE,November,PRCP,1847.8
2007,LA,November,TMAXA,28.7
2007,LA,November,TMINA,17
2007,LA,November,SRADA,18.1
2007,LA,November,PRCP,1925.4
2008,LA,November,TMAXA,28.2
2008,LA,November,TMINA,16.3
2008,LA,November,SRADA,17.8
2008,LA,November,PRCP,1592.5
2009,LA,November,TMAXA,28.2
2009,LA,November,TMINA,16.6
2009,LA,November,SRADA,17.6
2009,LA,November,PRCP,1968.4
2010,EN,November,TMAXA,28.9
2010,EN,November,TMINA,17
2010,EN,November,SRADA,18.1
2010,EN,November,PRCP,1736.9
2011,LA,November,TMAXA,28.7
2011,LA,November,TMINA,16.4
2011,LA,November,SRADA,18
2011,LA,November,PRCP,1559
2012,NE,November,TMAXA,28.4
2012,NE,November,TMINA,16.9
2012,NE,November,SRADA,18.5
2012,NE,November,PRCP,1570.9
2013,NE,November,TMAXA,28.3
2013,NE,November,TMINA,17.4
2013,NE,November,SRADA,17.8
2013,NE,November,PRCP,1739.8
2014,NE,November,TMAXA,29.4
2014,NE,November,TMINA,17.7
2014,NE,November,SRADA,18.9
2014,NE,November,PRCP,1053.4
2015,EN,November,TMAXA,29
2015,EN,November,TMINA,17.9
2015,EN,November,SRADA,17.5
2015,EN,November,PRCP,1695.7
2016,EN,November,TMAXA,28.8
2016,EN,November,TMINA,16.9
2016,EN,November,SRADA,17.6
2016,EN,November,PRCP,1808.3
2017,NE,November,TMAXA,28.7
2017,NE,November,TMINA,16.7
2017,NE,November,SRADA,18.3
2017,NE,November,PRCP,1400
2018,LA,November,TMAXA,28.6
2018,LA,November,TMINA,16.7
2018,LA,November,SRADA,17.5
2018,LA,November,PRCP,1745.2
2019,EN,November,TMAXA,29.3
2019,EN,November,TMINA,16.7
2019,EN,November,SRADA,18.1
2019,EN,November,PRCP,1869.7
1963,NE,November,TMAXA,29.1
1963,NE,November,TMINA,16.7
1963,NE,November,SRADA,16.8
1963,NE,November,PRCP,1284
1964,LA,November,TMAXA,26.9
1964,LA,November,TMINA,16.9
1964,LA,November,SRADA,15.4
1964,LA,November,PRCP,1609.9
1965,EN,November,TMAXA,27.3
1965,EN,November,TMINA,17.1
1965,EN,November,SRADA,15.2
1965,EN,November,PRCP,1997.1
1966,EN,November,TMAXA,28.1
1966,EN,November,TMINA,17
1966,EN,November,SRADA,16.1
1966,EN,November,PRCP,1466.1
1967,NE,November,TMAXA,28.5
1967,NE,November,TMINA,16.9
1967,NE,November,SRADA,16.6
1967,NE,November,PRCP,1610.4
1968,NE,November,TMAXA,26.9
1968,NE,November,TMINA,15.6
1968,NE,November,SRADA,16.3
1968,NE,November,PRCP,1400.5
1969,EN,November,TMAXA,27.8
1969,EN,November,TMINA,16.6
1969,EN,November,SRADA,16.1
1969,EN,November,PRCP,1632.4
1970,NE,November,TMAXA,27.6
1970,NE,November,TMINA,16.6
1970,NE,November,SRADA,15.6
1970,NE,November,PRCP,1005.4
1971,LA,November,TMAXA,28.4
1971,LA,November,TMINA,16.7
1971,LA,November,SRADA,16.8
1971,LA,November,PRCP,999.2
1972,EN,November,TMAXA,26.9
1972,EN,November,TMINA,16.6
1972,EN,November,SRADA,16
1972,EN,November,PRCP,1653.9
1973,LA,November,TMAXA,26.6
1973,LA,November,TMINA,17.3
1973,LA,November,SRADA,15.6
1973,LA,November,PRCP,1977.5
1974,LA,November,TMAXA,26.4
1974,LA,November,TMINA,16.6
1974,LA,November,SRADA,15.9
1974,LA,November,PRCP,1319.8
1975,LA,November,TMAXA,26.3
1975,LA,November,TMINA,16.2
1975,LA,November,SRADA,15.8
1975,LA,November,PRCP,1514.3
1976,LA,November,TMAXA,25.8
1976,LA,November,TMINA,16.5
1976,LA,November,SRADA,15.6
1976,LA,November,PRCP,1834.6
1977,EN,November,TMAXA,26.6
1977,EN,November,TMINA,17.2
1977,EN,November,SRADA,15.8
1977,EN,November,PRCP,1043.2
1978,NE,November,TMAXA,26
1978,NE,November,TMINA,16.3
1978,NE,November,SRADA,15.2
1978,NE,November,PRCP,1387.7
1979,NE,November,TMAXA,25.7
1979,NE,November,TMINA,16.4
1979,NE,November,SRADA,14.6
1979,NE,November,PRCP,1563.7
1980,NE,November,TMAXA,26.4
1980,NE,November,TMINA,16.9
1980,NE,November,SRADA,14.7
1980,NE,November,PRCP,1194
1981,NE,November,TMAXA,25.9
1981,NE,November,TMINA,16.6
1981,NE,November,SRADA,15.4
1981,NE,November,PRCP,1342.1
1982,EN,November,TMAXA,25.7
1982,EN,November,TMINA,16.8
1982,EN,November,SRADA,15.2
1982,EN,November,PRCP,1580.4
1983,EN,November,TMAXA,25.6
1983,EN,November,TMINA,17.2
1983,EN,November,SRADA,13.8
1983,EN,November,PRCP,2362.5
1984,NE,November,TMAXA,27.4
1984,NE,November,TMINA,17
1984,NE,November,SRADA,16.6
1984,NE,November,PRCP,1503.4
1985,LA,November,TMAXA,26
1985,LA,November,TMINA,16.8
1985,LA,November,SRADA,16
1985,LA,November,PRCP,2174.1
1986,NE,November,TMAXA,27.4
1986,NE,November,TMINA,16.4
1986,NE,November,SRADA,16.6
1986,NE,November,PRCP,1491.4
1987,EN,November,TMAXA,26.7
1987,EN,November,TMINA,17.2
1987,EN,November,SRADA,15.2
1987,EN,November,PRCP,1508.8
1988,LA,November,TMAXA,26.1
1988,LA,November,TMINA,16.7
1988,LA,November,SRADA,15.3
1988,LA,November,PRCP,1589.8
1989,LA,November,TMAXA,25.9
1989,LA,November,TMINA,16.7
1989,LA,November,SRADA,15.5
1989,LA,November,PRCP,1301.2
1990,NE,November,TMAXA,27.9
1990,NE,November,TMINA,16.8
1990,NE,November,SRADA,16.6
1990,NE,November,PRCP,1191.1
1991,EN,November,TMAXA,26.8
1991,EN,November,TMINA,16.8
1991,EN,November,SRADA,16
1991,EN,November,PRCP,1276.3
1992,EN,November,TMAXA,26.9
1992,EN,November,TMINA,16.8
1992,EN,November,SRADA,15.2
1992,EN,November,PRCP,1575
1993,NE,November,TMAXA,26.8
1993,NE,November,TMINA,17.2
1993,NE,November,SRADA,16.1
1993,NE,November,PRCP,1263.3
1994,NE,November,TMAXA,26.8
1994,NE,November,TMINA,16.9
1994,NE,November,SRADA,16.3
1994,NE,November,PRCP,1568
1995,EN,November,TMAXA,27.1
1995,EN,November,TMINA,17.4
1995,EN,November,SRADA,16.5
1995,EN,November,PRCP,1576.5
1996,NE,November,TMAXA,26.3
1996,NE,November,TMINA,16.3
1996,NE,November,SRADA,15.9
1996,NE,November,PRCP,1561.1
1997,EN,November,TMAXA,26.8
1997,EN,November,TMINA,16.9
1997,EN,November,SRADA,15.8
1997,EN,November,PRCP,1419.3
1998,EN,November,TMAXA,26.9
1998,EN,November,TMINA,17.4
1998,EN,November,SRADA,15.4
1998,EN,November,PRCP,1442.8
1999,LA,November,TMAXA,26.5
1999,LA,November,TMINA,16.5
1999,LA,November,SRADA,15.7
1999,LA,November,PRCP,1353.9
2000,LA,November,TMAXA,26.6
2000,LA,November,TMINA,16.4
2000,LA,November,SRADA,16.1
2000,LA,November,PRCP,1360.4
2001,NE,November,TMAXA,27.9
2001,NE,November,TMINA,16.2
2001,NE,November,SRADA,16.9
2001,NE,November,PRCP,1447.1
2002,NE,November,TMAXA,27.7
2002,NE,November,TMINA,17
2002,NE,November,SRADA,16.3
2002,NE,November,PRCP,1346
2003,NE,November,TMAXA,27.4
2003,NE,November,TMINA,17.2
2003,NE,November,SRADA,16
2003,NE,November,PRCP,1919.5
2004,NE,November,TMAXA,26.5
2004,NE,November,TMINA,16.7
2004,NE,November,SRADA,15.2
2004,NE,November,PRCP,1957.9
2005,NE,November,TMAXA,26.9
2005,NE,November,TMINA,17.4
2005,NE,November,SRADA,14.4
2005,NE,November,PRCP,1723.1
2006,NE,November,TMAXA,26.8
2006,NE,November,TMINA,17
2006,NE,November,SRADA,15.1
2006,NE,November,PRCP,1457.1
2007,LA,November,TMAXA,27.4
2007,LA,November,TMINA,17.7
2007,LA,November,SRADA,16.3
2007,LA,November,PRCP,1468.5
2008,LA,November,TMAXA,26.6
2008,LA,November,TMINA,17.3
2008,LA,November,SRADA,16
2008,LA,November,PRCP,1854.9
2009,LA,November,TMAXA,26.6
2009,LA,November,TMINA,17.8
2009,LA,November,SRADA,14.7
2009,LA,November,PRCP,2005.7
2010,EN,November,TMAXA,26.7
2010,EN,November,TMINA,17.6
2010,EN,November,SRADA,16
2010,EN,November,PRCP,1696.4
2011,LA,November,TMAXA,26.8
2011,LA,November,TMINA,17.7
2011,LA,November,SRADA,16.1
2011,LA,November,PRCP,1666.1
2012,NE,November,TMAXA,26.4
2012,NE,November,TMINA,17.6
2012,NE,November,SRADA,15.9
2012,NE,November,PRCP,1704.1
2013,NE,November,TMAXA,26.5
2013,NE,November,TMINA,17.6
2013,NE,November,SRADA,16.1
2013,NE,November,PRCP,1549.1
2014,NE,November,TMAXA,27.4
2014,NE,November,TMINA,17.5
2014,NE,November,SRADA,17.5
2014,NE,November,PRCP,1227.8
2015,EN,November,TMAXA,27.7
2015,EN,November,TMINA,18.4
2015,EN,November,SRADA,16.2
2015,EN,November,PRCP,1140
2016,EN,November,TMAXA,27.6
2016,EN,November,TMINA,17.9
2016,EN,November,SRADA,15.6
2016,EN,November,PRCP,1677.3
2017,NE,November,TMAXA,27.4
2017,NE,November,TMINA,15.8
2017,NE,November,SRADA,16.5
2017,NE,November,PRCP,1122.4
2018,LA,November,TMAXA,27.2
2018,LA,November,TMINA,17.8
2018,LA,November,SRADA,15
2018,LA,November,PRCP,1550.2
2019,EN,November,TMAXA,28.4
2019,EN,November,TMINA,18.3
2019,EN,November,SRADA,16.4
2019,EN,November,PRCP,1432.4
